Date,Close,Treasury_Rate_Decimal,Target_Chooser_Proxy_Price,Predicted_Forward_Volatility,Approach1_Price,Residual
2019-03-04,85.1140365600586,0.0272,62.86009623520805,0.16545366849490858,62.8227527910816,0.0373434441264493
2019-03-05,85.04867553710938,0.0272,62.9244055504026,0.1623502287468844,62.88621002310217,0.03819552730042375
2019-03-06,84.73011016845703,0.0269,63.2762850419627,0.16455281587255663,63.241357993466345,0.03492704849635686
2019-03-07,84.11739349365234,0.0264,63.94385673017449,0.1671487630059034,63.91304417709972,0.03081255307476738
2019-03-08,84.15007019042969,0.0262,63.94185435212449,0.1710194616938394,63.91086826134028,0.030986090784203668
2019-03-11,85.2447738647461,0.0264,62.84399236724856,0.16575565987366594,62.81192427885119,0.03206808839737363
2019-03-12,84.9914779663086,0.0260999999999999,63.13603529190272,0.164814217095782,63.102978034571144,0.033057257331577716
2019-03-13,85.27742767333984,0.0260999999999999,62.85882570869966,0.1639040449406528,62.8236165123584,0.035209196341263294
2019-03-14,86.05347442626953,0.0263,62.07641333377589,0.16375737026231527,62.03654865572848,0.03986467804740812
2019-03-15,87.04195404052734,0.0259,61.3756305545591,0.1464125683366498,61.12798127372071,0.2476492808383952
2019-03-18,87.56477355957031,0.026,60.89541341165213,0.1417703934353666,60.602459757663404,0.2929536539887252
2019-03-19,87.24617767333984,0.0260999999999999,61.18776972137274,0.14760525196073673,60.89932686291444,0.2884428584582963
2019-03-20,85.38361358642578,0.0254,63.04544887928311,0.16548833648787606,62.822435829792965,0.22301304949014167
2019-03-21,84.03572082519531,0.0254,64.29379132297562,0.19933145683001116,64.1496659078412,0.14412541513442534
2019-03-22,81.49512481689453,0.0243999999999999,66.79675717820824,0.209280966711645,66.777890763751,0.018866414457235692
2019-03-25,80.81708526611328,0.0243,67.46388782953876,0.24859413122249838,67.50012600100511,-0.03623817146635133
2019-03-26,81.62582397460938,0.0241,66.70867827789652,0.243872438240092,66.7371048949698,-0.028426617073279203
2019-03-27,81.34810638427734,0.0239,67.00582355084106,0.24216587815220886,67.03196519833052,-0.026141647489467346
2019-03-28,82.27117156982422,0.0239,66.10766796407235,0.24351044649752526,66.14104526322095,-0.03337729914859722
2019-03-29,82.69599151611328,0.0241,65.66749178539855,0.2413052443630335,65.69626738355616,-0.02877559815760833
2019-04-01,85.48165130615234,0.0249,62.81848112297872,0.2256969955490404,62.85132385467847,-0.03284273169975194
2019-04-02,85.89009857177734,0.0248,62.44216053800679,0.2205473226884802,62.46013890520788,-0.017978367201088474
2019-04-03,86.0616683959961,0.0252,62.21708542756225,0.21747139814682487,62.229957565613134,-0.012872138050880721
2019-04-04,86.89305114746094,0.0250999999999999,61.42330658880839,0.19346431085646507,61.40578974414797,0.01751684466042036
2019-04-05,86.68726348876953,0.025,61.64427887095098,0.186775825791812,61.61597539880467,0.028303472146305353
2019-04-08,86.96714782714844,0.0252,61.37034965308501,0.178293170630638,61.30942939508512,0.060920257999889316
2019-04-09,86.32506561279297,0.0250999999999999,62.00269413574114,0.19002279153257412,61.956444198812726,0.04624993692841173
2019-04-10,86.7119369506836,0.0248,61.67337647686612,0.18920797668706565,61.62273918742248,0.050637289443635325
2019-04-11,87.44458770751953,0.0250999999999999,60.92051823311405,0.17227238079531992,60.855926983710106,0.06459124940394645
2019-04-12,91.54393005371094,0.0256,56.800086703659545,0.13931451943143025,56.77395313260683,0.02613357105271774
2019-04-15,90.49851989746094,0.0255,57.82861997900239,0.1363403851467796,57.80949488710514,0.019125091897251423
2019-04-16,91.453369140625,0.026,56.82270217877314,0.1383963639498697,56.80386366644445,0.018838512328692048
2019-04-17,94.08749389648438,0.0259,54.25042757427593,0.13683961320520602,54.245712403371535,0.0047151709043973256
2019-04-18,93.39604949951172,0.0256999999999999,54.95374876236164,0.13708790175090915,54.95021643699849,0.003532325363153177
2019-04-22,93.5112762451172,0.0259,54.81271989527642,0.13562096928893783,54.80827939640247,0.004440498873954368
2019-04-23,93.62651824951172,0.0256999999999999,54.72977939969686,0.13552939244142764,54.72494952919211,0.004829870504750033
2019-04-24,93.47013854980467,0.0253,54.94176722121578,0.13456600281903994,54.936052085934726,0.0057151352810507206
2019-04-25,93.51950073242188,0.0254,54.88864000818986,0.1346569145123363,54.873228784435724,0.015411223754135506
2019-04-26,94.22743225097656,0.0250999999999999,54.24571082598367,0.13475533929808403,54.22571750367279,0.019993322310881467
2019-04-29,95.5856475830078,0.0254,52.870374918977205,0.13676360243767843,52.85593002391365,0.014444895063554952
2019-04-30,95.52803802490234,0.0250999999999999,52.96990894991164,0.13625579351809428,52.95593118471845,0.013977765193189384
2019-05-01,94.79542541503906,0.0252,53.66993015866704,0.13463500914081078,53.65639174096063,0.013538417706413952
2019-05-02,95.0011978149414,0.0255,53.42593728630077,0.13501408849999802,53.41164836730058,0.0142889190001938
2019-05-03,95.5856475830078,0.0254,52.87048540264243,0.13493514790587852,52.855563318699694,0.014922083942735753
2019-05-06,94.73779296875,0.0250999999999999,53.82645792921645,0.13363523303605382,53.727158478302755,0.09929945091369774
2019-05-07,93.19024658203124,0.0245,55.38588062523941,0.13278922442211236,55.326300024213175,0.05958060102623364
2019-05-08,92.69634246826172,0.0249,55.80478053065858,0.13236540970407257,55.750171168724506,0.05460936193407662
2019-05-09,92.62224578857422,0.0245,55.942580555972896,0.13207942631358027,55.881060159594206,0.06152039637868967
2019-05-10,92.6140365600586,0.0247,55.93454067334409,0.1427232545647223,55.860912424651026,0.07362824869306195
2019-05-13,90.0951690673828,0.024,58.43584839029153,0.18568459653917288,58.442241203143396,-0.006392812851863994
2019-05-14,90.81130981445312,0.0242,57.7129185275634,0.20212104402663633,57.74376981060898,-0.03085128304557827
2019-05-15,90.46559143066406,0.0237,58.12225095404384,0.18163204784522724,58.12148398408716,0.00076696995667902
2019-05-16,91.62625122070312,0.024,56.94271141972238,0.1960512983544018,56.9709233432911,-0.028211923568719044
2019-05-17,91.18172454833984,0.0239,57.39034676685649,0.22655055846337774,57.50833180170913,-0.11798503485264433
2019-05-20,91.6591567993164,0.0241,56.90288776914115,0.21312817583691823,56.969601030922604,-0.06671326178145165
2019-05-21,91.97197723388672,0.0243,56.57096855753028,0.1837071413448512,56.57100856210501,-4.00045747284139e-05
2019-05-22,91.222900390625,0.0239,57.355576902392144,0.2384318836708729,57.52783209064354,-0.1722551882513983
2019-05-23,89.42838287353516,0.0231,59.211679303290616,0.24642848451176871,59.39379396716802,-0.1821146638774067
2019-05-24,90.30917358398438,0.0232,58.33702636274172,0.2450461302239999,58.53442219891215,-0.1973958361704291
2019-05-28,89.32959747314453,0.0226,59.37995362257369,0.24017592009481092,59.52918593736567,-0.1492323147919805
2019-05-29,89.08265686035156,0.0225,59.63609983798452,0.23078940786975777,59.74139907393679,-0.1052992359522733
2019-05-30,88.12779235839844,0.0222,60.61088995825143,0.23302614726036197,60.71058787875411,-0.09969792050268467
2019-05-31,87.22232055664062,0.0214,61.617884191051495,0.2334770890075735,61.6999323593118,-0.08204816826030736
2019-06-03,87.6338882446289,0.0207,61.32323170267588,0.23152240010481187,61.3995236942052,-0.07629199152931676
2019-06-04,90.33390808105467,0.0212,58.6029331167581,0.23503318210533405,58.74868627970786,-0.14575316294975948
2019-06-05,90.65489196777344,0.0212,58.28968543258024,0.231887456330634,58.427480990899646,-0.1377955583194037
2019-06-06,90.85248565673828,0.0212,58.09703382462386,0.23140116702713634,58.23629376593938,-0.13925994131552244
2019-06-07,89.85643768310547,0.0209,59.11239009871436,0.23651470747650152,59.25545472149869,-0.14306462278432974
2019-06-10,90.82776641845705,0.0215,58.07532064705443,0.23763733914573743,58.24655635444342,-0.17123570738898763
2019-06-11,91.10765075683594,0.0215,57.80218011577264,0.23111093368235397,57.94747401926802,-0.14529390349537863
2019-06-12,89.94697570800781,0.0213,58.964088012659374,0.2348903660698249,59.10356081327297,-0.13947280061359635
2019-06-13,90.1692352294922,0.021,58.79131012949958,0.23280418558033827,58.925323426317014,-0.1340132968174359
2019-06-14,90.39974975585938,0.0209,58.58243778154785,0.23082773339978543,58.71067831112365,-0.12824052957579823
2019-06-17,89.90583038330078,0.0209,59.06464401705647,0.22951358625582682,59.178906607380334,-0.11426259032386099
2019-06-18,91.13233947753906,0.0206,57.911668648452576,0.22059965381927082,58.01125505842762,-0.09958640997504631
2019-06-19,90.47381591796876,0.0203,58.5978246270918,0.21635168780326133,58.67495381502016,-0.07712918792835666
2019-06-20,90.7042999267578,0.0200999999999999,58.40377549744508,0.21548663222034622,58.479319434793,-0.07554393734791631
2019-06-21,90.08692169189452,0.0207,58.91753480277188,0.2003396613163506,58.95327885816706,-0.035744055395177554
2019-06-24,89.44486999511719,0.0202,59.61895450016294,0.19578379539188318,59.642803824998786,-0.023849324835843788
2019-06-25,88.70402526855469,0.02,60.37032281685896,0.20861279031009317,60.41163967434,-0.041316857481042746
2019-06-26,89.29666900634766,0.0204999999999999,59.71981325517058,0.18835178008851908,59.73431195490785,-0.014498699737274023
2019-06-27,89.59302520751953,0.0200999999999999,59.48933640087481,0.21279832730625428,59.545150685944854,-0.05581428507004205
2019-06-28,92.02957916259766,0.02,57.12064376910542,0.20843939271657888,57.194859540548315,-0.07421577144289415
2019-07-01,93.57713317871094,0.0203,55.56418068019086,0.21259572145480943,55.676370930481085,-0.11219025029022589
2019-07-02,93.6759033203125,0.0197999999999999,55.5412212670759,0.1597324763286616,55.54862923443933,-0.007407967363434409
2019-07-03,93.5267105102539,0.0196,55.72604829826332,0.16204228304215776,55.7248372288021,0.0012110694612204043
2019-07-05,94.08212280273438,0.0204,55.06627814806839,0.15477971418184316,55.06178566802494,0.004492480043452929
2019-07-08,93.5681381225586,0.0204999999999999,55.59626687677412,0.1626510920642798,55.552697770046926,0.04356910672719749
2019-07-09,93.96605682373048,0.0207,55.18682627767721,0.15557612055641085,55.13133347080463,0.05549280687258573
2019-07-10,93.69251251220705,0.0207,55.49278951409503,0.1617901086828268,55.401554173976365,0.09123534011866496
2019-07-11,94.58780670166016,0.0213,54.57762428132648,0.1451346188927669,54.432638353026334,0.14498592830014445
2019-07-12,95.58261108398438,0.0212,53.61736858574498,0.14093291512852318,53.47510868272365,0.1422599030213263
2019-07-15,94.42200469970705,0.0209,54.79636286379118,0.14560172670900806,54.653322766151064,0.14304009764011738
2019-07-16,95.43338012695312,0.0213,53.7991121034791,0.13980646018940124,53.60582444299891,0.19328766048019475
2019-07-17,94.4966278076172,0.0206,55.11868874597228,0.14381614136512663,54.62405766028706,0.49463108568522074
2019-07-18,95.0603256225586,0.0204,54.61760225016749,0.1381949957376325,54.10186818522836,0.5157340649391244
2019-07-19,94.12359619140624,0.0204999999999999,55.66580833497772,0.15634420032399363,55.00742617736595,0.6583821576117685
2019-07-22,94.72874450683594,0.0204999999999999,55.13503272092058,0.1397545170959948,54.41122969196339,0.7238030289571853
2019-07-23,96.4613265991211,0.0208,53.40717175979152,0.14086967698625308,52.67613465869504,0.7310371010964758
2019-07-24,96.85094451904295,0.0204999999999999,53.09220254046211,0.13989807179828062,52.33961756553345,0.7525849749286593
2019-07-25,95.92247772216795,0.0208,53.94006937568935,0.13900700377558028,53.20156226650302,0.7385071091863296
2019-07-26,96.34526824951172,0.0208,53.70175581464576,0.13999396934899364,52.78913380471436,0.9126220099313969
2019-07-29,96.0385284423828,0.0206,54.05824827399017,0.1384599096284698,53.11750709277287,0.9407411812173052
2019-07-30,95.82299041748048,0.0206,54.26295940966134,0.13777268355986616,53.327768426331794,0.935190983329548
2019-07-31,96.1628875732422,0.0202,54.073111317086905,0.1398669717132821,53.055240277670656,1.0178710394162493
2019-08-01,93.6261749267578,0.019,56.51940404448892,0.1818594346324819,55.736700061401464,0.7827039830874583
2019-08-02,93.61788177490234,0.0186,56.600152659564834,0.2073722351572905,55.86540371459827,0.7347489449665616
2019-08-05,90.83245849609376,0.0175,59.09325377356363,0.2464762975613314,58.8706556241783,0.22259814938533395
2019-08-06,91.54539489746094,0.0173,58.48249206098543,0.24368526405147356,58.20673772270138,0.2757543382840524
2019-08-07,89.55583953857422,0.0171,60.34536729596045,0.2530439355001455,60.17845548991369,0.16691180604676248
2019-08-08,91.07288360595705,0.0172,58.8688721924339,0.24253594335092632,58.6631920895539,0.20568010287999527
2019-08-09,90.97342681884766,0.0174,59.0489221764583,0.24150867109474417,58.723042080290774,0.32588009616752345
2019-08-12,89.26568603515625,0.0165,60.67623955542799,0.24541106787539183,60.50120329970153,0.17503625572646087
2019-08-13,90.6417999267578,0.0168,59.32012933019478,0.24507323647125925,59.14525852833655,0.17487080185823345
2019-08-14,86.87818908691406,0.0159,62.78560003880463,0.2572144684942332,62.9232534608352,-0.13765342203056719
2019-08-15,87.20979309082031,0.0152,62.57461221758615,0.2555798415612856,62.701228469966125,-0.12661625237997498
2019-08-16,89.2988510131836,0.0155,60.49980751113311,0.2455540495470058,60.61600251987383,-0.11619500874071775
2019-08-19,90.10296630859376,0.016,59.65365790508256,0.24536008460904266,59.77572071704951,-0.12206281196694846
2019-08-20,88.95897674560547,0.0155,60.817076549994326,0.24692930596437057,60.946975989015975,-0.12989943902164924
2019-08-21,89.20765686035156,0.0159,60.52050803080899,0.24407319684016976,60.63769834268891,-0.11719031187991646
2019-08-22,90.1278305053711,0.0162,59.58774544325426,0.24885201236294927,59.74209631772849,-0.15435087447422546
2019-08-23,87.88955688476562,0.0152,61.87795426156781,0.2530541278162139,62.04057010099684,-0.16261583942903002
2019-08-26,88.5942153930664,0.0154,61.16879574069887,0.250848899749902,61.32860778505587,-0.1598120443570039
2019-08-27,87.65745544433594,0.0149,62.14996635989156,0.25097933236020464,62.296403039152715,-0.1464366792611571
2019-08-28,88.5361557006836,0.0147,61.32604146286328,0.24878755059390836,61.476158105084345,-0.15011664222106447
2019-08-29,90.5423355102539,0.015,59.3185642063799,0.23499367136576782,59.45180513348904,-0.13324092710914215
2019-08-30,91.07288360595705,0.015,58.801612201181726,0.22969758544053445,58.92092247959092,-0.11931027840919484
2019-09-03,89.99520111083984,0.0147,59.90237182658011,0.22969907885573998,59.99868225759255,-0.09631043101244074
2019-09-04,91.08116912841795,0.0147,58.86377525919722,0.23112147591520074,58.96292614181066,-0.09915088261344351
2019-09-05,93.15365600585938,0.0157,56.67940069596108,0.23188531450205618,56.84287878858558,-0.16347809262450141
2019-09-06,93.35257720947266,0.0155,56.54238134161786,0.22638069613923853,56.65296270614708,-0.1105813645292173
2019-09-09,95.66551208496094,0.0163,54.143234974099066,0.1287432531085514,54.11327488574415,0.029960088354918923
2019-09-10,96.88411712646484,0.0172,52.85388866352824,0.12251312171444237,52.789774487953665,0.06411417557457355
2019-09-11,97.14937591552734,0.0175,52.560446366408975,0.12171382100720757,52.48639852222164,0.07404784418733357
2019-09-12,97.74626159667967,0.0179,51.9503485776664,0.12191676420252612,51.84445890267189,0.10588967499450774
2019-09-13,99.66951751708984,0.019,49.93062237637415,0.12295368376353762,49.804331656987486,0.1262907193866667
2019-09-16,98.7824935913086,0.0184,50.8605598398594,0.12117507751496195,50.758655179382224,0.1019046604771745
2019-09-17,98.29339599609376,0.0181,51.52827837344567,0.12082769946825564,51.28050019447226,0.24777817897341237
2019-09-18,99.2799072265625,0.018,50.59482055046218,0.12137812044249903,50.33178780049966,0.2630327499625196
2019-09-19,98.96485900878906,0.0179,50.9085637312685,0.12150785597221661,50.65421999012036,0.2543437411481406
2019-09-20,98.56696319580078,0.0174,51.35064569577621,0.12180022831670775,51.11653599537477,0.23410970040144008
2019-09-23,98.55036926269533,0.0172,51.52321879512384,0.11899721588683315,51.161968860851715,0.3612499342721236
2019-09-24,97.26544952392578,0.0163999999999999,52.79192437398038,0.117483826815153,52.53499648293564,0.25692789104473945
2019-09-25,97.82086181640624,0.0173,52.1380131670796,0.11867031853609564,51.85977727585316,0.2782358912264371
2019-09-26,97.01675415039062,0.017,52.91344913111487,0.11612996605933051,52.689384610217864,0.22406452089700224
2019-09-27,97.58875274658205,0.0169,52.39007833001018,0.11531160329159569,52.14532979010837,0.24474853990181344
2019-09-30,97.56387329101562,0.0168,52.42425905489797,0.11475477306985554,52.18436279520323,0.2398962596947456
2019-10-01,95.78982543945312,0.0165,54.07211626228458,0.19936543547232893,54.05394268161692,0.01817358066766417
2019-10-02,93.8831787109375,0.016,55.93499283652929,0.2212818846738178,56.048075560808435,-0.11308272427914545
2019-10-03,93.7494659423828,0.0154,56.15922604174413,0.20041054537902794,56.18506307189993,-0.025837030155805962
2019-10-04,95.78004455566406,0.0152,54.22744560408872,0.22713213553657802,54.394698303725484,-0.16725269963676226
2019-10-07,95.57113647460938,0.0156,54.36530151398591,0.2399716614879152,54.630436539724435,-0.2651350257385232
2019-10-08,93.4402847290039,0.0154,56.42512271450561,0.248728295333815,56.72843661221094,-0.3033138977053298
2019-10-09,94.11712646484376,0.0159,55.69181748512633,0.24782314443716083,56.01438736943564,-0.3225698843093099
2019-10-10,95.43742370605467,0.0167,54.28535107796328,0.24234323073982153,54.6173435053548,-0.33199242739152623
2019-10-11,97.05020141601562,0.0176,52.57783493497376,0.12148164302595035,52.568518426375114,0.009316508598644191
2019-10-14,97.30924224853516,0.017675,52.31700878064896,0.11820926508907391,52.30424575940003,0.012763021248929363
2019-10-15,100.24231719970705,0.0177,49.43871489335132,0.12009932631990035,49.43592480396237,0.002790089388945205
2019-10-16,100.00833892822266,0.0175,49.69734832543333,0.12222536277878779,49.694213643675916,0.003134681757416047
2019-10-17,100.56822204589844,0.0176,49.136433899886654,0.12052111499242889,49.1324672756806,0.003966624206057645
2019-10-18,100.74370574951172,0.0176,48.9655369166702,0.11951299703540322,48.960939997665726,0.004596919004477229
2019-10-21,103.24224853515624,0.018,46.46075309033911,0.12163647360256022,46.463405350471525,-0.0026522601324145967
2019-10-22,104.27840423583984,0.0178,45.47790277022874,0.12170182677524947,45.481906432905205,-0.0040036626764674565
2019-10-23,104.5541763305664,0.0177,45.22438787841404,0.12055248186356506,45.22704119178922,-0.0026533133751769356
2019-10-24,104.4789810180664,0.0177,45.29770365707043,0.12059264530595724,45.30041825521863,-0.0027145981482021853
2019-10-25,105.31458282470705,0.018,44.43755187106327,0.12188050801986955,44.44200615850351,-0.004454287440239568
2019-10-28,105.71570587158205,0.0185,43.97257595077899,0.12200382974829421,43.97749201323663,-0.004916062457638759
2019-10-29,105.64884948730467,0.0184,44.052419023989735,0.12082864725774238,44.05656458403328,-0.004145560043546936
2019-10-30,105.06390380859376,0.0178,44.710912496439065,0.1208027612674677,44.715244751900016,-0.004332255460951728
2019-10-31,104.38706970214844,0.0169,45.50403646486476,0.11913603866935983,45.507291407216265,-0.003254942351503587
2019-11-01,106.79367065429688,0.0173,43.093178032778965,0.12390311936214918,43.10533249969719,-0.012154466918225637
2019-11-04,107.64601135253906,0.0179,42.17214441151679,0.12141876630973053,42.1845412020335,-0.01239679051671061
2019-11-05,107.87998962402344,0.0186,41.84477055340103,0.120106438135435,41.852459588355075,-0.007689034954047713
2019-11-06,108.04711151123048,0.0181,41.7558119353739,0.11907971663549027,41.76213109485688,-0.00631915948298456
2019-11-07,108.63204193115234,0.0192,41.03190178824954,0.13620118207395757,41.064699600779676,-0.03279781253013425
2019-11-08,108.94960021972656,0.0194,40.696611523579335,0.13567735268716907,40.72694174566198,-0.030330222082646685
2019-11-11,108.56520080566406,0.01925,41.09054572741607,0.1356816492583296,41.12054984012635,-0.03000411271028014
2019-11-12,107.93013763427734,0.0192,41.71363798058926,0.1367327099604622,41.745214758947135,-0.031576778357873536
2019-11-13,107.36189270019533,0.0187999999999999,42.38616420725194,0.13673950906495558,42.35405465984334,0.03210954740859506
2019-11-14,107.46218872070312,0.0182,42.40307843953936,0.13664353842469776,42.34450259058665,0.05857584895270662
2019-11-15,108.23929595947266,0.0184,41.62546440345607,0.13982683306795324,41.572117040886695,0.05334736256937589
2019-11-18,109.150146484375,0.0181,40.79296694619816,0.13955778772806715,40.735930016313105,0.05703692988505793
2019-11-19,109.11671447753906,0.0179,40.85513247680239,0.1386709169293203,40.794275401990596,0.0608570748117927
2019-11-20,108.32286834716795,0.0173,41.69338146998132,0.13830342584022362,41.64761889947366,0.0457625705076552
2019-11-21,108.57357788085938,0.0177,41.39744743603944,0.13839791998813486,41.34705853638406,0.05038889965538118
2019-11-22,109.2921905517578,0.0177,40.70759676630726,0.140035696275494,40.65913684070354,0.04845992560372281
2019-11-25,109.8771514892578,0.0176,40.1609115414681,0.14170713683805738,40.11739950013959,0.04351204132851194
2019-11-26,110.02757263183594,0.0174,40.06360735192048,0.14180177239986336,40.00239853495787,0.061208816962611934
2019-11-27,110.3534698486328,0.0177,39.71126607048397,0.14096685599181927,39.641869297868034,0.06939677261593857
2019-11-29,110.10276794433594,0.0178,39.93966264257963,0.13910056010598043,39.860262966430895,0.07939967614873211
2019-12-02,109.86044311523438,0.0183,40.09320098647319,0.14012798965755976,40.02477233446229,0.0684286520109012
2019-12-03,108.44820404052734,0.0172,41.56133416343885,0.1424944741035595,41.55474132762842,0.006592835810430131
2019-12-04,110.58744049072266,0.0177,39.43766276250972,0.14084732631813138,39.41667021129124,0.020992551218476763
2019-12-05,111.18909454345705,0.018,38.81940304422983,0.14079717197083322,38.795848475504286,0.023554568725543845
2019-12-06,112.84362030029295,0.0184,37.25062607724802,0.14163906995724285,37.16336174045615,0.0872643367918684
2019-12-09,112.3171844482422,0.0183,37.76600660245473,0.13996207101851613,37.668774147545214,0.09723245490951626
2019-12-10,112.39241027832033,0.0185,37.66843489642469,0.1393284445664147,37.56419397018862,0.1042409262360735
2019-12-11,112.12498474121094,0.0179,38.05077532559011,0.13944839678276488,37.90740745150199,0.14336787408812057
2019-12-12,115.33383178710938,0.019,34.59743989439638,0.14036016565474582,34.711096448892576,-0.11365655449619538
2019-12-13,114.32270050048828,0.0182,35.692115053761725,0.139683045057111,35.77424274405141,-0.08212769028968836
2019-12-16,114.76557159423828,0.0189,35.2459889065297,0.1408754304126116,35.265140236459196,-0.019151329929492533
2019-12-17,115.46749877929688,0.0189,34.57420839014728,0.14055360717310578,34.60161232438882,-0.02740393424154064
2019-12-18,115.3505401611328,0.0192,34.660179619734386,0.14041994192398125,34.66732353571717,-0.007143915982787519
2019-12-19,114.77397918701172,0.0192,35.2352020950564,0.13925712567427484,35.20023527994973,0.03496681510667088
2019-12-20,114.68206024169922,0.0192,35.321958484079644,0.13946660140963751,35.288816032661714,0.033142451417930374
2019-12-23,114.64857482910156,0.0192999999999999,35.33960535774528,0.1391546632853064,35.30350012806072,0.03610522968455854
2019-12-24,114.96614074707033,0.019,35.41508009079436,0.1376674468380696,35.0341666431863,0.3809134476080587
2019-12-26,116.1861572265625,0.019,34.24342846458589,0.13914640109893395,33.899244955590945,0.344183508994945
2019-12-27,116.26971435546876,0.0187999999999999,34.49753693934225,0.13838847624607722,33.84186469988005,0.6556722394621985
2019-12-30,115.84354400634766,0.019,34.83723926152297,0.13804897181908568,34.21015563877711,0.6270836227458574
2019-12-31,116.4869613647461,0.0192,34.36805047963542,0.1373312800037495,33.57046659217373,0.7975838874616912
2020-01-02,117.89918518066406,0.0187999999999999,33.63667828699192,0.1408466574672097,32.35380323309786,1.2828750538940668
2020-01-03,116.3433609008789,0.018,34.99683011136764,0.13804747991987448,33.88376007705175,1.1130700343158964
2020-01-06,116.25086212158205,0.0181,35.29800167382778,0.13820887708090734,33.95783851032031,1.3401631635074693
2020-01-07,114.27452087402344,0.0183,36.91417259397279,0.15819961870067836,35.99452023370015,0.919652360272643
2020-01-08,115.16596221923828,0.0187,36.0683252062866,0.14262820602823043,34.933333965345696,1.1349912409409058
2020-01-09,115.5864715576172,0.0185,35.74373959780875,0.13981784591616195,34.5400757961501,1.2036638016586494
2020-01-10,114.434326171875,0.0183,36.65599112536055,0.16330436410893764,35.91672055189817,0.7392705734623775
2020-01-13,115.38461303710938,0.0185,35.776163760023884,0.1520739331049913,34.8632812852312,0.9128824747926814
2020-01-14,116.73023986816406,0.0182,34.56594498175572,0.14167398538917197,33.53244819129011,1.0334967904656125
2020-01-15,114.9809341430664,0.0179,35.89742147270707,0.1627680702634909,35.46602150640115,0.4313999663059249
2020-01-16,115.42665100097656,0.0181,35.48170870592678,0.15948253808736396,34.98248168339849,0.499227022528288
2020-01-17,116.2256088256836,0.0184,34.853512060184194,0.15114937281724752,34.089913245398115,0.7635988147860786
2020-01-21,115.08186340332033,0.0178,35.99606195545716,0.16229256011556437,35.38092766472611,0.6151342907310493
2020-01-22,114.9472885131836,0.0177,36.12304432011525,0.16230371123726792,35.517851113991426,0.6051932061238219
2020-01-23,114.8295669555664,0.0174,36.38929891035256,0.16199355861792486,35.66299414794231,0.7263047624102512
2020-01-24,111.97858428955078,0.017,38.982092451117246,0.22772412834831599,39.60514294046693,-0.6230504893496871
2020-01-27,111.03668212890624,0.0161,41.38577672330232,0.20530550316993287,39.99496873324749,1.3908079900548316
2020-01-28,113.0550765991211,0.0165,39.41080100247304,0.2304527193875162,38.869350418277925,0.5414505841951183
2020-01-29,112.88685607910156,0.016,41.01617538102393,0.24190693034978147,39.43067080781718,1.585504573206748
2020-01-30,114.28290557861328,0.0157,41.2231152263907,0.2285037864589327,37.925569204506914,3.2975460218837895
2020-01-31,111.31421661376952,0.0151,45.40502229225247,0.2680466971699616,41.66182721581553,3.7431950764369404
2020-02-03,112.16358184814452,0.0154,45.75401451321457,0.26253396941211604,40.779638077169686,4.974376436044885
2020-02-04,113.77832794189452,0.0161,45.32265568314739,0.24273648760379607,38.74831304937397,6.574342633773419
2020-02-05,115.7126007080078,0.0166,45.580941624923696,0.2448666172431565,37.29690433098561,8.284037293938084
2020-02-06,115.7294464111328,0.0165,47.32136369663042,0.2332172228578917,36.853796261249144,10.467567435381277
2020-02-07,115.3593978881836,0.0159,62.31753017850775,0.23484404097147618,37.272501100783565,25.045029077724188
2020-02-10,115.83878326416016,0.0156,68.21411515520236,0.23461040918312764,36.934279155478734,31.27983599972363
2020-02-11,116.0573959350586,0.0159,68.60635291538401,0.23190006039949831,36.62963640474163,31.976716510642376
2020-02-12,116.0573959350586,0.0162,71.25906412584399,0.23230610531230103,36.60699813657123,34.652065989272764
2020-02-13,115.95650482177734,0.0161,90.53497810082024,0.24027620225741944,36.99742416264253,53.53755393817771
2020-02-14,115.6032943725586,0.0159,100.05379225069642,0.19976923838639085,35.96834770198774,64.08544454870868
2020-02-18,114.0726547241211,0.0155,102.51854310794984,0.24642534961331755,38.72854547637827,63.789997631571566
2020-02-19,115.62849426269533,0.0156,105.56641139972209,0.2455348637989326,37.508954339982665,68.05745705973942
2020-02-20,115.62849426269533,0.0152,106.03740659154845,0.22161254848920328,36.694085628827345,69.3433209627211
2020-02-21,114.21562957763672,0.0146,105.77067091400144,0.2245601598276356,37.998234715981866,67.77243619801958
2020-02-24,111.1460189819336,0.0138,105.65974191166724,0.2653647059190363,41.86159758261604,63.7981443290512
2020-02-25,106.1841278076172,0.0133,111.2027950174866,0.23055000233269798,45.14063374506692,66.06216127241967
2020-02-26,106.50371551513672,0.0133,112.10370824675528,0.22855790074694549,44.82169429257591,67.28201395417936
2020-02-27,102.07167053222656,0.013,113.208966311723,0.2158606005588467,48.714306209881656,64.49466010184135
2020-02-28,97.64803314208984,0.0113,113.5539303635996,0.22226963748611425,53.161610206069774,60.39232015752983
2020-03-02,102.1977996826172,0.011,113.7126873067556,0.21872177044221564,48.914337758280006,64.79834954847558
2020-03-03,98.36286163330078,0.0102,113.17383379645452,0.21917269636227754,52.62424399482772,60.549589801626794
2020-03-04,100.79337310791016,0.0102,113.82953536877042,0.21745942730144086,50.32550662562765,63.50402874314277
2020-03-05,95.84829711914062,0.0092,113.645921874752,0.21631790500720624,55.14071811949794,58.505203755254065
2020-03-06,90.8948211669922,0.0074,112.8761067750105,0.21926840439243936,60.172252088310046,52.70385468670045
2020-03-09,78.58263397216797,0.0054,108.83946361295506,0.21900739934117847,72.42729882851319,36.41216478444187
2020-03-10,84.68824768066406,0.0076,106.74511982548044,0.21745426488431968,66.15213244070054,40.5929873847799
2020-03-11,80.70196533203125,0.0081999999999999,106.74489277591472,0.2178798877189859,69.94385537726878,36.801037398645946
2020-03-12,74.0496826171875,0.0088,106.90953230824924,0.21968691650156166,76.34464727414556,30.564885034103682
2020-03-13,87.38787841796875,0.0093999999999999,98.28315628197169,0.2172766732316154,63.263665642068,35.01949063990369
2020-03-16,74.31039428710938,0.0073,93.10866394921956,0.2131611906416798,76.31215773764372,16.796506211575846
2020-03-17,78.85176086425781,0.0102,90.9929395380621,0.20888218569274386,71.4471499485692,19.545789589492898
2020-03-18,70.55115509033203,0.0118,90.75947310790686,0.21694832280194515,79.31521926702585,11.444253840881004
2020-03-19,71.73695373535156,0.0112,92.1729831563616,0.21593580370578436,78.24600062008716,13.926982536274437
2020-03-20,70.22314453125,0.0092,93.39903989617994,0.21602218836114673,80.02139508594522,13.377644810234727
2020-03-23,66.46389770507812,0.0076,94.73071486889287,0.21385824771980702,83.931383436396,10.79933143249687
2020-03-24,74.3692626953125,0.0084,87.28833081994728,0.21643522378084298,76.09152960631292,11.196801213634359
2020-03-25,77.14454650878906,0.0088,85.4284580049629,0.2166149500093328,73.32328419242783,12.105173812535071
2020-03-26,82.51850891113281,0.0083,81.28725060615177,0.17965711415657007,68.14373512977383,13.143515476377942
2020-03-27,76.63993835449219,0.0072,83.13758005273553,0.21226973641638375,74.05258350764765,9.084996545087876
2020-03-30,78.63312530517578,0.0069999999999999,81.86781621250452,0.19793842241026624,72.13377431408365,9.73404189842087
2020-03-31,75.71483612060547,0.0069999999999999,83.1471893355758,0.20544230927000856,74.98440384739739,8.162785488178415
2020-04-01,70.94640350341797,0.0062,85.0213538155092,0.21497235749533608,79.76140635003217,5.259947465477026
2020-04-02,73.59554290771484,0.0063,83.23223759962409,0.2027136662121029,77.15821023465305,6.07402736497103
2020-04-03,71.42023468017578,0.0062,84.45385823609443,0.21403092199104579,79.29855032312433,5.155307912970102
2020-04-06,76.01727294921875,0.0067,80.19374897601706,0.1815578965948927,74.73209265257123,5.461656323445837
2020-04-07,77.01996612548828,0.0075,79.48586166058564,0.17977203526138535,73.6333907748172,5.85247088576844
2020-04-08,80.1300048828125,0.0077,76.8838678436213,0.17908780511896377,70.5656678492391,6.318199994382198
2020-04-09,87.31877136230469,0.0073,69.12682489036791,0.18371757213480197,63.608284953580984,5.5185399367869294
2020-04-13,83.43547058105469,0.0076,71.40815160500975,0.18086243664972584,67.35268105413249,4.05547055087726
2020-04-14,81.14970397949219,0.0076,73.20916017080609,0.18449183882030185,69.5851815979938,3.623978572812291
2020-04-15,77.1474380493164,0.0063,76.14136708846536,0.18158310094934674,73.68768252857748,2.4536845598878756
2020-04-16,74.20735168457031,0.0060999999999999,78.68594882319651,0.20024569800386072,76.59028664050395,2.095662182692564
2020-04-17,80.87776184082031,0.0065,71.10134621432279,0.1830706612453721,70.01439397226987,1.0869522420529165
2020-04-20,77.92918395996094,0.0063,74.1355843569796,0.18528418634329316,72.92423846473413,1.2113458922454754
2020-04-21,75.66890716552734,0.0058,76.11566352545088,0.2003070779640333,75.20752390956483,0.9081396158860571
2020-04-22,75.91529846191406,0.0063,75.98738516269208,0.20073330000955403,74.89239640923994,1.0949887534521423
2020-04-23,75.9577865600586,0.0060999999999999,76.0158240502627,0.1991521120038452,74.88056129696712,1.135262753295578
2020-04-24,77.07945251464844,0.006,75.01095221316868,0.18259863234210594,73.79885325066377,1.2120989625049106
2020-04-27,80.40193939208984,0.0067,72.87386705432519,0.18001757570809113,70.4490352902938,2.4248317640313815
2020-04-28,80.97124481201172,0.0062,73.4391186847246,0.18016457134676492,69.96751886238536,3.4715998223392432
2020-04-29,83.15507507324219,0.0063,71.67519506723367,0.18110630637214506,67.82009183284524,3.8551032343884373
2020-04-30,81.37061309814453,0.0064,73.07320111727506,0.1794745327352308,69.54760083029562,3.52560028697944
2020-05-01,79.23778533935547,0.0064,74.50142291476939,0.18446777805395392,71.63111911296504,2.8703038018043543
2020-05-04,78.2945785522461,0.0064,75.180858582936,0.18978050134412097,72.55277521758998,2.628083365346015
2020-05-05,78.17561340332031,0.0066,75.91409217844753,0.19638759234352476,72.63986819503195,3.274223983415581
2020-05-06,76.70555877685547,0.0072,76.82653205038368,0.20214235298594094,73.98676196550005,2.839770084883625
2020-05-07,77.50430297851562,0.0063,76.68583597408285,0.19978738630809595,73.34054737187091,3.3452886022119372
2020-05-08,78.77042388916016,0.0069,75.66099487927531,0.17991855933267878,72.01283393805909,3.6481609412162186
2020-05-11,76.45064544677734,0.0073,77.29172271821531,0.19551744379685554,74.22011984058425,3.071602877631065
2020-05-12,73.95243072509766,0.0069,79.51807472786763,0.21484362282223532,76.72148188617419,2.796592841693439
2020-05-13,71.40322875976562,0.0064,83.4400940606813,0.2181247243180028,79.28569851751827,4.154395543163034
2020-05-14,74.36878967285156,0.0063,81.11084794467678,0.20810621755275285,76.40346181103973,4.707386133637044
2020-05-15,72.99224853515625,0.0064,81.90492751086592,0.2127724877334624,77.73334559988261,4.171581910983306
2020-05-18,76.85853576660156,0.0073,78.40329396765406,0.17709481805993146,73.82079282576015,4.582501141893914
2020-05-19,75.34600830078125,0.0069999999999999,79.63391101599068,0.19687538458276538,75.34379645468532,4.290114561305359
2020-05-20,77.60628509521484,0.0068,77.88153013618837,0.17702105963427944,73.16479673747575,4.71673339871262
2020-05-21,76.62060546875,0.0068,78.57261298003547,0.17927267036808003,74.12774880391362,4.444864176121854
2020-05-22,76.0257797241211,0.0066,79.05476348008156,0.18369123667557272,74.73874478370129,4.316018696380269
2020-05-26,81.42159271240234,0.0069,73.68937063268022,0.16794143651619842,69.42256907858432,4.266801554095906
2020-05-27,86.13762664794922,0.0068,69.45664712941918,0.12805105724588184,64.82965115910964,4.626995970309537
2020-05-28,84.85450744628906,0.0069999999999999,70.81500741478536,0.12761251147844094,66.05341977924682,4.7615876355385325
2020-05-29,82.68769836425781,0.0065,73.33763052207405,0.1547546133178917,68.24496135376717,5.092669168306884
2020-06-01,83.78385925292969,0.0066,72.49033706864316,0.14609666990035394,67.1590706674746,5.331266401168563
2020-06-02,84.06427001953125,0.0068,72.33703985397115,0.1435157954326638,66.85530267566992,5.4817371783012305
2020-06-03,88.60186004638672,0.0077,67.78059282492127,0.12786119569480886,62.28816868468346,5.492424140237809
2020-06-04,90.44578552246094,0.0081999999999999,66.18605272593537,0.128000528661546,60.4123455648172,5.773707161118168
2020-06-05,94.51602172851562,0.0091,62.58954458992258,0.12773217035478987,56.302281720585135,6.287262869337447
2020-06-08,96.40243530273438,0.0088,61.19569992760613,0.12806078511233984,54.50424732079714,6.691452606808987
2020-06-09,93.92970275878906,0.0084,62.884263329895376,0.13002805418780825,56.97920680666127,5.905056523234109
2020-06-10,90.12288665771484,0.0075,65.14999271553701,0.12876143615604968,60.83198407491713,4.31800864061988
2020-06-11,82.60275268554688,0.0066,69.81601471788717,0.18690922708468896,68.31569746977983,1.5003172481073364
2020-06-12,84.863037109375,0.0070999999999999,67.66100156341919,0.1866914041170108,66.03501352742595,1.6259880359932453
2020-06-15,86.0356674194336,0.0070999999999999,66.61555213269092,0.1510045107113331,64.88486322692258,1.7306889057683463
2020-06-16,86.72395324707031,0.0075,66.0450509132944,0.14864773633102982,64.1528571943072,1.8921937189872011
2020-06-17,84.53163146972656,0.0074,67.71290475840286,0.18972193853145927,66.31476722290374,1.3981375354991172
2020-06-18,84.07278442382812,0.0070999999999999,68.24569100430074,0.18494869678925788,66.80577794422182,1.439913060078922
2020-06-19,83.11256408691406,0.0069999999999999,69.07403480909863,0.1903129141654852,67.75928430133844,1.3147505077601949
2020-06-22,82.21185302734375,0.0070999999999999,69.9156485644984,0.19802553013512117,68.62571771782643,1.2899308466719646
2020-06-23,83.21455383300781,0.0072,69.02148970298023,0.18827440767948186,67.62943299193088,1.3920567110493494
2020-06-24,80.43592834472656,0.0069,71.20804911440779,0.20119632871144277,70.38947833062728,0.8185707837805012
2020-06-25,83.24004364013672,0.0068,68.48339929273251,0.18558194252259114,67.66348245708399,0.8199168356485274
2020-06-26,78.67695617675781,0.0064,72.32202078683872,0.21768681084810987,72.18575375827365,0.13626702856507222
2020-06-29,79.02536010742188,0.0064,71.9884132832942,0.21173667394540238,71.84362869081669,0.14478459247750664
2020-06-30,79.92606353759766,0.0066,71.13438286152017,0.20200988962530428,70.93198834153375,0.202394519986413
2020-07-01,79.24629211425781,0.0069,71.82056231151195,0.21110914262794053,71.55340946905778,0.26715284245416626
2020-07-02,79.50369262695312,0.0068,71.59669604051427,0.21034247692032604,71.31690327970031,0.27979276081396165
2020-07-06,81.51143646240234,0.0069,69.6232262822748,0.18151120391028566,69.33579039810222,0.2874358841725808
2020-07-07,79.21195983886719,0.0065,71.78027472120486,0.20020230440132664,71.6435254994627,0.1367492217421642
2020-07-08,80.05281066894531,0.0067,70.96062826616834,0.18256776114381565,70.79023448991504,0.17039377625330587
2020-07-09,78.31963348388672,0.0062,72.65047820022615,0.1974793227623639,72.55898600316013,0.09149219706601741
2020-07-10,82.60110473632812,0.0065,68.35302597922134,0.17876120952499844,68.33091326030518,0.022112718916162066
2020-07-13,83.7851791381836,0.0064,67.21535522045029,0.1793207764238192,67.18965692454438,0.02569829590591155
2020-07-14,84.26566314697266,0.0063,66.80712534399481,0.1776537734823519,66.7351324076672,0.07199293632761794
2020-07-15,85.56986236572266,0.0064,65.52971112519846,0.17925752014883195,65.44729877823484,0.08241234696362199
2020-07-16,85.81009674072266,0.0062,65.33145878787569,0.17978454331479093,65.2427393037112,0.0887194841644856
2020-07-17,84.2227783203125,0.0064,66.80835722088113,0.17899809562244567,66.76233597393653,0.046021246944604854
2020-07-20,83.48487854003906,0.0062,67.5942358616083,0.181622605635767,67.51306256980003,0.08117329180826971
2020-07-21,85.29529571533203,0.0060999999999999,65.84589949510479,0.17943592334465686,65.76005982203911,0.08583967306567786
2020-07-22,84.67752075195312,0.006,66.45339258081837,0.17883079595525256,66.37793268860749,0.07545989221088689
2020-07-23,84.92635345458984,0.0059,66.2373949224291,0.17949768004083502,66.15004572217235,0.08734920025675308
2020-07-24,84.32573699951172,0.0059,66.8134495863906,0.17999733180276678,66.73651418859453,0.07693539779607761
2020-07-27,83.14167785644531,0.0062,67.94921758184034,0.18022118432268988,67.84793868263458,0.10127889920576649
2020-07-28,83.50203704833984,0.0059,67.64703317555647,0.1840718473315424,67.5414907863884,0.1055423891680789
2020-07-29,85.52696990966797,0.0058,65.68754364002851,0.1819527338157377,65.57928035037149,0.10826328965701748
2020-07-30,83.24464416503906,0.0055,67.94226014657627,0.17952804776424983,67.85165255457888,0.09060759199739721
2020-07-31,82.91858673095703,0.0055,68.25330327922954,0.17919500070919128,68.17000205752223,0.08330122170731613
2020-08-03,82.45525360107422,0.0056,68.74145234236954,0.18245887915172826,68.60798597888638,0.13346636348316565
2020-08-04,81.98334503173828,0.0052,69.24845907162322,0.19171240819702237,69.13007818837966,0.11838088324356022
2020-08-05,83.40766143798828,0.0055,67.83273749706521,0.17846832972581209,67.69231663237215,0.1404208646930556
2020-08-06,83.4333724975586,0.0055,67.81049456605339,0.18313850548585356,67.66798041365473,0.14251415239866105
2020-08-07,85.26954650878906,0.0056999999999999,66.02529405330219,0.18096344403212572,65.84518320927195,0.18011084403023858
2020-08-10,86.35066223144531,0.0059,65.15009522882518,0.18032409389738768,64.76001251929875,0.39008270952642476
2020-08-11,89.07914733886719,0.0064,62.35893543977321,0.17623620824480646,62.02182913865089,0.33710630112232565
2020-08-12,88.3240737915039,0.0069,62.99959882295158,0.1786752092017597,62.68499564453735,0.3146031784142309
2020-08-13,87.83502197265625,0.0070999999999999,63.45745251373842,0.18068256999265,63.133146144827855,0.3243063689105625
2020-08-14,87.86933898925781,0.0070999999999999,63.46054567444841,0.18122740231432016,63.099910434041966,0.36063524040644523
2020-08-17,85.55269622802734,0.0069,65.70986836578172,0.18051054143200415,65.38990671068174,0.31996165509997354
2020-08-18,84.36003875732422,0.0067,66.83593812987232,0.18180006801686335,66.58419726514072,0.25174086473160173
2020-08-19,84.55740356445312,0.0068,66.65382725779706,0.18110217633128706,66.37648092948065,0.2773463283164119
2020-08-20,83.5449447631836,0.0065,67.63633019968252,0.180376840996872,67.40949932510662,0.2268308745758958
2020-08-21,83.50203704833984,0.0064,67.82828309987427,0.18157281809041034,67.4664989270467,0.36178417282756925
2020-08-24,85.8530044555664,0.0065,65.48067471086212,0.18017275717640785,65.15627224670203,0.32440246416008733
2020-08-25,86.23053741455078,0.0069,65.08561699740602,0.17971818610280427,64.728107553892,0.3575094435140187
2020-08-26,85.0207290649414,0.0069,66.20520724278614,0.181382087535229,65.90937466691048,0.29583257587566436
2020-08-27,87.8178482055664,0.0074,63.31802373869981,0.17939869518822912,63.10472691852565,0.21329682017415763
2020-08-28,88.17822265625,0.0074,63.142206034287966,0.18141202797518868,62.754094757369536,0.38811127691842984
2020-08-31,85.96455383300781,0.0072,65.1749924065616,0.18077172978271466,64.943345631819,0.23164677474260031
2020-09-01,85.92163848876953,0.0068,65.29341915366079,0.18121332727869457,65.04490712722821,0.24851202643257864
2020-09-02,87.21722412109375,0.0066,64.06771365164562,0.1827322239326169,63.811089627061676,0.2566240245839424
2020-09-03,86.94267272949219,0.0063,64.39084329973791,0.1816117183877756,64.1231703416439,0.2676729580940105
2020-09-04,88.82174682617188,0.0072,62.48813678486142,0.1778298509986868,62.15452800779777,0.33360877706364533
2020-09-08,85.73287963867188,0.0069,65.32099884457885,0.18275685599989233,65.21469964140483,0.10629920317401798
2020-09-09,86.54798889160156,0.0070999999999999,64.53112672691721,0.18154335254870493,64.38912843562781,0.14199829128939712
2020-09-10,85.65567016601562,0.0068,65.4577098583865,0.18261014060129896,65.3048916306726,0.15281822771389386
2020-09-11,86.71959686279297,0.0067,64.44670946881777,0.17972189048184845,64.28061179196187,0.16609767685589816
2020-09-14,87.92082214355469,0.0068,63.28236369270941,0.1785171292172072,63.093211967503585,0.18915172520582502
2020-09-15,85.18374633789062,0.0068,65.83303604461209,0.18263321433974247,65.76547738762399,0.06755865698809771
2020-09-16,85.54412078857422,0.0069,65.47259279750084,0.17845231376302298,65.39776383757199,0.07482895992885119
2020-09-17,84.56597900390625,0.0069,66.41823252489371,0.18029382888994153,66.35304334943969,0.06518917545402303
2020-09-18,84.38580322265625,0.0069999999999999,66.57751233524775,0.18237880522893515,66.5145020121513,0.06301032309644938
2020-09-21,81.77743530273438,0.0068,69.10638908961872,0.21040431750829247,69.09945416599739,0.006934923621329858
2020-09-22,80.88508605957031,0.0068,69.97174964171911,0.21319577805233586,69.97088651794051,0.0008631237786005386
2020-09-23,79.57232666015625,0.0068,71.24916073875394,0.2163365834156469,71.25241700224463,-0.003256263490683864
2020-09-24,79.50369262695312,0.0067,71.34589632051355,0.21560531023538396,71.33389742495795,0.011998895555592526
2020-09-25,80.19866943359375,0.0066,70.68463146920072,0.22161772487764458,70.67456976488012,0.010061704320605713
2020-09-28,82.50675201416016,0.0067,68.43953027852376,0.1943994492396505,68.3963547207238,0.0431755577999553
2020-09-29,81.81173706054688,0.0066,69.14549139856352,0.2034649258244627,69.0925110409203,0.05298035764322151
2020-09-30,82.60110473632812,0.0069,68.40038386841238,0.19431328246090232,68.27447193799019,0.12591193042219118
2020-10-01,83.20174407958984,0.0068,67.83861206566354,0.18235255682656756,67.70024564506885,0.13836642059469284
2020-10-02,83.99110412597656,0.0069999999999999,67.05280530776615,0.18015407858970056,66.89937203285656,0.15343327490958814
2020-10-05,85.766357421875,0.0078,65.24908215633579,0.18038863325545157,65.04739165153941,0.20169050479637463
2020-10-06,84.88306427001953,0.0076,66.21306554778542,0.1804113454080555,65.93932825527851,0.27373729250690815
2020-10-07,86.36389923095703,0.0081,64.8929966530714,0.1796471882827465,64.41938071246332,0.47361594060808443
2020-10-08,88.13912963867188,0.0078,63.59114727619015,0.18374299370950253,62.73391652995376,0.8572307462363895
2020-10-09,87.63687133789062,0.0079,64.07084602893782,0.17787592936785857,63.20634284455342,0.8645031843844038
2020-10-12,88.710693359375,0.007525,69.45938800385898,0.1839021200303679,62.21765894630072,7.241729057558253
2020-10-13,87.2731704711914,0.0074,70.17973795063756,0.17887876069896763,63.63595382860796,6.543784122029599
2020-10-14,86.78820037841797,0.0073,70.64967281252078,0.179129344849072,64.12415695352551,6.525515858995263
2020-10-15,88.08717346191406,0.0074,69.9341491975385,0.1798598202642657,62.84219117702927,7.091958020509232
2020-10-16,87.90534210205078,0.0076,69.99571958279883,0.17960914271999306,62.98970695279334,7.006012630005486
2020-10-19,86.42452239990234,0.0078,70.85031373595024,0.18099639733276615,64.40526727513728,6.445046460812961
2020-10-20,86.91810607910156,0.0081,70.63577027197894,0.18340316691658765,63.879988581034816,6.755781690944126
2020-10-21,86.0521469116211,0.0083,71.1284575550525,0.18448623176877416,64.69548800786355,6.432969547188961
2020-10-22,89.09171295166016,0.0087,68.80181516822341,0.1869635105520162,61.67383440534744,7.127980762875971
2020-10-23,89.8970718383789,0.0085,68.418933571955,0.18688370772661078,60.91904174629233,7.499891825662665
2020-10-26,87.67151641845703,0.0081,69.63047422912743,0.18221777524035365,63.1445775490851,6.48589668004233
2020-10-27,86.0174789428711,0.0079,70.9484371342294,0.1802251774970961,64.78738083425898,6.1610562999704115
2020-10-28,83.6014175415039,0.0079,72.12864272148425,0.1903957817946708,67.14829553612742,4.980347185356834
2020-10-29,84.14700317382812,0.0085,71.79230247195494,0.18526032632293002,66.52514715690356,5.267155315051383
2020-10-30,84.90039825439453,0.0088,71.83914712805048,0.1820627015290085,65.74436495470832,6.094782173342168
2020-11-02,86.814208984375,0.0087,70.55608315933706,0.1797043310134325,63.89077286149937,6.665310297837692
2020-11-03,89.5506820678711,0.009,68.62766867529882,0.17934668333522688,61.17692538044674,7.4507432948520815
2020-11-04,86.814208984375,0.0078,69.89877525005363,0.18185309088128668,64.02534054558612,5.873434704467513
2020-11-05,90.36470794677734,0.0079,67.11787358454143,0.17777550334686648,60.545837659615444,6.572035924925984
2020-11-06,89.1609878540039,0.0083,67.691902693071,0.18126463028681297,61.66192964798894,6.029973045082059
2020-11-09,101.23270416259766,0.0096,50.92547181642932,0.12655779891904603,49.668327512054866,1.2571443043744566
2020-11-10,100.90365600585938,0.0098,51.2147845155996,0.12681676856368668,49.95991745193576,1.2548670636638377
2020-11-11,99.3968276977539,0.0093,52.49686893377186,0.12814520366507587,51.50562380828841,0.9912451254834451
2020-11-12,98.1758041381836,0.0088,53.591277473212685,0.12841969186892224,52.772299054719674,0.8189784184930105
2020-11-13,98.7906494140625,0.0089,53.08781795875102,0.12581983435490998,52.15663088478216,0.9311870739688572
2020-11-16,101.5791244506836,0.0091,50.40501911401604,0.12700463042276286,49.40456911258908,1.0004500014269624
2020-11-17,100.548583984375,0.0087,51.31294511223426,0.12861299904625345,50.47041432239852,0.8425307898357417
2020-11-18,99.80384063720705,0.0088,51.97102074311706,0.1264721363870465,51.18218580489953,0.7888349382175264
2020-11-19,100.07230377197266,0.0086,51.77636606402351,0.12757754871040566,50.950008564506,0.8263574995175134
2020-11-20,99.21501159667967,0.0083,53.017414355264506,0.12689294767440018,51.83157770788187,1.1858366473826365
2020-11-23,102.07270050048828,0.0086,50.35453997244965,0.127255318263794,48.99720879987479,1.3573311725748596
2020-11-24,106.79228973388672,0.0088,45.60217715430634,0.12710410136888653,44.365660743154336,1.236516411152003
2020-11-25,105.67518615722656,0.0088,46.50837367570842,0.1287322880529693,45.45527376292712,1.053099912781299
2020-11-27,104.9737319946289,0.0084,47.15776652772439,0.12630692091625867,46.19644402708797,0.9613225006364203
2020-11-30,102.08136749267578,0.0084,49.4057549498943,0.12758643524574537,49.01859378689528,0.38716116299902126
2020-12-01,103.69207763671876,0.0092,47.741908865987455,0.12554384693139004,47.32722930488979,0.4146795610976639
2020-12-02,105.683837890625,0.0095,45.805627319698125,0.125874395626616,45.340606588402,0.46502073129612853
2020-12-03,104.99104309082033,0.0092,46.5081852988971,0.12478685649460447,46.059816774519916,0.4483685243771802
2020-12-04,105.94361877441406,0.0097,45.54643418582936,0.1258112739218429,45.05771297582496,0.4887212100043996
2020-12-07,105.54527282714844,0.0093999999999999,46.85991640718427,0.1262938581484943,45.49081546386954,1.3691009433147343
2020-12-08,105.64918518066406,0.0092,47.25348080371284,0.12672088232896925,45.41954706504763,1.833933738665209
2020-12-09,104.82650756835938,0.0095,47.78935525061641,0.1263702772438576,46.176718917483356,1.6126363331330538
2020-12-10,104.15104675292967,0.0092,48.3334451626012,0.12742376980707315,46.880542213696664,1.452902948904537
2020-12-11,103.53620147705078,0.009,48.81306085921887,0.12971580775579342,47.5111818211266,1.3018790380922738
2020-12-14,102.44508361816406,0.009,49.60019129272892,0.14132900878659607,48.58358205050587,1.0166092422230548
2020-12-15,104.19436645507812,0.0092,48.02070155453735,0.12646163256669388,46.837739902782694,1.1829616517546526
2020-12-16,104.49744415283205,0.0092,48.12901632156523,0.1265490326657106,46.54222096483687,1.5867953567283593
2020-12-17,103.6314697265625,0.0093999999999999,48.76824899560216,0.13483446944858268,47.36267879946976,1.4055701961323948
2020-12-18,103.12054443359376,0.0095,49.3818197885382,0.14786442878311334,47.86063289151628,1.52118689702192
2020-12-21,106.99146270751952,0.0095,45.68953478713452,0.12658626477086524,44.067368609469085,1.6221661776654344
2020-12-22,105.36341857910156,0.0093,46.936849187210754,0.1341001562384432,45.69025068918032,1.246598498030437
2020-12-23,108.30772399902344,0.0096,44.23132933229198,0.12485063927946059,42.769331333805106,1.461997998486872
2020-12-24,107.8314437866211,0.0093999999999999,44.655975254261946,0.12502106698376844,43.262701946073996,1.3932733081879505
2020-12-28,108.5415496826172,0.0093999999999999,44.73060284072968,0.12380092495507931,42.570121882565154,2.160480958164527
2020-12-29,108.25578308105467,0.0093999999999999,45.123882955215294,0.12603313470428704,42.851032894978346,2.272850060236948
2020-12-30,108.55886840820312,0.0093,45.02979849398737,0.31501572050912247,46.19289938683186,-1.16310089284449
2020-12-31,110.03971099853516,0.0093,43.79818958307092,0.42427850592070215,50.583215692569965,-6.785026109499043
2021-01-04,109.00054168701172,0.0093,45.11210187290945,0.498443779693592,55.45762886198994,-10.34552698908049
2021-01-05,109.5936279296875,0.0096,44.67972155100075,0.44907509112028926,52.20016913314265,-7.520447582141898
2021-01-06,114.73969268798828,0.0104,39.45526529586327,0.3087201797101908,41.56417761138451,-2.1089123155212377
2021-01-07,118.50762939453124,0.0108,35.64252237636251,0.283724732898765,37.860544702560304,-2.218022326197797
2021-01-08,118.63848114013672,0.0113,35.736359543612025,0.27873223382509515,37.46176821963559,-1.7254086760235623
2021-01-11,120.40907287597656,0.0115,34.26824660953588,0.2743574599003496,36.10685493276347,-1.8386083232275894
2021-01-12,122.30176544189452,0.0115,32.65881313525098,0.27713637350136233,35.15072833747588,-2.4919152022249023
2021-01-13,122.41517639160156,0.011,32.64706287485344,0.2796332793014674,35.28731475913267,-2.6402518842792304
2021-01-14,123.13035583496094,0.0115,32.368013479187965,0.40542315794685185,43.49629145067267,-11.128277971484707
2021-01-15,120.92363739013672,0.0111,34.07582540379343,0.2767153819386109,35.97105993293564,-1.8952345291422077
2021-01-19,120.4003448486328,0.011,34.38594605750754,0.2735016744647037,36.12028462714299,-1.7343385696354545
2021-01-20,118.59488677978516,0.011,35.267233418584844,0.27999165424691513,37.58842630590021,-2.3211928873153624
2021-01-21,117.60055541992188,0.0112,35.98564768080057,0.37677841874368084,43.774052365225884,-7.788404684425316
2021-01-22,116.6934585571289,0.011,36.54675227767507,0.4687562330052591,50.32009217285068,-13.77333989517561
2021-01-25,115.2368621826172,0.0105,37.43985378808374,0.451531812043695,49.74646135292802,-12.306607564844285
2021-01-26,114.76585388183594,0.0105,37.811315506855,0.5173460036494791,54.40201158693414,-16.590696080079134
2021-01-27,111.5212173461914,0.0104,40.02395245570367,0.6181357903144804,62.39592121581982,-22.371968760116147
2021-01-28,113.48370361328124,0.0107,39.00592519492746,0.426741370002176,48.889484469314276,-9.883559274386819
2021-01-29,112.22769927978516,0.0111,39.93450595916529,0.49950617813201786,54.033633689260355,-14.099127730095063
2021-02-01,113.05631256103516,0.0109,39.35538440972773,0.4416661213044369,49.99452152496558,-10.639137115237844
2021-02-02,116.53646850585938,0.0112,36.09735902200058,0.32385812021998556,41.17076590048475,-5.073406878484171
2021-02-03,117.87093353271484,0.0115,35.46051407772413,0.2963986705840341,38.84755221577451,-3.387038138050386
2021-02-04,120.5835418701172,0.0115,33.04238340392891,0.29073483399501915,36.927309182737176,-3.8849257788082667
2021-02-05,120.34801483154295,0.0118999999999999,33.20090224872115,0.3265229466831949,39.17763082438105,-5.976728575659898
2021-02-08,122.2320327758789,0.0118999999999999,31.851150446046624,0.33471109839783486,38.797650695607004,-6.94650024956038
2021-02-09,121.74356079101562,0.0118,32.4992665392417,0.3452675588596636,39.738839022628895,-7.239572483387192
2021-02-10,121.81336212158205,0.0115,32.60547951637442,0.3427788016639027,39.5683226318031,-6.962843115428676
2021-02-11,121.47322845458984,0.0116,32.79772104212481,0.42965009057592135,45.83030957159781,-13.032588529472996
2021-02-12,123.20018005371094,0.012,31.60149518783771,0.4566289980521312,47.3113415747715,-15.709846386933787
2021-02-16,126.16570281982422,0.013,29.352301676327784,0.3409380336403434,37.50048050284819,-8.148178826520407
2021-02-17,126.55817413330078,0.0129,29.210019605913995,0.44315728696234563,45.34171363618333,-16.131694030269333
2021-02-18,126.98556518554688,0.0129,29.239672801388885,0.4455446326092947,45.43796039357392,-16.198287592185032
2021-02-19,129.10504150390625,0.0134,28.368729974154142,0.540365695484075,52.961399863288925,-24.592669889134783
2021-02-22,130.3174285888672,0.0137,29.208056544342572,0.5446780947384098,53.20422285865809,-23.99616631431552
2021-02-23,131.36404418945312,0.0137,28.832759364631634,0.5830572890882468,56.466153940625226,-27.63339457599359
2021-02-24,133.6754608154297,0.0138,27.38360594425094,0.5787639824405312,56.030477694431525,-28.646871750180583
2021-02-25,131.86122131347656,0.0154,27.945110698406346,0.6080570330444732,58.532274566664974,-30.587163868258628
2021-02-26,128.36366271972656,0.0144,28.56271416352987,0.5471296334975474,53.54187513177612,-24.979160968246255
2021-03-01,131.26812744140625,0.0144999999999999,26.824462279922336,0.32462981507681987,34.40617837160516,-7.5817160916828215
2021-03-02,130.8407440185547,0.0141999999999999,27.24979577330659,0.33648936665469314,35.514617846391374,-8.264822073084783
2021-03-03,133.37017822265625,0.0147,25.826983145013404,0.40726913401091364,40.89919305281063,-15.072209907797227
2021-03-04,131.3204803466797,0.0154,26.33706961786844,0.5253064734046289,51.3474465581658,-25.01037694029736
2021-03-05,131.62574768066406,0.0156,26.206332073351703,0.3223806132473117,34.03922512761015,-7.832893054258449
2021-03-08,133.37017822265625,0.0159,25.17247446455994,0.37482658711388195,38.01723136422258,-12.844756899662642
2021-03-09,132.42819213867188,0.0155,25.97641046963188,0.3200546999531763,33.62941202800796,-7.653001558376083
2021-03-10,135.30648803710938,0.0153,23.765808850043666,0.32330405656484495,33.21677140641201,-9.450962556368342
2021-03-11,134.5999755859375,0.0154,24.08147420594225,0.3228764600014465,33.328698519732754,-9.247224313790504
2021-03-12,136.19615173339844,0.0163999999999999,23.06465707135497,0.17334343773913485,20.51847161025506,2.5461854610999097
2021-03-15,135.51580810546875,0.0162,23.64627915533828,0.23782668177440358,25.868841872652876,-2.222562717314595
2021-03-16,133.89352416992188,0.0162,24.80824083662266,0.25564365752051815,27.867033225595122,-3.0587923889724635
2021-03-17,135.2715606689453,0.0163,24.07312171189905,0.20255107999865746,23.14685970855494,0.9262620033441102
2021-03-18,137.5044403076172,0.0171,22.614321261769,0.12432277908469085,16.3316267447798,6.282694516989199
2021-03-19,135.3152313232422,0.0174,22.849559470023344,0.13497715930835408,18.28933260412512,4.560226865898223
2021-03-22,131.67808532714844,0.0169,24.073456521658123,0.18381307191812626,23.539896418203742,0.5335601034543807
2021-03-23,130.36102294921875,0.0163,24.79546380605372,0.2143146189077388,26.311640305146497,-1.5161764990927757
2021-03-24,131.37283325195312,0.0162,25.08990963803897,0.23957940077709097,27.614310228956807,-2.5244005909178355
2021-03-25,133.05616760253906,0.0163,24.71336489840828,0.21156771645757555,24.79665329654785,-0.0832883981395689
2021-03-26,135.2715606689453,0.0167,23.001334862368317,0.15960835067603193,19.97556813744524,3.025766724923077
2021-03-29,133.1695098876953,0.0173,23.4271664469034,0.18225068382017706,22.58091484124561,0.8462516056577876
2021-03-30,134.73951721191406,0.0173,22.431648533408985,0.15798495840345064,20.10080321590196,2.330845317507027
2021-03-31,132.77708435058594,0.0174,23.683182234419064,0.18048684140195406,22.663884769587185,1.0192974648318796
2021-04-01,134.06796264648438,0.0169,23.1384140078456,0.18118890612472746,22.07865858885896,1.05975541898664
2021-04-05,134.778564453125,0.0173,22.73613283818528,0.18115333321639798,21.6880080666703,1.0481247715149813
2021-04-06,133.83103942871094,0.0167,23.51909455126185,0.19409460719575652,23.13030200081674,0.3887925504451104
2021-04-07,135.9279022216797,0.0168,22.42099898067504,0.1706639178639196,20.414387394621624,2.006611586053417
2021-04-08,136.09461975097656,0.0163999999999999,23.279959660243943,0.2565099294973335,27.22755034919441,-3.9475906889504664
2021-04-09,137.11231994628906,0.0167,22.80603409181787,0.19569551952184872,21.840832926359422,0.9652011654584491
2021-04-12,136.8227996826172,0.0169,22.86668035602452,0.19040097446091583,21.5163213168411,1.3503590391834202
2021-04-13,135.19093322753906,0.0163999999999999,23.90763366457617,0.24091007802530218,26.21605803702744,-2.3084243724512703
2021-04-14,132.66419982910156,0.0163999999999999,24.20306784238221,0.23836966233437615,26.960281946738203,-2.7572141043559917
2021-04-15,133.50645446777344,0.0156,25.054771416908626,0.3721321815850755,37.77845190258745,-12.723680485678823
2021-04-16,134.4978485107422,0.0159,24.921341676269503,0.3779275678599842,38.08989825142944,-13.168556575159936
2021-04-19,133.92758178710938,0.0161,24.99679891569885,0.36409148490799415,36.97407274228822,-11.977273826589371
2021-04-20,130.96212768554688,0.0158,25.606493059146445,0.23716824863246053,27.656556127468818,-2.0500630683223733
2021-04-21,132.07640075683594,0.0157,25.290141639868484,0.3471429673163541,35.9580979403833,-10.667956300514813
2021-04-22,129.29513549804688,0.0157,25.53325548902304,0.21757597924065084,27.150940272163083,-1.6176847831400423
2021-04-23,131.76930236816406,0.0158,23.70692563638841,0.21520577216857753,25.709485537321825,-2.0025599009334165
2021-04-26,132.0938720703125,0.0158,23.52351208421052,0.2233595994148114,26.140038839044063,-2.6165267548335436
2021-04-27,132.69931030273438,0.0163,23.61953273867857,0.20723978910761062,24.65108124058557,-1.0315485019070003
2021-04-28,133.55908203125,0.0163,23.186817057209883,0.20532582711203137,24.10871749496863,-0.9219004377587474
2021-04-29,136.15602111816406,0.0165,21.692591833012276,0.25269151071555407,26.881065375767893,-5.188473542755617
2021-04-30,134.9453125,0.0165,21.89097471293276,0.216658970931624,24.35938251974302,-2.4684078068102586
2021-05-03,134.5504913330078,0.0163,22.12622051304632,0.2161608461297483,24.494796098419805,-2.3685755853734847
2021-05-04,136.4104766845703,0.0161,21.04154750024922,0.2574768244123737,27.239457821064992,-6.197910320815772
2021-05-05,138.2002716064453,0.0159,20.03475605967089,0.27005277443295395,27.897754117947247,-7.862998058276357
2021-05-06,140.98146057128906,0.0158,18.033289581092237,0.3736568876421179,37.017733019761444,-18.984443438669206
2021-05-07,141.4639892578125,0.016,17.99039891664403,0.46811925058378684,45.85807943655546,-27.867680519911428
2021-05-10,141.44647216796875,0.0163,18.0657206689141,0.31404085450962016,31.391524131490613,-13.325803462576513
2021-05-11,139.0951385498047,0.0163999999999999,18.43506790280692,0.23180614145251227,24.289071033761676,-5.854003130954755
2021-05-12,138.13885498046875,0.0169,19.479734619914343,0.2595923683353371,26.931113656250886,-7.451379036336544
2021-05-13,141.6920928955078,0.0166,15.98204099881452,0.22701790342843764,23.279387501020835,-7.297346502206315
2021-05-14,143.89427185058594,0.0163,15.233257924437089,0.20222580921143846,20.61579110044726,-5.382533176010172
2021-05-17,144.4733428955078,0.0163999999999999,15.588021275793729,0.18790854994962397,19.174579619851624,-3.586558344057895
2021-05-18,142.4378662109375,0.0163999999999999,15.942428811890291,0.22486829274745876,22.958772465577496,-7.016343653687205
2021-05-19,141.34996032714844,0.0168,18.73457320773193,0.18929323528103228,19.934248662710196,-1.1996754549782658
2021-05-20,141.10427856445312,0.0163,20.361964231469024,0.21626614333223393,22.43693636559157,-2.0749721341225467
2021-05-21,142.70982360839844,0.0163,20.60211186331076,0.2240422559143246,22.841781639216777,-2.239669775906016
2021-05-24,143.4818878173828,0.0161,20.20965981128216,0.2703118854637701,27.100820908714844,-6.891161097432683
2021-05-25,141.9991912841797,0.0156,20.702814680908528,0.39037821366533687,38.560197149310696,-17.857382468402168
2021-05-26,141.9816436767578,0.0158,21.124167152657897,0.40142422587039517,39.593766409840256,-18.46959925718236
2021-05-27,144.19253540039062,0.0161,20.17461025954256,0.5940538905177033,57.928946050499945,-37.754335790957384
2021-05-28,144.09603881835938,0.0158,20.261108860729117,0.7559314730187632,73.06570978417051,-52.80460092344139
2021-06-01,145.68405151367188,0.0162,19.37738272817969,0.5220522779059736,51.25023304798391,-31.872850319804222
2021-06-02,145.69281005859375,0.0159,19.86083787670791,0.813643650875241,78.72778811912802,-58.86695024242011
2021-06-03,145.78933715820312,0.0163,20.324932152813936,0.4132210377298407,40.78695316120014,-20.462021008386202
2021-06-04,146.0262451171875,0.0156,20.273583673782856,0.83130661117452,80.44791602569933,-60.174332351916476
2021-06-07,145.34193420410156,0.0157,20.91749189048608,0.8211785853128423,79.35315898112583,-58.435667090639754
2021-06-08,144.76284790039062,0.0153,21.06437307798772,0.83879137252278,80.85987453763468,-59.79550145964696
2021-06-09,142.9555206298828,0.015,21.68662656274316,0.8348757635762715,80.12171933859949,-58.43509277585633
2021-06-10,140.72703552246094,0.0144999999999999,24.742198141046472,0.8002086150856522,76.56365075949249,-51.82145261844602
2021-06-11,140.6305389404297,0.0147,25.30851486314273,0.8637639018309552,82.2648538271813,-56.956338964038565
2021-06-14,138.24415588378906,0.0151,25.666630585619693,0.843882110665856,80.00970508888439,-54.343074503264695
2021-06-15,136.14724731445312,0.0151,25.76063692692932,0.8418300181967376,79.47241206688818,-53.71177513995886
2021-06-16,137.1035919189453,0.0157,25.32173537529322,0.7519434884421179,71.59671223138369,-46.274976856090476
2021-06-17,133.14674377441406,0.0152,26.040616728072777,0.6778630125296243,64.69370576231532,-38.65308903424254
2021-06-18,129.7777099609375,0.0144999999999999,28.52974548943981,0.7583688903122605,71.53781757464694,-43.008072085207125
2021-06-21,131.97984313964844,0.015,27.605886572559378,0.27779776295511693,30.389655209276956,-2.7837686367175785
2021-06-22,131.78683471679688,0.0148,28.520266799212564,0.5660228756569746,54.89899451676041,-26.378727717547847
2021-06-23,132.585205078125,0.015,28.4931943718862,0.5601317786482445,54.34111355542309,-25.84791918353689
2021-06-24,133.80470275878906,0.0149,27.88784008404872,0.5640140643985732,54.65812639932351,-26.770286315274788
2021-06-25,135.15585327148438,0.0154,27.269832410350386,0.70351147429223,67.08499337747864,-39.81516096712825
2021-06-28,135.40150451660156,0.0149,27.21539851261589,0.6919972060961377,66.10726287807827,-38.89186436546238
2021-06-29,135.2347869873047,0.0149,27.278507196948137,0.6868663933041728,65.63701418797518,-38.35850699102704
2021-06-30,136.4630889892578,0.0144999999999999,26.908329912103373,0.690318963055885,66.06784171017057,-39.1595117980672
2021-07-01,137.8142547607422,0.0148,26.361999027899422,0.775456387748366,73.84726465790665,-47.48526563000723
2021-07-02,137.68186950683594,0.0144,26.43564285682219,0.8931981802465342,84.3092387701329,-57.8735959133107
2021-07-06,135.36997985839844,0.0137,26.92628544239175,0.7608015858793307,72.2880386702247,-45.36175322783294
2021-07-07,135.52880859375,0.0133,27.132701773278068,0.7612061405033235,72.36476069004186,-45.23205891676379
2021-07-08,133.19041442871094,0.013,27.68022769499929,0.6963859760172807,66.4540998898232,-38.77387219482391
2021-07-09,137.45245361328125,0.0137,25.731299711114715,0.27291927275771577,28.45118000000857,-2.7198802888938545
2021-07-12,139.42019653320312,0.0138,24.726832326696748,0.24672567263181178,25.680235685217735,-0.9534033585209869
2021-07-13,137.34657287597656,0.0141999999999999,25.025458758366828,0.27129889118228956,28.304787283989796,-3.2793285256229687
2021-07-14,136.87887573242188,0.0137,25.400279027410445,0.27871386475738136,29.093107048757187,-3.6928280213467417
2021-07-15,137.17892456054688,0.0131,25.356385123856533,0.5846407425694682,56.63877745521802,-31.282392331361486
2021-07-16,134.04635620117188,0.0131,25.421109285480348,0.247035342598357,27.358432168504663,-1.937322883024315
2021-07-19,129.68728637695312,0.0118999999999999,25.155566988464614,0.29265663105427797,32.633843293257584,-7.478276304792971
2021-07-20,132.10507202148438,0.0123,23.638986768534743,0.2386008282402962,27.554211124158698,-3.9152243556239554
2021-07-21,134.8846435546875,0.013,21.416173108039427,0.22378131599532014,25.213963139832423,-3.797790031792996
2021-07-22,133.1815643310547,0.0127,22.135408814842812,0.21929365157903138,25.61556058791571,-3.4801517730728975
2021-07-23,132.9257049560547,0.013,22.238470764150797,0.21387041150544522,25.310730193232615,-3.072259429081818
2021-07-26,133.8169403076172,0.0129,21.982487389369737,0.20722700091244428,24.421215302274156,-2.438727912904419
2021-07-27,133.6404571533203,0.0125,22.142604377036797,0.20475587195654604,24.358345294539266,-2.215740917502469
2021-07-28,133.8610382080078,0.0126,22.812297048459136,0.34308996652265705,35.40543535999536,-12.593138311536222
2021-07-29,135.00816345214844,0.0128,22.14650175746285,0.34279196240814946,35.12396400166654,-12.977462244203693
2021-07-30,133.93165588378906,0.0124,22.47310703075621,0.3440776891260623,35.48718485668332,-13.01407782592711
2021-08-02,133.39337158203125,0.012,23.58387353716751,0.4849488357207059,47.85729447854824,-24.27342094138073
2021-08-03,134.91111755371094,0.0118999999999999,22.73027023093069,0.48623569367813396,47.86117170406964,-25.13090147313895
2021-08-04,133.4551544189453,0.0118999999999999,23.064620376051074,0.4474407236440527,44.563633112505215,-21.49901273645414
2021-08-05,135.1405487060547,0.0123,21.91576425869645,0.43951730244273124,43.655022875567596,-21.739258616871147
2021-08-06,138.97900390625,0.0131,18.1399389593455,0.3164231515811129,32.066203077698674,-13.926264118353174
2021-08-09,138.8289794921875,0.0133,18.19972620221045,0.3093249983877666,31.43635037409785,-13.2366241718874
2021-08-10,140.5320587158203,0.0136,17.03365899207729,0.32639006173573404,32.75495820829293,-15.721299216215645
2021-08-11,142.20858764648438,0.0135,15.931280865507246,0.32385593049264405,32.37025241575424,-16.43897155024699
2021-08-12,142.7645263671875,0.0136,16.08245251626865,0.361084025418565,35.85222237040307,-19.76976985413442
2021-08-13,141.16734313964844,0.0129,17.271150674365266,0.3417560780759841,34.155952167900296,-16.88480149353503
2021-08-16,140.2408447265625,0.0126,18.526103721585105,0.29179337245775555,29.657307391801385,-11.13120367021628
2021-08-17,138.54660034179688,0.0126,18.90135417391325,0.2842693196894023,29.27695808929967,-10.375603915386417
2021-08-18,137.28475952148438,0.0127,19.19007110405268,0.4277571461969245,42.38758616555657,-23.19751506150389
2021-08-19,136.13768005371094,0.0124,19.588863056822905,0.4108854189022598,40.98859577849157,-21.399732721668666
2021-08-20,136.52590942382812,0.0126,22.000398861068973,0.5105134220551011,49.93467107477629,-27.934272213707317
2021-08-23,138.27308654785156,0.0125,20.78175335887488,0.39032336231785075,38.909120012557025,-18.127366653682145
2021-08-24,139.12901306152344,0.0129,21.43478095864492,0.4873560473304936,47.76697609724736,-26.332195138602437
2021-08-25,141.996826171875,0.0135,22.59281853655285,0.38999567940804886,38.612210217374155,-16.019391680821304
2021-08-26,142.7292022705078,0.0134,22.741709802376228,0.509051164922566,49.87399342240658,-27.13228362003035
2021-08-27,143.87635803222656,0.0131,23.885507203106915,0.5074031974327499,49.8053421792046,-25.919834976097686
2021-08-30,141.57330322265625,0.0129,23.57807974611121,0.3359372655764547,33.57950065285165,-10.001420906740439
2021-08-31,141.140869140625,0.013,23.61858331135491,0.40368510835851834,39.94503271141011,-16.326449400055196
2021-09-01,140.93795776367188,0.0131,24.23730173087427,0.4965156908316724,48.63108893119201,-24.39378720031774
2021-09-02,141.59097290039062,0.0129,25.02644536086445,0.5033395287304423,49.30112585058199,-24.27468048971754
2021-09-03,140.73500061035156,0.0133,25.02717422450813,0.5105028116240969,49.92198531698176,-24.89481109247363
2021-09-07,140.4879150390625,0.0138,25.445437666887653,0.5083597509085286,49.69164956232704,-24.246211895439384
2021-09-08,139.86138916015625,0.0135,25.449595470369623,0.5062724911070016,49.495677861077404,-24.04608239070778
2021-09-09,140.4702911376953,0.013,25.363971148157884,0.5593660917084465,54.47273940827897,-29.108768260121085
2021-09-10,138.85546875,0.0135,25.150252359408118,0.5733051971343769,55.651394916135914,-30.501142556727796
2021-09-13,141.0614776611328,0.0133,25.762370740762258,0.501298746159162,49.07309060708715,-23.310719866324895
2021-09-14,138.599609375,0.0128,25.608538569473406,0.7094246077410737,68.10129021165984,-42.492751642186434
2021-09-15,139.56138610839844,0.0131,27.22798920096764,0.688956600519846,66.3339273490206,-39.10593814805296
2021-09-16,139.49960327148438,0.0134,27.630903321043057,0.690649580107575,66.46636820218075,-38.83546488113769
2021-09-17,139.13787841796875,0.0137,28.225840951589365,0.6955847492199695,66.85935790739663,-38.633516955807266
2021-09-20,134.97286987304688,0.0131,26.872696857839017,0.3584640704251338,36.47664042107385,-9.603943563234836
2021-09-21,134.9905242919922,0.0133,26.91645483293074,0.3060842675240418,31.93545459968734,-5.0189997667566
2021-09-22,137.57598876953125,0.0132,25.824474289900284,0.2616601071276694,27.472672280743982,-1.6481979908436983
2021-09-23,142.22625732421875,0.0141,22.820097147873447,0.27014025809167147,27.30561333871695,-4.4855161908435015
2021-09-24,143.86753845214844,0.0147,22.6250527758314,0.261726346653266,26.30671179592045,-3.68165902008905
2021-09-27,147.34423828125,0.0148,21.058817585510184,0.2715523255288756,27.09028414827416,-6.031466562763978
2021-09-28,146.55007934570312,0.0154,20.93672190177793,0.30536132073559574,30.374092179424302,-9.437370277646373
2021-09-29,146.4353485107422,0.0155,22.425086978353328,0.30507248929206054,30.342493031629857,-7.91740605327653
2021-09-30,144.44110107421875,0.0152,22.457624596192275,0.30181963589932925,30.076977152484496,-7.61935255629222
2021-10-01,147.4765625,0.0148,21.205756022983746,0.267441875695574,26.687336945918197,-5.481580922934452
2021-10-04,147.31773376464844,0.0149,21.20361411133397,0.3045758252562751,30.32129079472027,-9.1176766833863
2021-10-05,149.72349548339844,0.0154,20.449522391523764,0.26676657887615085,26.667504207499196,-6.217981815975431
2021-10-06,150.04302978515625,0.0153,20.451330938020877,0.25928468995836984,25.94356183605531,-5.492230898034432
2021-10-07,150.992919921875,0.0158,20.91925514793692,0.358004816921544,35.83108200014759,-14.91182685221067
2021-10-08,151.10833740234375,0.0161,20.92027674988036,0.39001370724043505,39.012859508904626,-18.092582759024264
2021-10-11,147.93026733398438,0.01595,19.5009081217328,0.24193575606176676,24.15231136529715,-4.651403243564353
2021-10-12,146.79396057128906,0.0159,19.560438850805756,0.5554167368105947,54.59348865784816,-35.0330498070424
2021-10-13,142.9235076904297,0.0156,17.486003184478747,0.2409356718689409,24.416682824479352,-6.930679640000605
2021-10-14,145.11619567871094,0.0152,16.3298555507033,0.24677236366521324,24.754058410971005,-8.424202860267705
2021-10-15,147.9036407470703,0.0159,14.604714741745209,0.24876741224478033,24.825461692868345,-10.220746951123136
2021-10-18,147.85037231445312,0.0159,14.624047934887985,0.2622441470205553,26.150200884076455,-11.52615294918847
2021-10-19,149.64356994628906,0.0165,13.999059188574318,0.21279565529623976,21.280925068954744,-7.281865880380426
2021-10-20,151.65867614746094,0.0165,13.05189169088757,0.25922119384917763,26.04930498484132,-12.99741329395375
2021-10-21,150.46914672851562,0.0168,13.046986783661929,0.1857612543329409,18.612072012197615,-5.565085228535686
2021-10-22,152.49319458007812,0.0166,12.425305053186785,0.21040343548333887,21.24528442166642,-8.819979368479634
2021-10-25,151.7474822998047,0.0163999999999999,15.077891315421365,0.22623536960071092,22.757024629770097,-7.679133314348732
2021-10-26,152.15582275390625,0.0163,17.625869925013003,0.22324704403931508,22.49884867760565,-4.872978752592648
2021-10-27,148.98667907714844,0.0154,16.081542846503417,0.27402721771901933,27.35218609597741,-11.270643249473991
2021-10-28,151.23260498046875,0.0157,18.37071693323015,0.2864162256993522,28.733848439509117,-10.363131506278968
2021-10-29,150.8153533935547,0.0155,18.360328172635427,0.33103905194775374,33.139013612903526,-14.778685440268099
2021-11-01,150.7355194091797,0.0158,18.84879800133003,0.3441805053213967,34.43035244179045,-15.581554440460415
2021-11-02,151.3302459716797,0.0156,18.70403518027365,0.3884568633312791,38.89715471736716,-20.19311953709351
2021-11-03,151.38352966308594,0.016,20.636473682115337,0.5300495047706384,52.84809388775532,-32.21162020563998
2021-11-04,149.39500427246094,0.0153,20.968131923642236,0.5299718056334374,52.53000909020856,-31.561877166566322
2021-11-05,149.18197631835938,0.0144999999999999,21.624388597262044,0.5076226120347909,50.34723285957778,-28.722844262315736
2021-11-08,150.07855224609375,0.0151,22.316561059098586,0.7905500442944071,77.64621399399964,-55.32965293490105
2021-11-09,148.94227600097656,0.0146,22.46997892655087,0.7932522817296497,77.64257758080234,-55.17259865425147
2021-11-10,148.8002166748047,0.0156,22.444367470468244,0.8375760679019811,81.70716532069525,-59.26279785022701
2021-11-11,148.79136657714844,0.0157,22.43635150093785,0.817353319008221,79.81519929892391,-57.37884779798607
2021-11-12,148.12554931640625,0.0158,22.678991261661523,0.8135407828126039,79.29147894695507,-56.612487685293544
2021-11-15,147.85923767089844,0.0163,22.96224906684442,0.43067019652272714,42.63887275979481,-19.676623692950386
2021-11-16,146.79396057128906,0.0163,22.99754688898208,0.4298274193843662,42.46296703718998,-19.465420148207905
2021-11-17,146.00389099121094,0.016,23.83191694025736,0.7516982440987209,73.03938895433595,-49.20747201407859
2021-11-18,144.74334716796875,0.0159,24.99169698721109,0.8226168023472744,79.34274866226903,-54.351051675057946
2021-11-19,142.85250854492188,0.0154,25.546167474879887,0.8374133765453478,80.31083174015035,-54.76466426527046
2021-11-22,145.8973846435547,0.0163,24.511166229627293,0.3444517738972221,34.136750488009156,-9.625584258381863
2021-11-23,149.38613891601562,0.0167,22.6278941513989,0.19272989842632537,19.27754111105235,3.3503530403465476
2021-11-24,148.21437072753906,0.0163999999999999,22.691935576113423,0.20790014426260117,20.78789075837023,1.9040448177431912
2021-11-26,143.74911499023438,0.0148,20.88083895017488,0.46179083541236005,45.39120954637755,-24.510370596202673
2021-11-29,143.12770080566406,0.0152,20.986175130352315,0.29021877112889355,29.052779394243757,-8.066604263891442
2021-11-30,140.99717712402344,0.0143,20.878009635802925,0.41192333400311776,40.662893974879914,-19.78488433907699
2021-12-01,140.16268920898438,0.0143,21.007088887826136,0.34924514952791036,34.87302302843393,-13.865934140607791
2021-12-02,143.10995483398438,0.0144,18.825086626792423,0.3682374210181486,36.48976530582384,-17.664678679031415
2021-12-03,140.51776123046875,0.0135,19.893721353749903,0.38542594254630475,38.24385923476136,-18.350137881011456
2021-12-06,142.17784118652344,0.0143,22.82147858793001,0.3510272812052946,34.897406611017985,-12.075928023087975
2021-12-07,144.3172607421875,0.0148,23.071261133131124,0.2112853541271435,21.469810844274246,1.6014502888568778
2021-12-08,142.66607666015625,0.0152,23.0830177501934,0.2022485017899198,20.888832535248746,2.1941852149446532
2021-12-09,142.4441680908203,0.0149,23.264000117969783,0.21125774856157617,21.7748659230381,1.4891341949316832
2021-12-10,141.87600708007812,0.0148,23.264899008287514,0.21213423851054414,21.975277304673178,1.289621703614337
2021-12-13,140.1893310546875,0.0141999999999999,23.08401306062954,0.20729393973398605,21.98365725173899,1.1003558088905514
2021-12-14,141.2634735107422,0.0144,22.78409161177227,0.22335177023936933,23.144005177842864,-0.35991356607059544
2021-12-15,140.20704650878906,0.0147,22.75527646630983,0.22265967031223158,23.30579912105263,-0.5505226547427995
2021-12-16,142.39976501464844,0.0144,31.61792476540517,0.22472229645811365,23.04730427303796,8.570620492367212
2021-12-17,139.15956115722656,0.0141,34.31333775086797,0.2359260596855575,24.771500441699,9.541837309168972
2021-12-20,136.6561737060547,0.0143,34.51967083028703,0.23393891507322617,25.306172646065303,9.21349818422173
2021-12-21,138.56478881835938,0.0148,33.84518640472274,0.22239672192822776,23.713411365318006,10.131775039404733
2021-12-22,139.10630798339844,0.0146,34.08340221173188,0.20916056605334418,22.430425877559813,11.652976334172067
2021-12-23,139.60342407226562,0.015,33.92666962563955,0.20825486015941091,22.18184507668452,11.744824548955027
2021-12-27,140.40237426757812,0.0148,34.07636698192392,0.22487700930944482,23.451138555667065,10.625228426256854
2021-12-28,140.82847595214844,0.0149,34.25622732372303,0.22811355099080877,23.64049341306812,10.61573391065491
2021-12-29,140.7574462890625,0.0155,34.575934695837546,0.23111584110758177,23.894204204645213,10.681730491192333
2021-12-30,140.68646240234375,0.0152,34.86268068630186,0.24684517856521462,25.3485826669623,9.514098019339556
2021-12-31,140.571044921875,0.0152,35.35014766671931,0.2277319809467523,23.646159032692783,11.703988634026526
2022-01-03,143.544921875,0.0163,34.8600622611274,0.19464249615347812,19.9662622045034,14.893800056624002
2022-01-04,148.98667907714844,0.0166,31.70371145787433,0.18707113244697848,18.716635647014826,12.987075810859505
2022-01-05,146.26284790039062,0.0171,31.240298226313257,0.1855718920455795,18.696218370514885,12.544079855798373
2022-01-06,147.8167724609375,0.0173,32.64926065946953,0.18525410713845042,18.550292041088284,14.09896861838125
2022-01-07,149.28135681152344,0.0176,32.454378380523536,0.1818454100642159,18.17995443703382,14.274423943489715
2022-01-10,149.42428588867188,0.0178,33.424933926663044,0.18168188582227437,18.16164851105382,15.263285415609225
2022-01-11,149.57608032226562,0.0175,33.51807161812013,0.18510216247874983,18.50877311215192,15.00929850596821
2022-01-12,150.42446899414062,0.0174,33.43338263368344,0.18657003112183193,18.683756132051386,14.749626501632058
2022-01-13,150.23696899414062,0.017,33.562498860567125,0.19005977200044835,19.029013063593595,14.53348579697353
2022-01-14,141.00283813476562,0.0178,25.94388678776013,0.21003860179200345,21.818514372718372,4.125372415041756
2022-01-18,135.09091186523438,0.0187,23.621867570876528,0.23210480738144887,25.36933651363934,-1.7474689427628114
2022-01-19,133.00115966796875,0.0183,23.85936047791147,0.2726720713549517,29.38458485264356,-5.52522437473209
2022-01-20,131.8670196533203,0.0183,25.575052377413723,0.26514570528819403,29.18317044508976,-3.6081180676760383
2022-01-21,129.56292724609375,0.0175,26.05134167384659,0.7516523040388603,70.76058078360253,-44.70923910975594
2022-01-24,129.4468536376953,0.0175,26.12978213397852,0.7989554951611448,74.7849716600544,-48.65518952607587
2022-01-25,130.8578643798828,0.0178,26.24461130118132,0.31171595434105237,33.24723642694756,-7.00262512576624
2022-01-26,132.0991668701172,0.0185,27.077269199059,0.28756007553589824,30.86272647318297,-3.7854572741239707
2022-01-27,129.76834106445312,0.0181,28.61014900365623,0.3151138355077216,33.844992389999874,-5.234843386343645
2022-01-28,130.92930603027344,0.0178,31.33135595268559,0.30365669152353514,32.58127400965339,-1.2499180569678003
2022-01-31,132.70645141601562,0.0179,32.53566695773266,0.21827994155537925,25.311482311606927,7.224184646125732
2022-02-01,134.98374938964844,0.0181,32.24118715270161,0.2102229258819296,23.717031889153766,8.524155263547847
2022-02-02,133.9031219482422,0.0178,32.50394150350333,0.21111130189602856,24.25977668919225,8.244164814311077
2022-02-03,132.79576110839844,0.0182,33.736649089218375,0.21150051532256683,24.748280505889547,8.988368583328828
2022-02-04,136.24295043945312,0.0192999999999999,32.966333460538195,0.188648423632264,21.429615115574297,11.536718344963898
2022-02-07,136.69839477539062,0.0192,32.639119071968864,0.18696925361414896,21.120022106898013,11.519096965070851
2022-02-08,139.2703399658203,0.0196,35.01452416286816,0.18464927786589772,19.96609085728631,15.048433305581852
2022-02-09,139.85079956054688,0.0194,34.73232396494484,0.1775889996985056,19.19171312847589,15.54061083646895
2022-02-10,139.2703399658203,0.0203,35.02503361411624,0.1853701662833602,19.981930267544847,15.043103346571392
2022-02-11,137.45745849609375,0.0192,35.84011882690899,0.23912467049542074,25.18352370644969,10.6565951204593
2022-02-14,136.18043518066406,0.0197999999999999,37.005808633440346,0.27799454531688156,28.8216886514268,8.184119982013545
2022-02-15,138.17189025878906,0.0204999999999999,39.97373268308321,0.24107262181674513,25.087727085250727,14.886005597832487
2022-02-16,138.42196655273438,0.0203,40.36862384799356,0.18322913611213335,20.086988147908237,20.281635700085324
2022-02-17,135.23377990722656,0.0197,40.16961857350134,0.31458973259198536,32.206862659174945,7.962755914326394
2022-02-18,135.86782836914062,0.0192,40.01663479811265,0.31451842246914874,32.099800322232134,7.916834475880513
2022-02-22,135.626708984375,0.0194,40.9138503018722,0.31209708265350483,31.925995627179574,8.987854674692628
2022-02-23,132.7868194580078,0.0199,41.18246801307016,0.3078219104453141,32.213573122906624,8.968894890163533
2022-02-24,129.089599609375,0.0196,41.05294855345612,0.37075332133872685,38.38202340326158,2.6709251501945417
2022-02-25,132.14385986328125,0.0197,39.711323543426914,0.3337307847331628,34.55027611437127,5.1610474290556425
2022-02-28,126.63375091552734,0.0183,38.7745822851052,0.4103263661060443,42.29222344589506,-3.5176411607898643
2022-03-01,121.8559341430664,0.0172,38.59942887047487,1.019613979428503,92.05213783256977,-53.4527089620949
2022-03-02,124.38326263427734,0.0186,36.90256700684955,0.3220255900360759,36.356202730910475,0.5463642759390765
2022-03-03,123.49915313720705,0.0186,38.47956343566872,0.3596593506003129,39.39966463062378,-0.920101194955059
2022-03-04,120.02521514892578,0.0174,39.15100357002389,0.9073088714913401,82.98077027276162,-43.82976670273773
2022-03-07,115.3903350830078,0.0178,39.7344599543443,1.1617768239378967,101.88338168316649,-62.14892172882219
2022-03-08,114.5776596069336,0.0186,40.28494065855651,1.0214723695325163,91.25930193282957,-50.974361274273065
2022-03-09,119.16790008544922,0.0194,35.81026645225153,0.48901655462870414,50.25662264591976,-14.44635619366823
2022-03-10,117.7568817138672,0.0197999999999999,36.50161861018854,0.5463649732195215,54.85261539631034,-18.350996786121804
2022-03-11,115.10455322265624,0.02,37.96756756844415,0.7701469454380352,72.14762519453454,-34.18005762609039
2022-03-14,116.24763488769533,0.0214,36.95809008943988,0.4063826828602728,45.3060489857468,-8.34795889630692
2022-03-15,118.31058502197266,0.0215,35.369626483093555,0.3295210289525468,39.443746821506,-4.074120338412442
2022-03-16,123.59741973876952,0.0219,30.29355948025333,0.23967524048201175,31.12381766083313,-0.8302581805798006
2022-03-17,125.16024780273438,0.022,28.87062833754619,0.2245204998203748,29.30546071238181,-0.43483237483561865
2022-03-18,125.11558532714844,0.0214,29.816939940559276,0.1901792494928705,27.57171349147312,2.2452264490861573
2022-03-21,124.71368408203124,0.0232,30.81408130368896,0.18513042596565352,27.40802588491496,3.406055418773999
2022-03-22,127.36604309082033,0.0237999999999999,28.37141949047792,0.1685985193726432,24.68515064700398,3.6862688434739397
2022-03-23,124.8298110961914,0.0232,29.40285927198604,0.18163671556368188,27.165106753776293,2.2377525182097457
2022-03-24,125.64247131347656,0.0233999999999999,29.81312231212495,0.17231914946703256,26.134956064518807,3.6781662476061427
2022-03-25,126.74091339111328,0.0248,28.787616704639976,0.1664320659706519,24.910612145341116,3.877004559298861
2022-03-28,125.8031997680664,0.0246,30.32532578347943,0.16271823189958792,25.45846183998276,4.866863943496668
2022-03-29,126.08006286621094,0.0241,30.159341036284133,0.17102204460019746,25.677715435752006,4.481625600532126
2022-03-30,125.50847625732422,0.0235,31.34681139231224,0.17472714080052615,26.328343745886205,5.018467646426036
2022-03-31,121.73988342285156,0.0232,33.591288332001135,0.19002014287940927,29.80150251219351,3.789785819807623
2022-04-01,120.83788299560548,0.0239,34.355323899478904,0.18800407520087967,30.328860505488784,4.02646339399012
2022-04-04,121.37371826171876,0.0242,34.8704609803162,0.18605530041331012,29.804630661259488,5.065830319056715
2022-04-05,119.96125030517578,0.0254,37.17889562497648,0.2049961197718112,31.47068742487902,5.708208200097456
2022-04-06,118.29686737060548,0.0260999999999999,38.46720911207852,0.21383929969720034,32.98357202634675,5.483637085731772
2022-04-07,117.93699645996094,0.0266,38.60875455907819,0.21309360006017233,33.165176791568285,5.4435777675099075
2022-04-08,120.09620666503906,0.0272,36.98734577744325,0.20632512270682693,31.208894339027797,5.7784514384154555
2022-04-11,119.65535736083984,0.0279,37.64298888994725,0.20844316218305767,31.537705627706096,6.1052832622411515
2022-04-12,118.34185028076172,0.0272,38.34055742102993,0.21120271713188188,32.712706206514405,5.627851214515523
2022-04-13,114.52727508544922,0.027,39.613201266908405,0.2512921422157905,37.158126923099786,2.4550743438086187
2022-04-14,113.4656753540039,0.0283,40.255858668738085,0.32686237798835477,41.277175955812965,-1.0213172870748792
2022-04-18,115.57089233398438,0.0285,38.400173159179865,0.23116248047625493,35.41012051485075,2.9900526443291113
2022-04-19,117.96399688720705,0.0293,37.82797835941783,0.22421371751494223,33.26556995045802,4.562408408959804
2022-04-20,118.37784576416016,0.0285,37.8358995215185,0.21420223515276438,32.646253516553344,5.189646004965155
2022-04-21,117.46017456054688,0.0289999999999999,38.39424113320158,0.22462761870666892,33.68662095273112,4.707620180470464
2022-04-22,114.08643341064452,0.0289999999999999,39.66191206627187,0.2902393801136155,38.961204971635496,0.7007070946363712
2022-04-25,114.05045318603516,0.0281,43.99152403482248,0.2815056530893727,38.67596654472523,5.315557490097255
2022-04-26,110.67671966552734,0.0277,45.095012262977065,0.39775432507128555,46.79456460787462,-1.6995523448975547
2022-04-27,109.23724365234376,0.0282,45.69570305866607,0.3807943812834223,46.59561005544514,-0.8999069967790732
2022-04-28,110.96460723876952,0.0285,44.693058457396745,0.29052720820792144,41.147317808779526,3.545740648617219
2022-04-29,107.38396453857422,0.0289,45.73639957430814,0.40509186089953575,48.844311432743794,-3.1079118584356564
2022-05-02,108.36457061767578,0.0299,44.9669487834295,0.379438778816001,46.841618758635725,-1.8746699752062241
2022-05-03,110.68571472167967,0.0297,43.67614231623972,0.24580112404589688,39.54516898507646,4.130973331163261
2022-05-04,114.34735107421876,0.0293,40.80477619843344,0.21669250093151451,35.75249992330547,5.052276275127966
2022-05-05,111.48640441894533,0.0305,41.87987618374473,0.2654226999886889,39.5222619260219,2.3576142577228296
2022-05-06,111.30646514892578,0.0312,41.93199741316243,0.2557638571267114,39.213486053199354,2.718511359963074
2022-05-09,109.6331024169922,0.0305,42.80027820150925,0.28402506598512284,41.59910670546831,1.201171496040942
2022-05-10,106.96109771728516,0.0299,44.39684447094807,0.3340237810848878,45.587889263887064,-1.191044792938996
2022-05-11,106.2863540649414,0.0291,45.39845489320812,0.28469640991375195,44.32304948528241,1.0754054079257074
2022-05-12,106.19638061523438,0.0283999999999999,47.49110584899583,0.28313289055395224,44.432179355123736,3.058926493872093
2022-05-13,107.14102172851562,0.0293,47.48040076559112,0.2594645018280222,42.849719325061656,4.6306814405294645
2022-05-16,106.39432525634766,0.0288,48.164047581077206,0.2839398500044495,44.25273985029316,3.9113077307840456
2022-05-17,109.92098999023438,0.0298,45.02320972765822,0.23600185839214216,39.85280492226028,5.170404805397936
2022-05-18,108.04068756103516,0.0289,46.25901437121837,0.2764173133373052,42.71781875311646,3.5411956181019093
2022-05-19,106.43930053710938,0.0283999999999999,47.19933496184129,0.2510832625360705,43.31905942254973,3.88027553929156
2022-05-20,105.5666046142578,0.0278,48.34803129993766,0.25351090697171685,44.189713175067375,4.158318124870284
2022-05-23,112.0981903076172,0.0286,40.44835497686497,0.3259730947850723,42.02692837000527,-1.578573393140303
2022-05-24,113.68160247802734,0.0276,39.1790825210298,0.2624021676358318,38.15285298048856,1.0262295405412374
2022-05-25,114.47330474853516,0.0275,39.80369674465696,0.26416829968060723,37.678134001284704,2.1255627433722566
2022-05-26,116.45254516601562,0.0275,38.068657885693405,0.27880185160312,37.04073388683331,1.0279239988600963
2022-05-27,118.09894561767578,0.0274,36.62014465341555,0.21273360765131005,32.93097091442717,3.68917373898838
2022-05-31,118.96260833740234,0.0285,35.75955535450088,0.22096211629750492,32.500453638779256,3.259101715721627
2022-06-01,116.87541961669922,0.0294,37.10232877836047,0.2131294530874655,33.63289336474011,3.46943541362036
2022-06-02,118.75572204589844,0.0292,35.83353940137023,0.19310649165091776,31.479176872099266,4.354362529270965
2022-06-03,117.1003189086914,0.0296,36.723882497844734,0.1948551510555321,32.807106376120146,3.9167761217245882
2022-06-06,116.71347045898438,0.0304,36.8583609141214,0.22031761006816883,33.90250000297174,2.9558609111496565
2022-06-07,117.01935577392578,0.0298,37.84988400305957,0.19804004618588092,32.94895577713724,4.900928225922328
2022-06-08,115.15703582763672,0.0302999999999999,38.76758025574371,0.21379784383273595,34.88678377129088,3.88079648445283
2022-06-09,112.73695373535156,0.0304,40.06854017951952,0.23014340781660908,37.32782496300565,2.740715216513877
2022-06-10,107.55487823486328,0.0315,42.05546452400283,0.2702185673464464,42.56294326612699,-0.5074787421241638
2022-06-13,104.3520736694336,0.0343,43.9177290835854,0.3274448039748759,46.62473284075861,-2.7070037571732115
2022-06-14,102.61571502685548,0.0349,45.84342905995538,0.735843464156489,70.22581493599701,-24.382385876041624
2022-06-15,103.8302764892578,0.0333,46.32123201854278,0.28155097257598316,45.63575093355534,0.6854810849874369
2022-06-16,102.0489273071289,0.0327999999999999,47.65616080829181,0.7911598945972144,74.15603361005878,-26.499872801766976
2022-06-17,101.6890640258789,0.0325,48.33941647453111,0.7946103908667009,74.4750083836482,-26.13559190911709
2022-06-21,104.2081298828125,0.0331,45.91509113096761,0.2626784818517453,44.8513230980916,1.0637680328760126
2022-06-22,103.62335968017578,0.0316,46.56635466573834,0.2851718159696473,46.12485345664638,0.44150120909196033
2022-06-23,102.48977661132812,0.0308999999999999,47.48187480031262,0.27994671914486874,47.00189249428578,0.4799823060268409
2022-06-24,105.5486297607422,0.0313,44.42434348347438,0.2588060895743705,43.87569053191022,0.5486529515641578
2022-06-27,104.70293426513672,0.032,45.12958312724015,0.24356071843919405,44.135628806337024,0.9939543209031285
2022-06-28,104.19915771484376,0.032,45.69858987423329,0.23543820929562542,44.409817807088544,1.2887720671447482
2022-06-29,103.7313003540039,0.031,46.19575374619467,0.24169552766939095,45.07492573478303,1.1208280114116391
2022-06-30,101.31120300292967,0.0298,47.99705288340188,0.2539696895792051,47.58856059177913,0.4084922916227498
2022-07-01,102.60672760009766,0.0288,47.03113940671562,0.2310207471575772,46.188132746037226,0.843006660678391
2022-07-05,102.2164535522461,0.0282,47.574830299972255,0.2596996358690841,47.129320530299175,0.4455097696730803
2022-07-06,101.55387115478516,0.0293,48.01368775009698,0.23620521974742206,47.14471804955983,0.86896970053715
2022-07-07,104.12246704101562,0.0301,45.4633154601192,0.23719246710923061,44.768597272278434,0.6947181878407633
2022-07-08,103.79570770263672,0.0308999999999999,46.20692827172255,0.23252239474479988,44.86244305497656,1.3444852167459942
2022-07-11,102.43426513671876,0.0299,47.417528652844624,0.22649438435844294,46.12394327714446,1.293585375700161
2022-07-12,102.53411865234376,0.0296,47.41632230744382,0.27268990093843704,46.958860302600144,0.45746200484367705
2022-07-13,101.572021484375,0.0291,48.52952630222611,0.27338503653596324,47.8535243024218,0.6760019998043063
2022-07-14,98.02322387695312,0.0296,50.73205091356943,0.32432599610342167,51.97456235181865,-1.2425114382492168
2022-07-15,102.5159683227539,0.0293,46.13447861951699,0.225477689838654,46.11878824256808,0.01569037694891051
2022-07-18,101.46312713623048,0.0296,46.970927004957765,0.22212402828762265,46.992403136319396,-0.021476131361630735
2022-07-19,103.97722625732422,0.0301,44.44721097601116,0.21776790046882433,44.57326536291724,-0.12605438690607684
2022-07-20,103.95906829833984,0.0304,44.47587127837458,0.21779268842403984,44.548461403726684,-0.07259012535210019
2022-07-21,104.66702270507812,0.0291,44.05911752540483,0.19791250230389268,43.82581748358866,0.2333000418161717
2022-07-22,104.15876770019533,0.0277,45.04377011585317,0.1821246930333077,44.35305409249325,0.6907160233599186
2022-07-25,104.5762710571289,0.0281,44.79249000025568,0.1847436395628981,43.92326114130033,0.8692288589553527
2022-07-26,102.94254302978516,0.0281,46.13760903480669,0.19587160835074108,45.55365998062843,0.5839490541782553
2022-07-27,104.59440612792967,0.0278,44.60379239304915,0.18263100580878575,43.93154123189547,0.6722511611536746
2022-07-28,104.20413970947266,0.0268,45.34388208421231,0.1828674467450041,44.44435624099205,0.8995258432202604
2022-07-29,104.70333862304688,0.0266999999999999,45.631407380416086,0.1810727734188318,43.97344015050562,1.6579672299104686
2022-08-01,103.6595687866211,0.026,46.52275298560066,0.18583655868490256,45.09565305510033,1.427099930500333
2022-08-02,102.0439910888672,0.0275,47.53249145890676,0.19806702733980072,46.50134339734384,1.0311480615629236
2022-08-03,103.114990234375,0.0273,46.61619015885884,0.18487075684852045,45.417692502691075,1.198497656167767
2022-08-04,101.98047637939452,0.0268,47.60090882399001,0.19713139914214658,46.653150086380315,0.9477587376096963
2022-08-05,105.06640625,0.0283,44.27686831952808,0.18718933936428644,43.456794181864545,0.8200741376635321
2022-08-08,103.7866439819336,0.0277,45.40196387900235,0.1807089229901889,44.69498869642959,0.7069751825727622
2022-08-09,104.7214813232422,0.0279999999999999,44.69460967201216,0.18201031136186732,43.778269052106005,0.9163406199061583
2022-08-10,107.45342254638672,0.0278,42.313445728809725,0.17167295440101582,41.14817622591253,1.1652695028971962
2022-08-11,109.04175567626952,0.0287,40.72873056237084,0.1858451171840581,39.707958593727085,1.020771968643757
2022-08-12,110.84793853759766,0.0283999999999999,39.17361259040549,0.17016701050961802,37.884917286756725,1.2886953036487654
2022-08-15,111.14745330810548,0.0279,39.985390611321165,0.1768702330473305,37.77106075255316,2.2143298587680036
2022-08-16,112.20938110351562,0.0282,39.00761411738331,0.1815843273565958,36.846973678555955,2.1606404388273575
2022-08-17,111.26543426513672,0.0289,39.88449039072845,0.1841841646570396,37.641341607347925,2.2431487833805264
2022-08-18,110.40319061279295,0.0288,40.53515947242072,0.1754328012728471,38.306041322073895,2.229118150346828
2022-08-19,107.67125701904295,0.0298,42.17440443632711,0.20093157415524593,41.023160414747245,1.1512440215798634
2022-08-22,105.8923110961914,0.0302999999999999,43.65457771782707,0.22356607779087198,42.92961073432893,0.7249669834981347
2022-08-23,104.84854888916016,0.0305,44.97263360054196,0.23017584649528947,43.94464451450221,1.027989086039753
2022-08-24,105.10269165039062,0.0311,44.74352995236372,0.22881942988735302,43.61395326935967,1.1295766830040535
2022-08-25,107.5986557006836,0.0302999999999999,42.51757346388052,0.22492520491033957,41.46722827267297,1.0503451912075477
2022-08-26,104.07707214355467,0.0304,45.04832086292896,0.24690526949096006,44.9609896896351,0.08733117329386175
2022-08-29,103.82294464111328,0.0312,45.17286782744964,0.2592420524029437,45.343745846699505,-0.17087801924986223
2022-08-30,103.8411102294922,0.0311,45.48804031593075,0.2823183378718075,45.93376211215336,-0.44572179622260677
2022-08-31,103.22391510009766,0.0315,46.06384412466543,0.27060671020615296,46.0795162777926,-0.015672153127169963
2022-09-01,103.93184661865234,0.0326,45.34436763746093,0.2588050782812339,45.0554360824134,0.288931555047526
2022-09-02,103.20574951171876,0.032,46.76066044354567,0.263960711222478,45.86866035387871,0.8920000896669578
2022-09-06,103.23298645019533,0.0333,48.15834064273727,0.2905400527419299,46.37181930081472,1.7865213419225512
2022-09-07,105.19346618652344,0.0327,46.64240710675377,0.24054863900576365,43.55501484325174,3.087392263502032
2022-09-08,107.64403533935548,0.0329,44.63268880730793,0.23959289533452718,41.42818833870974,3.204500468598191
2022-09-09,108.1613540649414,0.0333,44.370581268062,0.23657687338155334,40.866468525084024,3.5041127429779735
2022-09-12,109.4411163330078,0.0337,43.21195565444057,0.23980841982852738,39.84872168774582,3.36323396669475
2022-09-13,105.63818359375,0.0342,45.4716910349631,0.3312693472620542,45.87339082377818,-0.40169978881507973
2022-09-14,105.39313507080078,0.0341,46.0271413235353,0.2725059006705811,44.01576652990629,2.0113747936290096
2022-09-15,106.98147583007812,0.0345,47.512747063784666,0.26839102486377836,42.575654008948,4.937093054836666
2022-09-16,106.26444244384766,0.0345,48.23461384453535,0.2986195298253051,44.13847346515455,4.096140379380806
2022-09-19,107.2446746826172,0.0349,49.09630919615992,0.2722053663023468,42.439420439092906,6.656888757067016
2022-09-20,105.12991333007812,0.0356999999999999,50.31487405928691,0.3002898760211494,44.90020663715167,5.414667422135238
2022-09-21,102.09844970703124,0.0351,51.75436045058044,0.3171157911238515,47.84322897770515,3.91113147287529
2022-09-22,100.93670654296876,0.037,52.138692224333525,0.27046485092930417,47.27323389197822,4.865458332355303
2022-09-23,99.05791473388672,0.0369,54.46682758851128,0.36469692000932935,51.49531088007346,2.971516708437818
2022-09-26,96.92499542236328,0.0388,55.09458608932568,0.35257140405098236,52.455594953168614,2.638991136157067
2022-09-27,96.07186126708984,0.0397,55.40464730764543,0.3320904968015585,52.435277755756,2.969369551889436
2022-09-28,98.01416015625,0.0372,54.32536161596828,0.314917531743482,50.74201186870839,3.583349747259895
2022-09-29,96.35320281982422,0.0375999999999999,55.01261167418285,0.3348688565697486,52.55476867187665,2.4578430023061983
2022-09-30,94.84654235839844,0.0383,55.63306248095133,0.3502157718051222,54.07867816840279,1.5543843125485424
2022-10-03,97.77816772460938,0.0366999999999999,53.54319344594956,0.2811235225935635,50.243821601395744,3.299371844553818
2022-10-04,102.3525848388672,0.0362,49.55022819777544,0.30538962625864857,47.138788201523894,2.411439996251545
2022-10-05,101.08887481689452,0.0375999999999999,50.16405784599922,0.26528990559413934,46.95175819933211,3.2122996466671054
2022-10-06,99.02845001220705,0.0383,51.04424491442912,0.2749101175862469,48.82667588607331,2.217569028355811
2022-10-07,97.05044555664062,0.0389,52.135833031444434,0.2767164576583224,50.49751001554411,1.6383230159003261
2022-10-10,96.1438446044922,0.0392,52.60467208564916,0.28563039674667545,51.409801916258324,1.194870169390839
2022-10-11,93.36914825439452,0.0393,54.17710723014777,0.36546406037021606,55.532487013050925,-1.3553797829031566
2022-10-12,94.880126953125,0.0391,53.17586027146071,0.2999345595549454,52.78632757579997,0.38953269566073345
2022-10-13,100.15481567382812,0.0397,48.21523593855989,0.4223809965365736,52.73702485271647,-4.521788914156581
2022-10-14,101.82147216796876,0.04,46.85432689214406,0.35266672187494286,48.695704075139034,-1.8413771829949752
2022-10-17,106.09797668457033,0.0401999999999999,42.97915641947706,0.313408514868287,44.12107283598271,-1.1419164165056515
2022-10-18,108.82688903808594,0.0401,40.78768723133767,0.3080436574356685,42.007788014656654,-1.2201007833189834
2022-10-19,106.69322967529295,0.0414,41.726340376128896,0.3053285927922366,43.236658110889095,-1.5103177347602
2022-10-20,106.34522247314452,0.0424,41.89456148662006,0.32116262161804454,43.99737037503527,-2.102808888415204
2022-10-21,111.93125915527344,0.0421,35.711579761507366,0.31223632860745715,39.95250165288563,-4.240921891378264
2022-10-24,112.0686264038086,0.0425,35.627245915058346,0.2995519639064543,39.19960659744751,-3.572360682389167
2022-10-25,112.36166381835938,0.0409999999999999,35.669212317188865,0.2879538924725298,38.628341810755764,-2.9591294935668984
2022-10-26,113.65286254882812,0.0404,34.68367179664794,0.2797358629556712,37.45812671882446,-2.774454922176517
2022-10-27,114.10157775878906,0.0395999999999999,34.43092305011158,0.27766050587783864,37.15430581868667,-2.7233827685750924
2022-10-28,115.45687866210938,0.0401999999999999,33.735209257928844,0.2313636838278777,34.093617391038876,-0.35840813311003217
