Date,Close,High,Low,Open,Volume,Volume_Outlier,VIX_Close,VIX_Close_Outlier,Treasury_Rate,Treasury_Rate_Outlier,Daily_Return,Log_Return,Rolling_Volatility_20D,Moving_Average_20D,Moving_Average_50D,Price_Momentum_20D,Interest_Rate_Momentum,VIX_Return,VIX_JPM_Correlation_20D,Daily_Return_Outlier,Rolling_Volatility_20D_Outlier,Price_Momentum_20D_Outlier,Risk_Free_Rate,Historical_Volatility,BSM_Call_Price,BSM_Put_Price,Chooser_BSM_Price,Forward_Realized_Volatility_20D,Chooser_Proxy_Reference_Price,Proxy_Pricing_Error,VIX_Regime
2018-01-31,92.10901641845705,92.89736632480891,91.7029033973877,92.09309291924656,13141400,False,13.539999961853027,False,2.72,False,0.0048648025525901,0.00485300763847,0.1107133509191837,89.62174339294434,,0.077096505883748,-0.0099999999999997,-0.0845165654647769,-0.2323895353490009,False,False,False,0.027200000000000002,0.1107133509191837,1.6529218855274117e-05,55.987319033090884,55.98731903353591,0.3367879246932681,57.49163720906076,-1.5043181755248511,Low (<15)
2018-02-01,93.06458282470705,93.16013596289145,91.95771442148872,92.18863855566912,13800600,False,13.470000267028809,False,2.78,False,0.0103742982327463,0.0103208545104488,0.1126239150541913,89.99481353759765,,0.0871626836646115,0.0599999999999996,-0.0051698445362948,-0.2769386209097463,False,False,False,0.0278,0.1126239150541913,3.771905539181578e-05,54.96622241034335,54.96622241246583,0.3341382957232469,56.54653285499699,-1.5803104425311574,Low (<15)
2018-02-02,91.00212860107422,93.10438242090072,90.8508280516162,92.7619695447361,16477300,False,17.309999465942383,False,2.84,False,-0.0221615373005817,-0.0224107936535516,0.1402470081493826,90.20344581604004,,0.048055630681332,0.06,0.2850778858789582,-0.5723378581812165,False,False,False,0.028399999999999998,0.1402470081493826,0.0008365626654348278,56.89446961089246,56.8944702540416,0.32964700896515553,58.14202795666871,-1.2475577026271125,Normal (15-25)
2018-02-05,86.63836669921875,91.24898753965525,82.80015999575345,89.98285994858294,30097600,True,37.31999969482422,True,2.77,False,-0.0479523058299534,-0.0491401465275645,0.2260660030644607,90.22176094055176,,0.0042458992211782,-0.0699999999999998,1.1559792516603906,-0.8766531424508521,True,False,False,0.0277,0.2260660030644607,0.06625269745931017,61.32524304582279,61.32674147750523,0.2730205715706377,61.53381984460861,-0.207078367103378,High (>25)
2018-02-06,89.274169921875,89.56880633156274,84.8944720189479,85.08558440815851,33114800,True,29.979999542236328,False,2.79,False,0.0304230483915621,0.0299694445102155,0.2501179671318583,90.3654956817627,,0.0332721329726775,0.02,-0.196677390477199,-0.8719277099468549,False,False,False,0.0279,0.2501179671318583,0.2044482640328691,58.85916216789795,58.869635870202075,0.25416479012613735,58.894198158441235,-0.02456228823916007,High (>25)
2018-02-07,89.87934112548828,91.13750391783044,88.50968955562941,88.82821416553755,21878300,False,27.729999542236328,False,2.84,False,0.0067787939573435,0.0067559212416886,0.2504915258899037,90.51758995056151,,0.0350296464782555,0.0499999999999998,-0.0750500345015069,-0.8720868663377578,False,False,False,0.028399999999999998,0.2504915258899037,0.22404232539469238,58.2146043227109,58.22689640532229,0.2533166204284442,58.24514231577159,-0.01824591044929491,High (>25)
2018-02-08,85.90576934814453,90.07046598801698,85.87391627518852,90.07046598801698,27425800,True,33.459999084472656,False,2.85,False,-0.0442100679375909,-0.0452171264126939,0.2962105864249233,90.42322731018066,,-0.0214966151212887,0.0100000000000002,0.2066353998134333,-0.781925978185785,True,False,False,0.0285,0.2962105864249233,0.39398236092154537,62.25202292739304,62.28207810859312,0.20620893476372842,61.884210191865904,0.3978679167272148,High (>25)
2018-02-09,87.62581634521484,88.43008989084618,84.59188192530024,86.87728416955676,28188000,True,29.059999465942383,False,2.83,False,0.0200224852198178,0.0198246713863617,0.3047826943692592,90.39137535095216,,-0.0072175229403872,-0.02,-0.1315002910616373,-0.7883738816054744,False,False,False,0.028300000000000002,0.3047826943692592,0.5495414898996271,60.75630884611866,60.80881153774875,0.19961592727142774,60.23320391639299,0.5756076213557648,High (>25)
2018-02-12,88.9795150756836,89.76786490911924,87.6496812642386,88.52561944825946,18043300,False,25.61000061035156,False,2.86,False,0.0154486290334305,0.0153305138886603,0.3040338514715051,90.35434646606446,,-0.0082543126613123,0.0299999999999998,-0.1187198526838976,-0.8028186352126019,False,False,False,0.0286,0.3040338514715051,0.6201365871334286,59.46064398566807,59.52528554382324,0.2014740698893194,58.87791682904079,0.647368714782445,High (>25)
2018-02-13,89.52896881103516,90.02268228974039,88.23098808643124,88.64506585137448,16358200,False,24.96999931335449,False,2.83,False,0.0061750587748676,0.0061560712254952,0.3045876632058299,90.36071701049804,,0.0014251528903166,-0.0299999999999998,-0.0249902882367906,-0.8035600963744062,False,False,False,0.028300000000000002,0.3045876632058299,0.6579848725553745,59.00543060319313,59.07685984337543,0.20610418300479916,58.39783239862782,0.6790274447476108,Normal (15-25)
2018-02-14,91.59937286376952,91.79048521744444,89.60860145987868,89.68823110096388,15186900,False,19.26000022888184,False,2.91,False,0.0231255210489944,0.0228621784152102,0.3146832850563902,90.44194068908692,,0.0180547417619827,0.08,-0.2286743789143326,-0.8147553087292229,False,False,False,0.0291,0.3146832850563902,0.9326562176312159,57.14077569361656,57.26772012841273,0.18961640965399756,56.24330890361169,1.0244112248010424,Normal (15-25)
2018-02-15,91.98161315917967,92.36383790605908,90.95437427949304,92.1647607450815,12130200,False,19.1299991607666,False,2.9,False,0.0041729575592033,0.0041642749182881,0.3148450104362476,90.53152656555176,,0.0198660561339336,-0.0100000000000002,-0.0067497957720836,-0.8149665497327726,False,False,False,0.028999999999999998,0.3148450104362476,0.9652499744676168,56.81450291631329,56.9489578966232,0.1891196484841012,55.88612018434936,1.06283771227384,Normal (15-25)
2018-02-16,91.32067108154295,92.4275395566724,91.17733528960198,91.21715315000046,13214300,False,19.459999084472656,False,2.87,False,-0.0071855891078244,-0.0072115297940092,0.3160477079841947,90.5980182647705,,0.0147774376511142,-0.0299999999999998,0.0172503888229564,-0.8170437461543544,False,False,False,0.0287,0.3160477079841947,0.926268770635363,57.464962162414736,57.590142693416574,0.18948965805213983,56.571641326583084,1.0185013668334904,Normal (15-25)
2018-02-20,91.34455108642578,91.88604113185043,90.75528447313634,91.296774518561,13461500,False,20.600000381469727,False,2.88,False,0.0002614961607267,0.0002614619765649,0.3134824482908471,90.61314811706544,,0.0033237099212934,0.0099999999999997,0.0585817754691821,-0.8173872682165081,False,False,False,0.0288,0.3134824482908471,0.8945746268072989,57.39536309552197,57.51389728097688,0.1895218779212586,56.53399410464256,0.979903176334318,Normal (15-25)
2018-02-21,91.72679901123048,93.52645225805172,91.312715094449,91.57549841755802,14212500,False,20.020000457763672,False,2.94,False,0.0041846822854605,0.0041759508529172,0.3137221563606024,90.65216789245603,,0.0085808286831616,0.06,-0.0281553355808565,-0.8191960267780597,False,False,False,0.0294,0.3137221563606024,0.9317525646186251,56.97167778627781,57.09863406792517,0.18891113879542362,56.074931031699414,1.0237030362257542,Normal (15-25)
2018-02-22,91.55956268310548,92.71420768742644,91.38437382444108,91.97364046920576,17070400,False,18.71999931335449,False,2.92,False,-0.0018232003070828,-0.001824864359671,0.3104758842875139,90.62469520568848,,-0.0059652546158495,-0.02,-0.0649351206135986,-0.8194782298945548,False,False,False,0.0292,0.3104758842875139,0.8740817696099654,57.106525510432306,57.22109600031276,0.24175248452050857,56.46706265049199,0.754033349820773,Normal (15-25)
2018-02-23,93.41496276855467,93.47866891658062,91.8223455200223,91.8223455200223,12162500,False,16.489999771118164,False,2.88,False,0.0202644052797724,0.0200618145667789,0.3188045418219504,90.6887985229492,,0.0139154025867578,-0.04,-0.1191239115401828,-0.8213599811070833,False,False,False,0.0288,0.3188045418219504,1.1474585678818778,55.62551828334395,55.804059987785124,0.24202486843576435,54.77735412942089,1.026705858364231,Normal (15-25)
2018-02-26,94.57756805419922,94.68109205856986,93.4229230350292,94.0758958323151,16511200,False,15.800000190734863,False,2.86,False,0.0124456002677539,0.012368790424536,0.3211075393034081,90.78634567260742,,0.0210624428114325,-0.02,-0.0418435166743796,-0.8209633020577578,False,False,False,0.0286,0.3211075393034081,1.2960097135248603,54.667390937968435,54.88531658247211,0.26601039715725977,53.96856059557243,0.9167559868996804,Normal (15-25)
2018-02-27,93.45478057861328,95.02350953961307,93.44681579127624,94.68906137568948,17563300,False,18.59000015258789,False,2.9,False,-0.0118716044267759,-0.0119426346440655,0.324412940737418,90.8325325012207,,0.0099829909214279,0.04,0.1765822739349767,-0.8301117736210138,False,False,False,0.028999999999999998,0.324412940737418,1.2412687584037956,55.65128228551657,55.85313372469571,0.27050260928015724,54.991335020097026,0.8617987045986837,Normal (15-25)
2018-02-28,91.97364807128906,94.35460920770676,91.84623577251014,93.82108387611385,17735600,False,19.850000381469727,False,2.87,False,-0.0158486542705892,-0.0159755871213314,0.3278722545831766,90.84806022644042,,0.0033879993824112,-0.0299999999999998,0.0677783872264483,-0.8227386387554652,False,False,False,0.0287,0.3278722545831766,1.1517077910613995,57.05246267825618,57.22964417384239,0.2669073459975175,56.355964037407716,0.8736801364346718,Normal (15-25)
2018-03-01,90.32527160644533,92.8814211117028,89.70415196082126,91.95770642920724,18690000,False,22.46999931335449,False,2.81,False,-0.0179222690347791,-0.0180848179912597,0.3336593210774825,90.75887298583984,,-0.0193655831032659,-0.06,0.1319898680873865,-0.8181826119202775,False,False,False,0.0281,0.3336593210774825,1.0838199691088422,58.682468093413206,58.841109358283774,0.2712719841656846,58.01070615315404,0.8304032051297341,Normal (15-25)
2018-03-02,90.23768615722656,90.42879851133496,88.4858097479699,89.49711895028533,18353700,False,19.59000015258789,False,2.86,False,-0.0009696671558363,-0.0009701375871653,0.3310559474725015,90.61752815246582,,-0.0303756443286821,0.0499999999999998,-0.1281708610936601,-0.812098941314303,False,False,False,0.0286,0.3310559474725015,1.0425764805374982,58.65388929660578,58.80315829815609,0.27859460891550397,58.09094252905242,0.7122157691036719,Normal (15-25)
2018-03-05,91.62328338623048,92.3160741900569,89.09898609151516,89.22639840845717,13933000,False,18.729999542236328,False,2.88,False,0.0153549729387976,0.0152382783868044,0.3265018770670652,90.64858589172364,,0.0068257170981045,0.02,-0.0438999797678896,-0.8012902534066166,False,False,False,0.0288,0.3265018770670652,1.099983889042397,57.328459444271445,57.49288049800187,0.2772933625495289,56.77384322286036,0.7190372751415097,Normal (15-25)
2018-03-06,91.70288848876952,92.2284489322084,91.03398619897725,92.0851131612066,10674400,False,18.36000061035156,False,2.88,False,0.0008688304937016,0.0008684532789629,0.2717187792230972,90.90181198120118,,0.0584558779499295,0.0,-0.0197543481541693,-0.881794667560623,False,False,False,0.0288,0.2717187792230972,0.45047871085539404,56.60118252087976,56.640796038824476,0.2841160849599171,56.78024864632325,-0.1394526074987752,Normal (15-25)
2018-03-07,91.36048889160156,91.65511918711888,90.0704667648435,90.58010378583008,13006500,False,17.760000228881836,False,2.89,False,-0.0037337929351035,-0.0037407809398763,0.2523307238543467,91.0061279296875,,0.0233697941022843,0.0100000000000002,-0.0326797582529183,-0.8601013388777835,False,False,False,0.028900000000000002,0.2523307238543467,0.28269216332213754,56.75333645206567,56.77172444644921,0.28883830895252893,57.13549060904998,-0.36376616260076844,Normal (15-25)
2018-03-08,91.3684539794922,91.75864959728378,90.1501027013194,91.66309037092306,11173700,False,16.540000915527344,False,2.86,False,8.71830699165077e-05,8.717926969354281e-05,0.251512208238504,91.0805835723877,,0.0165679102155948,-0.0300000000000002,-0.0686936541459325,-0.8530706186740123,False,False,False,0.0286,0.251512208238504,0.2765644094916939,56.78315172237032,56.800877928809946,0.30130513411614734,57.33649699086378,-0.5356190620538328,Normal (15-25)
2018-03-09,93.99626922607422,94.02812229957505,92.1090156297812,92.80977109609384,15366600,False,14.640000343322754,False,2.9,False,0.0287606403756359,0.0283548159696378,0.2072460125750841,91.48510856628418,,0.0941787721514006,0.04,-0.114873063303214,-0.7988885336465217,False,False,False,0.028999999999999998,0.2072460125750841,0.10777888317277862,53.98877459888443,53.992535780659885,0.28432902246558445,54.68396477521863,-0.6914289945587413,Low (<15)
2018-03-12,93.69367218017578,94.56164563233712,93.36718274013916,93.96441418623814,12339300,False,15.779999732971191,False,2.87,False,-0.0032192452784551,-0.0032244381963826,0.2006073309063702,91.78850135803222,,0.0692473529839166,-0.0299999999999998,0.0778688089422339,-0.7855795873126789,False,False,False,0.0287,0.2006073309063702,0.0799154157048989,54.300259468975355,54.302507910675416,0.294874644163037,55.155250042443555,-0.8527421317681387,Normal (15-25)
2018-03-13,92.57086944580078,94.33867540856404,92.23642131104884,94.12366869668628,13312300,False,16.350000381469727,False,2.84,False,-0.0119837627050822,-0.0120561468602882,0.2024318700341391,91.96806907653809,,0.0403615862264756,-0.0300000000000002,0.0361217147112846,-0.7756504962702618,False,False,False,0.028399999999999998,0.2024318700341391,0.07117741617617579,55.43219874258011,55.43401604700541,0.2975848324979254,56.23619345995843,-0.8021774129530215,Normal (15-25)
2018-03-14,91.53567504882812,92.84162072256946,91.25696824199665,92.81773243560572,12905100,False,17.229999542236328,False,2.81,False,-0.0111827230657993,-0.0112457198037252,0.207072257717422,92.06840438842774,90.42435287475584,0.0224140439060394,-0.0299999999999998,0.0538225773843985,-0.783649727184518,False,False,False,0.0281,0.207072257717422,0.07177657615034116,56.487897637321936,56.48971752425376,0.31007109152636103,57.38791197541264,-0.8981944511588793,Normal (15-25)
2018-03-15,91.7665786743164,92.371774761785,91.4400953882202,92.2682568565059,8748000,False,16.59000015258789,False,2.82,False,0.0025225533691111,0.002519377071826,0.190364883746323,92.07676467895509,90.549363861084,0.0018254034423965,0.0099999999999997,-0.0371444809432287,-0.7371343753728689,False,False,False,0.0282,0.190364883746323,0.03653845354288743,56.212490112240985,56.21305733515957,0.3242087234462014,57.409440196598354,-1.196382861438785,Normal (15-25)
2018-03-16,91.92587280273438,92.84958768059178,91.84623707718993,91.84623707718993,19888900,False,15.800000190734863,False,2.85,False,0.0017358621267042,0.001734357259286,0.1898792878632993,92.07397766113282,90.67581771850584,-0.000605994551855,0.0300000000000002,-0.0476190448816719,-0.7372639094864651,False,False,False,0.0285,0.1898792878632993,0.03695447027382459,56.01353848379868,56.01411848203605,0.3239518776565787,57.22574694870088,-1.211628466664834,Normal (15-25)
2018-03-19,91.2012176513672,91.93382006243094,90.2217615328553,91.65511328380366,13214900,False,19.020000457763672,False,2.85,False,-0.0078830380313301,-0.0079142734371846,0.1902469491166447,92.06800498962404,90.76325241088868,-0.0013080656193282,0.0,0.2037974827947799,-0.7081404158114133,False,False,False,0.0285,0.1902469491166447,0.03284603477981385,56.717395919785744,56.71786389826696,0.3232740467514076,57.84340713808066,-1.1255432398136946,Normal (15-25)
2018-03-20,91.28883361816406,91.93384175451494,91.13753301320132,91.47198730182176,9921200,False,18.200000762939453,False,2.89,False,0.0009606885637403,0.0009602273978163,0.1902757646598613,92.06521911621094,90.86358779907226,-0.0006099703550899,0.04,-0.0431124960614555,-0.7136935624049289,False,False,False,0.028900000000000002,0.1902757646598613,0.03365536447890993,56.57430465906515,56.57479385610407,0.32389761233815717,57.722964295480246,-1.1481704393761731,Normal (15-25)
2018-03-21,91.3684539794922,92.8734768613942,90.94641136159996,91.42419534269771,13633000,False,17.860000610351562,False,2.89,False,0.0008721807276141,0.0008718005990145,0.1896805328246034,92.04730186462402,90.962967376709,-0.0039066558039859,0.0,-0.0186813262821521,-0.7123218063379032,False,False,False,0.028900000000000002,0.1896805328246034,0.03319507121990517,56.49605771323219,56.4965357569165,0.3347241424066645,57.851982269201194,-1.3554465122846935,Normal (15-25)
2018-03-22,87.55415344238281,90.46068188741924,87.22766998121472,90.14215714029736,22550400,False,23.34000015258789,False,2.83,False,-0.0417463618019138,-0.0426427780179196,0.2405333664128659,91.84703140258787,90.9773013305664,-0.04374648724116,-0.06,0.306830870938501,-0.8261316281283346,True,False,False,0.028300000000000002,0.2405333664128659,0.12416748579823977,60.40094730154456,60.40538691577302,0.2967570243773474,60.79011374185002,-0.3847268260769994,Normal (15-25)
2018-03-23,85.21295928955078,88.32652181741497,85.01388219958616,87.80892016843686,23081500,False,24.8700008392334,False,2.82,False,-0.0267399553394427,-0.0271039718044684,0.2403732818371308,91.43693122863768,90.92570007324218,-0.0878018171384943,-0.0100000000000002,0.0655527282194925,-0.7861225481823354,False,False,False,0.0282,0.2403732818371308,0.08770957682682456,62.666346499456836,62.66873932884016,0.27883954075787803,62.84461371606582,-0.17587438722566162,Normal (15-25)
2018-03-26,87.8407974243164,88.51766457689419,86.5189283420746,86.9489357038696,20217500,False,21.030000686645508,False,2.85,False,0.0308384799292831,0.0303725292596643,0.2651361351797132,91.10009269714357,90.91725891113282,-0.0712301105693709,0.0300000000000002,-0.1544028959794058,-0.8118967914369358,False,False,False,0.0285,0.2651361351797132,0.25098712001071144,60.21856456660679,60.23310727274186,0.25865468376569034,60.1926785901729,0.04042868256895815,Normal (15-25)
2018-03-27,86.13671875,88.9397290407297,85.44393400384506,88.4460154130087,18039900,False,22.5,False,2.78,False,-0.0193996266459743,-0.0195902690246874,0.2695774062441027,90.73418960571288,90.84559143066406,-0.078305912049704,-0.0700000000000002,0.0699001077202994,-0.8219668792509546,False,False,False,0.0278,0.2695774062441027,0.22546401393984272,61.959959560258724,61.97190255145979,0.24842477531388207,61.867284627310454,0.10461792414933768,Normal (15-25)
2018-03-28,86.00130462646484,86.9329839685007,84.92628953370418,86.22426999973659,19189300,False,22.8700008392334,False,2.77,False,-0.0015720836073194,-0.0015733206273895,0.2659454617604662,90.43557243347168,90.7775863647461,-0.0649353762742458,-0.0099999999999997,0.0164444817437066,-0.8195338881132882,False,False,False,0.0277,0.2659454617604662,0.20252165423523327,62.08390212109005,62.093866946463194,0.24822711407607845,62.010692359533024,0.08317458693016988,Normal (15-25)
2018-03-29,87.5700454711914,88.21505340290229,85.82612793688969,86.39947102078898,13274600,False,19.96999931335449,False,2.74,False,0.0182408958973376,0.018076526575737,0.2703684089225609,90.29781112670898,90.72948928833009,-0.0305033805739181,-0.0299999999999998,-0.1268037350004801,-0.8242013956465497,False,False,False,0.0274,0.2703684089225609,0.27194277599014693,60.66448869298763,60.68103059503953,0.24127686429214223,60.52308624369376,0.157944351345769,Normal (15-25)
2018-04-02,85.88188934326172,88.17526221440836,84.47242566233038,87.56210113274922,18822500,False,23.6200008392334,False,2.73,False,-0.0192777806480076,-0.0194660202156679,0.2776848553542856,90.08002128601076,90.64332916259764,-0.048270262674682,-0.0100000000000002,0.1827742439349036,-0.8592342815237421,False,False,False,0.0273,0.2776848553542856,0.26324775853284343,62.31966577822169,62.33507740946425,0.2312870787928691,62.12861932535766,0.20645808410658617,Normal (15-25)
2018-04-03,87.06040954589844,87.19578053247632,85.4120511980246,86.28798933076908,14050700,False,21.100000381469727,False,2.79,False,0.0137225695853788,0.0136292677192598,0.2763636936414262,89.85187759399415,90.58472061157228,-0.0498003746612923,0.06,-0.1066892619909601,-0.8683236298246346,False,False,False,0.0279,0.2763636936414262,0.2948425189415316,61.112332456167664,61.13116547275156,0.22617127991347802,60.89050675470502,0.24065871804653938,Normal (15-25)
2018-04-04,88.3823013305664,88.5574902174528,85.22095480453466,85.28466095892121,15302600,False,20.059999465942383,False,2.79,False,0.0151836155097693,0.0150694981130288,0.2832004073218001,89.68584823608398,90.53152755737304,-0.0362102787919245,0.0,-0.0492891420248828,-0.8668637629018903,False,False,False,0.0279,0.2832004073218001,0.39502031277526184,59.92106249368514,59.95194473225867,0.22051432976869123,59.599375293182106,0.3525694390765608,Normal (15-25)
2018-04-05,89.54278564453125,90.30311866513335,89.15061747543119,89.34269897166132,16627000,False,18.940000534057617,False,2.83,False,0.0131302794393688,0.013044824538637,0.2878748074047516,89.59496307373047,90.50345520019532,-0.019895944834829,0.04,-0.0558324507329267,-0.8745559798404019,False,False,False,0.028300000000000002,0.2878748074047516,0.49053930005084645,58.824486407862665,58.86897068566418,0.21461657142827228,58.40520016458182,0.4637705210823597,Normal (15-25)
2018-04-06,87.30980682373047,89.27866481422454,86.29336933821192,88.4783182219183,18906000,False,21.489999771118164,False,2.77,False,-0.0249375625822643,-0.0252537716574944,0.3002366708965107,89.39203071594238,90.40747100830076,-0.0444206613879304,-0.06,0.1346356475795858,-0.8892148545197266,False,False,False,0.0277,0.3002366708965107,0.4887736276324177,61.091787554658836,61.135039525794696,0.20095333953213868,60.629308271790144,0.5057312540045515,Normal (15-25)
2018-04-09,88.35826873779297,90.42316449849538,87.95009024877966,88.04613404212401,15974300,False,21.770000457763672,False,2.78,False,0.0120085240387628,0.0119369937930052,0.2827808453856619,89.11013069152833,90.33197845458984,-0.0599811091940368,0.0099999999999997,0.0130293480515444,-0.8722844244009159,False,False,False,0.0278,0.2827808453856619,0.3903274877806253,59.95443678875323,59.984708804138315,0.19861216003207185,59.592861911703245,0.3918468924350691,Normal (15-25)
2018-04-10,90.04700469970703,90.33512998667462,89.17462366245506,89.742869060041,13951400,False,20.46999931335449,False,2.8,False,0.0191123704214424,0.0189320233535052,0.2933957132451899,88.92779731750488,90.28038604736328,-0.0389211714688276,0.02,-0.0597152557222649,-0.8766242561743053,False,False,False,0.027999999999999997,0.2933957132451899,0.5695078888617751,58.4545993481257,58.5114842597839,0.1936385447150536,57.916379577241216,0.5951046825426829,Normal (15-25)
2018-04-11,88.53436279296875,89.48677130673234,88.45432323022848,89.36672417494461,14503300,False,20.239999771118164,False,2.79,False,-0.0167983589435618,-0.0169410516344326,0.2960932272685648,88.72597198486328,90.2004524230957,-0.0436045019021384,-0.0099999999999997,-0.0112359330704165,-0.8529054800309975,False,False,False,0.0279,0.2960932272685648,0.5137969554635573,59.89127974844216,59.93874232669995,0.19892493055873228,59.40771374044221,0.5310285862577402,Normal (15-25)
2018-04-12,90.7353286743164,91.55167981141751,89.2386777991085,89.28669665830205,16435500,False,18.489999771118164,False,2.83,False,0.0248600183241218,0.0245560357755213,0.3087361114727482,88.68595466613769,90.18189712524412,-0.0087435458807157,0.04,-0.0864624515706365,-0.855055336738166,False,False,False,0.028300000000000002,0.3087361114727482,0.7860204565444482,57.954889576891915,58.05084327470955,0.18092545166270357,57.18742092080258,0.8634223539069694,Normal (15-25)
2018-04-13,88.2782211303711,92.15990042261478,87.27778800834132,92.0558514699818,39152800,True,17.40999984741211,False,2.82,False,-0.0270799431692676,-0.0274533617021691,0.3227627371539184,88.51153678894043,90.10528121948242,-0.0380133769215221,-0.0100000000000002,-0.0584099479218512,-0.772445530430116,False,False,False,0.0282,0.3227627371539184,0.780981689713732,60.364951747201275,60.45779441919688,0.1493328209555319,59.58488281354116,0.8729116056557231,Normal (15-25)
2018-04-16,88.20619201660156,89.21463037331081,87.870047933085,88.79044768132664,16580500,False,16.559999465942383,False,2.83,False,-0.0008159329996371,-0.0008162660541461,0.3225254337230303,88.32555274963379,90.00811340332031,-0.0404639159000964,0.0100000000000002,-0.0488225381343742,-0.7697288315262458,False,False,False,0.028300000000000002,0.3225254337230303,0.7737344884687838,60.41349260283735,60.504919929939014,0.14914088295137093,59.64063590594295,0.8642840239960634,Normal (15-25)
2018-04-17,88.20619201660156,89.57478387619862,88.03011479966635,89.13459694002013,15501400,False,15.25,False,2.82,False,0.0,0.0,0.3217878934763656,88.17580146789551,89.95219467163086,-0.0328397549056269,-0.0100000000000002,-0.0791062504945457,-0.799464431310405,False,False,False,0.0282,0.3217878934763656,0.7646180192922554,60.41895831316832,60.5086621558581,0.1527048586652372,59.65558291258489,0.853079243273207,Normal (15-25)
2018-04-18,87.49390411376953,88.89451088861885,87.1497547762744,88.46232292249746,16081400,False,15.600000381469728,False,2.87,False,-0.008075259645014,-0.0081080411529138,0.3224796889116508,87.98605499267578,89.96930541992188,-0.0415705771887465,0.0500000000000002,0.0229508446865396,-0.8006855166541355,False,False,False,0.0287,0.3224796889116508,0.7271090271011804,61.00443645216299,61.08674703173773,0.1486769661211647,60.278003701511494,0.8087433302262355,Normal (15-25)
2018-04-19,89.41474151611328,89.53479475203287,87.63797072175493,87.6619801477066,17911000,False,15.960000038146973,False,2.92,False,0.0219539569276283,0.0217164388367304,0.3334015981845917,87.88836936950683,89.97211685180665,-0.0213827899924566,0.0499999999999998,0.0230769005047504,-0.7604122378315843,False,False,False,0.0292,0.3334015981845917,1.009259716238347,59.3371279962997,59.478055353560705,0.12955139801078558,58.327999468296895,1.1500558852638108,Normal (15-25)
2018-04-20,89.21466827392578,90.23110613146056,88.7424604364339,89.87895765414822,15584400,False,16.8799991607666,False,2.96,False,-0.002237586764722,-0.0022400939026442,0.2966222578612155,87.97139511108398,89.9588233947754,0.0189655746330266,0.04,0.0576440551642032,-0.6795306170394781,False,False,False,0.0296,0.2966222578612155,0.5625370056156473,59.027609031925905,59.08306079514705,0.14258274842972934,58.46569937860389,0.6173614165431616,Normal (15-25)
2018-04-23,88.7824478149414,89.59879865317569,88.54234139455255,89.29466914602173,11285800,False,16.34000015258789,False,2.98,False,-0.00484472416192,-0.0048564978803603,0.2790204127643338,88.14986953735351,90.01635696411132,0.0418890337238684,0.02,-0.0319904641603185,-0.6538831543735009,False,False,False,0.0298,0.2790204127643338,0.3850844285309405,59.243300493904854,59.27312334411003,0.14508996625354897,58.858935525628944,0.4141878184810892,Normal (15-25)
2018-04-24,88.36628723144531,90.35914892094324,87.7099970372564,89.43874894103371,16453100,False,18.020000457763672,False,3.0,False,-0.0046874195715299,-0.0046984399743034,0.2583934940325609,88.17614402770997,90.03116638183593,0.0059822977766301,0.02,0.1028151951950691,-0.5871194967405556,False,False,False,0.03,0.2583934940325609,0.23036546431000238,59.46604138648465,59.47874709357074,0.14578184783449305,59.23635751837321,0.24238957519752802,Normal (15-25)
2018-04-25,88.0301284790039,88.46231641332434,86.91764709676002,88.25422456950476,13548200,False,17.84000015258789,False,3.03,False,-0.0038041515941589,-0.0038114057820322,0.2482554855886113,88.27081451416015,90.01217864990234,0.0219814471282482,0.0299999999999998,-0.0099889179025093,-0.5600855327306843,False,False,False,0.030299999999999997,0.2482554855886113,0.16957377739123203,59.69000299794206,59.697584892778465,0.14617137147809559,59.52107228575365,0.17651260702481864,Normal (15-25)
2018-04-26,88.1181869506836,88.69443765958394,87.50992163504858,88.01414405841733,10299500,False,16.239999771118164,False,3.0,False,0.0010003219715928,0.0009998219829746,0.2480417884062642,88.3766586303711,89.98396301269531,0.0246145373423478,-0.0299999999999998,-0.0896861192704434,-0.5445637474950863,False,False,False,0.03,0.2480417884062642,0.17000949233086504,59.648071784288135,59.65568989536732,0.15264805333614076,59.4793222228919,0.17636767247541485,Normal (15-25)
2018-04-27,87.55792236328125,88.16618751055599,87.34182535417567,87.67797557876655,9384000,False,15.40999984741211,False,2.96,False,-0.0063581038919456,-0.0063784027216182,0.241072953992833,88.37605247497558,89.90313400268555,-0.0001384389815595,-0.04,-0.0511083704066399,-0.4863518823263158,False,False,False,0.0296,0.241072953992833,0.12816292818339248,60.21182492827538,60.21651986509126,0.15196764996750067,60.08464836698559,0.13187149810566723,Normal (15-25)
2018-04-30,87.06172180175781,88.27825232751164,87.03771237532975,87.83805915579255,13744900,False,15.93000030517578,False,2.95,False,-0.0056671121028281,-0.0056832311102832,0.2311993984890653,88.43504409790039,89.80473617553712,0.0137378493593731,-0.0099999999999997,0.0337443519086728,-0.4119505326930966,False,False,False,0.029500000000000002,0.2311993984890653,0.08675911342729248,60.66975708807527,60.67215752446299,0.21816250278140153,60.63796149014242,0.034196034320565616,Normal (15-25)
2018-05-01,87.06172180175781,87.21378964401738,86.06929350370912,86.79760589872636,10503400,False,15.489999771118164,False,2.97,False,0.0,0.0,0.2260881061950492,88.43510971069335,89.71955718994141,1.5072934600457444e-05,0.02,-0.0276208741762958,-0.3715079755161232,False,False,False,0.0297,0.2260881061950492,0.07276133432201826,60.62663429523923,60.628409368521126,0.23413493195638316,60.65266665673473,-0.02425728821360451,Normal (15-25)
2018-05-02,86.3734130859375,87.62995714159585,86.22135136743763,86.52548091059802,12162100,False,15.970000267028809,False,2.97,False,-0.0079059855649031,-0.0079374035718798,0.2204383684393243,88.33466529846191,89.62013442993164,-0.0227295308493414,0.0,0.030987766494718,-0.3631259744428877,False,False,False,0.0297,0.2204383684393243,0.052657005490126085,61.27898648441372,61.279994245489725,0.23664414161427785,61.3230707285701,-0.043076483080376704,Normal (15-25)
2018-05-03,85.82917785644531,86.25336062778177,84.18046561882487,86.1092979784448,15379100,False,15.899999618530272,False,2.94,False,-0.0063009577837418,-0.0063208926013187,0.2145638433987653,88.14898490905762,89.50218200683594,-0.0414729982025385,-0.0300000000000002,-0.0043832590687589,-0.3354561838236687,False,False,False,0.0294,0.2145638433987653,0.03757741612480514,61.83929773802636,61.83985444684858,0.2401050949626407,61.90123909785684,-0.06138465100826096,Normal (15-25)
2018-05-04,86.78158569335938,87.02969119571222,84.82073888422956,85.18089242675211,11967900,False,14.770000457763672,False,2.95,False,0.0110965508548506,0.0110354358294558,0.2012483630837937,88.12257385253906,89.40662246704102,-0.0060499633384543,0.0100000000000002,-0.0710691313130391,-0.1951335408338512,False,False,False,0.029500000000000002,0.2012483630837937,0.024515050960163265,60.88119741706173,60.88146372745594,0.23688566211187828,60.96018525736271,-0.0787215299067725,Low (<15)
2018-05-07,87.533935546875,87.78204111176657,86.72558353375625,87.04572348900581,9356700,False,14.75,False,2.95,False,0.0086694642360423,0.0086321002263057,0.1988910047300387,88.08135719299317,89.28900192260743,-0.0093294402741662,0.0,-0.0013541270916588,-0.2174348721543446,False,False,False,0.029500000000000002,0.1988910047300387,0.025266525142132235,60.14692614463385,60.14720944094082,0.23540796701784955,60.232074084438786,-0.08486464349796563,Low (<15)
2018-05-08,88.83048248291016,89.11060261916441,87.46189029764419,87.6619769815631,12543200,False,14.710000038146973,False,2.97,False,0.0148119346849295,0.0147033093014746,0.1938180926346811,88.02053108215333,89.17406021118164,-0.0135098576666019,0.02,-0.0027118618205442,-0.1376659739446731,False,False,False,0.0297,0.1938180926346811,0.025362879378859282,58.85121086909287,58.85150058431671,0.24441048581786864,59.001764750421486,-0.1502641661047761,Low (<15)
2018-05-09,90.7673110961914,90.95138739526756,88.86248227480876,89.19062731270274,11368100,False,13.420000076293944,False,3.0,False,0.0218036484677865,0.02156934853628,0.1994082942595572,88.13217849731446,89.12031082153321,0.0252212613586459,0.0299999999999998,-0.0876954424546372,-0.2381328773802223,False,False,False,0.03,0.1994082942595572,0.047286886505433445,56.93723608660427,56.938116380584155,0.2311664750168804,57.04575727590454,-0.10764089532038668,Low (<15)
2018-05-10,91.47162628173828,91.59167950955326,90.23909161474876,90.59124612136314,9159700,False,13.229999542236328,False,2.97,False,0.0077595686931881,0.0077296180761756,0.1810265699904258,88.16899337768555,89.11027038574218,0.0081147841549649,-0.0299999999999998,-0.0141580128895264,-0.1231847038662259,False,False,False,0.0297,0.1810265699904258,0.022039354166691505,56.26757080612272,56.26780461990644,0.22930441385033537,56.407576821001165,-0.139772201094722,Low (<15)
2018-05-11,91.12751007080078,91.82381416025969,90.97544218655776,91.63172648348016,10253000,False,12.649999618530272,False,2.97,False,-0.0037619994847101,-0.0037690936024053,0.150277684718931,88.31145782470703,89.1263151550293,0.0322762387364126,0.0,-0.0438397538756086,-0.2686999233820711,False,False,False,0.0297,0.150277684718931,0.002398978206243574,56.58412142074245,56.58412582953382,0.2291770996795234,56.73535651426244,-0.151230684728624,Low (<15)
2018-05-14,91.15950775146484,91.7997815699818,91.03144932406433,91.3275798578066,8710700,False,12.93000030517578,False,3.0,False,0.000351130856524,0.0003510692245116,0.1500825345970707,88.4591236114502,89.14475158691407,0.0334819548077467,0.0299999999999998,0.0221344422995357,-0.2840703127956512,False,False,False,0.03,0.1500825345970707,0.0023966743764739784,56.509181763492634,56.50918616922377,0.22960958805833537,56.66379979009532,-0.15461362087155095,Low (<15)
2018-05-15,90.4631805419922,91.16748949936152,90.09502181707656,91.16748949936152,11536200,False,14.630000114440918,False,3.08,False,-0.0076385582442052,-0.0076678814503502,0.1536307662403909,88.57197303771973,89.1215495300293,0.0255876427016126,0.08,0.1314771669869676,-0.3752742783664266,False,False,False,0.0308,0.1536307662403909,0.002743788419388077,57.073412323005996,57.073417909081904,0.2285200206026974,57.20913638391569,-0.13571847483378718,Low (<15)
2018-05-16,90.71131134033205,90.99143762984038,90.1430657952118,90.35115769119564,7571100,False,13.420000076293944,False,3.09,False,0.0027428927089807,0.0027391378433362,0.1496137668331623,88.73284339904785,89.10171798706055,0.0367729301732708,0.0099999999999997,-0.0827067688777809,-0.3540765143513796,False,False,False,0.030899999999999997,0.1496137668331623,0.002068993109406697,56.81577702808909,56.81578038778932,0.23515148755336437,56.9901117180872,-0.17433133029788195,Low (<15)
2018-05-17,90.40715026855467,90.76730989852705,89.79888514911866,90.599231740844,8617200,False,13.43000030517578,False,3.11,False,-0.0033530666383624,-0.0033587007642281,0.1302209213231231,88.78246383666992,89.08265121459961,0.0110989388954678,0.02,0.0007451735339034,-0.4787526059379637,False,False,False,0.0311,0.1302209213231231,0.0002223550904971736,57.08200216711508,57.082002222994625,0.23515924962449675,57.251252293840245,-0.16925007084562083,Low (<15)
2018-05-18,88.94251251220703,90.27909593059393,88.71041127315972,90.2390761594562,11806300,False,13.420000076293944,False,3.06,False,-0.0162004637022284,-0.0163331259589112,0.1430349659335456,88.76885604858398,89.03413238525391,-0.0030505719180966,-0.0499999999999998,-0.0007446186637822,-0.4467428352721947,False,False,False,0.030600000000000002,0.1430349659335456,0.0006201026826193126,58.58602768620426,58.586028048899436,0.22970312121890687,58.69996838813843,-0.11394033923899372,Low (<15)
2018-05-21,89.7588882446289,90.07102298519644,89.57480580744652,89.67885479174306,9441900,False,13.079999923706056,False,3.06,False,0.0091786898004464,0.0091368216288509,0.1455239493779174,88.81767807006835,88.949384765625,0.0109981246712502,0.0,-0.0253353316434392,-0.4653284660570905,False,False,False,0.030600000000000002,0.1455239493779174,0.0010442882309692411,57.78887780390855,57.78887875720425,0.22677195659000063,57.905319587103584,-0.11644082989933224,Low (<15)
2018-05-22,90.44718170166016,91.47162449416102,89.87093110433825,89.91894995206151,11507600,False,13.220000267028809,False,3.06,False,0.0076682484653261,0.0076389968917828,0.1461921138233627,88.92172279357911,88.88445495605468,0.0235485108111948,0.0,0.0107033902247213,-0.4301454660465127,False,False,False,0.030600000000000002,0.1461921138233627,0.001376320468938097,57.11676822550932,57.116769818611886,0.22401454308646143,57.234205218962416,-0.11743540035053002,Low (<15)
2018-05-23,90.031005859375,90.25510197652513,88.93453469958179,90.0470162141207,11453900,False,12.579999923706056,False,3.01,False,-0.0046013135451573,-0.004611932173942,0.1465812231927754,89.02176666259766,88.83365768432617,0.022729461094088,-0.0500000000000002,-0.0484115227228049,-0.400399880403158,False,False,False,0.0301,0.1465812231927754,0.0012449158911493133,57.595985808674854,57.59598712641911,0.22399580761180127,57.70551188578167,-0.10952475936255723,Low (<15)
2018-05-24,89.02259063720703,89.75890833844976,88.13420506712588,89.75090315952079,14084800,False,12.529999732971191,False,2.98,False,-0.0112007548126594,-0.0112639556413195,0.1530195586794553,89.06698684692383,88.78339599609374,0.0102635303541775,-0.0299999999999998,-0.0039745779839508,-0.4189302781877343,False,False,False,0.0298,0.1530195586794553,0.0016900669576462649,58.62529395559558,58.62529622438816,0.22753429747708379,58.73035078218129,-0.10505455779313166,Low (<15)
2018-05-25,88.56635284423828,88.90249693237986,88.19818805494837,88.40627986929492,8283500,False,13.220000267028809,False,2.93,False,-0.005124966479891,-0.0051381441633397,0.1523417987457018,89.11740837097167,88.71939147949219,0.0115172956796874,-0.0499999999999998,0.0550678809866183,-0.4823157066072254,False,False,False,0.029300000000000003,0.1523417987457018,0.0013719153083390292,59.1435223192142,59.14352385978875,0.22857697701554358,59.24466222717128,-0.10113836738253212,Low (<15)
2018-05-29,84.7807388305664,87.39787024351796,84.00440143869591,87.3818659938397,30643800,True,17.020000457763672,False,2.77,False,-0.0427432528505451,-0.043683640177957,0.2161208724434903,89.00335922241212,88.57648880004882,-0.0261996078642376,-0.1600000000000001,0.2874432763978236,-0.7699905766163178,True,False,False,0.0277,0.2161208724434903,0.032501747190934016,63.106337585077014,63.10676335427165,0.1698395403318315,63.07592323392855,0.030840120343100352,Normal (15-25)
2018-05-30,86.71758270263672,86.91766942142738,85.35699545732511,86.14933715401071,17490800,False,14.9399995803833,False,2.84,False,0.0228453290073478,0.0225882819973892,0.2324525523222293,88.98615226745605,88.48681610107423,-0.0039528175184119,0.0699999999999998,-0.1222092139504954,-0.7993300963796145,False,False,False,0.028399999999999998,0.2324525523222293,0.08475570163130097,61.16425876701784,61.1665522071265,0.15431827389290595,61.080435210644374,0.08611699648212578,Low (<15)
2018-05-31,85.64510345458984,86.58951282003001,85.17289571878935,86.39742521250396,19808200,False,15.43000030517578,False,2.83,False,-0.0123674947412281,-0.0124446086680034,0.234966763359214,88.94973678588867,88.37394149780273,-0.0084321043400591,-0.0099999999999997,0.0327979075338038,-0.796735239754479,False,False,False,0.028300000000000002,0.234966763359214,0.07824597046389181,62.22010910999384,62.22208534124214,0.16293871263273388,62.143367700852515,0.07871764038962681,Normal (15-25)
2018-06-01,86.7575912475586,87.18977923688666,86.2773844059145,86.7095662890813,13594200,False,13.460000038146973,False,2.89,False,0.0129895084259965,0.0129058682790496,0.2384045850589031,88.99615745544433,88.28172424316406,0.0108169903790307,0.06,-0.1276733783581325,-0.8077016022079987,False,False,False,0.028900000000000002,0.2384045850589031,0.10433352317525557,61.071867726735675,61.075144317598784,0.15558364310116543,60.96861354443699,0.10653077316179349,Low (<15)
2018-06-04,86.79759216308594,87.44587710486002,86.65352952115396,87.22978008888187,9415400,False,12.739999771118164,False,2.94,False,0.0004610653079706,0.0004609590500215,0.2351887259665153,88.99695777893066,88.26659301757813,0.0001844454626944,0.0499999999999998,-0.0534918473245361,-0.7962439433849847,False,False,False,0.0294,0.2351887259665153,0.09514197535755375,60.9507512025376,60.95355373218114,0.15973792998672756,60.85722774577853,0.09632598640261136,Low (<15)
2018-06-05,86.30938720703125,86.68555114177714,85.69312292039031,86.62952711571887,10415200,False,12.399999618530272,False,2.92,False,-0.005624637088289,-0.0056405149255153,0.2337614034727772,88.93573036193848,88.28852157592773,-0.0139894125883097,-0.02,-0.0266876105727003,-0.7961953623116617,False,False,False,0.0292,0.2337614034727772,0.0840703364094666,61.445774594230784,61.44802936992182,0.16530470432842398,61.36396467027405,0.08406469964776875,Low (<15)
2018-06-06,88.32625579833984,88.63038532373342,86.82160631132274,86.96566895096397,15453600,False,11.640000343322754,False,2.97,False,0.0233678937665344,0.0230990447710153,0.2430322686380479,88.91051902770997,88.2982307434082,-0.0056762799264016,0.0500000000000002,-0.061290266015153,-0.8093758948919011,False,False,False,0.0297,0.2430322686380479,0.15123176194660237,59.469693767433995,59.475958764467485,0.140501936399239,59.318831036135336,0.15712772833214927,Low (<15)
2018-06-07,88.67839050292969,89.23863058431382,88.06212030724821,88.98251996051552,13444400,False,12.130000114440918,False,2.93,False,0.0039867500485224,0.0039788240196278,0.229517301411582,88.80607299804687,88.34906417846679,-0.0230140186817693,-0.04,0.0420961990262527,-0.7865931575497045,False,False,False,0.029300000000000003,0.229517301411582,0.1043021607073884,59.13699520613797,59.14034134133132,0.1400697202146148,59.03308404562857,0.10725729570275178,Low (<15)
2018-06-08,88.9265365600586,88.95054598791609,88.08616994807592,88.53436832400881,10383200,False,12.18000030517578,False,2.93,False,0.0027982697444277,0.0027943618761287,0.2276558904419527,88.67881851196289,88.40756881713867,-0.0278238162492121,0.0,0.0041220272269688,-0.787808627743422,False,False,False,0.029300000000000003,0.2276558904419527,0.10175168968887127,58.89201364322918,58.8952302954402,0.1828396050164007,58.80462594300917,0.09060435243102916,Low (<15)
2018-06-11,88.70242309570312,89.56679896667333,88.65439814320888,88.93452436325033,12642900,False,12.350000381469728,False,2.96,False,-0.0025202090739709,-0.0025233901466286,0.2275212277022675,88.55756416320801,88.43021636962891,-0.0266120184038113,0.0299999999999998,0.013957312974919,-0.7981138511083605,False,False,False,0.0296,0.2275212277022675,0.09831749518872468,59.06383735979587,59.06686495842738,0.18357185547635546,58.97987969649907,0.08698526192831224,Low (<15)
2018-06-12,88.19022369384766,89.26268557032643,87.65398664944622,88.95055077904308,15294100,False,12.34000015258789,False,2.96,False,-0.0057743563702069,-0.0057910924236743,0.2279882478858441,88.40909996032715,88.47638305664063,-0.0325724011774237,0.0,-0.0008097351071213,-0.798501922397119,False,False,False,0.0296,0.2279882478858441,0.0924585870917809,59.558381567888134,59.56109199981945,0.18294085299796684,59.4783084921843,0.08278350763515618,Low (<15)
2018-06-13,88.0141372680664,89.19864709505413,87.70200250918711,88.4063054845268,14979700,False,12.9399995803833,False,2.98,False,-0.0019966660521526,-0.0019986620471474,0.2268685351411181,88.28664779663086,88.49545761108398,-0.0270722658572564,0.02,0.0486223193173609,-0.8104992157056831,False,False,False,0.0298,0.2268685351411181,0.08684217879025335,59.69567409897489,59.69810493791809,0.18407407018535552,59.62162172961535,0.07648320830274002,Low (<15)
2018-06-14,86.46146392822266,88.32627343988429,86.26137722798845,88.26224423033058,20487300,False,12.119999885559082,False,2.94,False,-0.0176411811560992,-0.017798641397136,0.2335231946993354,88.07415542602538,88.45704086303711,-0.0468502477730119,-0.04,-0.0633693756889541,-0.7391231799505961,False,False,False,0.0294,0.2335231946993354,0.08555946555195848,61.26955567552709,61.27188394805369,0.17394048717016453,61.18857915629085,0.083304791762842,Low (<15)
2018-06-15,86.35741424560547,86.74157726036938,85.05284515481044,86.27738079304308,26028600,True,11.979999542236328,False,2.93,False,-0.0012034226335048,-0.0012041473279897,0.2335183897193352,87.87166862487793,88.3933334350586,-0.0447944218009245,-0.0099999999999997,-0.0115511835515413,-0.7391947528102156,False,False,False,0.029300000000000003,0.2335183897193352,0.08409675076347822,61.384312459357844,61.38656998557963,0.22313516029806124,61.35935563256348,0.027214353016148607,Low (<15)
2018-06-18,86.58150482177734,86.75758206985805,85.38898996817711,85.84518733540409,9786800,False,12.3100004196167,False,2.92,False,0.0025949199397581,0.0025915589480918,0.2280226912551594,87.75361824035645,88.37876739501954,-0.0265453226330394,-0.0100000000000002,0.0275459841393925,-0.7485098075982877,False,False,False,0.0292,0.2280226912551594,0.07182901176965528,61.16768270066089,61.16940826618155,0.2232298951275597,61.15738198942034,0.012026276761211818,Low (<15)
2018-06-19,86.07730102539062,86.34141082945325,85.31696789954792,85.55707438269015,12707200,False,13.350000381469728,False,2.89,False,-0.0058234584559899,-0.0058404809087194,0.2251263727093005,87.56953887939453,88.33314804077149,-0.0410164084163395,-0.0299999999999998,0.0844841532414353,-0.7442154710596958,False,False,False,0.028900000000000002,0.2251263727093005,0.05935722079980843,61.69151411984309,61.69274841243689,0.2232378532767064,61.6885076391692,0.004240773267689235,Low (<15)
2018-06-20,86.06927490234375,86.94965494935207,85.98924146282663,86.58149624264531,8876900,False,12.789999961853027,False,2.93,False,-9.324320060299927e-05,-9.324754802047549e-05,0.2223765071162144,87.35064353942872,88.25359344482422,-0.0484029100404357,0.04,-0.0419475957764017,-0.7556005359285937,False,False,False,0.029300000000000003,0.2223765071162144,0.05367368754137247,61.6353927027436,61.636430239372174,0.23112167303498604,61.65758151231621,-0.021151272944038624,Low (<15)
2018-06-21,86.04528045654297,86.60552073682778,85.26093795798313,85.71713535940394,11048700,False,14.640000343322754,False,2.9,False,-0.000278780619774,-0.0002788194863146,0.2223340809230689,87.1513572692871,88.2038117980957,-0.0442705861695867,-0.0300000000000002,0.1446442835799428,-0.7112738583068426,False,False,False,0.028999999999999998,0.2223340809230689,0.053159030210796376,61.70202706800218,61.70304664187438,0.23439626352962067,61.73333643449513,-0.030289792620749267,Low (<15)
2018-06-22,84.63666534423828,86.73357594152857,84.44458384183456,86.5655038636552,19478900,False,13.770000457763672,False,2.9,False,-0.0163706260800219,-0.0165061054016082,0.2258495497810314,86.93206100463867,88.08183853149414,-0.0492675540171895,0.0,-0.0594262202975893,-0.6566996297615554,False,False,False,0.028999999999999998,0.2258495497810314,0.04811869171417649,63.0731605187662,63.074005194394985,0.23059888644880966,63.0838008003485,-0.009795605953513586,Low (<15)
2018-06-25,83.86833190917969,84.5966442351743,83.20404267887196,84.56463574041123,16907600,False,17.329999923706055,False,2.87,False,-0.0090780211145322,-0.0091194774331603,0.22690953247672,86.69715995788575,87.99364074707032,-0.0530452116880211,-0.0299999999999998,0.2585329954680733,-0.6132649543012519,False,False,False,0.0287,0.22690953247672,0.04385845367030339,63.863258795204786,63.863971434001236,0.22572749746898646,63.86190727781851,0.002064156182726151,Normal (15-25)
2018-06-26,83.92436981201172,84.204489983715,82.5237628473335,83.80431656523551,17086800,False,15.920000076293944,False,2.88,False,0.0006681652246609,0.0006679421016603,0.170392705218483,86.654341506958,87.90800430297851,-0.0101009855583605,0.0099999999999997,-0.0813617918995686,-0.3716488544425395,False,False,False,0.0288,0.170392705218483,0.0017669433874736157,63.7518450812326,63.751847384833376,0.2257610951557196,63.79311819932222,-0.04127081448884695,Normal (15-25)
2018-06-27,82.6277847290039,84.77271395093138,82.61978565910464,83.78028583516202,16276800,False,17.90999984741211,False,2.83,False,-0.0154494467567898,-0.0155700330661651,0.1544167853202524,86.44985160827636,87.79643615722657,-0.0471622691289393,-0.0499999999999998,0.1249999850239587,-0.3255348510200113,False,False,False,0.028300000000000002,0.1544167853202524,0.0002511770950624206,65.0899422276879,65.08994229059662,0.21466816624174484,65.1104130479808,-0.020470757384174476,Normal (15-25)
2018-06-28,83.98036193847656,84.40454462391307,82.84387132727699,82.9799287723869,14491300,False,16.850000381469727,False,2.84,False,0.0163695204211118,0.016236984234922,0.1631782699336871,86.3666145324707,87.7261653137207,-0.0194376730129813,0.0099999999999997,-0.0591847836389315,-0.3608061706759785,False,False,False,0.028399999999999998,0.1631782699336871,0.0009476693512521367,63.754631522770126,63.754632260876264,0.2117570135197149,63.777170954007545,-0.022538693131281207,Normal (15-25)
2018-06-29,83.39612579345703,85.55706560146247,83.35611212114785,85.38098834605155,18972400,False,16.09000015258789,False,2.85,False,-0.0069568186125172,-0.0069811300944452,0.1558037554216305,86.19854125976562,87.60579299926758,-0.0387454908067904,0.0100000000000002,-0.0451038701291439,-0.2561340167966225,False,False,False,0.0285,0.1558037554216305,0.0003802376798821422,64.31026563399789,64.31026577070416,0.20672639458790204,64.32626563899314,-0.015999868288972152,Normal (15-25)
2018-07-02,84.10043334960938,84.10843242023529,82.73984028542735,83.01196134072806,11130000,False,15.600000381469728,False,2.87,False,0.0084453270394917,0.008409864785425,0.1599502212126593,86.0636833190918,87.50350830078125,-0.0310741202176301,0.02,-0.0304536834351335,-0.2697635718990774,False,False,False,0.0287,0.1599502212126593,0.0007291739188980649,63.5933735222947,63.59337397963652,0.21978731763169,63.62724611555909,-0.033872135922571545,Normal (15-25)
2018-07-03,82.92391967773438,84.66067050103736,82.85188530161368,84.36454613854272,8311700,False,16.139999389648438,False,2.83,False,-0.0139893889367272,-0.0140881627099515,0.1654522532042991,85.89440994262695,87.38633773803711,-0.0392247893172513,-0.04,0.0346153201906418,-0.2859659423051821,False,False,False,0.028300000000000002,0.1654522532042991,0.0008509619687584562,64.80122724448408,64.80122784267857,0.20820401409845302,64.8163725036689,-0.015144660990330294,Normal (15-25)
2018-07-05,83.46306610107422,83.99416224315496,83.31017190381412,83.79298825279925,10723400,False,14.970000267028809,False,2.84,False,0.0065016996957587,0.0064806548153679,0.1401171362174842,85.65125045776367,87.28827331542969,-0.0550593892304108,0.0099999999999997,-0.0724906547003974,-0.2514211364084045,False,False,False,0.028399999999999998,0.1401171362174842,5.6090729664850635e-05,64.25912212165623,64.25912212556676,0.20825589465710495,64.27697225556348,-0.017850129996716646,Low (<15)
2018-07-06,83.7366714477539,84.09073968470057,82.2399362598261,82.98026131338217,12173700,False,13.369999885559082,False,2.82,False,0.0032781607417626,0.0032727992867837,0.1396844673498322,85.40416450500489,87.20240417480468,-0.0557263052153897,-0.02,-0.1068804510974994,-0.3028807356463819,False,False,False,0.0282,0.1396844673498322,5.840457943841518e-05,64.02098329894719,64.02098330317742,0.20822156713922804,64.03974364986028,-0.018760346682867635,Low (<15)
2018-07-09,86.3277816772461,86.4726271957385,84.25971330392514,84.25971330392514,13900800,False,12.6899995803833,False,2.86,False,0.0309435541763667,0.0304744549195415,0.1835536434014105,85.27422676086425,87.16659606933594,-0.0292236151697797,0.04,-0.0508601578905208,-0.3234527855337499,False,False,False,0.0286,0.1835536434014105,0.008284441967303713,61.43945409249646,61.439492681828455,0.18751652153100948,61.4417707086058,-0.0022780267773470086,Low (<15)
2018-07-10,85.79669952392578,87.22905758513569,85.72427368319983,86.92326914105,14575900,False,12.640000343322754,False,2.87,False,-0.0061519263324276,-0.006170927400089,0.1842938952507966,85.12894058227539,87.13137161254883,-0.0327581081820311,0.0100000000000002,-0.0039400503320612,-0.3195711819954163,False,False,False,0.0287,0.1842938952507966,0.007700810569883976,61.94314509889212,61.943178752452916,0.18337545085957427,61.94274001990033,0.0004387325525883057,Low (<15)
2018-07-11,85.61161804199219,86.1507629584096,85.46677249765007,85.54724088020812,10186500,False,13.630000114440918,False,2.85,False,-0.0021572098106406,-0.0021595399393783,0.1836534674131824,85.00001029968261,87.10236953735351,-0.0292391326821791,-0.02,0.0783227645750139,-0.3194990691348693,False,False,False,0.0285,0.1836534674131824,0.007058570470703046,62.15247594702153,62.15250466602119,0.18183687701294904,62.15171534621927,0.0007893198019175429,Low (<15)
2018-07-12,85.98175811767578,86.55309148610522,85.27362791582155,86.44043454806801,12456800,False,12.579999923706056,False,2.85,False,0.0043234795013691,0.0043141601156628,0.1847569263149453,84.89839134216308,87.08077026367188,-0.0230915079494623,0.0,-0.0770359634569916,-0.3335841571736148,False,False,False,0.0285,0.1847569263149453,0.008238613554513857,61.792040481325714,61.792078525863076,0.18747887193636717,61.79358050198101,-0.0015019761179360103,Low (<15)
2018-07-13,85.58747100830078,86.74623526646631,84.60574086061538,86.34388724786368,21289100,False,12.18000030517578,False,2.83,False,-0.0045857065266724,-0.0045962531336278,0.1748012783651649,84.854691696167,87.06505142211914,-0.0101084677521471,-0.02,-0.0317964722540663,-0.4071341896861573,False,False,False,0.028300000000000002,0.1748012783651649,0.0038188785826004934,62.201987151644886,62.20199665391931,0.1917711125034412,62.20966924276905,-0.0076725888497435335,Low (<15)
2018-07-16,88.9832763671875,89.13616441733784,86.08637228109797,86.14270074996233,24662600,True,12.829999923706056,False,2.85,False,0.039676430660714,0.0389095403793569,0.2253793352018588,84.9859848022461,87.12813339233398,0.0304069099859096,0.02,0.0533661413993615,-0.2409031325541455,True,False,False,0.0285,0.2253793352018588,0.09410246055344729,58.9455129980859,58.9483258055747,0.15573546846115105,58.853478767762645,0.09484703781205184,Low (<15)
2018-07-17,88.91890716552734,89.2649266878538,88.31538517119118,89.07180136868233,14821900,False,12.0600004196167,False,2.86,False,-0.0007233853853002,-0.0007236471547558,0.2254915142525143,85.1028549194336,87.17087982177735,0.0269965548480752,0.0099999999999997,-0.0600155501689929,-0.2333377082206532,False,False,False,0.0286,0.2254915142525143,0.0936639301901736,58.99338339925444,58.99617231067587,0.15655265558179024,58.901906192170564,0.09426611850530264,Low (<15)
2018-07-18,89.74773406982422,90.22250785029232,88.6774870335799,88.85452111648858,14244900,False,12.100000381469728,False,2.88,False,0.0093211548670293,0.0092779809826114,0.2254405701365591,85.28637657165527,87.21515579223633,0.0426411260658707,0.02,0.0033167463069043,-0.2120265879143651,False,False,False,0.0288,0.2254405701365591,0.10614262937898067,58.166972379275904,58.170458122496704,0.15792539977949024,58.06392638702388,0.1065317354728208,Low (<15)
2018-07-19,88.42801666259766,89.3936491198149,88.29926853332803,89.36950922928568,16775300,False,12.869999885559082,False,2.84,False,-0.0147047434779781,-0.0148139299127118,0.2332303267005404,85.40431365966796,87.20710647583007,0.0274051543123861,-0.04,0.063636320645787,-0.2465334431400188,False,False,False,0.028399999999999998,0.2332303267005404,0.11218982351272744,59.52065133652776,59.52442377258031,0.14895531343661605,59.40938663011094,0.11503714246937591,Low (<15)
2018-07-20,89.54656982421875,89.91672924719379,88.33952582520931,88.51655992735894,13578100,False,12.859999656677246,False,2.89,False,0.0126493073557105,0.0125699731818249,0.2364488043359323,85.57937812805176,87.18269165039062,0.0406912424376848,0.0500000000000002,-0.0007770185680464,-0.2487443245789763,False,False,False,0.028900000000000002,0.2364488043359323,0.14606676382766515,58.3888543829719,58.39483299815914,0.143915479808142,58.24357804839577,0.15125494976336995,Low (<15)
2018-07-23,91.21228790283205,91.92846683229617,89.26492510899342,89.36953337599789,18140000,False,12.619999885559082,False,2.96,False,0.0186016960993942,0.018430800594994,0.2327729276598356,85.90815925598145,87.1775048828125,0.0776923633728843,0.0699999999999998,-0.0186625021403907,-0.3125715446275559,False,False,False,0.0296,0.2327729276598356,0.16594998522399873,56.67940886313097,56.68696898231837,0.12953370487506943,56.51371874461968,0.17325023769868864,Low (<15)
2018-07-24,91.85604858398438,92.36300484805956,91.26861780934912,91.37323221733992,14000400,False,12.40999984741211,False,2.95,False,0.0070578284566014,0.0070330385588908,0.2278831274808743,86.30754508972169,87.19207565307617,0.0952411535197161,-0.0099999999999997,-0.0166402567394056,-0.2400451137639839,False,False,False,0.029500000000000002,0.2278831274808743,0.15649229838312828,56.0555799577033,56.06247811576552,0.12894931173383573,55.89939069514784,0.16308742061768555,Low (<15)
2018-07-25,92.68489074707033,92.95848445559872,91.2364354097328,91.63878343239948,13329100,False,12.289999961853027,False,2.94,False,0.0090232725646601,0.0089828060853209,0.227873866709536,86.74557113647461,87.22258331298828,0.1043859007184913,-0.0100000000000002,-0.0096696121703906,-0.2657600611031163,False,False,False,0.0294,0.227873866709536,0.17505986479634705,55.278958827009276,55.28736506361623,0.12548703548492102,55.10415687438073,0.18320818923550064,Low (<15)
2018-07-26,92.41932678222656,93.0148000543074,92.20206158138043,92.8780032189842,11897800,False,12.140000343322754,False,2.98,False,-0.0028652346968662,-0.0028693473394697,0.2169585132690914,87.23514823913574,87.26170623779296,0.1185018100792147,0.04,-0.01220501375068,-0.1052515214715457,False,False,False,0.0298,0.2169585132690914,0.12021579268391647,55.42531258099544,55.42976168359712,0.1252884914787775,55.305327251820486,0.12443443177663482,Low (<15)
2018-07-27,93.36888885498048,93.58616024316456,92.38715861644584,92.68489838792829,12802700,False,13.029999732971191,False,2.96,False,0.0102744967510035,0.0102220728893459,0.2140432350238955,87.70457458496094,87.31485778808593,0.1117943135727599,-0.02,0.0733113150312188,-0.0326112152945888,False,False,False,0.0296,0.2140432350238955,0.12507272106305156,54.53159857069558,54.53640846443041,0.11926333017235918,54.40666391390865,0.1297445505217567,Low (<15)
2018-07-30,93.93218231201172,94.64031269893007,93.39303123696789,93.57006536853352,13411600,False,14.260000228881836,False,2.98,False,0.0060329887603796,0.0060148631482309,0.2090057727786176,88.23137741088867,87.38535842895507,0.1263374817272544,0.02,0.0943975841226032,-0.0620106450983869,False,False,False,0.0298,0.2090057727786176,0.11477691306911075,53.94186021931452,53.94604824759177,0.1338589991459065,53.8281931348916,0.11785511270016968,Low (<15)
2018-07-31,92.4998016357422,94.21380802438118,92.3951933671594,94.21380802438118,15843800,False,12.829999923706056,False,2.96,False,-0.0152490939847603,-0.0153665570856048,0.2219241676083824,88.6513458251953,87.45650421142578,0.0998730678499153,-0.02,-0.1002805247000974,0.0723061110354677,False,False,False,0.0296,0.2219241676083824,0.14259486940674782,55.398192293843195,55.40413442371609,0.12261313574429558,55.25575899470738,0.14837542900870915,Low (<15)
2018-08-01,93.07115173339844,93.8999877150504,92.76536329324762,93.14357143384856,13531600,False,13.149999618530272,False,3.0,False,0.0061767710584523,0.0061577729990711,0.2104512206506454,89.15870742797851,87.52274948120117,0.1223679741032388,0.04,0.0249415196201949,0.1338299146072649,False,False,False,0.03,0.2104512206506454,0.10626724103262197,54.74543475359829,54.749072559799686,0.12142218110375903,54.63933936338614,0.10973319641354351,Low (<15)
2018-08-02,93.46546173095705,93.54593012039598,92.00091494152764,92.19404030405002,11058100,False,12.1899995803833,False,2.98,False,0.004236651102031,0.0042277017636631,0.2105147879359209,89.65882720947266,87.58311508178711,0.1198421780691578,-0.02,-0.0730038073000542,0.1434401243564688,False,False,False,0.0298,0.2105147879359209,0.1127604302482248,54.3958154387318,54.39985654079536,0.12159073998731983,54.28325854317853,0.11659799761682876,Low (<15)
2018-08-03,94.22185516357422,94.254043741481,93.29645964096387,93.34473943815232,11016100,False,11.640000343322754,False,2.95,False,0.0080927587432722,0.0080601879781306,0.210456287532075,90.18308639526369,87.66693206787109,0.1252161512338399,-0.0299999999999998,-0.0451188889247896,0.1289657072812199,False,False,False,0.029500000000000002,0.210456287532075,0.1254969786089155,53.713264124005946,53.71815056559868,0.11845176973600585,53.58793758798295,0.13021297761572725,Low (<15)
2018-08-06,94.24600982666016,94.57593203654726,93.48959352498412,93.98045863913424,9857400,False,11.270000457763672,False,2.94,False,0.0002563594512547,0.0002563265967855,0.1893454926006551,90.57899780273438,87.77140045166016,0.0917228265984866,-0.0100000000000002,-0.0317869308115038,0.2505194962832299,False,False,False,0.0294,0.1893454926006551,0.05558000751341907,53.63431347882711,53.63552771519127,0.12032088412520361,53.578958861792486,0.0565688533987867,Low (<15)
2018-08-07,94.59200286865234,95.187476099067,94.41496879328363,94.74489091064522,10562100,False,10.93000030517578,False,2.98,False,0.0036711691309643,0.0036644468369988,0.1852059814483388,91.01876296997072,87.89191345214844,0.1025133063804377,0.04,-0.0301686014887135,0.2579197904790813,False,False,False,0.0298,0.1852059814483388,0.049375249565339785,53.231834096132374,53.232828857798914,0.119890507531644,53.18270399609945,0.05012486169946584,Low (<15)
2018-08-08,94.7851333618164,95.17138396623332,94.3747367226986,94.41497397452407,8997100,False,10.850000381469728,False,2.96,False,0.0020417211530263,0.0020396396731125,0.1836605102056283,91.47743873596193,88.09200134277344,0.1071526917681271,-0.02,-0.0073192974814618,0.33327581779926,False,False,False,0.0296,0.1836605102056283,0.04744894792929144,53.07034732369269,53.07127782976035,0.11967301064906861,53.02315232474096,0.04812550501938517,Low (<15)
2018-08-09,94.05290222167967,94.7288503125202,93.90805664073856,94.55986482464648,9694200,False,11.270000457763672,False,2.93,False,-0.0077251686437116,-0.0077551623297081,0.1892865706389399,91.88099594116213,88.2387077331543,0.0938704241538956,-0.0299999999999998,0.0387096830900803,0.2784619777436133,False,False,False,0.029300000000000003,0.1892865706389399,0.053502515301051434,53.83546234566856,53.83659625833707,0.11798166793764411,53.78210728776898,0.054488970568087325,Low (<15)
2018-08-10,93.1274642944336,93.3044922450542,92.28253109755089,92.94238152601466,12630600,False,13.15999984741211,False,2.87,False,-0.0098395467379076,-0.00988827498396,0.1935257249485198,92.25799560546876,88.38835494995118,0.0880969281754047,-0.06,0.1677018023851504,0.0336595193420197,False,False,False,0.0287,0.1935257249485198,0.054293708413323705,54.8278055112163,54.8289537622183,0.11455189262589192,54.773568252489426,0.055385509728871796,Low (<15)
2018-08-13,91.6468276977539,93.24817103182332,91.59049922286734,92.99066855529286,10336300,False,14.779999732971191,False,2.88,False,-0.0158990326634308,-0.0160267781119561,0.1556181306776462,92.39117317199708,88.48613967895508,0.0299331676614751,0.0099999999999997,0.1231002966825758,-0.2695181481127118,False,False,False,0.0288,0.1556181306776462,0.004238120278897542,56.20971160480626,56.209724002014816,0.10214998990289201,56.20547557725251,0.004248424762309355,Low (<15)
2018-08-14,92.25839233398438,92.57222326482896,91.45369638015868,91.95260394235116,10597600,False,13.3100004196167,False,2.89,False,0.0066730584308642,0.0066508921331444,0.1564156912609312,92.55814743041992,88.59535568237305,0.0375565250958427,0.0100000000000002,-0.0994586833499882,-0.3114465312767834,False,False,False,0.028900000000000002,0.1564156912609312,0.00529419939714959,55.59871434657059,55.59873300314799,0.1077254766123523,55.59343055632923,0.0053024468187601315,Low (<15)
2018-08-15,91.49393463134766,92.00089705098355,90.9065099772641,91.59050036350293,10152100,False,14.640000343322754,False,2.86,False,-0.0082860505510361,-0.008320570690575,0.1578033742905632,92.6454574584961,88.69904663085937,0.0194567648935279,-0.0300000000000002,0.0999248596375592,-0.3563051349475225,False,False,False,0.0286,0.1578033742905632,0.004815045540199292,56.388811607663456,56.38882716896853,0.10493339209544379,56.384000299239936,0.00482686972859625,Low (<15)
2018-08-16,92.3549575805664,92.78949415899024,91.97675561613282,92.0169867326845,10118600,False,13.449999809265137,False,2.87,False,0.0094107106956109,0.0093667058203851,0.1489169422453119,92.84180450439452,88.7796206665039,0.0444083342155261,0.0100000000000002,-0.0812841875786137,-0.3533933292802929,False,False,False,0.0287,0.1489169422453119,0.0029236161366800323,55.53115080028503,55.531157201723225,0.0988298520650879,55.52822850362619,0.002928698097036886,Low (<15)
2018-08-17,92.3549575805664,92.59636883724964,91.97675561613282,92.25034931032008,8505100,False,12.640000343322754,False,2.87,False,0.0,0.0,0.1438463674461964,92.98222389221192,88.85315200805664,0.0313623152942716,0.0,-0.0602230094742758,-0.3465443237733918,False,False,False,0.0287,0.1438463674461964,0.0018393408522048293,55.53006652500058,55.53006928720815,0.09962030811691579,55.52822880934027,0.0018404778678799971,Low (<15)
2018-08-20,92.23428344726562,92.58030306931782,91.82388665382116,92.2101374034848,8618700,False,12.489999771118164,False,2.82,False,-0.0013066340612577,-0.0013074884518744,0.129224103015666,93.0333236694336,88.91930694580078,0.011204581837946,-0.0500000000000002,-0.0118671335546149,-0.3525879989833931,False,False,False,0.0282,0.129224103015666,0.0003448286188041539,55.71936325976425,55.719363387988444,0.10077665904961676,55.71902042407612,0.00034296391232402357,Low (<15)
2018-08-21,92.79753875732422,93.65856319726124,92.44347056691694,92.83777601144978,10976700,False,12.859999656677246,False,2.85,False,0.0061067890268875,0.0060882181580128,0.1286354096192362,93.08039817810058,89.0012092590332,0.0102496263213307,0.0300000000000002,0.029623690339424,-0.330228086564025,False,False,False,0.0285,0.1286354096192362,0.0003943702273764855,55.12538746355065,55.12538762923311,0.14242234690279326,55.126813383553255,-0.001425754320145245,Low (<15)
2018-08-22,92.51590728759766,92.86997551968642,92.3630130711332,92.78950100196172,8314700,False,12.25,False,2.82,False,-0.0030349023637691,-0.0030395170189984,0.1251641651111804,93.07194900512695,89.0877229309082,-0.0018232039560127,-0.0300000000000002,-0.0474338781463744,-0.311181615829016,False,False,False,0.0282,0.1251641651111804,0.00022253108480910135,55.44410310227802,55.44410315959156,0.14400910732852623,55.44581648306662,-0.0017133234750588144,Low (<15)
2018-08-23,92.32276916503906,92.6607399910369,92.08135792398754,92.50784579574808,9265400,False,12.40999984741211,False,2.82,False,-0.0020876206937926,-0.002089802811358,0.1249634194684457,93.06712112426756,89.17389556884766,-0.0010447773268791,0.0,0.0130612120336415,-0.317412538409403,False,False,False,0.0282,0.1249634194684457,0.00020125409114138404,55.63277185114761,55.63277189859778,0.14639587711294216,55.63485857654489,-0.0020866779471120367,Low (<15)
2018-08-24,92.28252410888672,92.71706062243192,92.09744135448432,92.52393532952595,8845700,False,11.989999771118164,False,2.82,False,-0.0004359169088656,-0.0004360119482619,0.118893722575443,93.01280288696287,89.29031677246094,-0.0116351898305343,0.0,-0.0338436810199904,-0.4101468140150329,False,False,False,0.0282,0.118893722575443,7.972599920809354e-05,55.67196850936533,55.671968517856556,0.1514318313426634,55.675409728273344,-0.003441210416788465,Low (<15)
2018-08-27,93.9160614013672,94.37473783661528,92.676828930496,92.7170661827964,13768000,False,12.15999984741211,False,2.85,False,0.017701480407634,0.0175466338748402,0.1337586920889994,93.01199684143066,89.44148971557617,-0.0001716228692629,0.0300000000000002,0.0141784887021805,-0.4070945393427079,False,False,False,0.0285,0.1337586920889994,0.001050753335472429,54.033281507265684,54.03328252457034,0.13840377760212544,54.03394170518447,-0.0006591806141287293,Low (<15)
2018-08-28,93.45738220214844,94.17356106864727,93.32058537132114,94.14942117371804,8302600,False,12.5,False,2.88,False,-0.0048839271193296,-0.0048958924658673,0.1226598319726612,93.05987586975098,89.5790072631836,0.0103522445396924,0.0299999999999998,0.0279605392149941,-0.6304688849397269,False,False,False,0.0288,0.1226598319726612,0.0002281060794721854,54.43684533511846,54.43684539603172,0.143665775045493,54.439116692379,-0.002271296347281293,Low (<15)
2018-08-29,93.15161895751952,93.6424840522908,92.82973930104502,93.62638669282798,7221700,False,12.25,False,2.89,False,-0.0032716863817943,-0.003277050049706,0.1214840713208571,93.06389923095703,89.72049362182617,0.0008645775046556,0.0100000000000002,-0.02,-0.6451250760494577,False,False,False,0.028900000000000002,0.1214840713208571,0.00017209591308186677,54.720937210181404,54.72093724617542,0.14399484188344724,54.723131847294184,-0.0021946011187665704,Low (<15)
2018-08-30,92.69290924072266,93.37689942864314,92.52392386295465,93.01478264256176,8991800,False,13.529999732971191,False,2.86,False,-0.0049243343479199,-0.0049364988333982,0.1216697868211992,93.02527160644532,89.85296630859375,-0.0082656467525747,-0.0300000000000002,0.1044897741200971,-0.6431523473980209,False,False,False,0.0286,0.1216697868211992,0.00014639484984056966,55.21278151338382,55.21278153985157,0.1519974334878875,55.21679267324541,-0.004011133393838406,Low (<15)
2018-08-31,92.20206451416016,92.41128104330598,91.59049386591612,92.4032385040378,13065700,False,12.859999656677246,False,2.86,False,-0.0052953859209207,-0.0053094561705288,0.1185347708177137,92.9242820739746,89.9761019897461,-0.0214365408737452,0.0,-0.0495195927211458,-0.5864418025556491,False,False,False,0.0286,0.1185347708177137,7.386283307713381e-05,55.69224923433714,55.69224924169968,0.152979463626508,55.69613111975034,-0.00388187805066309,Low (<15)
2018-09-04,92.66073608398438,92.7331557696405,91.43759485193344,92.00892821636596,10174200,False,13.15999984741211,False,2.9,False,0.0049746344861267,0.0049623018752353,0.120396442157736,92.84501838684082,90.136583404541,-0.0168205926764587,0.04,0.0233281647545842,-0.5683964488984077,False,False,False,0.028999999999999998,0.120396442157736,0.00012108382350626244,55.185891743931364,55.18589176254415,0.15261620841546797,55.190147130975724,-0.0042553684315720375,Low (<15)
2018-09-05,92.21011352539062,93.1033265942868,91.9365198268389,92.54004183883129,11462400,False,13.90999984741211,False,2.9,False,-0.0048631446029666,-0.0048750081691346,0.1199840375307917,92.72592391967774,90.30341903686524,-0.0251806629633283,0.0,0.0569908821197657,-0.5669437236730678,False,False,False,0.028999999999999998,0.1199840375307917,9.475152864962203e-05,55.626109839350804,55.62610985106998,0.15554708519877913,55.63093077064209,-0.004820919572111393,Low (<15)
2018-09-06,91.81583404541016,92.29865053151111,91.33301755930916,92.13771374925904,9877600,False,14.649999618530272,False,2.88,False,-0.0042758810818718,-0.0042850488041116,0.1197826671674274,92.57745895385742,90.4612483215332,-0.031326635423635,-0.02,0.0531991214403813,-0.5680036230018912,False,False,False,0.0288,0.1197826671674274,7.751711088801582e-05,56.04043698019153,56.04043698820545,0.15758895945221452,56.045542127786796,-0.005105139581345952,Low (<15)
2018-09-07,91.99284362792967,92.35495436098772,91.43760144052048,92.13768914902153,10955600,False,14.880000114440918,False,2.94,False,0.0019278764317707,0.0019260204630054,0.118085227888318,92.47445602416992,90.64854949951172,-0.0219031900673782,0.06,0.0156996929624302,-0.5639449707427691,False,False,False,0.0294,0.118085227888318,6.479313712258201e-05,55.7800725788146,55.78007258457403,0.15919736055562167,55.7862101103209,-0.006137525746872541,Low (<15)
2018-09-10,91.50196838378906,92.5158869183167,91.46173727312816,92.41932120191424,8276900,False,14.15999984741211,False,2.94,False,-0.0053360155505789,-0.0053503029293386,0.1146878140972414,92.3931812286377,90.79898162841796,-0.0174545277589147,0.0,-0.0483871143475365,-0.4653059477219798,False,False,False,0.0294,0.1146878140972414,2.905298866628047e-05,56.25960690637467,56.259606907651396,0.15881874424963166,56.26490566412471,-0.005298756473315791,Low (<15)
2018-09-11,92.08136749267578,92.20207312574476,91.07549744934032,91.36518851296842,9333800,False,13.220000267028809,False,2.98,False,0.0063320944797222,0.006312130998917,0.1025137361652601,92.4149082183838,90.97268646240236,0.0047414602975126,0.04,-0.0663841518723671,-0.3547303530763653,False,False,False,0.0298,0.1025137361652601,3.052919211793295e-06,55.63527570833183,55.635275708350385,0.15997272392435322,55.64204443322646,-0.0067687248760748275,Low (<15)
2018-09-12,90.99501037597656,92.44345925714448,90.80992762472272,91.93650306963706,10800800,False,13.140000343322754,False,2.97,False,-0.0117977952139517,-0.0118679414597925,0.1079992552419561,92.3517391204834,91.11057800292969,-0.0136939515858269,-0.0099999999999997,-0.0060514313230066,-0.2598857525163505,False,False,False,0.0297,0.1079992552419561,6.068827221199604e-06,56.711176651958596,56.71117665202535,0.1827335098633118,56.73334381748221,-0.022167165456856708,Low (<15)
2018-09-13,91.3490982055664,91.83996331575192,90.66510775116912,91.22839870252406,12470800,False,12.369999885559082,False,2.97,False,0.003891288413802,0.0038837369346917,0.1052200059960826,92.34449729919432,91.27908157348632,-0.0015830166924707,0.0,-0.0585997288923174,-0.1936974118717782,False,False,False,0.0297,0.1052200059960826,3.898050542184054e-06,56.3652415248185,56.36524152484759,0.21059588276655386,56.448905424186904,-0.08366389933931373,Low (<15)
2018-09-14,91.3330078125,92.1296552365178,91.11574256571116,91.58246164017312,10337900,False,12.06999969482422,False,2.99,False,-0.0001761417833616,-0.0001761572981474,0.0991022246378245,92.29339981079102,91.43648040771484,-0.0110654565259791,0.02,-0.02425223876397,-0.0851309346623565,False,False,False,0.029900000000000003,0.0991022246378245,8.325143075741439e-07,56.35183909081101,56.35183909081261,0.2127749760942115,56.44264906991511,-0.09080997910250233,Low (<15)
2018-09-17,91.60659790039062,92.08137177538536,91.17206742408196,91.56636678039216,9561300,False,13.68000030517578,False,2.99,False,0.0029955225875435,0.0029910449494394,0.0998851504693427,92.25598182678225,91.59387893676758,-0.0081030807634007,0.0,0.13338862063451,0.0036154519823851,False,False,False,0.029900000000000003,0.0998851504693427,1.2069416689357819e-06,56.08455033517889,56.084550335182065,0.21197178149008583,56.176631529635124,-0.0920811944530584,Low (<15)
2018-09-18,91.9767608642578,92.26645193306994,91.38128136761976,92.00090076343488,7944200,False,12.789999961853027,False,3.05,False,0.0040407893356073,0.0040326472725844,0.101029854362703,92.24310569763183,91.7068585205078,-0.0027920483944027,0.0599999999999996,-0.0650585031775199,-0.0431165972304311,False,False,False,0.0305,0.101029854362703,2.066643220438789e-06,55.635590691990714,55.63559069199959,0.22778016177915014,55.803305301733864,-0.16771460973427565,Low (<15)
2018-09-19,94.64833068847656,95.00239269745497,92.0893975695732,92.0893975695732,16052800,False,11.75,False,3.08,False,0.0290461394717036,0.0286322949834067,0.1436199077403453,92.33564529418943,91.88389114379883,0.0199444075342598,0.0300000000000002,-0.081313523452298,-0.2775482893311501,False,False,False,0.0308,0.1436199077403453,0.0036487829102289787,52.9855539034164,52.985563812488124,0.20349345099943497,53.09228637346618,-0.10672256097805644,Low (<15)
2018-09-20,95.46109008789062,95.95195516895478,95.01851094452276,95.35648181167863,15590000,False,11.800000190734863,False,3.07,False,0.0085871498578158,0.0085504900060719,0.1451776180490241,92.4829044342041,92.0808805847168,0.0318343394843168,-0.0100000000000002,0.0042553353816905,-0.2947865953178935,False,False,False,0.030699999999999998,0.1451776180490241,0.00517266306089828,52.20758253181752,52.207601315763796,0.20352391533009448,52.32775730381482,-0.12015598805102456,Low (<15)
2018-09-21,94.83341979980467,95.94390417886284,94.74490275105822,95.86342966957106,24788200,True,11.68000030517578,False,3.07,False,-0.0065751426838731,-0.0065968541575517,0.1475470439865574,92.6084369659424,92.25791381835936,0.027194273497987,0.0,-0.0101694816626617,-0.2779738253697872,False,False,False,0.030699999999999998,0.1475470439865574,0.005323825591422471,52.820948327086356,52.82096793064005,0.20353944014632885,52.92931331883129,-0.10834538819123907,Low (<15)
2018-09-24,93.92413330078124,95.32430284833583,93.69077068629812,94.7610180129243,12492500,False,12.199999809265137,False,3.08,False,-0.0095882495953742,-0.0096345128202614,0.1525358433337964,92.69051742553712,92.42464706420898,0.0177889498336385,0.0100000000000002,0.0445205043238678,-0.3174411542020394,False,False,False,0.0308,0.1525358433337964,0.0062596300199244115,53.695683400930704,53.69570928241289,0.20600455149453029,53.797444680798314,-0.10173539838542212,Low (<15)
2018-09-25,93.65855407714844,94.9299750558566,93.6022256104635,94.18160763313269,9308300,False,12.420000076293944,False,3.1,False,-0.0028275930189561,-0.0028315982119154,0.1394338705792894,92.67764205932616,92.5181526184082,-0.0027418880261413,0.02,0.0180328090547781,-0.3731747607195965,False,False,False,0.031,0.1394338705792894,0.0018743407012591085,53.92167369701974,53.921676622931216,0.2070725625032974,54.02783539869467,-0.10615877576345412,Low (<15)
2018-09-26,92.55613708496094,94.04482969078992,92.26645215479633,93.94826395450596,14023600,False,12.890000343322754,False,3.06,False,-0.0117705958953777,-0.011840417796992,0.1446136632604426,92.6325798034668,92.59089721679688,-0.0096433807148386,-0.04,0.037842211283549,-0.3867058324091499,False,False,False,0.030600000000000002,0.1446136632604426,0.0022024224271331855,55.057209559572954,55.05721341718678,0.21168419728464372,55.16188875562136,-0.10467533843458199,Low (<15)
2018-09-27,92.15377807617188,93.1516054808166,91.86409318053316,92.87800566362598,13283000,False,12.40999984741211,False,3.06,False,-0.0043471888678728,-0.0043566653674608,0.1449424704235738,92.58268775939942,92.63901809692383,-0.0107120079341046,0.0,-0.0372382066040279,-0.3736074406418133,False,False,False,0.030600000000000002,0.1449424704235738,0.0020214363312438394,55.450120992358194,55.450124275397435,0.22342784769619273,55.598218394695905,-0.14809411929847016,Low (<15)
2018-09-28,90.80189514160156,91.92847078744153,90.54439266306755,91.45370308675272,15815100,False,12.119999885559082,False,3.05,False,-0.0146698590420555,-0.0147785254812345,0.1528037573387556,92.48813705444336,92.6864956665039,-0.0204008495861333,-0.0100000000000002,-0.0233682486235889,-0.3104533866626651,False,False,False,0.0305,0.1528037573387556,0.0027857142535367557,56.786182139827574,56.78618790403711,0.22284759119792624,56.903753520453165,-0.11756561641605856,Low (<15)
2018-10-01,91.3330078125,92.22622097917066,90.96284834134684,91.22839952913412,10146300,False,12.0,False,3.09,False,0.0058491364092148,0.0058320966239137,0.1537532755610995,92.44468421936035,92.72222442626952,-0.009425566620872,0.04,-0.0099009807501782,-0.3413518489339261,False,False,False,0.030899999999999997,0.1537532755610995,0.0035195063914398445,56.20984914368124,56.20985801126488,0.22915040139045412,56.36674262978868,-0.15688461852380442,Low (<15)
2018-10-02,91.71119689941406,91.83190251780265,90.77774666584128,91.22033188681851,13753100,False,12.050000190734863,False,3.05,False,0.0041407711841754,0.0041322217837902,0.1533926427838192,92.39720726013184,92.73220260620116,-0.0102474815623058,-0.04,0.0041666825612385,-0.3557081619774597,False,False,False,0.0305,0.1533926427838192,0.0037446585655282194,55.8987811377644,55.89879109821874,0.2397989626965318,56.125148464961214,-0.22635736674247653,Low (<15)
2018-10-03,92.5722427368164,93.07115654329516,92.12161487247702,92.4917743523764,17142000,False,11.609999656677246,False,3.15,False,0.0093886664498197,0.0093448668540751,0.1562947194956096,92.41531372070312,92.74652648925782,0.0039272179328362,0.1,-0.0365145665637357,-0.3593449903968286,False,False,False,0.0315,0.1562947194956096,0.006019855015891751,54.91441960096755,54.914443321443926,0.25166405871754655,55.261852899941715,-0.3474095784977891,Low (<15)
2018-10-04,93.4068603515625,94.65477094969812,92.54791138988992,92.82342717037116,16357400,False,14.220000267028809,False,3.19,False,0.0090158517291076,0.0089754515841488,0.1583074677012139,92.49486503601074,92.76096588134766,0.0173284523600303,0.04,0.2248062607693941,-0.0880818655865017,False,False,False,0.0319,0.1583074677012139,0.008640641087812012,54.04351672825061,54.04356256332838,0.2482553048388389,54.39659273474659,-0.3530301714182116,Low (<15)
2018-10-05,92.88016510009766,94.07945182342108,92.39396143040476,93.86066511792843,13777600,False,14.81999969482422,False,3.23,False,-0.0056387212832385,-0.005654678887354,0.1599300147031845,92.53923110961914,92.77018264770508,0.0096455489054867,0.04,0.042194051795245,-0.1065501105965265,False,False,False,0.0323,0.1599300147031845,0.008610432736194717,54.49994705228113,54.49999231302722,0.24823535675914885,54.83160229364404,-0.33160998061681823,Low (<15)
2018-10-08,93.44739532470705,93.820146941161,91.85104184440551,92.58034117326618,14370900,False,15.6899995803833,False,3.215,False,0.0061071190387966,0.0060885461667874,0.1595228234713212,92.63650245666504,92.7717527770996,0.0212610392462622,-0.0150000000000001,0.0587044469280875,-0.1097897062374929,False,False,False,0.03215,0.1595228234713212,0.009550686341671832,53.9685072582207,53.9685621107417,0.24844969688585203,54.3251549885849,-0.35659287784319815,Normal (15-25)
2018-10-09,92.79911041259766,93.21238098488226,92.11033024701354,92.92066130825025,14069500,False,15.949999809265137,False,3.21,False,-0.0069374315876515,-0.0069616074432789,0.1607001767453239,92.67238960266111,92.74909133911132,0.0077946596522793,-0.0049999999999998,0.0165710794031446,-0.0849629404191572,False,False,False,0.0321,0.1607001767453239,0.0088747027418013,54.608448654619394,54.60849635152204,0.24927828048459572,54.944528724031365,-0.3360323725093224,Normal (15-25)
2018-10-10,90.32762908935548,93.14757849159255,90.32762908935548,92.94499567087806,23086400,False,22.959999084472656,False,3.22,False,-0.026632597147253,-0.0269936700696032,0.1827891373090636,92.63902053833009,92.7056478881836,-0.0073342624377267,0.0100000000000002,0.439498392415999,-0.4871329005982243,False,False,False,0.0322,0.1827891373090636,0.020069713757430052,57.01967974530912,57.01987611900307,0.2399809147167679,57.19522896189349,-0.17535284289041897,Normal (15-25)
2018-10-11,87.6211166381836,90.32762625275068,87.01336819512552,89.9224606240453,33705600,True,24.979999542236328,False,3.14,False,-0.0299632845283086,-0.0304213571992959,0.2099634774491868,92.45262145996094,92.5966471862793,-0.0408102722480476,-0.08,0.0879791175222544,-0.4625020536964243,False,False,False,0.031400000000000004,0.2099634774491868,0.04364643304696125,59.80368021151385,59.80442017858583,0.2125752187787505,59.809572539950274,-0.005152361364444857,Normal (15-25)
2018-10-12,86.6649169921875,89.80900591872538,85.57097113863217,89.43625431882026,32075700,True,21.309999465942383,False,3.15,False,-0.0109128904387804,-0.0109728728142192,0.2121752736405492,92.2192169189453,92.4606362915039,-0.0511106655974338,0.0099999999999997,-0.1469175397737172,-0.3778714323888208,False,False,False,0.0315,0.2121752736405492,0.040564775004288234,60.720240708020285,60.72088517527434,0.21163041462439364,60.71993147812369,0.0009536971506491909,Normal (15-25)
2018-10-15,86.17059326171875,88.20452574823037,86.15438936238064,86.8674783976178,18903200,False,21.299999237060547,False,3.16,False,-0.0057038505040432,-0.0057201795813439,0.2114137050717058,91.94741668701172,92.2996110534668,-0.0593407545227557,0.0100000000000002,-0.0004692740090311,-0.4013808715786354,False,False,False,0.0316,0.2114137050717058,0.03600420407163096,61.184085132611386,61.18460572320765,0.2258370636887889,61.21357904776919,-0.028973324561533786,Normal (15-25)
2018-10-16,88.0181884765625,88.14783827040253,86.48666280640781,86.83510551446263,19302800,False,17.6200008392334,False,3.16,False,0.0214411337430648,0.0212145063444078,0.2274784412794415,91.74948806762696,92.17505462646484,-0.0430388323148005,0.0,-0.1727698840206624,-0.4732441889431379,False,False,False,0.0316,0.2274784412794415,0.09074446924954715,59.43378150352686,59.43641040201516,0.21406936798778728,59.3995807578033,0.03682964421186341,Normal (15-25)
2018-10-17,88.99866485595703,89.78468700028897,87.70213635195694,87.82368106925728,18794500,False,17.399999618530273,False,3.19,False,0.0111394746513739,0.0110778876461463,0.2024659684939558,91.46700477600098,92.06318786621094,-0.0596911302230434,0.0299999999999998,-0.0124858802624606,-0.447311420653515,False,False,False,0.0319,0.2024659684939558,0.040621549690225134,58.38216952046187,58.38283371034763,0.22284046298634905,58.43437512434729,-0.05154141399965795,Normal (15-25)
2018-10-18,87.58870697021484,89.00678674069351,87.3618151961122,88.34231532410556,17582500,False,20.059999465942383,False,3.17,False,-0.0158424610978623,-0.0159692942343001,0.2025011892801245,91.0733856201172,91.91925933837892,-0.0824669308765247,-0.02,0.1528735578005025,-0.4748693124413284,False,False,False,0.0317,0.2025011892801245,0.03135533174994015,59.77944994940478,59.779865538909675,0.2341723321358478,59.85789257135323,-0.07802703244355769,Normal (15-25)
2018-10-19,87.4428482055664,88.50438016533222,86.92423051751676,87.23216034939031,15234500,False,19.88999938964844,False,3.2,False,-0.0016652690705668,-0.0016666571723615,0.2024926456413674,90.70385704040528,91.78705825805665,-0.0779321425910815,0.0300000000000002,-0.0084745803000925,-0.4817917163279708,False,False,False,0.032,0.2024926456413674,0.03064302313266204,59.87764784886534,59.87804658478803,0.23405906280580516,59.954405661879534,-0.07635907709150302,Normal (15-25)
2018-10-22,86.18681335449219,87.79126541572593,85.9842305863935,87.63730671595904,16199100,False,19.63999938964844,False,3.2,False,-0.0143640660940211,-0.0144682279531463,0.2049446061632053,90.31699104309082,91.64824523925782,-0.0823784013157851,0.0,-0.0125691306018898,-0.4579315495392132,False,False,False,0.032,0.2049446061632053,0.027133812471947294,61.10124618898061,61.10156370640074,0.22779988526684922,61.14509661226371,-0.04353290586296765,Normal (15-25)
2018-10-23,85.28734588623047,86.02475013409801,84.03133024347531,84.43649578212722,21407500,False,20.709999084472656,False,3.17,False,-0.0104362539146464,-0.0104910934927253,0.206040725241823,89.89843063354492,91.52105560302736,-0.0893800707623826,-0.0300000000000002,0.0544806378857718,-0.4588353383539134,False,False,False,0.0317,0.206040725241823,0.023965714520349457,62.020419572210656,62.02067210099549,0.23919112628647246,62.087844828891065,-0.06717272789557427,Normal (15-25)
2018-10-24,83.6990966796875,85.10907100567478,83.39117309976753,84.8902843377408,23168900,False,25.229999542236328,False,3.1,False,-0.0186223312501906,-0.0187979100688065,0.2105928895094317,89.45557861328125,91.3498696899414,-0.0956937128560498,-0.0699999999999998,0.2182520839005033,-0.5005752122926564,False,False,False,0.031,0.2105928895094317,0.021688124373047346,63.67157209068773,63.671779901406076,0.22964641385897655,63.699597806535806,-0.027817905129730036,High (>25)
2018-10-25,84.97132873535156,85.81407391143367,84.04755167706348,84.42030328108004,17464700,False,24.21999931335449,False,3.14,False,0.0152000691301703,0.015085705513163,0.2224125996720257,89.09645614624023,91.21941757202148,-0.0779398250485562,0.04,-0.0400317180819225,-0.5179012104066941,False,False,False,0.031400000000000004,0.2224125996720257,0.04594489124803647,62.39474023213427,62.39552563736118,0.2275740199228292,62.40598091766408,-0.010455280302899439,Normal (15-25)
2018-10-26,83.80443572998047,84.72821263264431,83.24531150931674,84.27442922286848,19174900,False,24.15999984741211,False,3.08,False,-0.0137327851963507,-0.0138279521671375,0.2218379962660722,88.74658317565918,91.04840713500975,-0.0770629225382231,-0.06,-0.0024772695145905,-0.528356319475101,False,False,False,0.0308,0.2218379962660722,0.036348698358974585,63.612406817097536,63.612921790624824,0.23493846548411743,63.637628139311424,-0.02470634868659971,Normal (15-25)
2018-10-29,84.96319580078125,86.40558385048521,84.03131400548907,84.6471672362881,18445200,False,24.700000762939453,False,3.08,False,0.0138269539160711,0.013732233717944,0.2282081492914116,88.42809257507324,90.90057189941406,-0.0697427158513765,0.0,0.0223510314129899,-0.5116437333121463,False,False,False,0.0308,0.2282081492914116,0.05690188273436558,62.50088692945485,62.502024024124246,0.23143735336172286,62.50943756800985,-0.007413543885604668,Normal (15-25)
2018-10-30,86.46234130859375,86.68923925019926,84.97133478634959,85.66011510765449,18019700,False,23.350000381469727,False,3.12,False,0.0176446459397272,0.0174907864028197,0.2389917374049366,88.16564979553223,90.78513305664065,-0.0572324401847801,0.04,-0.0546558842012386,-0.5277421615392845,False,False,False,0.031200000000000002,0.2389917374049366,0.10457602022104129,61.02577332134446,61.02906488971965,0.22690836741789414,60.99229453022035,0.0367703594993003,Normal (15-25)
2018-10-31,88.3423080444336,89.52539708162813,87.34560409285167,87.58060089161843,20860000,False,21.229999542236328,False,3.15,False,0.0217431856156893,0.0215101741135494,0.2510895916642634,87.95415306091309,90.6960284423828,-0.0456933370881869,0.0299999999999998,-0.0907923256787526,-0.548814885012314,False,False,False,0.0315,0.2510895916642634,0.19321147832752805,59.2341277670113,59.24361710846991,0.21711544333452926,59.108138901535526,0.13547820693438695,Normal (15-25)
2018-11-01,88.30987548828125,89.31468420164283,87.77505405841036,88.82848683597335,13065000,False,19.34000015258789,False,3.14,False,-0.0003671237130914,-0.0003671911194999,0.2477086220296574,87.69930381774903,90.61190780639647,-0.0545675643533819,-0.0099999999999997,-0.089024937842714,-0.6369092470925298,False,False,False,0.031400000000000004,0.2477086220296574,0.17538900881602237,59.26252650188461,59.27058895357508,0.21980365568341217,59.16108874451108,0.10950020906399516,Normal (15-25)
2018-11-02,87.82369232177734,89.7927973646994,87.1024980558254,89.0553991951431,19009200,False,19.51000022888184,False,3.22,False,-0.0055054223982958,-0.0055206330893956,0.2476879974476985,87.44648017883301,90.52192626953124,-0.054440824613855,0.08,0.0087900762643582,-0.6347263529884031,False,False,False,0.0322,0.2476879974476985,0.16573302054693673,59.61161252585799,59.61891400256707,0.22030927736985975,59.5162436058634,0.10267039670366529,Normal (15-25)
2018-11-05,88.39903259277344,88.56110255125479,87.85611214211868,88.01007705709175,10276400,False,19.959999084472656,False,3.2,False,0.0065510826951808,0.0065297176117973,0.2479017973454877,87.19406204223633,90.44425643920898,-0.0540235788744219,-0.02,0.0230650358950101,-0.6433632935906887,False,False,False,0.032,0.2479017973454877,0.17955104239353226,59.09239302983208,59.10079566362678,0.2761190174530549,59.29302330004718,-0.19222763642039808,Normal (15-25)
2018-11-06,88.81227111816406,88.86899403752054,87.32126513374558,88.05866308537975,10825000,False,19.90999984741211,False,3.22,False,0.0046746951100051,0.004663802655564,0.2486680591062289,86.99472007751464,90.34218063354491,-0.0429620421651409,0.02,-0.0025049719115188,-0.6450713418271082,False,False,False,0.0322,0.2486680591062289,0.19389349865630523,58.673961820825696,58.68356589063706,0.28270860406855836,58.9401020740644,-0.2565361834273361,Normal (15-25)
2018-11-07,90.33572387695312,90.53830667466735,88.6097144837327,89.43625576051508,12679600,False,16.360000610351562,False,3.22,False,0.0171536291056235,0.0170081667253252,0.2397314836580148,86.99512481689453,90.27974746704102,8.961585374533954e-05,0.0,-0.1783023236698805,-0.6315823015677839,False,False,False,0.0322,0.2397314836580148,0.1853797560941861,57.17708142827631,57.186137419105215,0.27883959166124206,57.49525772898939,-0.3091203098841717,Normal (15-25)
2018-11-08,91.06501007080078,91.5106946647802,89.94675533818321,89.95486038052898,11662500,False,16.719999313354492,False,3.24,False,0.008073065256454,0.0080406523957054,0.2129660961919446,87.1673194885254,90.23801528930665,0.0393043773550405,0.02,0.022004809876055,-0.5898165902705425,False,False,False,0.032400000000000005,0.2129660961919446,0.08805705034865485,56.33822198223341,56.340811141637765,0.28001820199223687,56.810058570409495,-0.4692474287717303,Normal (15-25)
2018-11-09,90.18177795410156,91.04883226352544,89.80902626972976,90.94349141218264,10432200,False,17.360000610351562,False,3.19,False,-0.0096989185639196,-0.009746259426717,0.2120302521841522,87.3431625366211,90.1877926635742,0.0405799841962704,-0.0500000000000002,0.0382775911052755,-0.7224640202937269,False,False,False,0.0319,0.2120302521841522,0.07342187243181242,57.259104609915184,57.260979499744536,0.28003320453863706,57.69161879349289,-0.4306392937483565,Normal (15-25)
2018-11-12,88.28557586669922,90.70847044405278,88.00196120212125,90.28709478610608,13279700,False,20.450000762939453,False,3.1525,False,-0.0210264438162599,-0.0212506478647053,0.2260022132967152,87.44891166687012,90.109462890625,0.0245441341985055,-0.0375,0.177995394236643,-0.7680185080359698,False,False,False,0.031525,0.2260022132967152,0.0897786305947268,59.18248684736143,59.18507540489917,0.2761661065295604,59.466588274303035,-0.281512869403862,Normal (15-25)
2018-11-13,88.8041763305664,90.04398802364656,88.40711584922806,88.40711584922806,13746100,False,20.020000457763672,False,3.14,False,0.0058741244962847,0.0058569390936081,0.2140496476933245,87.48821105957032,90.03233169555664,0.0089298344763502,-0.0124999999999997,-0.0210269090040842,-0.7361878331541714,False,False,False,0.031400000000000004,0.2140496476933245,0.06293587794261823,58.66715659891345,58.66857057349297,0.274448765844548,58.98623174907556,-0.317661175582586,Normal (15-25)
2018-11-14,86.97284698486328,89.71176414610126,85.87890112893801,89.32280864202556,18361400,False,21.25,False,3.12,False,-0.0206221083441633,-0.0208377133239842,0.2226887370744731,87.38692016601563,89.92758636474609,-0.0227623400235554,-0.02,0.0614385371684313,-0.7330218250989203,False,False,False,0.031200000000000002,0.2226887370744731,0.0645961520784345,60.48704505499572,60.488493226364085,0.2677735104681992,60.68349988351103,-0.19500665714694776,Normal (15-25)
2018-11-15,89.1931381225586,89.20124316408489,86.55145717749802,87.71023082234652,19100000,False,19.979999542236328,False,3.11,False,0.0255285553441952,0.025208143431943,0.2343718562583416,87.4671417236328,89.87513244628906,0.0183177855666867,-0.0100000000000002,-0.0597647274241728,-0.7122951703269066,False,False,False,0.0311,0.2343718562583416,0.13391034065037632,58.4017428086275,58.406903383606405,0.24714097821024497,58.47067576280551,-0.06377237919910783,Normal (15-25)
2018-11-16,89.12831115722656,89.75226953272626,87.96143864006609,88.69073164491564,13798600,False,18.13999938964844,False,3.08,False,-0.000726815612687,-0.000727079871207,0.2342533456155956,87.55141487121583,89.817841796875,0.0192750234724496,-0.0299999999999998,-0.0920921018390543,-0.6869971995377242,False,False,False,0.0308,0.2342533456155956,0.1317481979696684,58.50654320639153,58.511557365282364,0.24656639301992994,58.572018259145,-0.06046089386263276,Normal (15-25)
2018-11-19,89.80899810791016,90.10881666092328,88.75556519546134,89.10400781890188,13987000,False,20.100000381469727,False,3.06,False,0.0076371575074818,0.0076081420568237,0.2279758514924515,87.73252410888672,89.78398239135743,0.0420271339946132,-0.02,0.1080485698880318,-0.6662313307903536,False,False,False,0.030600000000000002,0.2279758514924515,0.11894784477107723,57.85782555994024,57.86207229823696,0.2427818352229071,57.93280357554612,-0.07073127730915729,Normal (15-25)
2018-11-20,87.8803939819336,89.53346995450009,87.49954360724068,88.9581356896218,18936200,False,22.479999542236328,False,3.06,False,-0.0214745088644596,-0.0217084412481949,0.2391568390683336,87.86217651367187,89.69996292114257,0.0304036673759566,0.0,0.1184079161988838,-0.6897920578956253,False,False,False,0.030600000000000002,0.2391568390683336,0.12800718095778918,59.751072013562066,59.755781218180836,0.23628445742560922,59.744265035234974,0.01151618294586143,Normal (15-25)
2018-11-21,87.22404479980469,88.82039816012256,87.22404479980469,88.3504046077002,10619600,False,20.799999237060547,False,3.06,False,-0.0074686645381202,-0.0074966946654015,0.2297356309826391,88.03842391967774,89.62454360961914,0.0421145300242247,0.0,-0.0747331111826461,-0.5980233864054751,False,False,False,0.030600000000000002,0.2297356309826391,0.0857598110787563,60.350057676864566,60.352419412273235,0.24483030592315133,60.40796860948883,-0.0555491972155977,Normal (15-25)
2018-11-23,86.42181396484375,87.02145725412728,85.94371539597627,86.49474079709339,6488400,False,21.520000457763672,False,3.05,False,-0.0091973587879604,-0.0092399156336673,0.2276882799055437,88.11094818115234,89.52599792480468,0.0170702900740766,-0.0100000000000002,0.0346154445727218,-0.5999095321429336,False,False,False,0.0305,0.2276882799055437,0.07035441208353344,61.13295589348424,61.134621617487845,0.2505556042126663,61.214409379540754,-0.07978776205290927,Normal (15-25)
2018-11-26,88.53678894042969,89.12022839556316,87.07008525951458,87.28887814635786,13948300,False,18.89999961853028,False,3.07,False,0.0244726982523915,0.0241780394909657,0.235285157492364,88.34756584167481,89.47007354736328,0.056469006314856,0.02,-0.1217472483039928,-0.65712511052387,False,False,False,0.030699999999999998,0.235285157492364,0.12490463581691169,59.09214448889226,59.09669473139446,0.28270417627498823,59.407154423151795,-0.31045969175733745,Normal (15-25)
2018-11-27,88.9095230102539,89.16072365518895,88.02625895873727,88.13160595100183,9238200,False,19.020000457763672,False,3.06,False,0.0042099343593204,0.004201097379055,0.2317873063359215,88.54488220214844,89.41613204956055,0.0464474902606755,-0.0099999999999997,0.0063492508812403,-0.6820776332299836,False,False,False,0.030600000000000002,0.2317873063359215,0.11793566409942424,58.73557297986804,58.739716832955644,0.2872628768831732,59.12084392545875,-0.3811270925031067,Normal (15-25)
2018-11-28,89.89813995361328,90.27089154153846,88.22075471678197,88.97436293520393,13977300,False,18.489999771118164,False,3.06,False,0.0111193594329075,0.0110579938342088,0.2271972532378024,88.71667213439942,89.37455963134765,0.0397375156978085,0.0,-0.0278654402675984,-0.6773646748166621,False,False,False,0.030600000000000002,0.2271972532378024,0.11751183148416522,57.76930069568806,57.77346490095136,0.28051802094737427,58.14116092468434,-0.36769602373298227,Normal (15-25)
2018-11-29,89.18505859375,89.7847081915287,88.84472094031044,89.35522742046979,11144300,False,18.790000915527344,False,3.03,False,-0.0079321036033807,-0.0079637300912394,0.2172797068466304,88.75880966186523,89.26529418945313,0.0095396030279459,-0.0300000000000002,0.0162250485734343,-0.6558094292721165,False,False,False,0.030299999999999997,0.2172797068466304,0.07452754422458152,58.46662544243078,58.46852173735494,0.28540529704432055,58.8904234450894,-0.421901707734456,Normal (15-25)
2018-11-30,90.1007080078125,90.20604881467328,88.79607457224684,89.01486122721462,18652700,False,18.06999969482422,False,3.01,False,0.0102668477040914,0.0102145016046176,0.2199379853713989,88.8483512878418,89.15808654785157,0.0202789609840283,-0.02,-0.0383183174891781,-0.6838827486051492,False,False,False,0.0301,0.2199379853713989,0.09433520473539647,57.620979234936186,57.62384772513221,0.2916386829913341,58.147020674171145,-0.523172949038937,Normal (15-25)
2018-12-03,90.9515380859375,91.4782544050936,90.54637263771498,91.06498391685308,16034500,False,16.440000534057617,False,2.98,False,0.0094431009138267,0.0093987935505935,0.2203879704056748,89.0047435760498,89.08044891357422,0.0356150565009272,-0.0299999999999998,-0.0902047143494685,-0.6911847931782054,False,False,False,0.0298,0.2203879704056748,0.10852043762812036,56.84760179302354,56.8512777507025,0.28752797803881347,57.36519790112407,-0.5139201504215691,Normal (15-25)
2018-12-04,86.8918228149414,90.43296642715283,86.48665718920834,90.43296642715283,23555900,False,20.739999771118164,False,2.91,False,-0.0446360265745059,-0.0456628871049595,0.2742107398219073,88.9293830871582,88.93980270385742,-0.0170500709524195,-0.0699999999999998,0.2615571227113122,-0.803825726127809,True,False,False,0.0291,0.2742107398219073,0.278508460548033,61.08576004312454,61.102898541827486,0.2877482212566204,61.207153006685346,-0.10425446485785983,Normal (15-25)
2018-12-06,85.2387466430664,85.37650147257682,83.36687724109751,85.09288676995632,27213900,True,21.190000534057617,False,2.87,False,-0.0190245309434428,-0.019207825787986,0.2808543691577498,88.75070686340332,88.77140655517579,-0.0402368324794116,-0.04,0.0216972404968929,-0.7900644750453046,False,False,False,0.0287,0.2808543691577498,0.2655340966761135,62.74608124778453,62.76165150424987,0.2812421122593559,62.764200132550506,-0.00254862830063729,Normal (15-25)
2018-12-07,83.6990966796875,86.68922029624288,83.39117309976753,85.2144180011139,19248600,False,23.229999542236328,False,2.85,False,-0.0180627944921119,-0.0182279181835881,0.2769568952430468,88.41887550354004,88.59426574707031,-0.073466253575445,-0.02,0.0962717771007095,-0.786453330450132,False,False,False,0.0285,0.2769568952430468,0.2007970535538659,64.21468918038516,64.2243046958357,0.2744407898621064,64.21131754882309,0.012987147012609057,Normal (15-25)
2018-12-10,82.13513946533203,83.86114203455845,80.4496497311856,83.35874083969482,23636400,False,22.63999938964844,False,2.85,False,-0.0186854730385043,-0.0188622520868503,0.2782034508081074,87.97238197326661,88.39389297485351,-0.0980603922244778,0.0,-0.0253981990621722,-0.7582958239627761,False,False,False,0.0285,0.2782034508081074,0.1698628397744657,65.71169322817937,65.71884144248187,0.26620463505913666,65.66955546375945,0.04928597872242335,Normal (15-25)
2018-12-11,81.33293914794922,83.99892935355768,81.2032831973895,83.56944865408059,16860700,False,21.76000022888184,False,2.89,False,-0.0097668345437145,-0.0098148429212241,0.2782187685790824,87.52994003295899,88.20451385498046,-0.0981222482734373,0.04,-0.038869221929792,-0.7412175428030525,False,False,False,0.028900000000000002,0.2782187685790824,0.15370096483636497,66.42095399870668,66.4269486129953,0.2637104272928296,66.37352698075904,0.05342163223626528,Normal (15-25)
2018-12-12,81.8596420288086,83.3830683981759,81.08172494294112,82.37825960172235,22621500,False,21.459999084472656,False,2.91,False,0.0064758864781866,0.006455008014578,0.2743115211114244,87.20864334106446,88.01504653930664,-0.0727857724753704,0.02,-0.0137868171531999,-0.7302596383252984,False,False,False,0.0291,0.2743115211114244,0.14915467772932955,65.87269264698715,65.87842028569388,0.26331534653456123,65.83716482646479,0.041255459229091684,Normal (15-25)
2018-12-13,81.94066619873047,82.62944625555005,81.57601356935464,82.28910874733346,17250900,False,20.64999961853028,False,2.91,False,0.0009897938460732,0.0009893043231355,0.2726100078469098,86.86546783447265,87.81963592529297,-0.0772881458444822,0.0,-0.0377446179169901,-0.7303146670025705,False,False,False,0.0291,0.2726100078469098,0.1441574616836061,65.78853730039953,65.79394772446368,0.2658884955489634,65.768296672515,0.02565105194867101,Normal (15-25)
2018-12-14,81.26810455322266,82.60515206836874,80.91966194239471,81.02500275689228,19879500,False,21.6299991607666,False,2.89,False,-0.0082079103906312,-0.008241780751037,0.2659744353864806,86.58023071289062,87.59355316162109,-0.0655922236584192,-0.02,0.0474576058276012,-0.7251090205297779,False,False,False,0.028900000000000002,0.2659744353864806,0.1092268796821716,66.43982132535518,66.44317263110035,0.2649774385170744,66.4399131605125,0.003259470587849478,Normal (15-25)
2018-12-17,80.23086547851562,81.48687468506868,79.76897710510347,80.846712521509,25113500,True,24.520000457763672,False,2.86,False,-0.0127631754229944,-0.0128453244835596,0.2449157621304606,86.13211708068847,87.33003326416015,-0.1004816383041493,-0.0300000000000002,0.1336107909906476,-0.7251182167904877,False,False,False,0.0286,0.2449157621304606,0.04701736209357832,67.43468726220743,67.43546191903233,0.2607415105991258,67.46970236402808,-0.034240444995745634,Normal (15-25)
2018-12-18,79.85002899169922,81.75430587972033,79.50969140640233,80.56311814884543,20837200,False,25.57999992370605,False,2.82,False,-0.0047467578038079,-0.0047580594368915,0.2443643094235704,85.6682029724121,87.06943054199219,-0.1041002802034475,-0.04,0.043229993725663,-0.7337716203017629,False,False,False,0.0282,0.2443643094235704,0.04303061727788693,67.86108606173532,67.86174697109041,0.259527139449129,67.89214313377171,-0.030396162681299188,High (>25)
2018-12-19,78.83712768554688,81.50311822745465,78.27799714731495,79.74470090694211,28767900,True,25.57999992370605,False,2.77,False,-0.0126850461915003,-0.0127661883146425,0.2406389734454593,85.11960945129394,86.77722518920899,-0.1221689435748967,-0.0499999999999998,0.0,-0.8079326719191776,False,False,False,0.0277,0.2406389734454593,0.031131349136599984,68.91169309808485,68.91206417197996,0.2571034937492101,68.93848253399304,-0.026418362013075125,High (>25)
2018-12-20,78.15643310546875,79.63934052088798,77.54058591300154,78.28608905062126,31825200,True,28.3799991607666,False,2.79,False,-0.0086341879779432,-0.0086716785352996,0.2341890098360557,84.6334114074707,86.48437164306641,-0.1106499463175357,0.02,0.1094604865289963,-0.7800044808599422,False,False,False,0.0279,0.2341890098360557,0.021084811092788147,69.53748681484183,69.53767242118322,0.26304992609356037,69.57996648770575,-0.04229406652252976,High (>25)
2018-12-21,76.30888366699219,79.76089613121192,75.91992817325075,78.34281660467674,41313900,True,30.11000061035156,False,2.79,False,-0.0236391217596045,-0.0239230086150916,0.2426519560259649,84.08765335083008,86.20399673461914,-0.1251393598848209,0.0,0.0609584743038529,-0.8066853865025749,False,False,False,0.0279,0.2426519560259649,0.021421318490361274,71.3428224943942,71.34300993923213,0.2435335484641573,71.34382705321252,-0.0008171139803891947,High (>25)
2018-12-24,74.66390991210938,76.34940014826773,74.66390991210938,75.27165826032972,17009300,False,36.06999969482422,True,2.74,False,-0.0215567791826359,-0.021792520587555,0.2483396138729924,83.49975814819337,85.94485260009766,-0.1360525024100682,-0.0499999999999998,0.1979408490089389,-0.8050398843541117,False,False,False,0.0274,0.2483396138729924,0.019853970406472632,73.02129874267331,73.0214599444861,0.22332605415178414,73.00746777769025,0.013992166795844696,High (>25)
2018-12-26,77.75938415527344,77.75938415527344,73.82927892288713,75.10960375114045,22542900,False,30.40999984741211,False,2.81,False,0.0414587750200585,0.0406223986215751,0.2820721105453005,82.96088790893555,85.76674194335938,-0.121727983521151,0.0699999999999998,-0.15691710272524,-0.815068660587515,True,False,False,0.0281,0.2820721105453005,0.10403464674219998,69.97916965383229,69.98214995954037,0.18182067093069193,69.87592124899783,0.10622871054253835,High (>25)
2018-12-27,78.6345443725586,78.7236813036601,75.80649007237764,76.83560802827233,20304700,False,29.959999084472656,False,2.77,False,0.0112547215592344,0.011191858412282,0.286631364855301,82.44713897705078,85.61602096557617,-0.1155666827333029,-0.04,-0.0147977890561465,-0.8146334629955434,False,False,False,0.0277,0.286631364855301,0.1319980106991674,69.21047744705596,69.21498524628365,0.17993028757662438,69.07933600916846,0.13564923711518873,High (>25)
2018-12-28,78.46434783935547,79.67173923098936,78.14831926156093,79.37191455206408,17963300,False,28.34000015258789,False,2.72,False,-0.0021643990508389,-0.0021667447477586,0.2799291753699429,81.8754493713379,85.42494415283203,-0.1271860810485907,-0.0499999999999998,-0.054072062129146,-0.8073318744273151,False,False,False,0.027200000000000002,0.2799291753699429,0.10727804968927068,69.42500353261454,69.42816085322194,0.17860205308280624,69.31844357437525,0.1097172788466878,High (>25)
2018-12-31,79.10453033447266,80.06882021417093,78.41574390025599,79.08021520642744,13237200,False,25.420000076293945,False,2.69,False,0.0081588965274759,0.0081257926699403,0.2847231941503885,81.37142295837403,85.22706146240235,-0.1130293394232717,-0.0300000000000002,-0.1030345822361367,-0.8138155524019032,False,False,False,0.0269,0.2847231941503885,0.1327645315987951,68.86885040505268,68.87341715029534,0.17803825595764838,68.73690629125042,0.13651085904491822,High (>25)
2019-01-02,80.47398376464844,80.85484039070879,77.74317177175233,77.75127063189353,15670900,False,23.21999931335449,False,2.66,False,0.0173119469186582,0.0171638025003611,0.2910329279170383,80.89008674621581,85.08476699829102,-0.1068440465787388,-0.0299999999999998,-0.0865460565041902,-0.8224934695489139,False,False,False,0.026600000000000002,0.2910329279170383,0.18493700160288018,67.6269210566071,67.63502285207848,0.17592820833466083,67.44299628358863,0.192026568489851,Normal (15-25)
2019-01-03,79.33029174804688,80.78439350466591,78.98719034688669,80.58016558980276,16286400,False,25.450000762939453,False,2.56,False,-0.0142119473039431,-0.014313904183715,0.2870373471535227,80.30902442932128,84.92251586914062,-0.1277740495923229,-0.1,0.0960379636317398,-0.8163904172351959,False,False,False,0.0256,0.2870373471535227,0.1434093804177774,68.84888113557302,68.85408857654565,0.16437383741993114,68.70570017170799,0.14838840483766091,High (>25)
2019-01-04,82.25483703613281,82.45089408941247,80.28607694400105,80.96411511758065,16935200,False,21.3799991607666,False,2.67,False,0.0368654296315245,0.0362021519081843,0.2897880439161265,80.07717514038086,84.84387634277344,-0.0533650420556173,0.1099999999999998,-0.1599214726979352,-0.7987471700515499,True,False,False,0.026699999999999998,0.2897880439161265,0.22380935974554772,65.91134882377233,65.92269673235839,0.10961321927104531,65.68753951557967,0.23515721677871682,Normal (15-25)
2019-01-07,82.3120346069336,82.89204123628033,81.4542747250231,82.04245221747117,15430700,False,21.39999961853028,False,2.7,False,0.0006953703011489,0.0006951286432424,0.2833297227817463,79.93083953857422,84.7843701171875,-0.0343354654003571,0.0300000000000002,0.0009354751425985,-0.8092572488629983,False,False,False,0.027000000000000003,0.2833297227817463,0.19427868777002466,65.7821300515731,65.79108833899927,0.11174286886047388,65.58785146414571,0.2032368748535589,Normal (15-25)
2019-01-08,82.15680694580078,83.17794654005233,81.32355977920976,83.02273132731283,13578800,False,20.46999931335449,False,2.73,False,-0.0018858440551745,-0.0018876244978517,0.2765986058898664,79.85372505187988,84.75352432250976,-0.018426599510255,0.0299999999999998,-0.0434579589604525,-0.7933483373911306,False,False,False,0.0273,0.2765986058898664,0.16167084920413877,65.85738019371385,65.86394565948572,0.11129125792587473,65.69570942586273,0.16823623362299145,Normal (15-25)
2019-01-09,82.01795196533203,82.90838290083812,81.63400239404304,82.35288258690693,14230300,False,19.979999542236328,False,2.74,False,-0.001690121435225,-0.0016915513017838,0.2684717116649394,79.84786567687988,84.69445678710937,-0.0014267644854911,0.0100000000000002,-0.0239374590891406,-0.83083449128997,False,False,False,0.0274,0.2684717116649394,0.12803556774566482,65.94480666275282,65.94922228625475,0.1226510222501065,65.8167723735594,0.13244991269534978,Normal (15-25)
2019-01-10,82.00978088378906,82.28753415628833,81.09483735958474,81.70752125276927,14376100,False,19.5,False,2.74,False,-9.962552523168355e-05,-9.963048818394962e-05,0.2659584382501687,79.88170776367187,84.65856369018555,0.0083218649532463,0.0,-0.0240240016633455,-0.8533494386093556,False,False,False,0.0274,0.2659584382501687,0.11923178604073015,65.94398577726353,65.94789678089069,0.12870304178971395,65.82475835601748,0.12313842487320414,Normal (15-25)
2019-01-11,81.6176528930664,81.83004545272244,80.83341215765003,81.60131116845174,15439900,False,18.190000534057617,False,2.71,False,-0.0047814783370573,-0.0047929461746823,0.2656313116021853,79.86960830688477,84.59165283203124,-0.0029561470065679,-0.0300000000000002,-0.067179459791917,-0.8307462994261678,False,False,False,0.0271,0.2656313116021853,0.11149009071071769,66.36313141684225,66.36660454333902,0.12867815601938568,66.25164487357365,0.1149596697653692,Normal (15-25)
2019-01-14,82.4590835571289,82.80218503592079,80.59652554935268,80.76807628874862,21258500,False,19.06999969482422,False,2.71,False,0.0103094200119295,0.0102566403830687,0.2681476486595916,79.8955291748047,84.51158767700196,0.0063267408290423,0.0,0.0483781822391349,-0.8020905155864216,False,False,False,0.0271,0.2681476486595916,0.13433746565035198,65.56392682368363,65.56873645532687,0.13725612645387342,65.4296125655037,0.1391238898231677,Normal (15-25)
2019-01-15,83.0635757446289,83.70893668766867,80.54748639943263,80.78439152276681,26504900,True,18.600000381469727,False,2.72,False,0.0073308137978662,0.0073040739859278,0.26716481475319,79.985302734375,84.40601303100586,0.0220931840514428,0.0100000000000002,-0.024646005289767,-0.7997350429121056,False,False,False,0.027200000000000002,0.26716481475319,0.14204087944943233,64.96646166985452,64.97178051606616,0.13595358989784684,64.82444532085337,0.14733519521278993,Normal (15-25)
2019-01-16,83.73345184326172,84.50951548928009,83.16161612856838,83.5292239119367,18533000,False,19.040000915527344,False,2.73,False,0.0080646190899882,0.0080322738345273,0.2628951990339133,80.16043205261231,84.31448455810546,0.0436563452713099,0.0099999999999997,0.0236559422061071,-0.7826562533793789,False,False,False,0.0273,0.2628951990339133,0.13847080507844645,64.29384641051068,64.29897487513804,0.13533991140636964,64.1554052730802,0.14356960205783764,Normal (15-25)
2019-01-17,84.0765609741211,84.55037131400978,83.25964917398574,83.41486441042503,14247600,False,18.059999465942383,False,2.75,False,0.0040976350945334,0.004089262651534,0.2616368380081704,80.3717586517334,84.23954193115235,0.0529308759908058,0.02,-0.0514706618940211,-0.7780411729633868,False,False,False,0.0275,0.2616368380081704,0.1403837500642895,63.93136309198944,63.93663173278641,0.17231388865809774,63.79307467969993,0.14355705308648226,Normal (15-25)
2019-01-18,85.4408187866211,85.69406573200055,84.00305822644083,84.77095122964921,16428700,False,17.799999237060547,False,2.79,False,0.0162263750645073,0.0160961344406671,0.2591894428808904,80.7019432067871,84.1803776550293,0.0837637201524386,0.04,-0.0143964693560564,-0.777795378981222,False,False,False,0.0279,0.2591894428808904,0.15824799614857388,62.5580284631132,62.564573485315435,0.16376990445352516,62.4012927845664,0.16328070074903422,Normal (15-25)
2019-01-22,84.0929183959961,84.62390617915715,83.43121547625307,84.20728557075789,17083700,False,20.799999237060547,False,2.74,False,-0.0157758365353594,-0.0159015994752518,0.2650371877868626,80.99876747131347,84.08599060058594,0.0759564511153716,-0.0499999999999998,0.1685393330665903,-0.7870135776155327,False,False,False,0.0274,0.2650371877868626,0.15416953584889947,63.94376202789216,63.9499362239919,0.15276516033957338,63.78992701910041,0.1600092048914874,Normal (15-25)
2019-01-23,83.88050842285156,84.71375576172696,83.30050176129798,84.50136316963764,12146700,False,19.520000457763672,False,2.76,False,-0.0025258960825248,-0.002529091540098,0.2459569402805798,81.37734870910644,83.9568862915039,0.0992233720637498,0.0199999999999995,-0.0615384051080265,-0.7671622002200266,False,False,False,0.0276,0.2459569402805798,0.08553528143682332,64.05345956613905,64.0557179765784,0.1526244791496659,63.968232662443725,0.08748531413468186,Normal (15-25)
2019-01-24,83.92950439453125,84.21542223648777,83.27597878899373,83.43118777031783,11296800,False,18.88999938964844,False,2.72,False,0.0005841162935338,0.0005839457640144,0.2261858411638135,81.84062843322754,83.81417617797851,0.1240973650231935,-0.0399999999999995,-0.0322746441260795,-0.7107460804847573,False,False,False,0.027200000000000002,0.2261858411638135,0.04221417829890328,64.02064921932798,64.0213147647084,0.15400300818168833,63.978795900860945,0.042518863847462285,Normal (15-25)
2019-01-25,84.46051788330078,85.21207530915942,83.92952392039565,84.55854955158176,14369400,False,17.420000076293945,False,2.76,False,0.0063268988968809,0.0063069680946611,0.1833866067092059,82.17568511962891,83.6997509765625,0.0861778137883166,0.0399999999999995,-0.0778189179910743,-0.6414881580208343,False,False,False,0.0276,0.1833866067092059,0.0051961964953481515,63.40646901620835,63.4064853326597,0.15652441025596475,63.40183749710278,0.004647835556916391,Normal (15-25)
2019-01-28,84.86076354980469,85.15485218554369,83.80694697716326,84.05202291779246,12283100,False,18.8700008392334,False,2.75,False,0.004738849305387,0.0047276563063787,0.1815131814424175,82.48699607849122,83.63125473022461,0.0791791855211523,-0.0099999999999997,0.0832377012967233,-0.6126369475071066,False,False,False,0.0275,0.1815131814424175,0.005034046308903209,63.02987150838392,63.02988698944889,0.15907785668494184,63.02565883516079,0.004228154288099972,Normal (15-25)
2019-01-29,85.09769439697266,85.86559342641743,84.73825746976736,84.86078924464306,9743300,False,19.1299991607666,False,2.72,False,0.0027919952314465,0.0027881048523579,0.1801722534581684,82.81866340637207,83.55712509155273,0.0845396251963759,-0.0299999999999998,0.013778394804977,-0.6337772806395311,False,False,False,0.027200000000000002,0.1801722534581684,0.00483702649036237,62.84198624132529,62.84200068091953,0.159009804783169,62.83801959440266,0.0039810865168732334,Normal (15-25)
2019-01-30,85.29376983642578,85.97180193985402,84.77911137856066,85.07320014518562,12526300,False,17.65999984741211,False,2.7,False,0.0023041216432779,0.0023014712254803,0.1796321446186811,83.12812538146973,83.52354354858399,0.0782412774057763,-0.02,-0.076842622992336,-0.6181561087477014,False,False,False,0.027000000000000003,0.1796321446186811,0.00486935304732794,62.67965679080139,62.67967143336362,0.16138940988940828,62.67593458878509,0.0037368445785332938,Normal (15-25)
2019-01-31,84.55038452148438,84.79546059282488,83.92136507944073,84.47686543960826,17520600,False,16.56999969482422,False,2.63,False,-0.0087155875085255,-0.0087537903769362,0.1774764130166245,83.33194541931152,83.4306884765625,0.0506548895200422,-0.0700000000000002,-0.0617214134771139,-0.5332158071348061,False,False,False,0.0263,0.1774764130166245,0.003425626052901559,63.50671644073557,63.50672412443232,0.15806091641074327,63.503946659569515,0.0027774648628025034,Normal (15-25)
2019-02-01,84.86076354980469,85.65316869429367,84.56667491406569,84.95879517256438,13000800,False,16.139999389648438,False,2.7,False,0.0036709357394044,0.0036642142990978,0.1660853060734664,83.60846900939941,83.34533752441406,0.0697145022398582,0.0700000000000002,-0.0259505318705646,-0.4661644626464545,False,False,False,0.027000000000000003,0.1660853060734664,0.0015337220790463402,63.099355029786494,63.09935682378598,0.1578688393638762,63.09854240803527,0.0008144157507103955,Normal (15-25)
2019-02-04,85.16305541992188,85.16305541992188,84.15008652982317,84.78727673863594,9871500,False,15.729999542236328,False,2.73,False,0.0035622101130374,0.0035558804698184,0.1096302841859858,83.75387992858887,83.2524186706543,0.0353561989614246,0.0299999999999998,-0.0254027176528313,-0.1808695634513346,False,False,False,0.0273,0.1096302841859858,3.2408995590694283e-07,62.758697053903646,62.75869705390388,0.1573765752025095,62.75945658483527,-0.0007595309313899179,Normal (15-25)
2019-02-05,84.78728485107422,85.4081396255572,84.37882891069862,85.3836270337985,12763000,False,15.56999969482422,False,2.71,False,-0.0044123659842264,-0.0044221292008573,0.1117674485821924,83.8776424407959,83.1905564880371,0.0300715473255004,-0.02,-0.0101716371308527,-0.1787532274683286,False,False,False,0.0271,0.1117674485821924,4.4913743902909604e-07,63.15500850468271,63.15500850468311,0.15714866153599769,63.15566599907339,-0.0006574943902819541,Normal (15-25)
2019-02-06,84.74642944335938,85.46531582514835,84.52586599692843,84.72192308626066,8745000,False,15.380000114440918,False,2.7,False,-0.0004818577194281,-0.0004819738501661,0.1113125152941862,84.00712356567382,83.1410041809082,0.0315204861755031,-0.0099999999999997,-0.0122029276883327,-0.194072840411768,False,False,False,0.027000000000000003,0.1113125152941862,3.883462169378604e-07,63.20952261359609,63.20952261359645,0.15923169569373158,63.21031739103451,-0.0007947774380596684,Normal (15-25)
2019-02-07,83.63542938232422,84.55037285890889,82.86753651429494,84.3461449051434,13177500,False,16.3700008392334,False,2.65,False,-0.0131096975805653,-0.0131963881576169,0.1225685561944815,84.08799743652344,83.08527648925781,0.0197210169022006,-0.0500000000000002,0.0643693574399215,-0.293227718965632,False,False,False,0.0265,0.1225685561944815,2.791758382346269e-06,64.36795837005708,64.36795837007091,0.15185150192734762,64.3682079081061,-0.0002495380351916765,Normal (15-25)
2019-02-08,82.80217742919922,83.60274747283495,81.74018963616484,83.39035490026181,12892600,False,15.720000267028809,False,2.63,False,-0.0099629063816476,-0.0100128682540547,0.1285998346438865,84.12761726379395,82.9705842590332,0.0096622200043798,-0.02,-0.0397068136152294,-0.2443998680574621,False,False,False,0.0263,0.1285998346438865,5.997763097864077e-06,65.21124155731374,65.2112415573717,0.1530009859806926,65.21145046999975,-0.0002089126280537812,Normal (15-25)
2019-02-11,82.41004943847656,83.33316364142766,82.32018865354253,83.12893571794879,10978500,False,15.970000267028809,False,2.65,False,-0.0047357207611834,-0.0047469698157193,0.1285749532009777,84.16723709106445,82.84059478759765,0.0097086416641793,0.02,0.015903307617898,-0.2969893558144981,False,False,False,0.0265,0.1285749532009777,4.98978680374442e-06,65.5651192141047,65.56511921414545,0.15217592003141756,65.56528531189464,-0.00016609774918663334,Normal (15-25)
2019-02-12,83.81515502929688,84.07656657344796,83.2351483604786,83.2841610773373,12852300,False,15.43000030517578,False,2.68,False,0.0170501728902527,0.0169064500582356,0.1373151652700082,84.23504066467285,82.71893508911133,0.0164453861681408,0.0300000000000002,-0.0338133971711883,-0.3823569543733,False,False,False,0.0268,0.1373151652700082,4.077195083888852e-05,64.14859331277238,64.14859331492919,0.14123970419736126,64.14862418214227,-3.0867213084206924e-05,Normal (15-25)
2019-02-13,84.21542358398438,84.83627821683935,84.06021460017683,84.06021460017683,10754100,False,15.649999618530272,False,2.71,False,0.0047756107418472,0.0047642436882515,0.1360093684323671,84.29263305664062,82.61954238891602,0.0138670630180515,0.0299999999999998,0.0142578942970401,-0.3650200018822785,False,False,False,0.0271,0.1360093684323671,3.9878174205176895e-05,63.71373886354685,63.71373886562778,0.14361518889149674,63.71381472860821,-7.586298043094075e-05,Normal (15-25)
2019-02-14,83.6681137084961,84.22361403921677,82.79401824144742,83.7089617957353,11518500,False,16.219999313354492,False,2.66,False,-0.0064989268259449,-0.0065201367955243,0.1354069387969386,84.28936614990235,82.49089050292969,-0.000780311014622,-0.0499999999999998,0.0364217066273482,-0.4185336469745497,False,False,False,0.026600000000000002,0.1354069387969386,2.8476948953799915e-05,64.32144548008912,64.32144548118784,0.14513569423750422,64.32153028618201,-8.480499417373721e-05,Normal (15-25)
2019-02-15,86.22505187988281,86.34758367649195,84.68108891717715,84.87714602429483,14716900,False,14.90999984741211,False,2.66,False,0.0305604854472423,0.0301028148682289,0.1733151354260124,84.39679069519043,82.3963607788086,0.0255539817622063,0.0,-0.0807644587792192,-0.4797935162679487,False,False,False,0.026600000000000002,0.1733151354260124,0.0038853015533559104,61.827252083959166,61.8272619317018,0.1019802127257714,61.82336684918704,0.0038950825147594514,Low (<15)
2019-02-19,85.92279815673828,86.0780134198574,84.80362655446407,85.70223467510792,12764900,False,14.880000114440918,False,2.65,False,-0.0035054049438624,-0.0035115632716062,0.1647452138125353,84.42088966369629,82.37698028564454,0.0056410902536043,-0.0100000000000002,-0.0020120545458219,-0.4980059127953307,False,False,False,0.0265,0.1647452138125353,0.0018211678562335964,62.135087563691414,62.135090046730646,0.10205562537951673,62.13326645152886,0.0018235952017846557,Low (<15)
2019-02-20,86.33939361572266,86.42925439513155,85.67769094620792,85.94727328443462,10030300,False,14.020000457763672,False,2.65,False,0.0048484857095136,0.0048367696574882,0.1539094858094752,84.53321342468261,82.39899322509766,0.0267142021299324,0.0,-0.0577956754074634,-0.3744579099075688,False,False,False,0.0265,0.1539094858094752,0.0007587234774069085,61.727024124952024,61.72702462865462,0.12788339576877708,61.72629181751798,0.0007328111366362577,Low (<15)
2019-02-21,86.15968322753906,86.58447459501267,85.7430564901312,86.14334150232352,8400100,False,14.460000038146973,False,2.69,False,-0.0020814413983892,-0.0020836106081147,0.153768548404596,84.647172164917,82.44820495605468,0.0271716856220984,0.04,0.0313837065632653,-0.4137089210313359,False,False,False,0.0269,0.153768548404596,0.000714767023941295,61.84413251143934,61.8441329622062,0.139010153238263,61.843547405215325,0.0005855569908774783,Low (<15)
2019-02-22,85.7757339477539,86.66616476568659,85.59601236513284,86.34756968105545,10647300,False,13.510000228881836,False,2.65,False,-0.0044562522214849,-0.0044662109100473,0.1551516039035209,84.73948364257812,82.52101684570313,0.021997384192143,-0.04,-0.0656984651977136,-0.3675661870313477,False,False,False,0.0265,0.1551516039035209,0.0007213564393766664,62.27766497678731,62.277665432656796,0.17387885086960123,62.28055860676128,-0.0028931741044857517,Low (<15)
2019-02-25,86.67433166503906,87.63011687522818,86.33940110300381,86.38841381146219,11230700,False,14.850000381469728,False,2.67,False,0.0104761297388897,0.0104216353548102,0.1576722889312381,84.85017433166504,82.62784469604492,0.0262112267035481,0.02,0.0991857979190278,-0.1945947904615825,False,False,False,0.026699999999999998,0.1576722889312381,0.0012122139412997848,61.37104088745407,61.37104208090208,0.16795969635720748,61.37274790198534,-0.0017058210832630039,Low (<15)
2019-02-26,86.01264953613281,86.15969391860844,84.90981978383705,85.3672884259644,15465400,False,15.170000076293944,False,2.64,False,-0.0076341186161478,-0.0076634076589073,0.1602319076181915,84.90776863098145,82.71090484619141,0.01357383481062,-0.0299999999999998,0.0215488004447137,-0.2721500551394859,False,False,False,0.0264,0.1602319076181915,0.0012542407157960442,62.06134704398501,62.06134830292731,0.17371205225376943,62.063877363166704,-0.0025290602393965855,Normal (15-25)
2019-02-27,85.90645599365234,86.08617137129117,85.37546202699045,85.9227914888766,9968800,False,14.699999809265137,False,2.69,False,-0.0012346270351299,-0.0012353898149849,0.160179551779842,84.94820671081543,82.79022064208985,0.0095039190240207,0.0499999999999998,-0.0309822191605175,-0.2746438487907086,False,False,False,0.0269,0.160179551779842,0.0012248540797093373,62.09203784433463,62.092039049458926,0.17365398137403296,62.09451951276405,-0.0024804633051260794,Low (<15)
2019-02-28,85.25291442871094,85.94728819983942,85.1058700580273,85.78390833576529,15156900,False,14.779999732971191,False,2.73,False,-0.0076075954639508,-0.0076366808253309,0.1625623236461299,84.94616394042968,82.86991683959961,-0.0004789963885193,0.04,0.0054421717512971,-0.2832049658941182,False,False,False,0.0273,0.1625623236461299,0.0012683631570151108,62.672175595652234,62.672176870772816,0.1794478091251242,62.675710027651725,-0.003533156878908983,Low (<15)
2019-03-01,85.31010437011719,86.51913664512591,85.12221190312358,85.85743381140303,13813300,False,13.56999969482422,False,2.76,False,0.000670826819112,0.0006706019153767,0.1592489966156657,84.98414993286133,82.97150161743164,0.0089854097403869,0.0299999999999998,-0.0818673924227282,-0.3370450396256291,False,False,False,0.0276,0.1592489966156657,0.000957915134629575,62.57221077790294,62.57221154190678,0.18095744068796724,62.57668407673446,-0.004472534827677066,Low (<15)
2019-03-04,85.1140365600586,86.52729038626244,84.36247301921502,85.7103786426628,12466300,False,14.630000114440918,False,2.72,False,-0.0022982952782234,-0.0023009404124599,0.1590794503884658,84.99681358337402,83.07678176879882,0.0029845714280576,-0.0399999999999995,0.0781135183091414,-0.3295052952259235,False,False,False,0.027200000000000002,0.1590794503884658,0.0008798853870476062,62.82206330779063,62.822063959579594,0.2187773145535601,62.86009623520805,-0.038032275628452794,Low (<15)
2019-03-05,85.04867553710938,85.40811867086511,84.35430185534248,85.06501102839759,10856600,False,14.739999771118164,False,2.72,False,-0.0007679229606634,-0.0007682179645366,0.1586061096588192,84.9910945892334,83.20101272583008,-0.0013430692716286,0.0,0.0075187734666295,-0.3245951083604246,False,False,False,0.027200000000000002,0.1586061096588192,0.0008243147267127035,62.88586345317101,62.88586403101541,0.21932875244217703,62.9244055504026,-0.03854151938718786,Low (<15)
2019-03-06,84.73011016845703,85.4244840935214,84.59123662995289,84.84447734517146,9070800,False,15.739999771118164,False,2.69,False,-0.00374568288854,-0.0037527155255354,0.1583787411627442,84.98823585510254,83.33248626708985,-0.0006743308588972,-0.0300000000000002,0.0678426062094939,-0.3407444777302179,False,False,False,0.0269,0.1583787411627442,0.0007259116320469453,63.24079271692756,63.24079317249736,0.21880165889111058,63.2762850419627,-0.03549186946533922,Normal (15-25)
2019-03-07,84.11739349365234,84.52584931814708,83.45569705238407,84.3461277581628,12705700,False,16.59000015258789,False,2.64,False,-0.00723139240096,-0.0072576656570955,0.1604569872709669,84.95678405761718,83.48865646362304,-0.0074225658100138,-0.0499999999999998,0.0540025663170224,-0.3642966090813593,False,False,False,0.0264,0.1604569872709669,0.000727182164272186,63.91242704744499,63.912427500646075,0.21877782678388996,63.94385673017449,-0.031429229528413316,Normal (15-25)
2019-03-08,84.15007019042969,84.3297917493096,83.31681682335751,83.31681682335751,10582400,False,16.049999237060547,False,2.62,False,0.0003884653984174,0.0003883899652693,0.1531806626571686,84.98251609802246,83.67837966918945,0.0061533827458801,-0.02,-0.032549783638375,-0.3081677775334243,False,False,False,0.0262,0.1531806626571686,0.00034539583617241784,63.90934241497524,63.9093425300226,0.21920326839581045,63.94185435212449,-0.0325118221018883,Normal (15-25)
2019-03-11,85.2447738647461,85.40816001943573,84.68110877056428,84.94252038552318,9763200,False,14.329999923706056,False,2.64,False,0.0130089454689594,0.0129250558978024,0.1543659653391493,85.10464591979981,83.8280874633789,0.0294991811976856,0.02,-0.1071650713467259,-0.4413830742390309,False,False,False,0.0264,0.1543659653391493,0.0005622752269057087,62.810846073284154,62.81084635972167,0.21515574266466547,62.84399236724856,-0.0331460075268879,Low (<15)
2019-03-12,84.9914779663086,85.60416162561081,84.75457287014021,85.44077557693927,10219100,False,13.770000457763672,False,2.61,False,-0.0029713950422273,-0.0029758184010132,0.1535456853264413,85.23371734619141,83.95522613525391,0.0313241958404502,-0.0300000000000002,-0.0390788184873595,-0.4140904083955698,False,False,False,0.026099999999999998,0.1535456853264413,0.00047209256226964785,63.10205233891759,63.10205254576112,0.21681212009641818,63.136035291902715,-0.033982746141596465,Low (<15)
2019-03-13,85.27742767333984,85.75940890661239,84.91798446429203,85.11404779606873,13022200,False,13.40999984741211,False,2.61,False,0.0033644515176523,0.0033588044133724,0.1425578186187437,85.30683097839355,84.0914877319336,0.0174463990853663,0.0,-0.0261438343052915,-0.406245340612412,False,False,False,0.026099999999999998,0.1425578186187437,0.00014495155037695488,62.822361098780476,62.822361122139064,0.21702364245408817,62.85882570869966,-0.03646458656059792,Low (<15)
2019-03-14,86.05347442626953,86.4864428572707,85.33459438284056,85.36727159834301,10926500,False,13.5,False,2.63,False,0.0091002598706704,0.009059102015486,0.1449228643811819,85.39873352050782,84.23046661376954,0.0218255844839649,0.02,0.0067114208510046,-0.3978909914793723,False,False,False,0.0263,0.1449228643811819,0.00025754087264377983,62.035075589788036,62.035075658290815,0.21671111500730617,62.07641333377589,-0.0413376754850745,Low (<15)
2019-03-15,87.04195404052734,87.24618198878524,85.9636307230274,86.11067509507478,24811700,True,12.880000114440918,False,2.59,False,0.0114868065565991,0.0114213340967994,0.1464376046034193,85.56742553710937,84.36182601928711,0.0403240874269721,-0.04,-0.0459259174488209,-0.3974407829181557,False,False,False,0.0259,0.1464376046034193,0.0004242629203090615,61.127982286641895,61.127982460928074,0.26749876448472065,61.3756305545591,-0.24764809363102813,Low (<15)
2019-03-18,87.56477355957031,88.0549193691221,87.00110245068758,87.04195053170945,12935500,False,13.100000381469728,False,2.6,False,0.0060065232313091,0.0059885559818813,0.102226987955356,85.63441162109375,84.52651565551758,0.0155374992589603,0.0100000000000002,0.0170807659218998,-0.2569552417293967,False,False,False,0.026000000000000002,0.102226987955356,1.6505114147217684e-07,60.602163786488745,60.6021637864888,0.271653840219302,60.89541341165213,-0.29324962516332675,Low (<15)
2019-03-19,87.24617767333984,88.55323523103102,87.04194973518365,88.38984914098084,12889300,False,13.5600004196167,False,2.61,False,-0.0036384024451765,-0.0036450375303156,0.1023021837541417,85.70058059692383,84.62634246826173,0.0154019601897448,0.0099999999999997,0.035114505706248,-0.2775992301575362,False,False,False,0.026099999999999998,0.1023021837541417,1.3873718990229947e-07,60.89880788012242,60.898807880122476,0.27263526363085344,61.18776972137274,-0.2889618412502628,Low (<15)
2019-03-20,85.38361358642578,87.12363960721045,85.29375902763425,86.9439180245433,14920700,False,13.90999984741211,False,2.54,False,-0.021348374640408,-0.0215795472169259,0.1276264183553905,85.65279159545898,84.68777404785156,-0.0110700340744902,-0.0699999999999998,0.0258111664428182,-0.2647447848632691,False,False,False,0.0254,0.1276264183553905,1.5965241135279225e-05,62.8208224960822,62.820822496460366,0.27215839459932634,63.04544887928311,-0.22462638282274128,Low (<15)
2019-03-21,84.03572082519531,84.54220216270731,83.55373961243423,84.54220216270731,19751000,False,13.630000114440918,False,2.54,False,-0.0157863166550819,-0.0159122476343893,0.1386386331322417,85.5465934753418,84.72535232543946,-0.0246514648473645,0.0,-0.0201293843308908,-0.2077130730374874,False,False,False,0.0254,0.1386386331322417,5.170767937610031e-05,64.13770815198237,64.13770815534623,0.2651155318515843,64.29379132297562,-0.15608316762939012,Low (<15)
2019-03-22,81.49512481689453,83.58641707933499,81.29906149288382,83.17796116979318,31115200,True,16.479999542236328,False,2.44,False,-0.0302323343377458,-0.03069875611001,0.1726591561219123,85.33256301879882,84.7148957824707,-0.0499046634035996,-0.1,0.2090975351332424,-0.5446710328172207,False,False,False,0.024399999999999998,0.1726591561219123,0.0009749734763289421,66.76702696936307,66.76702771898836,0.22947379384907224,66.79675717820824,-0.029729459219879573,Normal (15-25)
2019-03-25,80.81708526611328,82.15682013016601,80.13087610773319,81.35624381747964,21032300,False,16.329999923706055,False,2.43,False,-0.0083200013780541,-0.0083548057723693,0.1667124707692764,85.03970069885254,84.69104187011719,-0.067577635574528,-0.0099999999999997,-0.0091019188529611,-0.6726446985804166,False,False,False,0.024300000000000002,0.1667124707692764,0.0004561513375565193,67.44357116679704,67.44357135088006,0.2234789371125911,67.46388782953876,-0.020316478658699566,Normal (15-25)
2019-03-26,81.62582397460938,82.01794437331111,80.72722225857318,81.54413404270468,15987100,False,14.68000030517578,False,2.41,False,0.0100070264330009,0.0099572876933266,0.1724859620362299,84.82035942077637,84.69120529174805,-0.0510020977749393,-0.02,-0.101041005893392,-0.7002521031294306,False,False,False,0.0241,0.1724859620362299,0.000990694040431745,66.68327549416198,66.68327626683065,0.2254870609591336,66.70867827789652,-0.025402011065878582,Low (<15)
2019-03-27,81.34810638427734,82.05881590471742,80.93965034446782,81.59317626863634,12753200,False,15.149999618530272,False,2.39,False,-0.0034023251075347,-0.0034081261774247,0.1724370888917087,84.59244194030762,84.66898574829102,-0.0530617816396921,-0.02,0.0320163013340526,-0.6997203707176642,False,False,False,0.0239,0.1724370888917087,0.0009056355154009529,66.98380058041117,66.98380123354809,0.22355407119356485,67.00582355084106,-0.022022317292965,Normal (15-25)
2019-03-28,82.27117156982422,82.344696859287,81.47876627167236,81.69116504590326,12454100,False,14.43000030517578,False,2.39,False,0.0113471010767778,0.0112832056231603,0.178260417462045,84.44335479736328,84.65313766479493,-0.0349752601288495,0.0,-0.0475247083487609,-0.7114348251289374,False,False,False,0.0239,0.178260417462045,0.0019056565956648355,66.08299420808261,66.08299677825677,0.22299077154175095,66.10766796407235,-0.0246711858155777,Low (<15)
2019-03-29,82.69599151611328,83.31684005118638,82.17316218427561,82.94923220193144,14523400,False,13.710000038146973,False,2.41,False,0.0051636549982578,0.0051503690482025,0.1797660200500338,84.31264915466309,84.63238845825195,-0.0306424763315562,0.02,-0.0498960673459276,-0.7324142388417066,False,False,False,0.0241,0.1797660200500338,0.0024053941582298857,65.63916930793516,65.63917325396505,0.22446648815887785,65.66749178539855,-0.028318531433498606,Low (<15)
2019-04-01,85.48165130615234,85.51432852645986,83.42303628711798,83.447542644213,17499300,False,13.399999618530272,False,2.49,False,0.0336855479808386,0.0331306176305257,0.218775085127132,84.33102989196777,84.66049026489257,0.0043190848531118,0.08,-0.0226112632205798,-0.6572671784412225,False,False,False,0.024900000000000002,0.218775085127132,0.039598019955746744,62.83776197632838,62.83836502238208,0.20385800002931082,62.81848112297872,0.019883899403360772,Low (<15)
2019-04-02,85.89009857177734,86.13517458316116,85.22840206659964,85.44896549081157,10295400,False,13.359999656677246,False,2.48,False,0.0047781864222784,0.0047668071234129,0.219299228572061,84.37310104370117,84.6694758605957,0.0098934290199597,-0.0100000000000002,-0.0029850718650552,-0.6554935876954964,False,False,False,0.0248,0.219299228572061,0.043365673345796996,62.457121013818124,62.45783059429017,0.20922927686108267,62.44216053800679,0.01567005628338336,Low (<15)
2019-04-03,86.0616683959961,86.88675116947964,85.6041997212139,86.43744712635907,11499200,False,13.739999771118164,False,2.52,False,0.0019975506731473,0.0019955582217086,0.2187425255886254,84.43967895507812,84.7088508605957,0.0157152896991601,0.04,0.028443123069318,-0.6522806944727523,False,False,False,0.0252,0.2187425255886254,0.04390453333575184,62.23152281922117,62.23224967236065,0.2091980032219067,62.21708542756225,0.01516424479839884,Low (<15)
2019-04-04,86.89305114746094,87.03299357709494,85.9793400633407,86.06166135614879,11952100,False,13.579999923706056,False,2.51,False,0.0096603141324125,0.0096139516428488,0.2186625915073499,84.57846183776856,84.76910171508788,0.0329974282193854,-0.0100000000000002,-0.0116448216941336,-0.6393771450223831,False,False,False,0.025099999999999997,0.2186625915073499,0.05034182006794563,61.440352094888254,61.441282364005694,0.2085306329986673,61.42330658880839,0.017975775197307087,Low (<15)
2019-04-05,86.68726348876953,87.34579617272448,86.42385167123417,87.09061774080266,9933700,False,12.81999969482422,False,2.5,False,-0.0023682867153804,-0.0023710955419777,0.2191028843778872,84.70532150268555,84.82425689697266,0.0301508161858716,-0.0099999999999997,-0.0559646710715464,-0.6221736122152078,False,False,False,0.025,0.2191028843778872,0.049416460600925194,61.65510388758766,61.65600248375279,0.21274824716900778,61.64427887095098,0.01172361280181633,Low (<15)
2019-04-08,86.96714782714844,86.96714782714844,86.35800913636996,86.52263917812624,8056300,False,13.18000030517578,False,2.52,False,0.0032286673625954,0.0032234664078879,0.2150475635932617,84.79144020080567,84.87438949584961,0.0202050387878927,0.02,0.0280811715227184,-0.5940976248921924,False,False,False,0.0252,0.2150475635932617,0.0441043457096012,61.34709698120869,61.34783698129522,0.22535337242671252,61.37034965308501,-0.022512671789790772,Low (<15)
2019-04-09,86.32506561279297,86.59670450250476,85.81470253110086,86.4979290081486,9092200,False,14.279999732971191,False,2.51,False,-0.0073830432571116,-0.0074104328164526,0.2167157718788964,84.85811958312988,84.90367553710938,0.0156908395805639,-0.0100000000000002,0.0834597422098271,-0.6203179874297543,False,False,False,0.025099999999999997,0.2167157718788964,0.042223630907045284,61.98713836377364,61.987819317784904,0.22413224387494843,62.00269413574114,-0.014874817956233244,Low (<15)
2019-04-10,86.7119369506836,87.02474272802286,85.99578957673661,86.5390735748953,10882300,False,13.300000190734863,False,2.48,False,0.0044815643653943,0.0044715520585337,0.2169226732286463,84.92984504699707,84.93596038818359,0.0168216762217396,-0.0299999999999998,-0.0686274202074108,-0.6142233467896573,False,False,False,0.0248,0.2169226732286463,0.04533036286214098,61.65617479731078,61.656948215246,0.22462851028967282,61.67337647686612,-0.016428261620120566,Low (<15)
2019-04-11,87.44458770751953,87.85616911081529,86.89306385412551,87.016539531161,11183800,False,13.020000457763672,False,2.51,False,0.0084492491184071,0.0084137540109321,0.2166092734983496,84.99940071105956,84.97897674560546,0.0161656840763808,0.0299999999999998,-0.0210526111996784,-0.6259649450137761,False,False,False,0.025099999999999997,0.2166092734983496,0.05090730104024377,60.902083261830086,60.90303756500109,0.22408656122790027,60.92051823311405,-0.017480668112959563,Low (<15)
2019-04-12,91.54393005371094,92.07075371923308,89.62595931004542,90.0869347275524,25834100,True,12.010000228881836,False,2.56,False,0.0468793147027313,0.0458136575298874,0.2695379852878803,85.22449951171875,85.11884765625,0.0517219088519937,0.0500000000000002,-0.0775729795216393,-0.6312777015340979,True,False,False,0.0256,0.2695379852878803,0.41171206548557837,57.184833556227915,57.218820142815346,0.1856884013573855,56.800086703659545,0.4187334391558011,Low (<15)
2019-04-15,90.49851989746094,91.37107045246736,89.82352665523764,91.30521592146174,15163800,False,12.31999969482422,False,2.55,False,-0.011419764867388,-0.0114854710942751,0.2737338469937131,85.37118682861328,85.23160278320313,0.0335037277963701,-0.0100000000000002,0.0258117785207774,-0.6400269842763098,False,False,False,0.0255,0.2737338469937131,0.4007409475235084,58.2098177226481,58.241988781666365,0.18363770125045664,57.82861997900239,0.4133688026639746,Low (<15)
2019-04-16,91.453369140625,91.69208706270508,90.4326492132947,90.465576472916,11583200,False,12.18000030517578,False,2.6,False,0.0105509929250329,0.0104957196511938,0.2746347926952138,85.58154640197753,85.35740905761719,0.0482220720664392,0.0500000000000002,-0.0113635871035984,-0.6365166886039736,False,False,False,0.026000000000000002,0.2746347926952138,0.45400248868548854,57.25712741677363,57.29696948680342,0.1799566108486517,56.82270217877314,0.47426730803027795,Low (<15)
2019-04-17,94.08749389648438,94.3838329544444,91.37928801026987,91.947265971166,17791900,False,12.600000381469728,False,2.59,False,0.0288029274439192,0.0283959199908701,0.2745743758454557,86.01674041748046,85.54341323852539,0.1019385329861739,-0.0100000000000002,0.0344827640205782,-0.5588425779548895,False,False,False,0.0259,0.2745743758454557,0.5933288490370492,54.8376103863268,54.90067003698031,0.15315896294862752,54.25042757427593,0.6502424627043766,Low (<15)
2019-04-18,93.39604949951172,94.6225602994561,93.28904059758156,94.27683343454298,12501900,False,12.09000015258789,False,2.57,False,-0.0073489511553298,-0.0073760877288481,0.2676462144773927,86.4847568511963,85.71640563964844,0.1113851179284466,-0.02,-0.0404762074159833,-0.5643757010159751,False,False,False,0.025699999999999997,0.2676462144773927,0.48293911919062893,55.43197653819297,55.47688756933532,0.15209838082586036,54.95374876236164,0.5231388069736767,Low (<15)
2019-04-22,93.5112762451172,93.78292142821267,92.73750762085945,92.87744376479372,7975900,False,12.420000076293944,False,2.59,False,0.0012337432495588,0.0012329828137466,0.233120367514354,87.08556442260742,85.9139225769043,0.1474462608066542,0.02,0.0272952787048075,-0.3456162071747113,False,False,False,0.0259,0.233120367514354,0.21797993787976866,55.02520845890834,55.03737742767332,0.15359652085082293,54.81271989527642,0.2246575323968969,Low (<15)
2019-04-23,93.62651824951172,94.14511473945164,92.893903991889,93.01737964569531,9193100,False,12.279999732971191,False,2.57,False,0.0012323861786724,0.0012316274141557,0.2271840769261928,87.72603607177734,86.13040939331054,0.1584990715913563,-0.02,-0.0112721692804149,-0.3506482776026061,False,False,False,0.025699999999999997,0.2271840769261928,0.1866070476374131,54.91048356198729,54.91988025096747,0.1542086700646039,54.72977939969686,0.19010085127061416,Low (<15)
2019-04-24,93.47013854980467,93.96403497427424,92.8609935553996,93.23142058392708,9245700,False,13.140000343322754,False,2.53,False,-0.0016702500811821,-0.0016716465039824,0.229232615912933,88.31825180053711,86.35161117553712,0.1451049924945273,-0.04,0.0700326245156588,-0.3933258620354992,False,False,False,0.0253,0.229232615912933,0.1930457979152571,55.12818982881271,55.13811054266459,0.1563596718242491,54.941767221215784,0.19634332144880773,Low (<15)
2019-04-25,93.51950073242188,93.9640092769502,92.60578977093014,93.02560444302333,9311800,False,13.25,False,2.54,False,0.0005281064453637,0.0005279670462311,0.2273073917033967,88.92682151794433,86.54569808959961,0.1496211146040513,0.0100000000000002,0.0083713587369229,-0.3781422511887864,False,False,False,0.0254,0.2273073917033967,0.18397732632940755,55.05627148860464,55.06543145392709,0.16954600775293516,54.88864000818986,0.17679144573722994,Low (<15)
2019-04-26,94.22743225097656,94.31798064749036,93.51127846406725,93.79938414377808,7889300,False,12.729999542236328,False,2.51,False,0.0075698812869009,0.0075413735121424,0.226764241976151,89.52463455200196,86.74593826293945,0.145327463472487,-0.0300000000000002,-0.0392453175670696,-0.3685542523430434,False,False,False,0.025099999999999997,0.226764241976151,0.19832446035566065,54.4228692031523,54.4333343525455,0.17145334270512494,54.24571082598367,0.18762352656182912,Low (<15)
2019-04-29,95.5856475830078,96.44173747834265,94.21096120748248,94.33443685896746,14242200,False,13.109999656677246,False,2.54,False,0.0144142241763907,0.0143113268584191,0.2281962658237483,90.16911735534669,86.98428894042969,0.1558679668818405,0.0300000000000002,0.0298507563319332,-0.358992447934975,False,False,False,0.0254,0.2281962658237483,0.24698891506079468,53.100720933779584,53.11604471990978,0.16252718930608384,52.870374918977205,0.24566980093257484,Low (<15)
2019-04-30,95.52803802490234,96.0795555507664,94.87773870983428,95.8408376036984,11389100,False,13.119999885559082,False,2.51,False,-0.0006027009238539,-0.0006028826210654,0.2072381390128172,90.6714366912842,87.17034866333007,0.1175268208468374,-0.0300000000000002,0.0007627939850283,-0.3431569421865656,False,False,False,0.025099999999999997,0.2072381390128172,0.12878512252255558,53.08267788906056,53.08782263255813,0.16221711947053863,52.96990894991164,0.11791368264648838,Low (<15)
2019-05-01,94.79542541503906,96.310041862293,94.75426476539772,95.25639454590184,10412900,False,14.800000190734863,False,2.52,False,-0.0076690846479261,-0.0076986432997764,0.2125744816919094,91.11670303344728,87.3478012084961,0.1036828108401766,0.0100000000000002,0.1280488048650765,-0.4023866154732488,False,False,False,0.0252,0.2125744816919094,0.13865685992803756,53.79366223658997,53.79943998878603,0.1636373556533251,53.669930158667036,0.12950983011899098,Low (<15)
2019-05-02,95.0011978149414,95.30576395481782,94.31797135591064,94.80363427097424,8613300,False,14.420000076293944,False,2.55,False,0.0021706996830428,0.002168347118345,0.2125426253275311,91.56367950439451,87.52103729248047,0.1038735314520258,0.0299999999999998,-0.025675683077275,-0.3888144791780677,False,False,False,0.0255,0.2125426253275311,0.14322159205344986,53.553320053377945,53.559440674600594,0.16375946246238463,53.42593728630077,0.13350338829982178,Low (<15)
2019-05-03,95.5856475830078,96.04661664963714,95.2152206285528,95.4868658057733,8185400,False,12.869999885559082,False,2.54,False,0.0061520252534592,0.0061331788024968,0.211894300809328,91.99830932617188,87.70955657958984,0.100037877836689,-0.0099999999999997,-0.1074896104392548,-0.3565785546434379,False,False,False,0.0254,0.211894300809328,0.152255734342144,53.00598775306091,53.01281919773344,0.16263237938063604,52.87048540264243,0.1423337950910124,Low (<15)
2019-05-06,94.73779296875,95.0505988168735,93.61006407909692,93.98871817082735,9387000,False,15.4399995803833,False,2.51,False,-0.0088701037833269,-0.0089096773420732,0.2160527087766287,92.4008358001709,87.88879776000977,0.0928686540096335,-0.0300000000000002,0.1996891777526674,-0.4479546969865856,False,False,False,0.025099999999999997,0.2160527087766287,0.15374175173783367,53.879679716335914,53.886549661544755,0.2027551344932255,53.82645792921645,0.06009173232830278,Normal (15-25)
2019-05-07,93.19024658203124,93.8652397308329,92.43293842098215,93.8652397308329,15017700,False,19.31999969482422,False,2.45,False,-0.0163350479066916,-0.016469935751888,0.2284293869664743,92.71199073791504,88.01911605834961,0.0715568914281461,-0.0599999999999996,0.2512953510290572,-0.5337760092345687,False,False,False,0.0245,0.2284293869664743,0.18002797954248084,55.505666780854924,55.514452724618735,0.1966641196787223,55.38588062523941,0.12857209937932623,Normal (15-25)
2019-05-08,92.69634246826172,93.56889282945843,92.57286682011085,92.73750311105611,9575800,False,19.39999961853028,False,2.49,False,-0.0052999550047843,-0.0053140495888088,0.2272225273820454,93.03055458068847,88.15278991699219,0.0738056416203238,0.04,0.0041407828659278,-0.5082675876015397,False,False,False,0.024900000000000002,0.2272225273820454,0.16318945311651567,55.91282128160307,55.92023518611423,0.19647380149673896,55.80478053065858,0.11545465545565037,Normal (15-25)
2019-05-09,92.62224578857422,92.80334255133356,91.02531473927188,91.48628374976349,12205900,False,19.100000381469727,False,2.45,False,-0.0007993484717357,-0.0007996681210775,0.2277426704092152,93.326070022583,88.28710571289062,0.0681602677293675,-0.04,-0.0154638785030697,-0.5086985692323798,False,False,False,0.0245,0.2277426704092152,0.16332447116049265,56.04388263788843,56.051295459780455,0.19965849674620165,55.942580555972896,0.10871490380755944,Normal (15-25)
2019-05-10,92.6140365600586,92.88567547639384,90.99240504629644,91.9884311534802,13189000,False,16.040000915527344,False,2.47,False,-8.863128339997584e-05,-8.863521138427098e-05,0.2272472245972829,93.58454246520996,88.43432815551758,0.0591168531759744,0.02,-0.1602093929228979,-0.4320415603719287,False,False,False,0.024700000000000003,0.2272472245972829,0.1611005235291807,56.02040785142617,56.027653532239235,0.20433939828175532,55.93454067334409,0.09311285889514664,Normal (15-25)
2019-05-13,90.0951690673828,90.9183318958842,89.7082878133837,90.61376566868844,13783700,False,20.549999237060547,False,2.4,False,-0.0271974701269213,-0.0275741671639545,0.1857526518186942,93.51210441589356,88.53002944946289,-0.0158258552530803,-0.0700000000000002,0.2811719491342017,-0.5684356077493531,False,False,False,0.024,0.1857526518186942,0.01949313963092897,58.44213093146098,58.44231408518152,0.17878596847410738,58.43584839029153,0.006465694889989493,Normal (15-25)
2019-05-14,90.81130981445312,91.9637388632112,90.13631664421716,90.17747729176438,10503600,False,18.059999465942383,False,2.42,False,0.0079487141706202,0.007917289555819,0.1836841003284957,93.52774391174316,88.64397491455078,0.0034562987035211,0.02,-0.121167876572356,-0.5984548553539377,False,False,False,0.0242,0.1836841003284957,0.020222371704351982,57.713926961445495,57.71412417276771,0.18258020495736849,57.7129185275634,0.0012056452043083254,Normal (15-25)
2019-05-15,90.46559143066406,91.28875421660234,89.40371068317565,89.89760709869188,10142000,False,16.440000534057617,False,2.37,False,-0.0038069969973502,-0.0038142620549824,0.1800244095218685,93.47835502624513,88.75231323242187,-0.0108008892317795,-0.0499999999999998,-0.0897009401877206,-0.5659398845369947,False,False,False,0.023700000000000002,0.1800244095218685,0.015192836395284015,58.11987878064191,58.11999714187968,0.18241948105230937,58.122250954043835,-0.0022538121641559883,Normal (15-25)
2019-05-16,91.62625122070312,92.3341717462835,91.0335729871722,91.05827314709758,9672700,False,15.289999961853027,False,2.4,False,0.0128298480304374,0.0127482427776634,0.1523660192298186,93.35529289245603,88.8902360534668,-0.0261590842082489,0.0299999999999998,-0.0699513707327571,-0.7368383219614518,False,False,False,0.024,0.1523660192298186,0.0028774883001732865,56.92969494553449,56.9297010448947,0.1763364198115254,56.94271141972238,-0.013010374827679527,Normal (15-25)
2019-05-17,91.18172454833984,91.9884267136952,90.40795592305132,90.547892067172,9570100,False,15.960000038146973,False,2.39,False,-0.0048515208953876,-0.0048633277257553,0.1513009184788389,93.24457664489746,89.03152267456055,-0.0237089787313055,-0.0099999999999997,0.043819494961774,-0.7669890112334113,False,False,False,0.0239,0.1513009184788389,0.002313195980005317,57.37806460481154,57.37806868624858,0.17654374197388845,57.39034676685649,-0.012278080607906361,Normal (15-25)
2019-05-20,91.6591567993164,92.0378108522037,90.85246094584464,91.02532434301716,8518200,False,16.309999465942383,False,2.41,False,0.0052360519977163,0.0052223915412797,0.152798776807135,93.15197067260742,89.18170440673828,-0.0198063754465922,0.02,0.0219297886565699,-0.7597653078558897,False,False,False,0.0241,0.152798776807135,0.003019879946769957,56.88304604200832,56.88305270271559,0.18262185349302507,56.90288776914115,-0.019835066425564207,Normal (15-25)
2019-05-21,91.97197723388672,92.12837388653044,91.5521624710358,91.73325928168651,7967900,False,14.949999809265137,False,2.43,False,0.0034128661608268,0.003407055549916,0.1534076854972136,93.06924362182616,89.3162484741211,-0.0176717135973774,0.02,-0.0833844084125888,-0.7606412902092108,False,False,False,0.024300000000000002,0.1534076854972136,0.003474288067483816,56.54860175959976,56.54861038051467,0.1836777603769695,56.57096855753028,-0.022358177015611602,Low (<15)
2019-05-22,91.222900390625,92.02136930398596,91.16527924637388,91.70033631741065,7918900,False,14.75,False,2.39,False,-0.0081446204136375,-0.008177969032475,0.1555749374146758,92.9568817138672,89.44087692260742,-0.0240423112027619,-0.04,-0.0133779138338977,-0.7427757184056712,False,False,False,0.0239,0.1555749374146758,0.003371910651352103,57.338895783651,57.33890386342536,0.18191664656024195,57.355576902392144,-0.01667303896678618,Low (<15)
2019-05-23,89.42838287353516,90.37502110382998,88.48997802756834,90.25154545983813,14558000,False,16.920000076293945,False,2.31,False,-0.0196717875599827,-0.0198678527344948,0.1686263171748705,92.75232582092283,89.52389602661133,-0.0437461473473027,-0.08,0.1471186492402674,-0.7588167496512359,False,False,False,0.0231,0.1686263171748705,0.005699669606755484,59.211625033133714,59.211645328356425,0.16870923313473601,59.211679303290616,-3.39749341904394e-05,Normal (15-25)
2019-05-24,90.30917358398438,90.5149642464983,89.88113176925775,90.15277067079934,8537300,False,15.850000381469728,False,2.32,False,0.0098491181674926,0.0098009317406988,0.1705572491602573,92.55641288757325,89.60901000976563,-0.0415829931198361,0.0099999999999997,-0.0632387523640356,-0.762440700929924,False,False,False,0.0232,0.1705572491602573,0.008053790501947294,58.33881688844856,58.33885502950499,0.16685822529395175,58.33702636274172,0.0018286667632736453,Normal (15-25)
2019-05-28,89.32959747314453,90.40794468794977,89.2637492418919,89.8893482602991,11665500,False,17.5,False,2.26,False,-0.0108469170070399,-0.0109061737025409,0.1615143264196852,92.24361038208008,89.65476287841797,-0.0654496806587038,-0.06,0.104100919799301,-0.8310389179029501,False,False,False,0.0226,0.1615143264196852,0.0032118234627110526,59.378953177374214,59.37896037862505,0.16495499328444763,59.37995362257369,-0.0009932439486348699,Normal (15-25)
2019-05-29,89.08265686035156,89.23082637836914,88.12778523752006,88.44881814651943,9966400,False,17.899999618530273,False,2.25,False,-0.0027643761953277,-0.0027682041394149,0.161212319637928,91.92134132385254,89.68512054443359,-0.0674710932812269,-0.0099999999999997,0.0228571210588728,-0.8307589724960187,False,False,False,0.0225,0.161212319637928,0.002929353189588507,59.634589652092146,59.63459572796001,0.16650991595688097,59.63609983798452,-0.0015041100245056782,Normal (15-25)
2019-05-30,88.12779235839844,89.87289945825395,87.69975053855681,89.43662425334824,10367800,False,17.299999237060547,False,2.22,False,-0.010718859715309,-0.0107767205315402,0.1626313390615698,91.58795967102051,89.70275283813477,-0.0703370761558165,-0.0299999999999998,-0.0335195750981245,-0.8019976610258177,False,False,False,0.0222,0.1626313390615698,0.0025303448418147537,60.611069400755824,60.61107400199222,0.161722921377868,60.61088995825143,0.000184043740794948,Normal (15-25)
2019-05-31,87.22232055664062,87.74091080637835,86.30037605465157,86.89305421448502,10952800,False,18.709999084472656,False,2.14,False,-0.0102745317626411,-0.0103276791203386,0.1627844939654359,91.19901580810549,89.73952697753906,-0.0818818860942546,-0.08,0.0815028849476229,-0.8042486354712517,False,False,False,0.021400000000000002,0.1627844939654359,0.0019660164341986225,61.61253558050065,61.61253845292678,0.1804452462425633,61.617884191051495,-0.005345738124717059,Normal (15-25)
2019-06-03,87.6338882446289,87.96315453542363,86.67902290957959,87.09060420301495,11680700,False,18.86000061035156,False,2.07,False,0.0047186051157743,0.0047075073954686,0.1616496293316493,90.80142784118652,89.81149032592774,-0.0831898882253581,-0.0700000000000002,0.0080171850998853,-0.7817257153710532,False,False,False,0.0207,0.1616496293316493,0.0019676628324852424,61.313261063303216,61.31326395101205,0.18710499417426274,61.32323170267588,-0.009967751663836566,Normal (15-25)
2019-06-04,90.33390808105467,90.46561717880375,88.18545209584792,88.77813047524778,12858600,False,16.969999313354492,False,2.12,False,0.0308102252508606,0.0303451194702533,0.2028353719558187,90.58123359680177,89.98826599121094,-0.0464849850275483,0.0500000000000002,-0.100212154604052,-0.7524924317726617,False,False,False,0.0212,0.2028353719558187,0.044600693053903795,58.64461237637245,58.6453910678885,0.15744898489022777,58.6029331167581,0.04245795113039463,Normal (15-25)
2019-06-05,90.65489196777344,90.8606826111691,89.42838149160026,90.43264083620822,8340500,False,16.09000015258789,False,2.12,False,0.0035533045512738,0.0035470064795587,0.196777887970077,90.45446586608888,90.18502212524416,-0.0272062228317642,0.0,-0.051856169497549,-0.7449649456196351,False,False,False,0.0212,0.196777887970077,0.03600996844522186,58.32243023291646,58.32296877263769,0.15775673611206695,58.28968543258024,0.03328334005744438,Normal (15-25)
2019-06-06,90.85248565673828,91.26406708011352,89.66712914774263,90.67138882561572,8726700,False,15.93000030517578,False,2.12,False,0.0021796252212742,0.0021772532842188,0.1965550140730083,90.36227302551268,90.36955535888671,-0.0198913653163257,0.0,-0.0099440550587177,-0.7450818313484949,False,False,False,0.0212,0.1965550140730083,0.036948145151042944,58.130325431947696,58.13089001319855,0.15850912979384615,58.09703382462386,0.03385618857469552,Normal (15-25)
2019-06-07,89.85643768310547,90.5643517826732,89.69180138534225,90.30093998648466,10618900,False,16.299999237060547,False,2.09,False,-0.0109633541276582,-0.0110238945854812,0.1997497346821321,90.22398262023924,90.53972198486328,-0.0298611643663032,-0.0300000000000002,0.0232265489514493,-0.7427513373707737,False,False,False,0.0209,0.1997497346821321,0.03553410187011152,59.14608237942339,59.14660332552471,0.15373360143442194,59.11239009871436,0.034213226810351216,Normal (15-25)
2019-06-10,90.82776641845705,91.54392020559315,90.72899091694364,91.1652661292486,11380600,False,15.9399995803833,False,2.15,False,0.0108097845896932,0.0107517765302558,0.2044188513436712,90.13466911315918,90.71085388183592,-0.01928725070139,0.06,-0.02208586954156,-0.7805762135096982,False,False,False,0.0215,0.2044188513436712,0.05219346352590182,58.1256712548832,58.12670057538898,0.15053552002574835,58.07532064705443,0.05137992833454774,Normal (15-25)
2019-06-11,91.10765075683594,91.84026508049251,90.85247232147312,91.2228930360471,9847700,False,15.989999771118164,False,2.15,False,0.003081484323741,0.0030767462818946,0.1794791624429885,90.18529319763184,90.87908706665038,0.0112379131970539,0.0,0.0031367749091033,-0.7018709102520387,False,False,False,0.0215,0.1794791624429885,0.01619853205051608,57.81623790354632,57.816370992126814,0.15130851463541986,57.802180115772636,0.014190876354177817,Normal (15-25)
2019-06-12,89.94697570800781,91.2887347827993,89.63417617682502,91.12409849251968,9670500,False,15.90999984741211,False,2.13,False,-0.0127396002332004,-0.0128214447945891,0.1832577343059148,90.14207649230956,90.9683935546875,-0.009517912561897,-0.02,-0.0050031222546077,-0.6800354751913382,False,False,False,0.0213,0.1832577343059148,0.015702201767803625,58.979050340826674,58.97917445932802,0.1440631262719168,58.964088012659374,0.015086446668647113,Normal (15-25)
2019-06-13,90.1692352294922,90.67959832089474,89.7658872993214,90.10338071184688,8406900,False,15.81999969482422,False,2.1,False,0.0024710060536765,0.0024679581381305,0.1830714116480991,90.12725868225098,91.0539762878418,-0.0032758996706387,-0.0299999999999998,-0.0056568292552515,-0.7388936864067805,False,False,False,0.021,0.1830714116480991,0.01618910938864493,58.80645475277228,58.80658604830581,0.1467970992251029,58.79131012949958,0.015275918806231914,Normal (15-25)
2019-06-14,90.39974975585938,90.79487071260088,89.42018389161856,90.19395903011026,9077400,False,15.279999732971191,False,2.09,False,0.002556465359615,0.0025532031606638,0.1769776150337346,90.0659336090088,91.14073791503908,-0.0133859177746935,-0.0100000000000002,-0.0341340058324842,-0.7199855257761882,False,False,False,0.0209,0.1769776150337346,0.01186177521192558,58.591610810742665,58.59168663131909,0.15633266921843905,58.58243778154785,0.00924884977123952,Normal (15-25)
2019-06-17,89.90583038330078,90.85246873681334,89.77412133783717,90.30094495922567,8128600,False,15.350000381469728,False,2.09,False,-0.0054637249980504,-0.0054787057354816,0.1771852141106731,90.00213890075683,91.20099349975584,-0.0139928716128049,0.0,0.0045811943535241,-0.7159885954680191,False,False,False,0.0209,0.1771852141106731,0.010773692642432914,59.07306681604052,59.07313031577591,0.15634337765821257,59.064644017056466,0.00848629871944695,Normal (15-25)
2019-06-18,91.13233947753906,91.70855712122584,89.70827155918883,89.73296543473217,11057300,False,15.149999618530272,False,2.06,False,0.013642153006198,0.013549936577382,0.1832932758310868,89.97579803466797,91.28989501953124,-0.0057475689300828,-0.0299999999999998,-0.0130293653400096,-0.7169943916256682,False,False,False,0.0206,0.1832932758310868,0.019841740982358858,57.92794894420061,57.92813911970522,0.15744209706984635,57.911668648452576,0.01647047125264578,Normal (15-25)
2019-06-19,90.47381591796876,91.85672323329776,90.30094622331958,91.22289071377196,13126500,False,14.329999923706056,False,2.03,False,-0.0072260139852176,-0.0072522480792911,0.1843797119286835,89.90088996887206,91.36002838134766,-0.0162893237807435,-0.0300000000000002,-0.0541253937604894,-0.6815688592678391,False,False,False,0.0203,0.1843797119286835,0.0183183260515572,58.613871958471094,58.61403570443184,0.15430293755562832,58.5978246270918,0.01621107734003857,Low (<15)
2019-06-20,90.7042999267578,91.44514133260476,89.74942818020298,91.27227791922496,13638000,False,14.75,False,2.01,False,0.0025475216939894,0.002544282261116,0.1825953521549228,89.87495994567871,91.44761306762696,-0.0056849810918805,-0.02,0.0293091471409667,-0.6862447211964317,False,False,False,0.020099999999999996,0.1825953521549228,0.01733365330645098,58.41711155334855,58.41726043380012,0.16043026835911106,58.403775497445075,0.013484936355041555,Low (<15)
2019-06-21,90.08692169189452,91.92257086951246,89.79880974255518,90.70429367436589,27089500,True,15.399999618530272,False,2.07,False,-0.0068064935770608,-0.0068297634052022,0.1696735789001502,89.90788688659669,91.51511276245115,0.0073638681277579,0.06,0.0440677707478149,-0.6222339212420406,False,False,False,0.0207,0.1696735789001502,0.006841377305228852,58.921596287724256,58.92162455303103,0.15779095999863474,58.91753480277188,0.004089750259147706,Normal (15-25)
2019-06-24,89.44486999511719,90.35857489601086,89.34608820139974,89.95522689540671,13039600,False,15.260000228881836,False,2.02,False,-0.0071270244861202,-0.0071525430450153,0.1678528774326027,89.86467170715332,91.55511840820311,-0.0095704960478174,-0.0499999999999998,-0.0090908696828784,-0.5867984031778642,False,False,False,0.0202,0.1678528774326027,0.005093946174321656,59.620595511819076,59.62061200662886,0.16269091778730127,59.61895450016294,0.0016575064659178906,Normal (15-25)
2019-06-25,88.70402526855469,89.7082848914536,88.62993735068105,89.46133353885317,18660100,False,16.280000686645508,False,2.0,False,-0.0082826966667058,-0.0083171887893111,0.1659781646088095,89.83339309692383,91.4983203125,-0.0070029667913583,-0.02,0.066841444460346,-0.5804109452686308,False,False,False,0.02,0.1659781646088095,0.003658711146122845,60.37234588681035,60.37235488303149,0.15629591150039177,60.37032281685896,0.0020320661725321543,Normal (15-25)
2019-06-26,89.29666900634766,89.97988909492905,89.03325726273967,89.1484995080537,10324600,False,16.209999084472656,False,2.05,False,0.0066811369157004,0.0066589170349276,0.1674974315758386,89.84409370422364,91.47428329467772,0.0024023996761972,0.0499999999999998,-0.0042998525319641,-0.5733277659119582,False,False,False,0.020499999999999997,0.1674974315758386,0.004814916249095816,59.72101080037686,59.721025685820656,0.1636876229416975,59.71981325517058,0.0012124306500780335,Normal (15-25)
2019-06-27,89.59302520751953,90.17747625082472,89.26376515187488,89.59302520751953,10906600,False,15.81999969482422,False,2.01,False,0.0033187822622007,0.0033132872588054,0.1627351338729718,89.91735534667968,91.43707641601564,0.0166262289104244,-0.04,-0.0240591864080986,-0.642653257960253,False,False,False,0.020099999999999996,0.1627351338729718,0.0035844366772303793,59.48904367573435,59.489052444036126,0.16370956592366415,59.48933640087481,-0.00028395683868609467,Normal (15-25)
2019-06-28,92.02957916259766,92.54816932827777,91.28873158288884,91.40397384192887,21634700,False,15.079999923706056,False,2.0,False,0.0271957995550933,0.0268325647270264,0.1819121653288165,90.15771827697752,91.39591812133789,0.0551150046831794,-0.0099999999999997,-0.046776219051399,-0.6323151186923143,False,False,False,0.02,0.1819121653288165,0.02183342493978918,57.141556377674576,57.14178372123105,0.14029219291966136,57.12064376910542,0.02113995212562969,Normal (15-25)
2019-07-01,93.57713317871094,94.26858681144674,93.08323682958068,93.20671248692145,12724500,False,14.0600004196167,False,2.03,False,0.0168158328028324,0.0166760119784395,0.1885957637784335,90.45488052368164,91.39953979492188,0.0678190258714932,0.0299999999999998,-0.0676392247513143,-0.6714466129209049,False,False,False,0.0203,0.1885957637784335,0.04130302463344582,55.605010813083496,55.60571826623851,0.12997384322867145,55.56418068019086,0.04153758604765301,Low (<15)
2019-07-02,93.6759033203125,94.00516332532976,93.19846752071264,93.43718542051256,10174900,False,12.93000030517578,False,1.98,False,0.0010554944167069,0.0010549377741294,0.1582780354918668,90.62198028564453,91.40283233642576,0.0369960218731943,-0.0499999999999998,-0.0803698492685909,-0.4814961172509839,False,False,False,0.019799999999999998,0.1582780354918668,0.007082924448874012,55.547806537568405,55.54783799418095,0.1302399101042969,55.5412212670759,0.006616727105054565,Low (<15)
2019-07-03,93.5267105102539,94.39715308889488,93.06247784148312,93.95778279915596,6849400,False,12.56999969482422,False,1.96,False,-0.0015926487471217,-0.0015939183603485,0.1586036965834535,90.76557121276856,91.40083618164064,0.0316785832528636,-0.02,-0.0278422739253496,-0.4751310614579467,False,False,False,0.0196,0.1586036965834535,0.006964445032093591,55.722859644029796,55.722890091683624,0.16389696158169578,55.726048298263315,-0.003158206579691125,Low (<15)
2019-07-05,94.08212280273438,94.72873433080824,93.60959850724232,94.09870615328222,7929400,False,13.279999732971191,False,2.04,False,0.0059385419357775,0.0059209782962532,0.1593430037136314,90.92705307006835,91.41307586669922,0.0355481429335726,0.08,0.0564836957346401,-0.3978822005004468,False,False,False,0.0204,0.1593430037136314,0.008541214246868128,55.064191783499595,55.06423603581163,0.16242493893071977,55.066278148068385,-0.0020421122567526595,Low (<15)
2019-07-08,93.5681381225586,94.0738227152344,93.2614094324243,93.64274421425137,6917200,False,13.960000038146973,False,2.05,False,-0.0054631492664496,-0.0054781268411279,0.1546280517331944,91.112638092041,91.41404861450197,0.0413070063220522,0.0099999999999997,0.0512048432868184,-0.3983539967764734,False,False,False,0.020499999999999997,0.1546280517331944,0.005318603944379052,55.54842008633153,55.54843890637802,0.19369166168730276,55.59626687677412,-0.04782797039610642,Low (<15)
2019-07-09,93.96605682373048,94.0821149691216,92.97127091332244,93.07903738413002,8947300,False,14.09000015258789,False,2.07,False,0.0042527158192533,0.0042436985794662,0.1514316015545861,91.2695526123047,91.40882110595705,0.0345521037125902,0.02,0.009312329089232,-0.3827600893390237,False,False,False,0.0207,0.1514316015545861,0.004592505695031127,55.12955129167908,55.12956583077832,0.19550070987550627,55.18682627767721,-0.0572604468988942,Low (<15)
2019-07-10,93.69251251220705,94.36399918239532,93.46039616189849,93.98266427478896,9242300,False,13.029999732971191,False,2.07,False,-0.0029110970574893,-0.002915342541875,0.1522209147457273,91.39879570007324,91.370958404541,0.0283715114361804,0.0,-0.0752306890090424,-0.31970645918161,False,False,False,0.0207,0.1522209147457273,0.0045589175274134,55.39676211146333,55.39677640624915,0.20883173401519625,55.49278951409503,-0.09601310784587724,Low (<15)
2019-07-11,94.58780670166016,94.8033459841551,93.77539962291736,93.98264723020614,11595200,False,12.93000030517578,False,2.13,False,0.0095556642195551,0.0095102976364691,0.1450743335692008,91.63083724975586,91.35215377807616,0.051595186576564,0.06,-0.0076745533265341,-0.3254243496622088,False,False,False,0.0213,0.1450743335692008,0.003214899513290778,54.432613403882016,54.43262112262815,0.2157654553745293,54.57762428132648,-0.14500315869833003,Low (<15)
2019-07-12,95.58261108398438,95.62405681585987,94.4468917757051,94.61268735259884,10783400,False,12.390000343322754,False,2.12,False,0.0105172581648069,0.0104623365527152,0.1477963612201486,91.90150604248046,91.36789749145508,0.0600357299328806,-0.0099999999999997,-0.0417633371313121,-0.3462906332560945,False,False,False,0.0212,0.1477963612201486,0.005267107488075684,53.47745683493709,53.477475878380474,0.21083139159103412,53.617368585744984,-0.13989270736450976,Low (<15)
2019-07-15,94.42200469970705,95.80641710395822,94.11527598496916,95.78154840473252,12946600,False,12.68000030517578,False,2.09,False,-0.0121424427635435,-0.0122167644657665,0.1572371563388526,92.10261878967285,91.3563136291504,0.0444940937857736,-0.0300000000000002,0.0234059688310914,-0.3818077137752733,False,False,False,0.0209,0.1572371563388526,0.008058056971429833,54.658187298497054,54.65822740575548,0.21624495361023777,54.79636286379118,-0.13813545803569838,Low (<15)
2019-07-16,95.43338012695312,95.74839421197244,93.60959739476522,94.07383633416131,16945000,False,12.859999656677246,False,2.13,False,0.0107112259527064,0.0106542671434615,0.1572291011736586,92.37899627685547,91.3532682800293,0.0614815493064957,0.04,0.0141955321111462,-0.3465029550589624,False,False,False,0.0213,0.1572291011736586,0.010328254896434436,53.61362744042451,53.61369079291877,0.2206626786563627,53.7991121034791,-0.1854213105603364,Low (<15)
2019-07-17,94.4966278076172,95.28417259813256,94.28109482573343,94.86138566110624,13120900,False,13.970000267028809,False,2.06,False,-0.00981577219721,-0.0098642644761671,0.1582830229457574,92.54721069335938,91.34844497680665,0.0369165144817478,-0.0699999999999998,0.0863142021761425,-0.4227006495761525,False,False,False,0.0206,0.1582830229457574,0.008782591892423142,54.630083215424065,54.63013000422515,0.2613983381523778,55.11868874597228,-0.4885587417471271,Low (<15)
2019-07-18,95.0603256225586,95.391923040425,94.13186044216626,94.44687451055728,9397200,False,13.529999732971191,False,2.04,False,0.0059652691108618,0.0059475473349309,0.1551331742420775,92.77653617858888,91.3858465576172,0.0506943324767947,-0.02,-0.0314961006189872,-0.5066759488631908,False,False,False,0.0204,0.1551331742420775,0.007981763795337937,54.10795816097388,54.107997896368325,0.26040552824709023,54.617602250167494,-0.509604353799169,Low (<15)
2019-07-19,94.12359619140624,95.43340289502356,94.00753801004234,95.24273226867057,10402800,False,14.449999809265137,False,2.05,False,-0.009854052413745,-0.0099029249147298,0.1612307192521587,92.94750099182129,91.41439163208008,0.0376971793774878,0.0099999999999997,0.0679970505876657,-0.5541618874086957,False,False,False,0.020499999999999997,0.1612307192521587,0.009855467274940632,55.01029144174292,55.01034860262635,0.27754876978987186,55.66580833497772,-0.6554597323513676,Low (<15)
2019-07-22,94.72874450683594,94.87796305432056,93.48525871936282,93.60132321158044,9061100,False,13.529999732971191,False,2.05,False,0.0064292944587358,0.006408714706875,0.1585738052145237,93.17959213256836,91.4565216064453,0.0515260453766739,0.0,-0.0636678261894546,-0.5375977645022166,False,False,False,0.020499999999999997,0.1585738052145237,0.009449938419859166,54.41867455711369,54.41872802961648,0.2787982529234026,55.13503272092058,-0.7163046913040958,Low (<15)
2019-07-23,96.4613265991211,96.53593270170322,95.18468058247942,95.23441798420085,12752200,False,12.609999656677246,False,2.08,False,0.0182899298550307,0.018124680973483,0.1635626274075091,93.53041496276856,91.53346740722657,0.0784444832262256,0.0300000000000002,-0.0679970505876657,-0.5940167405225406,False,False,False,0.0208,0.1635626274075091,0.019399623598924554,52.691864364533984,52.69206030736687,0.2699105521819392,53.40717175979152,-0.7151114524246438,Low (<15)
2019-07-24,96.85094451904295,96.89239024190202,95.76496285514656,95.81470657714966,10011000,False,12.06999969482422,False,2.05,False,0.0040391101144716,0.004030974808121,0.1571802399337128,93.93776092529296,91.66858291625977,0.0918438506688188,-0.0300000000000002,-0.0428231543659943,-0.5474340080808722,False,False,False,0.020499999999999997,0.1571802399337128,0.014022096343309698,52.34992235066227,52.350033329485655,0.2694539565933926,53.09220254046211,-0.7421692109764564,Low (<15)
2019-07-25,95.92247772216795,97.19083201292298,95.59917197451256,96.90068663998798,10138400,False,12.739999771118164,False,2.08,False,-0.00958655386879,-0.0096328006786881,0.1645508930476781,94.26905136108398,91.77080627441406,0.0741999538118192,0.0300000000000002,0.0555095354792136,-0.5907392686133264,False,False,False,0.0208,0.1645508930476781,0.018357924675628468,53.217261502137276,53.21743798636492,0.27327309507171066,53.94006937568935,-0.7226313893244267,Low (<15)
2019-07-26,96.34526824951172,96.58567623183508,95.77326283209771,95.97221876327411,12800400,False,12.15999984741211,False,2.08,False,0.0044076272567556,0.0043979421163025,0.1645684468276445,94.6066635131836,91.888399810791,0.0753657221234838,0.0,-0.0455258974981244,-0.5879702802490429,False,False,False,0.0208,0.1645684468276445,0.020108908651156665,52.80595909985017,52.80616750100055,0.2824691932765299,53.70175581464576,-0.8955883136452059,Low (<15)
2019-07-29,96.0385284423828,97.14108709894336,95.988791046497,96.54421304953632,8500400,False,12.829999923706056,False,2.06,False,-0.0031837558055735,-0.003188834739009,0.1406041532315245,94.80711097717284,91.9766453552246,0.0435615300674376,-0.02,0.0550986911760971,-0.6150758414216454,False,False,False,0.0206,0.1406041532315245,0.0031620190853930835,53.118072983246506,53.11808061855283,0.2859691448642782,54.05824827399017,-0.9401676554373424,Low (<15)
2019-07-30,95.82299041748048,96.22920023808396,95.13493324166951,95.49139934105348,7121100,False,13.9399995803833,False,2.06,False,-0.0022442870418576,-0.002246809228401,0.1301645989027438,94.91940383911133,92.06947067260742,0.0240000645721907,0.0,0.0865159519312461,-0.571909309514846,False,False,False,0.0206,0.1301645989027438,0.0010295155591167199,53.32651452359393,53.32651551385981,0.28682116001005026,54.26295940966134,-0.9364438958015313,Low (<15)
2019-07-31,96.1628875732422,96.31210610005051,95.21783901168764,96.24578534931462,13648000,False,16.1200008392334,False,2.02,False,0.0035471357581395,0.0035408595095213,0.1304234594323686,95.04375305175782,92.15954528808594,0.0265488152745725,-0.04,0.1563846000338369,-0.4796205285718045,False,False,False,0.0202,0.1304234594323686,0.0011673484041468951,53.0533716541738,53.05337290502431,0.29008988818528075,54.073111317086905,-1.019738412062594,Normal (15-25)
2019-08-01,93.6261749267578,96.82607827853666,93.34431491056606,95.60746141598167,15664500,False,17.8700008392334,False,1.9,False,-0.026379331054845,-0.0267335081328095,0.1633451854278571,95.048726272583,92.19262924194337,0.0010634867404322,-0.1200000000000001,0.1085607883928139,-0.5701154130771485,False,False,False,0.019,0.1633451854278571,0.00982896404462441,55.71683013285846,55.7168864730375,0.2917469101874083,56.51940404448892,-0.8025175714514248,Normal (15-25)
2019-08-02,93.61788177490234,94.03237695564223,92.34952753378936,93.17851789526917,11025500,False,17.610000610351562,False,1.86,False,-8.857727939803883e-05,-8.858120259692418e-05,0.1618842035605104,95.0255142211914,92.2405288696289,-0.0049344233952439,-0.0399999999999998,-0.0145495364673406,-0.5948412934188818,False,False,False,0.018600000000000002,0.1618842035605104,0.008801823462701808,55.782787684902885,55.7828339174102,0.2929318067029759,56.600152659564834,-0.8173187421546331,Normal (15-25)
2019-08-05,90.83245849609376,92.00133774656928,89.75476867613874,91.8438275802714,15855300,False,24.59000015258789,False,1.75,False,-0.0297531115423647,-0.030204715687364,0.1924400736136942,94.88873023986817,92.26861038208008,-0.0292372989497936,-0.1100000000000001,0.3963656615737607,-0.7354665309394693,False,False,False,0.0175,0.1924400736136942,0.028531596215637056,58.68583910092754,58.6861958777891,0.2757444467674883,59.09325377356363,-0.40705789577452833,Normal (15-25)
2019-08-06,91.54539489746094,91.60342396282068,89.8128019608166,91.23038087475004,10203500,False,20.170000076293945,False,1.73,False,0.0078489167107353,0.007818274199875,0.1942589277847832,94.76769714355468,92.2933348083496,-0.0257610248646532,-0.02,-0.1797478669730214,-0.7320295692830018,False,False,False,0.0173,0.1942589277847832,0.03545002568497724,58.025723033697616,58.02624888215131,0.27779890183356304,58.48249206098543,-0.45624317883412147,Normal (15-25)
2019-08-07,89.55583953857422,89.76308715625107,87.82325249064944,89.53097083640425,17320900,False,19.489999771118164,False,1.71,False,-0.0217329922615463,-0.0219726321613743,0.2074569780883929,94.56086349487305,92.2978596496582,-0.0441515854652084,-0.02,-0.033713450798396,-0.6575891508400825,False,False,False,0.0171,0.2074569780883929,0.04472785321336803,60.00822387731404,60.00899376995367,0.27653420398619266,60.34536729596045,-0.3363735260067813,Normal (15-25)
2019-08-08,91.07288360595705,91.25526250141442,90.12783507921844,90.40140342240451,10903300,False,16.90999984741211,False,1.72,False,0.0169396443068281,0.0167977685077195,0.2145291893029746,94.38511734008787,92.33766418457031,-0.0371604249878585,0.01,-0.1323755748591287,-0.6920708323581358,False,False,False,0.0172,0.2145291893029746,0.07627632881271174,58.54292185462897,58.54489260997733,0.27094759386879513,58.8688721924339,-0.3239795824565661,Normal (15-25)
2019-08-09,90.97342681884766,91.56200938682716,89.77139297680023,90.65012099030535,9980800,False,17.969999313354492,False,1.74,False,-0.0010920570774909,-0.001092653806302,0.2095865179102355,94.15465812683104,92.3945768737793,-0.0482219957465571,0.02,0.0626847708756546,-0.6834754204679646,False,False,False,0.0174,0.2095865179102355,0.06225586925861171,58.596582164008666,58.59797035147268,0.2829655031142305,59.0489221764583,-0.4509518249856157,Normal (15-25)
2019-08-12,89.26568603515625,89.95374958130736,88.8760595373431,89.89572050661359,9393700,False,21.09000015258789,False,1.65,False,-0.0187718638662691,-0.0189502917809117,0.2149330153835854,93.89684219360352,92.4354441833496,-0.0546092902914906,-0.09,0.1736227578436664,-0.7172026071313848,False,False,False,0.0165,0.2149330153835854,0.057339859730234366,60.39280759447614,60.39398686575023,0.27324105014980643,60.67623955542799,-0.28225268967776174,Normal (15-25)
2019-08-13,90.6417999267578,91.46250490977664,88.72683428243582,89.4895038704686,12124700,False,17.520000457763672,False,1.68,False,0.0154159336327688,0.0152983153843724,0.2194329456973019,93.65726318359376,92.49560241699218,-0.0502086397214599,0.03,-0.1692745220007101,-0.7572757523368978,False,False,False,0.0168,0.2194329456973019,0.08485929684909066,59.03164898556874,59.03400212235146,0.27002927048225855,59.32012933019478,-0.2861272078433217,Normal (15-25)
2019-08-14,86.87818908691406,88.62735918864674,86.58803741174869,88.12167458152814,19491800,False,22.100000381469727,False,1.59,False,-0.0415218016730126,-0.0424084623712033,0.2588168025149416,93.2763412475586,92.42648803710938,-0.0806212760968918,-0.0899999999999998,0.2614155139291969,-0.7916065476588934,True,False,False,0.0159,0.2588168025149416,0.16718167084409474,62.92371449246785,62.9308649660122,0.2086497739309009,62.78560003880463,0.14526492720757034,Normal (15-25)
2019-08-15,87.20979309082031,88.18800207795664,86.49686079555002,86.89477899569667,13365600,False,21.18000030517578,False,1.52,False,0.0038168843917143,0.0038096185711471,0.2578228233546283,92.88381462097168,92.35758605957032,-0.0825847426918058,-0.07,-0.0416289620096722,-0.7919723797306326,False,False,False,0.0152,0.2578228233546283,0.16871274824758165,62.70465850324547,62.711935952747865,0.21392590140164408,62.57461221758615,0.13732373516171492,Normal (15-25)
2019-08-16,89.2988510131836,89.5143902980262,87.76521996748133,88.17971518657357,11830600,False,18.46999931335449,False,1.55,False,0.0239543960411388,0.0236719905095229,0.2752822694278675,92.64257736206056,92.32651336669922,-0.0512596774183088,0.03,-0.127950942057307,-0.8029769261736881,False,False,False,0.0155,0.2752822694278675,0.33201398590481634,60.78269965781682,60.805686608953884,0.21086230893309105,60.499807511133106,0.30587909782077816,Normal (15-25)
2019-08-19,90.10296630859376,90.98169408634546,89.87913536445664,90.88221296398513,8265400,False,16.8799991607666,False,1.6,False,0.0090047664251744,0.0089644652702988,0.2765371425474447,92.41128845214844,92.33144393920898,-0.0488318326430301,0.05,-0.0860855555873387,-0.8048788658661947,False,False,False,0.016,0.2765371425474447,0.3743059233876984,59.965567594154294,59.99380833077309,0.2132127797362907,59.65365790508256,0.3401504256905312,Normal (15-25)
2019-08-20,88.95897674560547,89.89574014491176,88.90094765823486,89.40663241590565,8374000,False,17.5,False,1.55,False,-0.0126964694932488,-0.0127777584501795,0.2675854566461608,92.03617095947266,92.29406814575196,-0.0777757275171455,-0.05,0.0367299093636472,-0.8010868422566773,False,False,False,0.0155,0.2675854566461608,0.2684537857685987,61.05118619961843,61.067304977962415,0.20407448289728622,60.817076549994326,0.2502284279680893,Normal (15-25)
2019-08-21,89.20765686035156,89.88742873087077,89.07501536137475,89.70504983212504,8189300,False,15.800000190734863,False,1.59,False,0.0027954471133053,0.0027915471174878,0.2671318576387709,91.65400657653808,92.25606826782229,-0.0789180497582918,0.04,-0.097142846243722,-0.7984425096255833,False,False,False,0.0159,0.2671318576387709,0.2745262808160729,60.7552404883068,60.772020879207574,0.20620992169734592,60.52050803080899,0.25151284839858334,Normal (15-25)
2019-08-22,90.1278305053711,90.5837713961816,89.47292737977972,89.83768515218361,9343400,False,16.68000030517578,False,1.62,False,0.0103149626097678,0.0102621264079687,0.2708925037842384,91.36427421569825,92.25968536376952,-0.0604096907669609,0.03,0.0556962091023867,-0.7739232817828869,False,False,False,0.016200000000000003,0.2708925037842384,0.33311088979830483,59.8705601350094,59.89388781888484,0.20778113777601398,59.58774544325426,0.30614237563057856,Normal (15-25)
2019-08-23,87.88955688476562,90.17757209354716,87.13517893141155,89.53096061218805,14762300,False,19.8700008392334,False,1.52,False,-0.0248344335823337,-0.0251480106902394,0.2800599180680475,90.94148864746094,92.214091796875,-0.0877646771696953,-0.1,0.1912470309168858,-0.78610330868222,False,False,False,0.0152,0.2800599180680475,0.31362338668215983,62.18546075043517,62.20609005086747,0.17721796595432954,61.87795426156781,0.32813578929966525,Normal (15-25)
2019-08-26,88.5942153930664,88.6936902034436,87.8812830701177,88.3869677718533,8209500,False,19.31999969482422,False,1.54,False,0.0080175453521136,0.0079855756009797,0.2835236582390009,90.56927299499512,92.17798110961914,-0.077513818360748,0.02,-0.027679975902326,-0.7883869485527193,False,False,False,0.0154,0.2835236582390009,0.3654853294038296,61.51934843547487,61.546084943514366,0.18908918757566548,61.16879574069887,0.37728920281549705,Normal (15-25)
2019-08-27,87.65745544433594,89.16621793138741,86.9113627145422,88.99213068188482,14331800,False,20.309999465942383,False,1.49,False,-0.0105736017252857,-0.0106298994501489,0.2844292024724884,90.16099624633787,92.13301361083984,-0.0852147792254138,-0.05,0.0512422249873731,-0.7929951549035965,False,False,False,0.0149,0.2844292024724884,0.3346737108366318,62.47759488875023,62.50049904086832,0.180243383601793,62.14996635989156,0.3505326809767624,Normal (15-25)
2019-08-28,88.5361557006836,88.87603839311679,87.07713118088728,87.11029154777961,10585500,False,19.350000381469727,False,1.47,False,0.0100242500982206,0.0099743405631709,0.2877064663242706,89.77965965270997,92.08108993530271,-0.0793105538428193,-0.02,-0.0472673121475196,-0.8346078666433493,False,False,False,0.0147,0.2877064663242706,0.3931384580982873,61.70715568810138,61.73724462336771,0.18575162237461526,61.32604146286328,0.41120316050442796,Normal (15-25)
2019-08-29,90.5423355102539,91.09775757879352,89.54754320236269,89.64702433056033,10002200,False,17.8799991607666,False,1.5,False,0.0226594411480056,0.0224065294416719,0.2896882613953783,89.62546768188477,92.08246032714844,-0.0329377913699489,0.03,-0.0759690538358258,-0.830914811335791,False,False,False,0.015,0.2896882613953783,0.5040482616084825,59.81375262162487,59.85976985312676,0.17357202364038551,59.3185642063799,0.5412056467468602,Normal (15-25)
2019-08-30,91.07288360595705,91.65317434178084,90.7495778638988,91.05630025653656,10170300,False,18.979999542236328,False,1.5,False,0.0058596687694569,0.0058425676823643,0.2908435151637035,89.4982177734375,92.08983200073244,-0.027184957838125,0.0,0.06152127701904,-0.8183259421299074,False,False,False,0.015,0.2908435151637035,0.5428828870956242,59.33425801943943,59.38641643953496,0.17394483451090298,58.801612201181726,0.5848042383532359,Normal (15-25)
2019-09-03,89.99520111083984,90.3516672568632,88.96725472509385,90.34338190615456,9868800,False,19.65999984741211,False,1.47,False,-0.011833187359917,-0.0119037567813817,0.2739910791025762,89.4563549041748,92.08799758911132,-0.0092176012750984,-0.03,0.0358272034550144,-0.8041949586969286,False,False,False,0.0147,0.2739910791025762,0.3463855504547153,60.234960135935225,60.25974783229523,0.18277021919244169,59.90237182658011,0.35737600571512473,Normal (15-25)
2019-09-04,91.08116912841795,91.37131447673146,89.99518750373855,90.73298838574752,6929200,False,17.329999923706055,False,1.47,False,0.012066954728404,0.0119947294755628,0.2760603668031414,89.43314361572266,92.12072357177736,-0.005070989857687,0.0,-0.1185147478021347,-0.825431653237857,False,False,False,0.0147,0.2760603668031414,0.40719072166918835,59.23480783998096,59.267473874208434,0.19705665006136894,58.86377525919722,0.4036986150112156,Normal (15-25)
2019-09-05,93.15365600585938,94.27279181072645,92.18373240525924,92.22518445624117,13224700,False,16.270000457763672,False,1.57,False,0.0227542849666253,0.0224992674706357,0.2750063221799573,89.61303443908692,92.20971618652344,0.040174001894488,0.1,-0.0611655782232514,-0.8768016231136476,False,False,False,0.015700000000000002,0.2750063221799573,0.49951264994922084,57.15463636610171,57.20121262777374,0.18090361401066654,56.67940069596108,0.5218119318126639,Normal (15-25)
2019-09-06,93.35257720947266,93.65930582843016,92.81373237063065,93.3940292450346,7836600,False,15.0,False,1.55,False,0.002135409517376,0.0021331327710869,0.2693850613543797,89.72701911926269,92.29083435058594,0.0250315298391023,-0.02,-0.07805780098535,-0.8619932149023782,False,False,False,0.0155,0.2693850613543797,0.4551540020804552,56.945473430977415,56.98559550331743,0.19582091186576644,56.54238134161786,0.44321416169956507,Normal (15-25)
2019-09-09,95.66551208496094,96.21264256684007,94.173326544025,94.26451601178752,13985100,False,15.270000457763672,False,1.63,False,0.024776336600738,0.0244743805850976,0.2816152381658467,89.96162338256836,92.41228408813475,0.0515764375399034,0.0799999999999998,0.018000030517578,-0.8141831524679185,False,False,False,0.0163,0.2816152381658467,0.7243774876445173,54.83692334528051,54.92376066320112,0.17578642181178808,54.143234974099066,0.7805256891020562,Normal (15-25)
2019-09-10,96.88411712646484,97.21570824998774,95.939068510095,96.41159281827991,14333100,False,15.199999809265137,False,1.72,False,0.0127381855273158,0.0126577372980492,0.2718397522395497,90.3425449371338,92.5093748474121,0.0853455726347991,0.09,-0.004584194263265,-0.7886347995332231,False,False,False,0.0172,0.2718397522395497,0.6896927738384901,53.47894127023402,53.5603794631651,0.18614817369464895,52.85388866352824,0.7064907996368603,Normal (15-25)
2019-09-11,97.14937591552734,97.15766126480176,95.64889916193356,96.9006762940251,9919200,False,14.609999656677246,False,1.75,False,0.0027378975721712,0.0027341563577655,0.2686351765606543,90.66792373657226,92.58081970214845,0.0717944259053542,0.03,-0.0388157999994352,-0.7907092813117624,False,False,False,0.0175,0.2686351765606543,0.6693490717440262,53.15522187750162,53.23311958233974,0.18826783845900785,52.560446366408975,0.6726732159307645,Low (<15)
2019-09-12,97.74626159667967,98.21049419913696,96.09656613851432,96.6188341409736,12283500,False,14.220000267028809,False,1.79,False,0.0061439991304867,0.0061252017227081,0.2091125249168021,91.21132736206054,92.66222686767578,0.1250955230995094,0.04,-0.026694004025537,-0.6526742816854256,False,False,False,0.0179,0.2091125249168021,0.1716809473090497,52.015467393838335,52.023928658869934,0.19444529032600072,51.950348577666404,0.07358008120353077,Low (<15)
2019-09-13,99.66951751708984,99.81044436566744,98.44260895524508,98.6498565530456,16257200,False,13.739999771118164,False,1.9,False,0.0196760048823749,0.0194849345650062,0.2144331617115704,91.83431358337404,92.7850830078125,0.1428707027580489,0.1099999999999998,-0.0337553085018991,-0.6503759522070833,False,False,False,0.019,0.2144331617115704,0.263731918439595,50.06657261098938,50.08429844847256,0.19080504813038213,49.93062237637415,0.15367607209840628,Low (<15)
2019-09-16,98.7824935913086,99.37107598352328,98.1358758026232,98.56695432841346,11993900,False,14.670000076293944,False,1.84,False,-0.0088996510455582,-0.008939489481511,0.2112338824430424,92.30849571228028,92.879090423584,0.106201171353536,-0.0599999999999998,0.0676856128579175,-0.6351918980569345,False,False,False,0.0184,0.2112338824430424,0.21248222220597413,50.97025074181795,50.98249493763447,0.1891070778537889,50.8605598398594,0.12193509777507217,Low (<15)
2019-09-17,98.29339599609376,98.32655637258236,97.19083719545394,98.16904616543522,10735400,False,14.4399995803833,False,1.81,False,-0.0049512578335829,-0.0049635559214465,0.2136454401811997,92.71801719665528,92.97359558105468,0.090900777444425,-0.03,-0.0156782886649273,-0.6247635088518313,False,False,False,0.0181,0.2136454401811997,0.21320856527202858,51.49299664277005,51.505230265756275,0.21685325556371482,51.52827837344567,-0.023048107689398023,Low (<15)
2019-09-18,99.2799072265625,99.54518394206004,97.61363449734898,98.0861588444757,10665600,False,13.949999809265137,False,1.8,False,0.0100363938031802,0.0099863636724735,0.2044965812952923,93.23406372070312,93.07987258911132,0.1160189882857087,-0.01,-0.0339335031410823,-0.6201155927753554,False,False,False,0.018000000000000002,0.2044965812952923,0.18356504059329737,50.51429356236771,50.5239406767173,0.21446504258215857,50.59482055046218,-0.07087987374487881,Low (<15)
2019-09-19,98.96485900878906,99.76068893196896,98.72445106459504,99.23013564984905,9382600,False,14.050000190734863,False,1.79,False,-0.00317333312021,-0.003178378819039,0.206661497738678,93.721923828125,93.18531951904296,0.1093762855324373,-0.01,0.007168486224875,-0.6616399906709564,False,False,False,0.0179,0.206661497738678,0.1880168267038096,50.841270952830826,50.85127053015757,0.2147994281348956,50.9085637312685,-0.05729320111093017,Low (<15)
2019-09-20,98.56696319580078,99.76070511183272,98.54209449490148,99.2633121197615,21862800,False,15.31999969482422,False,1.74,False,-0.0040205767680924,-0.0040286810166625,0.2082910791719267,94.14388046264648,93.26490264892578,0.0936351473580268,-0.05,0.090391422551499,-0.7032455672294201,False,False,False,0.0174,0.2082910791719267,0.18620156225337148,51.301875566199485,51.311656788359464,0.21405305643759773,51.35064569577621,-0.03898890741674421,Normal (15-25)
2019-09-23,98.55036926269533,98.74933149791453,97.5555833853767,97.63848115437088,9135100,False,14.90999984741211,False,1.72,False,-0.0001683518753894,-0.0001683660481571,0.1783643272328141,94.67692108154296,93.3242578125,0.1212978282722188,-0.02,-0.0267623926618371,-0.5464284144589333,False,False,False,0.0172,0.1783643272328141,0.05950813529767063,51.22087936688932,51.22228966176352,0.22947852236819416,51.52321879512384,-0.3009291333603201,Low (<15)
2019-09-24,97.26544952392578,98.86540132086294,97.02504153815131,98.4426144269358,11696500,False,17.049999237060547,False,1.64,False,-0.0130382031887112,-0.0131239466693077,0.1901619962147524,95.11048278808592,93.38112670898435,0.0978758499343062,-0.08,0.1435277942018136,-0.6186531647967926,False,False,False,0.016399999999999998,0.1901619962147524,0.07877171801626393,52.61347099342254,52.61571186541092,0.22342523182282376,52.79192437398038,-0.17621250856945636,Normal (15-25)
2019-09-25,97.82086181640624,98.11929884995727,97.0913525814451,97.21569607484597,9389400,False,15.960000038146973,False,1.73,False,0.0057102732285612,0.0056940314191687,0.1813413240315168,95.61865310668944,93.42887634277344,0.1159445744865848,0.09,-0.0639295746444557,-0.5858363231121019,False,False,False,0.0173,0.1813413240315168,0.060051078804534974,51.91938525634065,51.9208042951309,0.22328693484136666,52.1380131670796,-0.2172088719486993,Normal (15-25)
2019-09-26,97.01675415039062,97.86232797561397,96.95043339455049,97.7213947882798,9899200,False,16.06999969482422,False,1.7,False,-0.0082202063147306,-0.0082541785110608,0.1868663679289448,96.0426830291748,93.4792788696289,0.0957868385247897,-0.03,0.0068922090485168,-0.5743570050583493,False,False,False,0.017,0.1868663679289448,0.06639403932495402,52.75555159010696,52.75721965741,0.21967566195551233,52.91344913111487,-0.15622947370486884,Normal (15-25)
2019-09-27,97.58875274658205,98.35142241108696,97.22399493977753,97.78770867543224,10207800,False,17.219999313354492,False,1.69,False,0.0058958743899506,0.0058785617380244,0.1745029371527247,96.3950038909912,93.52984741210938,0.0778245579442793,-0.01,0.0715618942357954,-0.5039953909442961,False,False,False,0.0169,0.1745029371527247,0.04132852637685924,52.18640887366034,52.18714971412202,0.22007418398781797,52.39007833001018,-0.2029286158881618,Normal (15-25)
2019-09-30,97.56387329101562,98.45917803449426,97.17424682664256,98.1192952903714,9755000,False,16.239999771118164,False,1.68,False,-0.0002549418336252,-0.0002549743368189,0.1749003498636341,96.71955337524416,93.59865295410157,0.0712724735184953,-0.01,-0.0569105447917362,-0.5016881271786813,False,False,False,0.0168,0.1749003498636341,0.041889887206053134,52.226026067512635,52.22678405674759,0.21955097313632055,52.42425905489797,-0.19747499815038339,Normal (15-25)
2019-10-01,95.78982543945312,98.64983925780618,95.67376731100768,98.15244637522656,11250300,False,18.559999465942383,False,1.65,False,-0.0181834504076199,-0.0183508011217838,0.1835266788247763,97.0092845916748,93.6198745727539,0.0643881480022086,-0.03,0.1428571260789175,-0.589388195159198,False,False,False,0.0165,0.1835266788247763,0.04571324123765885,54.00729674937875,54.008158026531,0.20407738256078575,54.07211626228458,-0.0639582357535815,Normal (15-25)
2019-10-02,93.8831787109375,95.25101436769168,93.61790199096728,95.17640193020534,12548700,False,20.559999465942383,False,1.6,False,-0.01990448066659,-0.020105243359724,0.1975636209719078,97.14938507080078,93.56831161499024,0.0307638736890707,-0.0499999999999998,0.1077586237903724,-0.628198780299234,False,False,False,0.016,0.1975636209719078,0.06066277448961266,55.95877279545458,55.960143302259226,0.1861821908391973,55.93499283652929,0.0251504657299364,Normal (15-25)
2019-10-03,93.7494659423828,94.3511214237082,92.35395699944638,93.81631159280558,12735200,False,19.1200008392334,False,1.54,False,-0.0014242462855502,-0.0014252614883382,0.1811710962101866,97.17917556762696,93.50628204345703,0.0063959909043822,-0.06,-0.070038845530825,-0.5640538593114645,False,False,False,0.0154,0.1811710962101866,0.027230543085314807,56.144571876055934,56.14491127718362,0.18954110479017924,56.159226041744134,-0.014314764560516835,Normal (15-25)
2019-10-04,95.78004455566406,96.04744626822402,93.81630625600222,93.87480018139472,9453100,False,17.040000915527344,False,1.52,False,0.0216596285948895,0.0214283918821995,0.19630297713647,97.30054893493651,93.50343338012696,0.0260032172517792,-0.02,-0.1087866021134259,-0.6422397277437224,False,False,False,0.0152,0.19630297713647,0.07789147405250452,54.24096423467091,54.24311677000421,0.19112917271038582,54.227445604088715,0.015671165915492224,Normal (15-25)
2019-10-07,95.57113647460938,96.51539737457313,95.32044458063544,95.42072261329696,6771600,False,17.860000610351562,False,1.56,False,-0.0021811232394371,-0.0021835053531493,0.1759103245788883,97.29583015441897,93.4879507446289,-0.0009865165438903,0.04,0.0481220452328152,-0.732140703685385,False,False,False,0.015600000000000001,0.1759103245788883,0.029546918561835445,54.337633392317755,54.33803433665759,0.18914114870325696,54.36530151398591,-0.027267177328319292,Normal (15-25)
2019-10-08,93.4402847290039,94.47646567847804,93.30658704618162,94.47646567847804,10806300,False,20.280000686645508,False,1.54,False,-0.0222959757957004,-0.0225482884880855,0.1859568118134185,97.1236385345459,93.43598587036132,-0.0355458923464785,-0.02,0.135498319909985,-0.7837330148310354,False,False,False,0.0154,0.1859568118134185,0.03274479030251587,56.45214669203111,56.452613533002136,0.15744069323720247,56.42512271450561,0.027490818496524128,Normal (15-25)
2019-10-09,94.11712646484376,94.56001629357873,93.64917509906698,94.15055247316484,7273700,False,18.63999938964844,False,1.59,False,0.0072435752716597,0.0072174665846481,0.188072478341832,96.97202606201172,93.4018685913086,-0.0312122380829307,0.05,-0.0808679113150631,-0.788736924031748,False,False,False,0.0159,0.188072478341832,0.041423908300530665,55.725736792352464,55.72644666536975,0.1587062469106388,55.69181748512633,0.034629180243420876,Normal (15-25)
2019-10-10,95.43742370605467,96.4318267191195,94.4263108767538,94.54329871648386,10994100,False,17.56999969482422,False,1.67,False,0.0140282357824013,0.0139307507205522,0.1943111232231105,96.85658416748046,93.38735931396484,-0.0236207283318079,0.0799999999999998,-0.0574034189839317,-0.7949489672071557,False,False,False,0.0167,0.1943111232231105,0.06941598005329075,54.34577906958705,54.34754310527424,0.15656938765125483,54.28535107796328,0.06219202731096374,Normal (15-25)
2019-10-11,97.05020141601562,98.59611777107268,96.82458381029022,96.95828147933052,15076500,False,15.579999923706056,False,1.76,False,0.0168987976344403,0.0167576014309735,0.1905826067784329,96.72561836242676,93.45583984375,-0.0262800118464012,0.09,-0.1132612296916759,-0.8372065732489821,False,False,False,0.0176,0.1905826067784329,0.0787588524332079,52.646783057845866,52.64902239681941,0.15215870180498556,52.57783493497376,0.07118746184565339,Normal (15-25)
2019-10-14,97.30924224853516,97.66021216736311,96.64909926811772,96.80786484710036,8779000,False,14.56999969482422,False,1.7675,False,0.0026691426575111,0.0026655868221971,0.1888499386209506,96.65195579528807,93.52966705322264,-0.0149140934715487,0.0075,-0.0648267159067856,-0.8292074624370138,False,False,False,0.017675,0.1888499386209506,0.07661744062817077,52.380513374811514,52.382656893177646,0.15540046079010258,52.317008780648955,0.06564811252869163,Low (<15)
2019-10-15,100.24231719970705,101.60439374988036,98.4958510655957,99.31476606496273,23379000,False,13.539999961853027,False,1.77,False,0.0301417921196076,0.0296964550190123,0.2172760110008255,96.74940185546876,93.71786422729492,0.0198275904893012,0.0024999999999999,-0.0706931883695979,-0.8078357254267089,False,False,False,0.0177,0.2172760110008255,0.30190412482322415,49.736591478369036,49.75883602682757,0.1312762423130247,49.43871489335132,0.32012113347624904,Low (<15)
2019-10-16,100.00833892822266,100.7938342700826,99.75764702645802,100.24231463634436,11087700,False,13.68000030517578,False,1.75,False,-0.0023341267243278,-0.0023368550444338,0.2149304019610208,96.78582344055177,93.88712310791016,0.0073371513129825,-0.02,0.0103397595064389,-0.8065376699137452,False,False,False,0.0175,0.2149304019610208,0.2743383417287637,49.96709191415674,49.98603393533177,0.1334661387996249,49.69734832543333,0.2886856098984367,Low (<15)
2019-10-17,100.56822204589844,101.58769321511762,100.17547432903262,100.90247582889236,10818500,False,13.789999961853027,False,1.76,False,0.0055983643331745,0.0055827517344776,0.2152229386788703,96.86599159240724,94.10737075805665,0.0162013370520437,0.01,0.0080409103964442,-0.8034151780084088,False,False,False,0.0176,0.2152229386788703,0.29701536103367765,49.42804124189918,49.44978008909118,0.1335460907022701,49.136433899886654,0.3133461892045233,Low (<15)
2019-10-18,100.74370574951172,101.12809537583564,100.15876639974944,100.27575426970188,10417400,False,14.25,False,1.76,False,0.0017449220046188,0.0017434013968553,0.2144494943864605,96.97482872009276,94.30078720092772,0.022083895893058,0.0,0.0333575082972776,-0.8047356020236667,False,False,False,0.0176,0.2144494943864605,0.29723911814091375,49.25682279932715,49.2786357222433,0.13409973371723324,48.9655369166702,0.3130988055730981,Low (<15)
2019-10-21,103.24224853515624,103.42608206384106,101.93865938617868,101.98880159887526,12714600,False,14.0,False,1.8,False,0.0248009815308647,0.0244984293778998,0.2301123299680796,97.2094226837158,94.5461636352539,0.0476089466489391,0.04,-0.0175438596491228,-0.770615235651078,False,False,False,0.018000000000000002,0.2301123299680796,0.5810314501947618,47.04067396319432,47.10730880311329,0.1109767684757997,46.46075309033911,0.6465557127741803,Low (<15)
2019-10-22,104.27840423583984,104.53744783300309,102.88290184897576,103.1586552627408,12549100,False,14.460000038146973,False,1.78,False,0.0100361597639049,0.0099861319587413,0.2240399356353363,97.56007041931151,94.84641799926756,0.0721011905691031,-0.02,0.0328571455819266,-0.7335473973572754,False,False,False,0.0178,0.2240399356353363,0.5674484563009523,46.04426638659072,46.109226656949225,0.1080917555090187,45.47790277022874,0.6313238867204873,Low (<15)
2019-10-23,104.5541763305664,104.57924424609917,103.76032287832304,103.78539079385575,8828300,False,14.010000228881836,False,1.77,False,0.0026445753245596,0.002641084588225,0.2239178314490747,97.89673614501952,95.12466552734377,0.0688331138075384,-0.01,-0.0311203186775926,-0.735604784866756,False,False,False,0.0177,0.2239178314490747,0.5822937383527957,45.80442688384082,45.872335935246355,0.11327397031478034,45.224387878414035,0.6479480568323197,Low (<15)
2019-10-24,104.4789810180664,105.00543282031626,103.67677573050956,104.69624694241335,8020500,False,13.710000038146973,False,1.77,False,-0.0007191995110961,-0.0007194582591329,0.2202961862089359,98.26984748840331,95.4766813659668,0.0769168885624456,0.0,-0.0214132894956281,-0.7369708666334769,False,False,False,0.0177,0.2202961862089359,0.5327473061550414,45.82834396714408,45.8872109770105,0.11290062513693494,45.29770365707043,0.5895073199400684,Low (<15)
2019-10-25,105.31458282470705,105.83267638369216,104.24497607422336,104.4538838419072,9055700,False,12.649999618530272,False,1.8,False,0.0079977982030294,0.0079659853243998,0.2206870088510105,98.65613899230956,95.83877716064453,0.0791672181546103,0.03,-0.0773158582543643,-0.7636351748522164,False,False,False,0.018000000000000002,0.2206870088510105,0.5901853913503183,45.02522082257585,45.09530234988608,0.11202977114901179,44.43755187106327,0.6577504788228126,Low (<15)
2019-10-28,105.71570587158205,106.30064516682992,105.62378592870591,105.76584170392894,9522200,False,13.109999656677246,False,1.85,False,0.0038088082022094,0.0038015730579473,0.2201409744690448,99.0637306213379,96.1671142578125,0.0835538022998632,0.05,0.0363636404757787,-0.7758823843697564,False,False,False,0.018500000000000003,0.2201409744690448,0.611817690787845,44.581324535062436,44.655979690042386,0.11251578428552901,43.97257595077899,0.6834037392633974,Low (<15)
2019-10-29,105.64884948730467,106.47612256370805,105.23939199751958,105.33966365807764,9797300,False,13.199999809265137,False,1.84,False,-0.0006324167608414,-0.000632616820673,0.2048501916595196,99.55668182373049,96.47803192138672,0.1029234994700272,-0.01,0.0068650003771777,-0.733885565276191,False,False,False,0.0184,0.2048501916595196,0.42223063716582576,44.471779907060366,44.51296992907818,0.11213479023107202,44.052419023989735,0.4605509050884464,Low (<15)
2019-10-30,105.06390380859376,105.50678728334114,104.38703826430783,105.33130551270686,8513700,False,12.329999923706056,False,1.78,False,-0.0055366971012893,-0.0055520814205068,0.1872888792964983,100.11571807861328,96.80013046264648,0.1190918889962306,-0.06,-0.0659090831916848,-0.6095130270304668,False,False,False,0.0178,0.1872888792964983,0.2343168471133361,44.94372577116948,44.95933385955927,0.10851273851676754,44.710912496439065,0.24842136312020813,Low (<15)
2019-10-31,104.38706970214844,105.06393545028334,103.50130248589066,104.86337933027818,11589100,False,13.220000267028809,False,1.69,False,-0.0064421183861432,-0.0064629583814865,0.1906401042051042,100.64759826660156,97.10371871948242,0.1134684198233553,-0.09,0.0721816990129584,-0.674576807848704,False,False,False,0.0169,0.1906401042051042,0.2349103664753578,45.73824342337967,45.75374295572723,0.10490524436961608,45.50403646486476,0.2497064908624722,Low (<15)
2019-11-01,106.79367065429688,106.95243624815828,105.30624175262976,105.45665562469227,11682600,False,12.300000190734863,False,1.73,False,0.0230545886479549,0.0227928468830232,0.1922699471441261,101.1982795715332,97.43703552246092,0.1149887343415472,0.04,-0.0695915323533283,-0.6556698614800106,False,False,False,0.0173,0.1922699471441261,0.34076968907225336,43.43394465754787,43.463440555741826,0.07437794910058379,43.093178032778965,0.3702625229628609,Low (<15)
2019-11-04,107.64601135253906,108.14738239438586,107.42873909209123,107.8632708622674,9159900,False,12.829999923706056,False,1.79,False,0.007981191141948,0.0079495098936839,0.1902400748990482,101.8020233154297,97.8321646118164,0.1263443684290355,0.06,0.0430894085164668,-0.6213191785723462,False,False,False,0.0179,0.1902400748990482,0.36099805530644247,42.53303242758531,42.56585055722047,0.08607638938480806,42.17214441151679,0.3937061457036819,Low (<15)
2019-11-05,107.87998962402344,108.88274448231078,107.66271735840265,108.12231705407764,13747600,False,13.100000381469728,False,1.86,False,0.0021735897925478,0.0021712309637205,0.1592066392706452,102.52400856018066,98.21788009643556,0.1545340421093284,0.07,0.0210444629282335,-0.4580128155445266,False,False,False,0.018600000000000002,0.1592066392706452,0.1279999227014974,41.96834356341006,41.974297898822805,0.10971129626913201,41.84477055340103,0.1295273454217778,Low (<15)
2019-11-06,108.04711151123048,108.49834672720144,107.44545605612277,107.53737599372866,11231100,False,12.619999885559082,False,1.81,False,0.0015491463040504,0.0015479476147185,0.1604914068272928,103.2205078125,98.62567321777344,0.1480069097901122,-0.05,-0.0366412581628332,-0.4596783963058462,False,False,False,0.0181,0.1604914068272928,0.1377293492034286,41.88843632954166,41.895178595479116,0.11071488339654663,41.7558119353739,0.13936666010521748,Low (<15)
2019-11-07,108.63204193115234,109.71000042922992,108.56518991372388,108.991357180272,13528900,False,12.729999542236328,False,1.92,False,0.0054136608720083,0.0053990596835395,0.1583678527157293,103.88023872375489,99.02759094238282,0.1382541325270558,0.1099999999999998,0.0087162961707405,-0.443027639447327,False,False,False,0.0192,0.1583678527157293,0.1412175555942783,41.15851416841035,41.16562756548654,0.11979266395325215,41.03190178824954,0.13372577723699663,Low (<15)
2019-11-08,108.94960021972656,108.96630366325148,108.00533288103904,108.53178461863938,9293400,False,12.06999969482422,False,1.94,False,0.0029232469806235,0.0029189826027005,0.1539547140797411,104.47520866394044,99.39573623657226,0.1226107584537918,0.02,-0.0518460228708038,-0.3594305942257181,False,False,False,0.0194,0.1539547140797411,0.12355383023276234,40.80117917696421,40.80689660813019,0.1219515911042418,40.696611523579335,0.11028508455085273,Low (<15)
2019-11-11,108.56520080566406,108.71562104764888,108.08889766593848,108.29780545984195,8679000,False,12.6899995803833,False,1.925,False,-0.0035282315243677,-0.0035344704123628,0.1571873390861224,105.03800659179689,99.7455825805664,0.115672039952591,-0.0149999999999999,0.0513670175008327,-0.4345742030921894,False,False,False,0.01925,0.1571873390861224,0.13298169814982153,41.20822285215699,41.21464931761271,0.12054455228766268,41.09054572741607,0.12410359019663986,Low (<15)
2019-11-12,107.93013763427734,109.15015214514467,107.8047852936455,108.3228853502922,9099000,False,12.68000030517578,False,1.92,False,-0.0058496015912457,-0.0058667775249668,0.1324233177230674,105.4223976135254,100.10428131103517,0.0766923655531055,-0.0050000000000001,-0.0007879649754266,-0.3024699801918728,False,False,False,0.0192,0.1324233177230674,0.031343908943650356,41.73437950573839,41.73491765415871,0.11824373832631851,41.71363798058926,0.02127967356944538,Low (<15)
2019-11-13,107.36189270019533,107.64601699793393,106.47612567083186,107.06942943145994,8023300,False,13.0,False,1.88,False,-0.0052649329143591,-0.0052788415136963,0.1345954670320794,105.79007530212402,100.42989578247072,0.0735294061553248,-0.04,0.0252365683850654,-0.3194405244682978,False,False,False,0.018799999999999997,0.1345954670320794,0.03162268229615384,42.34868692454093,42.34922765986454,0.14742403119968384,42.38616420725194,-0.03693654738739838,Low (<15)
2019-11-14,107.46218872070312,107.66273206933074,106.61819295949002,106.72682910714435,8483400,False,13.050000190734863,False,1.82,False,0.0009341864043685,0.0009337503238154,0.1346895682219935,106.13477363586426,100.71606643676758,0.06855014968504,-0.0599999999999998,0.0038461685180664,-0.3245548946616575,False,False,False,0.0182,0.1346895682219935,0.03208938412306295,42.339517796543475,42.34007256219376,0.15366528406263127,42.403078439539364,-0.06300587734560281,Low (<15)
2019-11-15,108.23929595947266,108.23929595947266,107.2950287310386,107.9886040779473,10163600,False,12.050000190734863,False,1.84,False,0.0072314480843977,0.0072054265373687,0.1352268960300724,106.50955314636232,101.01380081176758,0.0744025659389373,0.02,-0.0766283513704445,-0.335041264062843,False,False,False,0.0184,0.1352268960300724,0.03947291225338101,41.55823537861319,41.55904056136251,0.15293582716180132,41.62546440345607,-0.06642384209356322,Low (<15)
2019-11-18,109.150146484375,109.17521440105703,107.78807625867525,108.26437942635462,8749300,False,12.460000038146973,False,1.81,False,0.00841515566808,0.0083799456396312,0.1116546056305434,106.80494804382325,101.28349349975586,0.0572236466470119,-0.03,0.0340248830640976,-0.3244386544846254,False,False,False,0.0181,0.1116546056305434,0.007732225924511615,40.6808078466249,40.6808545499244,0.15206868805770443,40.792966946198156,-0.11211239627375846,Low (<15)
2019-11-19,109.11671447753906,109.676585804512,108.78245437513192,109.4593263009867,8824500,False,12.859999656677246,False,1.79,False,-0.0003062937422693,-0.0003063406597781,0.108774620302204,107.0468635559082,101.52814544677734,0.0463980080742003,-0.02,0.0321026980181102,-0.3977283395739138,False,False,False,0.0179,0.108774620302204,0.005679502397526126,40.74088200007209,40.740908906157046,0.15228163874884984,40.85513247680239,-0.11422357064534339,Low (<15)
2019-11-20,108.32286834716795,109.1501350121668,107.74628082264196,108.88273967875602,11782800,False,12.779999732971191,False,1.73,False,-0.0072752019172508,-0.007301795258506,0.1139259057900932,107.23529815673828,101.75161529541016,0.0360453513084562,-0.06,-0.0062208340467969,-0.3775589033736877,False,False,False,0.0173,0.1139259057900932,0.007437656466345144,41.606633350444554,41.6066761856105,0.15047686527064494,41.69338146998132,-0.08670528437081515,Low (<15)
2019-11-21,108.57357788085938,109.23373380415455,108.12234255097384,108.63207819715863,7705500,False,13.130000114440918,False,1.77,False,0.0023144654265239,0.0023117911769292,0.1135457425024346,107.44002799987793,101.96816162109376,0.0391906278458529,0.04,0.0273865718922323,-0.3821538449101216,False,False,False,0.0177,0.1135457425024346,0.007790625822155145,41.303091655348624,41.303138439676694,0.15104084084403566,41.397447436039435,-0.09430899636274148,Low (<15)
2019-11-22,109.2921905517578,109.65151857023253,108.7156157791306,108.7573871353111,8167900,False,12.34000015258789,False,1.77,False,0.0066186698911863,0.0065968626659528,0.1126733469711567,107.63890838623048,102.16061508178711,0.0377688219462575,0.0,-0.0601675517873112,-0.3658566259889455,False,False,False,0.0177,0.1126733469711567,0.008778182114956012,40.602016658370246,40.60207526690277,0.15068480761366365,40.70759676630726,-0.10552149940448885,Low (<15)
2019-11-25,109.8771514892578,110.36181911715715,109.3590514728301,109.67659541024835,10068500,False,11.869999885559082,False,1.76,False,0.0053522665667771,0.0053379940921522,0.1131561085625128,107.84698066711424,102.38250823974607,0.0393644972936269,-0.01,-0.0380875414276427,-0.3977298651326929,False,False,False,0.0176,0.1131561085625128,0.010774418938941488,40.04726156163349,40.047346738758634,0.1502940246883039,40.1609115414681,-0.11356480270946889,Low (<15)
2019-11-26,110.02757263183594,110.152924978284,108.93289766008752,110.152924978284,10490700,False,11.539999961853027,False,1.74,False,0.0013689938311955,0.0013680576134941,0.1127711869220263,108.06591682434082,102.61719177246094,0.0414460087902559,-0.02,-0.0278011732845532,-0.3895125255090675,False,False,False,0.0174,0.1127711869220263,0.010775068848119018,39.929784932921265,39.92987030905868,0.1530806266126849,40.06360735192048,-0.133737042861803,Low (<15)
2019-11-27,110.3534698486328,110.6626493561561,110.010857947975,110.5456614816293,6607900,False,11.75,False,1.77,False,0.0029619595252488,0.002957581565896,0.1091587611802488,108.33039512634278,102.83866302490236,0.0503461783570844,0.03,0.0181975770226303,-0.5059728295767801,False,False,False,0.0177,0.1091587611802488,0.008443552754983319,39.56484468523455,39.564900477187365,0.15324132242871424,39.71126607048397,-0.1463655932966077,Low (<15)
2019-11-29,110.10276794433594,110.64593590250593,109.84372429922264,110.1946878910588,5712000,False,12.619999885559082,False,1.78,False,-0.0022718080785383,-0.0022743925495345,0.1055823461486479,108.61618003845214,103.06142120361328,0.0547548490296385,0.01,0.0740425434518368,-0.4660636546200112,False,False,False,0.0178,0.1055823461486479,0.0054286587431007505,39.79202176840096,39.79204704520208,0.15391119357583227,39.93966264257963,-0.14761559737754482,Low (<15)
2019-12-02,109.86044311523438,110.92169838894944,109.76017144395207,110.56237031565269,8615600,False,14.90999984741211,False,1.83,False,-0.0022008967951112,-0.0022033223280145,0.0744401940490293,108.76951866149902,103.28729080200196,0.0287167998079678,0.05,0.1814580017923335,-0.3411648911637957,False,False,False,0.0183,0.0744401940490293,2.136961917037863e-05,39.94970001462869,39.949700015591105,0.1531975865795911,40.09320098647319,-0.14350097088208713,Low (<15)
2019-12-03,108.44820404052734,108.59862427015295,107.4538009831362,108.43985231971656,10361300,False,15.960000038146973,False,1.72,False,-0.0128548459724098,-0.0129381844776991,0.0859593916467763,108.80962829589843,103.4852474975586,0.007452135735537,-0.1100000000000001,0.070422548724379,-0.4630124978384243,False,False,False,0.0172,0.0859593916467763,0.000151189309319677,41.49164122148731,41.49164125715606,0.1442916466825235,41.56133416343885,-0.06969290628278912,Normal (15-25)
2019-12-04,110.58744049072266,110.69607663731,108.62371463394224,108.94961032298282,10318200,False,14.800000190734863,False,1.77,False,0.0197258817619134,0.0195338478075358,0.1100159513475185,108.9450008392334,103.75168731689452,0.0250968773368913,0.05,-0.0726816945262859,-0.5417854616679172,False,False,False,0.0177,0.1100159513475185,0.00980931580848543,39.33762830240026,39.33770142151936,0.14499138038739076,39.43766276250972,-0.09996134099035459,Low (<15)
2019-12-05,111.18909454345705,111.39800236057631,110.4537349469663,110.8715505812049,9587400,False,14.520000457763672,False,1.8,False,0.0054405278760825,0.0054257816649006,0.1110128854451421,109.10209999084472,104.01905197143554,0.0290797503818507,0.03,-0.0189189006326147,-0.5547145695165898,False,False,False,0.018000000000000002,0.1110128854451421,0.012832811357930629,38.70865035302016,38.70876939161353,0.1450290650537107,38.81940304422983,-0.11063365261630054,Low (<15)
2019-12-06,112.84362030029295,113.4619919164245,112.51772467506449,112.55115706010884,10170600,False,13.619999885559082,False,1.84,False,0.0148802880680825,0.0147706627478863,0.1201936045848852,109.31267890930177,104.3355892944336,0.0387692092891871,0.04,-0.0619835085282913,-0.5979032661912507,False,False,False,0.0184,0.1201936045848852,0.04050085197462472,37.06097956449577,37.061893226015236,0.15247399956254692,37.25062607724802,-0.1887328512327855,Low (<15)
2019-12-09,112.3171844482422,113.1945996942976,112.3171844482422,112.50102431887169,8498200,False,15.859999656677246,False,1.83,False,-0.0046651804563681,-0.0046760963737611,0.1223612846027203,109.48105812072754,104.6301579284668,0.0309095602161364,-0.01,0.1644640080719219,-0.6101368261365476,False,False,False,0.0183,0.1223612846027203,0.04158961980489817,37.59110728404298,37.59205405704378,0.15312876461476316,37.76600660245473,-0.1739525454109483,Normal (15-25)
2019-12-10,112.39241027832033,112.61803430038223,111.03869164739233,111.34787114933964,7532900,False,15.68000030517578,False,1.85,False,0.0006697624272515,0.0006695382364945,0.1209491131996307,109.67241859436037,104.92672866821287,0.0352526356903915,0.02,-0.0113492657880156,-0.598106142683294,False,False,False,0.018500000000000003,0.1209491131996307,0.03860076918107813,37.48517205573539,37.4860061859383,0.15334259221312602,37.66843489642469,-0.1824287104863913,Normal (15-25)
2019-12-11,112.12498474121094,112.8269246175063,111.98292897180065,112.2169046803258,9011900,False,14.989999771118164,False,1.79,False,-0.0023793914237372,-0.0023822266738503,0.1186584558329993,109.88216094970704,105.25343185424803,0.0388663185175199,-0.06,-0.0440051352441527,-0.5863106196015586,False,False,False,0.0179,0.1186584558329993,0.030345333784808304,37.826559990342105,37.82710630421746,0.15816086498595786,38.05077532559011,-0.22366902137265043,Low (<15)
2019-12-12,115.33383178710938,115.70986330954597,112.15007867937364,112.38405441558844,13717400,False,13.9399995803833,False,1.9,False,0.0286184836796596,0.0282166239421788,0.1485752953621089,110.28075790405272,105.68244491577148,0.0742529671042167,0.1099999999999998,-0.0700467115922136,-0.5999429936063001,False,False,False,0.019,0.1485752953621089,0.2740938274046494,34.77337960503327,34.797107729762054,0.12505043819976028,34.59743989439638,0.19966783536567334,Low (<15)
2019-12-13,114.32270050048828,116.0106790661728,113.82968116099032,115.2753195423657,10592100,False,12.630000114440918,False,1.82,False,-0.008766996387387,-0.0088056525986302,0.1547704627084813,110.623783493042,106.0939096069336,0.0638411692657385,-0.0799999999999998,-0.0939741395534792,-0.4668729219526082,False,False,False,0.0182,0.1547704627084813,0.29148755816286886,35.89640624327592,35.922124637429356,0.12690284183670777,35.692115053761725,0.23000958366763058,Low (<15)
2019-12-16,114.76557159423828,116.01901823747124,114.74886815284592,115.6346350739489,11372000,False,12.140000343322754,False,1.89,False,0.0038738683726957,0.0038663842666789,0.1540515588331009,110.95009727478028,106.47362014770508,0.0602948825277764,0.0699999999999998,-0.0387964977575817,-0.4575432591373891,False,False,False,0.0189,0.1540515588331009,0.30648550191527946,35.375662496578784,35.40382017028337,0.13862038586543118,35.2459889065297,0.15783126375366408,Low (<15)
2019-12-17,115.46749877929688,115.87696260678835,114.67365178786686,115.09146733606356,11546800,False,12.289999961853027,False,1.89,False,0.0061161825389612,0.00609755461049,0.1531887032162359,111.26596488952636,106.87154739379883,0.057877634601491,0.0,0.0123558166629522,-0.4724986303398724,False,False,False,0.0189,0.1531887032162359,0.32918489826078634,34.712600547891824,34.74458543191,0.1375618613146835,34.57420839014728,0.17037704176271973,Low (<15)
2019-12-18,115.3505401611328,116.16946802359998,115.08314477291312,115.44246011505376,10381500,False,12.579999923706056,False,1.92,False,-0.0010129137584216,-0.0010134271022405,0.1534028638802041,111.57765617370606,107.3097525024414,0.0571298880601554,0.03,0.0235964168228772,-0.4720174074686216,False,False,False,0.0192,0.1534028638802041,0.32762215003425865,34.78115192084492,34.81285327045009,0.1396528934711612,34.660179619734386,0.15267365071570538,Low (<15)
2019-12-19,114.77397918701172,115.5009744329939,114.56507133465146,115.11657837433276,9350400,False,12.5,False,1.92,False,-0.004998337877878,-0.0050108713504451,0.1516169376535162,111.90021171569823,107.72288955688477,0.0595544683987536,0.0,-0.0063592944508134,-0.4787772857348324,False,False,False,0.0192,0.1516169376535162,0.28270759760082953,35.299519767957705,35.324243838669844,0.14317885942355596,35.2352020950564,0.08904174361344275,Low (<15)
2019-12-20,114.68206024169922,116.05249525533948,114.39793586941305,115.33385172680109,29992600,True,12.510000228881836,False,1.92,False,-0.0008008692036609,-0.0008011900707281,0.1521894824212365,112.20563583374025,108.10778228759766,0.0562612237716144,0.0,0.0008000183105467,-0.4775405286633047,False,False,False,0.0192,0.1521894824212365,0.2847120383589514,35.391326200878595,35.416296280669066,0.143216795720602,35.321958484079644,0.09433779658942143,Low (<15)
2019-12-23,114.64857482910156,115.2418784710446,114.3811795297272,114.98283489171652,9738400,False,12.609999656677246,False,1.93,False,-0.0002919847492021,-0.0002920273850485,0.1518564757494558,112.47345504760742,108.45974975585938,0.0490097622739762,0.01,0.0079935592298825,-0.470136457631543,False,False,False,0.019299999999999998,0.1518564757494558,0.2803555043000294,35.404969877089144,35.42931462796844,0.14326804804753093,35.33960535774528,0.08970927022316033,Low (<15)
2019-12-24,114.96614074707033,115.00792485674953,114.53160895770289,114.75723294939444,3324300,False,12.670000076293944,False,1.9,False,0.0027699072443083,0.0027660781204861,0.1514754163757103,112.72790451049804,108.81288772583008,0.0463152638090553,-0.03,0.0047581618755181,-0.4659134268382651,False,False,False,0.019,0.1514754163757103,0.2884742666862925,35.146982920335205,35.172601974297585,0.16837351657534005,35.41508009079436,-0.24247811649677686,Low (<15)
2019-12-26,116.1861572265625,116.23630580950795,115.13326649767286,115.2251864403258,6770900,False,12.649999618530272,False,1.9,False,0.0106119634143087,0.0105560517378304,0.1542424919503846,113.03583374023438,109.1317645263672,0.0559731024452738,0.0,-0.0015785680854961,-0.4679354961457583,False,False,False,0.019,0.1542424919503846,0.37821932430097593,34.04480927221046,34.085301268254554,0.16405785230270264,34.24342846458589,-0.15812719633133554,Low (<15)
2019-12-27,116.26971435546876,116.79616604505104,115.87696670621196,116.40341839579426,7868200,False,13.43000030517578,False,1.88,False,0.0007191659566063,0.000718907480687,0.1544110804532959,113.33164596557616,109.4569920349121,0.0536117669426345,-0.02,0.0616601351910659,-0.469073760266449,False,False,False,0.018799999999999997,0.1544110804532959,0.38360606437790423,33.99800158305709,34.03945922943785,0.17903587949071648,34.49753693934225,-0.4580777099043942,Low (<15)
2019-12-30,115.84354400634766,117.05520655678004,115.70983996955984,116.90478632771408,6963000,False,14.81999969482422,False,1.9,False,-0.0036653599046282,-0.0036720937960364,0.1550790999172719,113.61868476867676,109.76249847412107,0.0521401611348595,0.02,0.1034995799004374,-0.4765040772874043,False,False,False,0.019,0.1550790999172719,0.37062784524820547,34.371940407869985,34.41090763418599,0.17883632104875902,34.83723926152297,-0.42633162733697816,Low (<15)
2019-12-31,116.4869613647461,116.55381337773898,115.55941040438606,115.74325025243708,7201600,False,13.779999732971191,False,1.92,False,0.005554192630391,0.0055388249795055,0.1543433355709332,113.95001068115236,110.07736358642578,0.0603175998713301,0.02,-0.0701754374675353,-0.4947573603690512,False,False,False,0.0192,0.1543433355709332,0.3968661419866848,33.740147229312825,33.7841309171519,0.18379465087131597,34.36805047963542,-0.5839195624835227,Low (<15)
2020-01-02,117.89918518066406,117.90754965186449,116.36997878502586,116.81286223422664,10803700,False,12.470000267028809,False,1.88,False,0.0121234496923305,0.0120505492875903,0.1455786895066425,114.42255973815918,110.37050231933594,0.0871474195792569,-0.04,-0.0950652751326234,-0.4737376633109257,False,False,False,0.018799999999999997,0.1455786895066425,0.3588015176348769,32.3812539850076,32.41958945750453,0.19772178784883446,33.63667828699192,-1.2170888294873947,Low (<15)
2020-01-03,116.3433609008789,117.09184668179886,115.2837107669878,115.63692747828485,10386800,False,14.020000457763672,False,1.8,False,-0.0131962258891024,-0.0132840697386901,0.145992774016662,114.710355758667,110.61180145263673,0.0520485905507426,-0.0799999999999998,0.1242983285921113,-0.5262454582834968,False,False,False,0.018000000000000002,0.145992774016662,0.28532309133590683,33.94558038521221,33.97129187203249,0.19703433343684051,34.99683011136764,-1.0255382393351553,Low (<15)
2020-01-06,116.25086212158205,116.28450914453764,114.79594277694515,114.84640047879924,10259000,False,13.850000381469728,False,1.81,False,-0.0007950499158749,-0.0007953661356774,0.1460502037846249,114.96344413757323,110.84573516845704,0.045523957173216,0.01,-0.0121255399959566,-0.5189086183536828,False,False,False,0.0181,0.1460502037846249,0.28242393877871663,34.018318025958834,34.04357252885404,0.20519543574051594,35.29800167382778,-1.2544291449737344,Low (<15)
2020-01-07,114.27452087402344,115.93968907365868,114.2240631759403,115.45190993789112,10531300,False,13.789999961853027,False,1.83,False,-0.0170006588466555,-0.0171468290759434,0.1532038989441932,115.03498916625976,111.04164596557617,0.0126803852085093,0.02,-0.0043321601418132,-0.4296467070299638,False,False,False,0.0183,0.1532038989441932,0.27405755638636986,35.91131752695388,35.93457053815216,0.2053714894373681,36.914172593972786,-0.979602055820628,Low (<15)
2020-01-08,115.16596221923828,115.70419899603492,114.03903097291044,114.12312284994236,9695300,False,13.449999809265137,False,1.87,False,0.0078008758067562,0.0077706062923183,0.1538307128187609,115.17742805480955,111.2386735534668,0.0253636857529031,0.04,-0.0246555586315029,-0.4385101606447179,False,False,False,0.0187,0.1538307128187609,0.3212665036733,35.02871539866592,35.05929358958412,0.2036290437687898,36.0683252062866,-1.0090316167024795,Low (<15)
2020-01-09,115.5864715576172,116.25085263209532,115.2500655184183,116.09947953888953,9469000,False,12.539999961853027,False,1.85,False,0.0036513335214305,0.0036446835856944,0.1540332794653658,115.3371311187744,111.4360888671875,0.0284188342556881,-0.02,-0.0676579821796911,-0.4386959036803879,False,False,False,0.018500000000000003,0.1540332794653658,0.34251233163355543,34.668583649485285,34.7027154702916,0.20356295700470214,35.74373959780875,-1.0410241275171472,Low (<15)
2020-01-10,114.434326171875,115.42669524273886,114.21565900993012,115.39306105075192,10190900,False,12.5600004196167,False,1.83,False,-0.0099678221007714,-0.0100178334531964,0.1588142158144158,115.4525981903076,111.61179840087893,0.020596135963756,-0.02,0.0015949328408704,-0.4511656768977236,False,False,False,0.0183,0.1588142158144158,0.3407502090136054,35.821885301772255,35.85506710176808,0.20059612461700044,36.65599112536055,-0.8009240235924722,Low (<15)
2020-01-13,115.38461303710938,115.38461303710938,114.17357711750338,114.53521195888024,12355200,False,12.31999969482422,False,1.85,False,0.0083042116559246,0.0082699213952421,0.1248006792643773,115.45513725280762,111.81821258544922,0.0004402979525881,0.02,-0.0191083373227947,-0.391042393549814,False,False,False,0.018500000000000003,0.1248006792643773,0.09273086363583527,34.616011768858314,34.61995060711951,0.1986331483510065,35.776163760023884,-1.156213152904371,Low (<15)
2020-01-14,116.73023986816406,118.3785847360349,115.79673385482609,116.0069828413204,24906000,True,12.390000343322754,False,1.82,False,0.01166209943974,0.0115946212760674,0.1267083394226454,115.5755142211914,112.06507598876954,0.0210591541061917,-0.03,0.0056818709604304,-0.5119115096155462,False,False,False,0.0182,0.1267083394226454,0.13215788930527195,33.38498440568692,33.39229616546805,0.19409365304054013,34.56594498175572,-1.1736488162876668,Low (<15)
2020-01-15,114.9809341430664,116.56201017941282,114.50156043020884,115.93126339885882,16293400,False,12.420000076293944,False,1.79,False,-0.0149858830674325,-0.015099306001513,0.1383308827687163,115.5862823486328,112.22882125854493,0.0018765431639164,-0.03,0.002421285886998,-0.4628859943664165,False,False,False,0.0179,0.1383308827687163,0.167323481464968,35.17336311011299,35.183825010397065,0.18610036610329272,35.89742147270707,-0.713596462310008,Low (<15)
2020-01-16,115.42665100097656,115.97329303115704,115.08183971051812,115.59484756160325,10783800,False,12.31999969482422,False,1.81,False,0.0038764414398961,0.0038689474013355,0.1372697475790395,115.5842399597168,112.38443405151368,-0.0003537599649438,0.02,-0.0080515604553492,-0.478463724722047,False,False,False,0.0181,0.1372697475790395,0.1728376109076697,34.71396070002474,34.72509460057203,0.18602160775188628,35.48170870592678,-0.7566141053547497,Low (<15)
2020-01-17,116.2256088256836,116.30129536254609,115.48554129984484,115.67054855687206,14697700,False,12.100000381469728,False,1.84,False,0.0069217794831479,0.0068979339400317,0.1393531558981517,115.62799339294432,112.55134643554688,0.0075861687628719,0.03,-0.0178570875652631,-0.4831849179635979,False,False,False,0.0184,0.1393531558981517,0.21721049227234612,33.93359007681525,33.950057889644,0.18999734071325552,34.853512060184194,-0.9034541705401935,Low (<15)
2020-01-21,115.08186340332033,116.11629748766266,114.95571916502377,115.37621706944914,8474200,False,12.850000381469728,False,1.78,False,-0.0098407350490086,-0.0098894751044154,0.142863788305592,115.64338760375976,112.69204147338868,0.0026825262876608,-0.06,0.0619834691202629,-0.5271595984495402,False,False,False,0.0178,0.142863788305592,0.206401617864727,35.128571078346965,35.14338349039881,0.1935272487090114,35.99606195545716,-0.8526784650583465,Low (<15)
2020-01-22,114.9472885131836,115.5528064564156,114.6950000639838,115.4182568943678,7549100,False,12.90999984741211,False,1.77,False,-0.0011693840033254,-0.0011700682662951,0.1429030739701229,115.656649017334,112.8183464050293,0.0023127267763187,-0.01,0.0046692190008728,-0.5275025002561319,False,False,False,0.0177,0.1429030739701229,0.2019138745168192,35.27029497686355,35.2845437965987,0.19345897798650566,36.12304432011525,-0.8385005235165508,Low (<15)
2020-01-23,114.8295669555664,114.99777639052,113.29896119159876,114.13155169733749,9345700,False,12.979999542236328,False,1.74,False,-0.001024135141767,-0.0010246599264922,0.1429570094089423,115.66569862365722,112.93594573974607,0.0015786687861985,-0.03,0.0054221297948544,-0.5274883881951039,False,False,False,0.0174,0.1429570094089423,0.19747328023447697,35.425081875948294,35.43877914565821,0.19854787464522206,36.38929891035256,-0.9505197646943486,Low (<15)
2020-01-24,111.97858428955078,114.73704945375246,111.28056907661808,114.686591759572,15166400,False,14.5600004196167,False,1.7,False,-0.024827949295662,-0.0251413612910637,0.1676056429073406,115.51632080078124,113.00421340942384,-0.0259864029366027,-0.04,0.1217258037828985,-0.6378805575936896,False,False,False,0.017,0.1676056429073406,0.31732064382006,38.3892287436898,38.417561411296866,0.20214796495384388,38.982092451117246,-0.5645310398203804,Low (<15)
2020-01-27,111.03668212890624,111.80199143966892,109.08557841086927,109.5565340382376,12860500,False,18.229999542236328,False,1.61,False,-0.0084114490875237,-0.008447024962308,0.1632771339183635,115.25884704589843,113.0663442993164,-0.0443209003600558,-0.0899999999999998,0.252060372036462,-0.5714176208591197,False,False,False,0.0161,0.1632771339183635,0.2360959080484064,39.360997689951645,39.37818990603492,0.2574762051829879,41.385776723302314,-2.007586817267395,Normal (15-25)
2020-01-28,113.0550765991211,113.50922158711916,111.41513710374916,111.71789615155473,13062800,False,16.280000686645508,False,1.65,False,0.0181777267792604,0.0180144871528069,0.1784883628976231,115.09811515808106,113.18020797729493,-0.0276481091758739,0.0399999999999998,-0.106966478582347,-0.6392045563907401,False,False,False,0.0165,0.1784883628976231,0.5008865924030239,37.59484891475216,37.65474436030924,0.24712474369229676,39.410801002473036,-1.7560566421637986,Normal (15-25)
2020-01-29,112.88685607910156,113.98855845985048,112.432724019833,113.37463515465772,9326000,False,16.389999389648438,False,1.6,False,-0.0014879519352856,-0.0014890600351023,0.1782794443553213,114.95028076171874,113.28870132446288,-0.0255231135460088,-0.0499999999999998,0.0067566768036539,-0.648528358119552,False,False,False,0.016,0.1782794443553213,0.48474805848540825,37.81684777245847,37.87349226156254,0.28397190122488847,41.01617538102393,-3.1426831194613882,Normal (15-25)
2020-01-30,114.28290557861328,114.48474916708052,111.59172189526366,111.59172189526366,9048900,False,15.489999771118164,False,1.57,False,0.0123668029033732,0.0122909586567168,0.1832884598207937,114.8400779724121,113.4095735168457,-0.0189210514233557,-0.03,-0.0549115101919218,-0.654719726214076,False,False,False,0.015700000000000002,0.1832884598207937,0.6490128994213133,36.66150741561009,36.75318869482023,0.3082009825596435,41.2231152263907,-4.469926531570472,Normal (15-25)
2020-01-31,111.31421661376952,113.3914774905432,110.56573078429984,113.1055419675051,12785200,False,18.84000015258789,False,1.51,False,-0.0259766668498085,-0.0263200196201858,0.1968039679722024,114.51082954406738,113.4528549194336,-0.0558525366973825,-0.06,0.216268588183969,-0.7066317469767089,False,False,False,0.0151,0.1968039679722024,0.6385384356911548,39.63997569620416,39.72544813558309,0.3533771972541956,45.40502229225247,-5.679574156669375,Normal (15-25)
2020-02-03,112.16358184814452,112.89525676444664,111.5664821435733,111.5664821435733,10021100,False,17.969999313354492,False,1.54,False,0.0076303392344041,0.0076013754384083,0.1960904025227976,114.30184059143066,113.5137922668457,-0.0359262361029387,0.03,-0.0461783881203362,-0.7013161304685654,False,False,False,0.0154,0.1960904025227976,0.6917777544035548,38.819092258501286,38.917257678904,0.3700280468648967,45.75401451321457,-6.83675683431057,Normal (15-25)
2020-02-04,113.77832794189452,114.88004333357934,113.6017259918128,113.99699508543418,9157100,False,16.049999237060547,False,1.61,False,0.014396349217308,0.014293705736647,0.2043184039604459,114.17821388244629,113.62290145874024,-0.0212689534904404,0.07,-0.106844749563629,-0.7271991131699084,False,False,False,0.0161,0.2043184039604459,0.9817942184475221,37.42819207524549,37.60131272472633,0.3792189238666314,45.32265568314739,-7.7213429584210616,Normal (15-25)
2020-02-05,115.7126007080078,115.83033959822458,114.3838258998032,114.85479429324693,10150700,False,15.149999618530272,False,1.66,False,0.0170003620294112,0.0168574730441483,0.2046383220545323,114.2501178741455,113.7656819152832,0.0125844310961469,0.0499999999999998,-0.0560747452530785,-0.7768588530589029,False,False,False,0.0166,0.2046383220545323,1.1964123294074511,35.67930126015533,35.91998551559625,0.3997708195174359,45.580941624923696,-9.660956109327444,Normal (15-25)
2020-02-06,115.7294464111328,116.30131746398324,115.30894846077372,116.25927793501056,8992300,False,14.960000038146973,False,1.65,False,0.0001455822704004,0.00014557167433,0.2029144493624885,114.27829208374024,113.8944270324707,0.0048928014930473,-0.01,-0.0125412267437226,-0.7738866863029195,False,False,False,0.0165,0.2029144493624885,1.1594754858404652,35.64066047396177,35.870194400688625,0.42660624083553034,47.32136369663042,-11.451169295941796,Low (<15)
2020-02-07,115.3593978881836,115.77989580838516,114.6277356134579,114.98935766519374,6379800,False,15.470000267028809,False,1.59,False,-0.0031975312629993,-0.0032026542896952,0.2028803925945649,114.26693840026856,114.00407196044922,-0.001964535004604,-0.0599999999999998,0.0340909243035676,-0.7789036000246667,False,False,False,0.0159,0.2028803925945649,1.111663962135708,36.04292876243419,36.25684627141382,0.6354526431444221,62.317530178507745,-26.060683907093924,Normal (15-25)
2020-02-10,115.83878326416016,115.93129332916138,115.00619267914924,115.17438929753888,5960700,False,15.039999961853027,False,1.56,False,0.0041555814675906,0.0041469708853318,0.1998676014551498,114.33716125488282,114.12029617309572,0.0122730402604522,-0.03,-0.0277957529252433,-0.7995381836867907,False,False,False,0.015600000000000001,0.1998676014551498,1.0957940271187567,35.60301081111399,35.81360728990478,0.714497647954728,68.21411515520236,-32.400507865297584,Normal (15-25)
2020-02-11,116.0573959350586,116.74701850532313,115.8723758714547,116.2760501772383,6578600,False,15.18000030517578,False,1.59,False,0.0018872148406454,0.0018854362880404,0.1979118362641123,114.37080039978028,114.23437469482424,0.0058307852341874,0.03,0.0093085334892184,-0.7986519587512471,False,False,False,0.0159,0.1979118362641123,1.081071963305721,35.33041406614505,35.537514419561035,0.7202872089126087,68.60635291538401,-33.06883849582297,Normal (15-25)
2020-02-12,116.0573959350586,117.14227464203168,115.88919937703,116.5619984417192,7958000,False,13.739999771118164,False,1.62,False,0.0,0.0,0.1933596244134486,114.337158203125,114.35346725463867,-0.0057640927823449,0.03,-0.0948616933536313,-0.7863048159064813,False,False,False,0.016200000000000003,0.1933596244134486,0.9901531533086523,35.195211740810535,35.37647670484089,0.7553850537053178,71.25906412584399,-35.8825874210031,Low (<15)
2020-02-13,115.95650482177734,116.34335570290456,114.71182180034648,115.84717126153042,7447500,False,14.149999618530272,False,1.61,False,-0.0008693208430913,-0.0008696989215856,0.1853885571648922,114.38593673706056,114.47538848876952,0.0084846299604512,-0.01,0.0298398729433706,-0.8255570656334733,False,False,False,0.0161,0.1853885571648922,0.8248340204558033,35.14321982890657,35.279892805619724,1.0075954506891907,90.53497810082024,-55.255085295200516,Low (<15)
2020-02-14,115.6032943725586,116.21721774560972,115.16597294051893,115.92286406715304,6627600,False,13.68000030517578,False,1.59,False,-0.0030460598114925,-0.0030507084941906,0.1853387277576514,114.39476890563964,114.61849029541015,0.0015303516999773,-0.02,-0.0332155000724523,-0.812199031767307,False,False,False,0.0159,0.1853387277576514,0.7911627717824867,35.48414818251754,35.611547332523614,1.1345528062161003,100.05379225069642,-64.4422449181728,Low (<15)
2020-02-18,114.0726547241211,115.81352195970462,113.57647034750993,115.5023448286736,8996400,False,14.829999923706056,False,1.55,False,-0.0132404500818519,-0.0133288863323291,0.189331084431077,114.28712120056151,114.68819458007812,-0.0185239219077055,-0.04,0.0840642977248458,-0.81795787979582,False,False,False,0.0155,0.189331084431077,0.7303050246477021,36.97774381281744,37.087602255314906,1.1707276397670163,102.51854310794984,-65.43094085263493,Low (<15)
2020-02-19,115.62849426269533,116.38538519976986,114.66134158468344,115.14071525538562,7071200,False,14.380000114440918,False,1.56,False,0.0136390227994338,0.0135468484938921,0.1928814232189408,114.31445274353028,114.77698257446288,0.0047499305556015,0.01,-0.0303438847997432,-0.809554681013938,False,False,False,0.015600000000000001,0.1928814232189408,0.9323632945759108,35.64502598743421,35.80907896343071,1.2086480652529719,105.56641139972209,-69.75733243629138,Low (<15)
2020-02-20,115.62849426269533,116.36015635737236,114.82113280825082,115.3593695003555,7422800,False,15.5600004196167,False,1.52,False,0.0,0.0,0.1928073241607261,114.34851303100588,114.83268005371092,0.0059262446145791,-0.04,0.0820584350337232,-0.8003051127877624,False,False,False,0.0152,0.1928073241607261,0.9268696710279691,35.6986154426977,35.86104145152035,1.2145997343532098,106.03740659154845,-70.1763651400281,Normal (15-25)
2020-02-21,114.21562957763672,115.1491353638228,113.46714388115068,114.83797104595295,9772800,False,17.079999923706055,False,1.46,False,-0.0122190009829993,-0.0122942667186474,0.1979053673400556,114.31781616210938,114.87064895629882,-0.0053465095637541,-0.06,0.0976863408161012,-0.8091664300060404,False,False,False,0.0146,0.1979053673400556,0.8864183728809873,37.127158578483375,37.27552861486874,1.2138810261414408,105.77067091400143,-68.49514229913268,Normal (15-25)
2020-02-24,111.1460189819336,112.02064905395696,110.00226406770068,110.54050091954096,13618400,False,25.030000686645508,False,1.38,False,-0.0268755739214885,-0.0272433261656484,0.2013886451492072,114.27618789672852,114.84572113037107,-0.0074350404847445,-0.08,0.4654567212207836,-0.8427969835839948,False,False,False,0.0138,0.2013886451492072,0.6865754830406576,40.04453919850417,40.13985166577827,1.218762248746528,105.65974191166723,-65.51989024588896,High (>25)
2020-02-25,106.1841278076172,111.20486716913082,105.62065576485575,110.17044596426727,20797200,False,27.850000381469727,False,1.33,False,-0.0446429950417111,-0.0456701811759244,0.254749193050904,114.03356018066408,114.72690399169922,-0.0437022633264162,-0.0499999999999998,0.112664786954193,-0.755418673222399,True,False,False,0.013300000000000001,0.254749193050904,1.1627781145057394,45.44234802522466,45.645223229602784,1.3101354982440183,111.2027950174866,-65.5575717878838,High (>25)
2020-02-26,106.50371551513672,108.44641390432542,106.25141418986762,106.74760508521972,24825600,True,27.559999465942383,False,1.33,False,0.003009750271703,0.0030052300409267,0.244200937765132,113.70599212646484,114.55030166625976,-0.0579484025048664,0.0,-0.0104129591222662,-0.7395801786674255,False,False,False,0.013300000000000001,0.244200937765132,1.0040948967545642,44.97143741290954,45.13380791166005,1.322601701016543,112.10370824675528,-66.96990033509522,High (>25)
2020-02-27,102.07167053222656,105.64590296153398,102.01280107827776,103.36680493538914,23005500,False,39.15999984741211,True,1.3,False,-0.0416139940421164,-0.0425046531905307,0.280096979210408,113.1652328491211,114.30528106689454,-0.0958055341650814,-0.03,0.4208998768597427,-0.8085634320591866,True,False,False,0.013000000000000001,0.280096979210408,1.2092118148083646,49.55093855658254,49.756864294240025,1.3507198170012087,113.208966311723,-63.45210201748298,High (>25)
2020-02-28,97.64803314208984,99.64960104716418,94.7465998928334,98.83383400858712,45931400,True,40.11000061035156,True,1.13,False,-0.0433385420956744,-0.0443057036107136,0.3034458183383089,112.33348922729492,113.96293029785156,-0.145558711097703,-0.1700000000000001,0.0242594679939007,-0.6972859767539955,True,False,False,0.0113,0.3034458183383089,1.1636974089154624,54.079102818152634,54.26426301971334,1.3645221545658182,113.55393036359959,-59.28966734388625,High (>25)
2020-03-02,102.1977996826172,102.2482637901826,96.26037180091474,98.0853310200374,27355400,True,33.41999816894531,False,1.1,False,0.046593529783717,0.0455406328077925,0.3509590223050298,111.8776683807373,113.69753631591796,-0.0818980468845578,-0.0299999999999998,-0.1667913821891017,-0.7118824613703443,True,False,False,0.011000000000000001,0.3509590223050298,2.7421261179763867,51.25705010906559,51.96199653517212,1.355179651336995,113.71268730675561,-61.75069077158349,High (>25)
2020-03-03,98.36286163330078,103.40042435277545,97.7573436698757,101.73525636964482,32547700,True,36.81999969482422,True,1.02,False,-0.0375246635566137,-0.0382468376229141,0.3672838948062331,111.18763236999511,113.35778274536132,-0.1230410083865561,-0.08,0.1017355389635619,-0.6950236300540938,True,False,False,0.0102,0.3672838948062331,2.5117100381223967,54.891985679718644,55.490683322496274,1.355075208536932,113.17383379645452,-57.68315047395824,High (>25)
2020-03-04,100.79337310791016,101.07931509513632,96.46224226174412,99.51506196299644,25795900,True,31.989999771118164,False,1.02,False,0.0247096458383895,0.0244093001083893,0.3766909590998118,110.5383846282959,113.0781706237793,-0.1141250277523471,0.0,-0.1311787062395062,-0.7047451557086231,False,False,False,0.0102,0.3766909590998118,3.1499637974787955,53.15570422598755,54.007795654507945,1.3594454046240987,113.82953536877042,-59.82173971426248,High (>25)
2020-03-05,95.84829711914062,97.9171461200698,94.67931341231018,97.2779874837236,25025600,True,39.619998931884766,True,0.92,False,-0.0490615189896987,-0.050305907267007,0.3962069588686079,109.54516944885252,112.70149536132811,-0.1716693209496974,-0.0999999999999999,0.238512010483203,-0.7213752383002329,True,False,True,0.0092,0.3962069588686079,2.774076682967774,57.75955682116104,58.4383937921675,1.3666891001599522,113.64592187475199,-55.20752808258449,High (>25)
2020-03-06,90.8948211669922,92.77864982902386,88.32136983816046,89.3642091760374,38159400,True,41.93999862670898,True,0.74,False,-0.0516803751452276,-0.0530636765319689,0.4220751036697512,108.30343818664552,112.22642028808592,-0.2145921026522044,-0.18,0.0585562785807436,-0.6698307734267895,True,False,True,0.0074,0.4220751036697512,2.5500136128843636,62.64265623795964,63.21849699501781,1.3602059393729307,112.8761067750105,-49.65760977999269,High (>25)
2020-03-09,78.58263397216797,83.4519994554225,78.21259384057048,81.21494799263765,40352000,True,54.459999084472656,True,0.54,False,-0.1354553211805571,-0.1455522935060512,0.6073211185473353,106.46459999084472,111.49875015258787,-0.3188016285562003,-0.1999999999999999,0.2985217183529058,-0.6658229453090139,True,True,True,0.0054,0.6073211185473353,4.379814774862501,76.799173089033,77.98780527964159,1.2878698112408096,108.83946361295506,-30.851658333313466,High (>25)
2020-03-10,84.68824768066406,85.17602663013955,79.54135912062546,83.25855783982817,31102700,True,47.29999923706055,True,0.76,False,0.0776967301790692,0.0748261065426205,0.6933597113114968,104.90707321166992,110.86879196166991,-0.2689128347667467,0.2199999999999999,-0.1314726398784228,-0.6871238540086132,True,True,True,0.0076,0.6933597113114968,8.20523893460766,74.33173777645082,77.33551874689694,1.2575305351781139,106.74511982548043,-29.409601078583492,High (>25)
2020-03-11,80.70196533203125,84.14164187980985,79.51616445629044,82.1652963930927,38127000,True,53.900001525878906,True,0.82,False,-0.0470700771099193,-0.0482139112004865,0.6996672590758415,103.13930168151856,110.15743698120116,-0.3046374625087308,0.0599999999999999,0.139534934360995,-0.6870235587228422,True,True,True,0.008199999999999999,0.6996672590758415,7.229473468191493,77.16115617870253,79.6351636187986,1.255896440665803,106.74489277591472,-27.10972915711612,High (>25)
2020-03-12,74.0496826171875,81.5429518446184,72.59475706275796,75.34481050041656,49725200,True,75.47000122070312,True,0.88,False,-0.0824302442632509,-0.0860266738924448,0.7333949901095375,101.038916015625,109.32155975341796,-0.3619563663256502,0.06,0.4001855117660406,-0.7232333735412549,True,True,True,0.0088,0.7333949901095375,6.282480660784966,82.62400144118834,84.59644781277359,1.2486143610527283,106.90953230824925,-22.313084495475664,High (>25)
2020-03-13,87.38787841796875,87.45515320694433,77.37161515840447,80.7271866714309,38543300,True,57.83000183105469,True,0.94,False,0.1801249556967763,0.1656203275294148,1.023768136812281,99.61048469543458,108.73957809448244,-0.2463736419765149,0.0599999999999999,-0.2337352471753954,-0.7455003074921343,True,True,True,0.009399999999999999,1.023768136812281,19.97171048706422,83.19303808262644,93.21609352498385,1.1132264104928977,98.28315628197167,-5.0670627569878235,High (>25)
2020-03-16,74.31039428710938,79.03679330372756,71.10620213165055,71.65284430456052,38589700,True,82.69000244140625,True,0.73,False,-0.1496487197951057,-0.1621057440413561,1.1329663665430072,97.54583969116212,107.86780227661131,-0.3571948386900914,-0.2099999999999999,0.4298806817087415,-0.7857795278280162,True,True,True,0.0073,1.1329663665430072,17.224557016939904,93.53456652858577,101.54853449570848,0.9472349227387532,93.10866394921955,8.439870546488933,High (>25)
2020-03-17,78.85176086425781,81.94662538465855,73.5871258364281,76.43810082695923,35239800,True,75.91000366210938,True,1.02,False,0.0611134770675847,0.059318806851134,1.1685555324229957,95.78479499816896,107.1179702758789,-0.308758430712805,0.29,-0.0819929686675381,-0.7959367657375371,True,True,True,0.0102,1.1685555324229957,20.51802164987039,91.96004470808289,102.17002223488906,0.9430464967759862,90.9929395380621,11.177082696826957,High (>25)
2020-03-18,70.55115509033203,76.35402886929977,67.58244018797399,73.73011899615781,41525600,True,76.44999694824219,True,1.18,False,-0.1052684896690532,-0.1112315941698625,1.204585654628014,93.5309280395508,106.20397613525392,-0.3898462871094083,0.1599999999999999,0.0071135984729553,-0.7338228520897186,True,True,True,0.0118,1.204585654628014,17.555596172145737,96.86968215739472,105.06503659781559,0.8624883358509977,90.75947310790686,14.305563489908735,High (>25)
2020-03-19,71.73695373535156,74.10015019074883,64.68099855924639,68.59162441021337,32175100,True,72.0,True,1.12,False,0.0168076432412944,0.0166679578212815,1.2100626274194577,91.3363510131836,105.35322479248048,-0.3795910411807921,-0.0599999999999998,-0.0582079414765039,-0.738091192419625,False,True,True,0.011200000000000002,1.2100626274194577,18.265882690142654,96.51045067495807,105.16759144300983,0.9113849286979214,92.1729831563616,12.99460828664823,High (>25)
2020-03-20,70.22314453125,75.23547838891515,69.36533169666986,72.57793517785515,30150800,True,66.04000091552734,True,0.92,False,-0.0211022231259809,-0.0213280577623623,1.2096341235411117,89.13672676086426,104.4543684387207,-0.3851704465410607,-0.2,-0.0827777650621202,-0.7254548877306941,False,True,True,0.0092,1.2096341235411117,17.496700659676378,97.51716943970118,105.66274733547935,0.9193648707564932,93.39903989617994,12.26370743929941,High (>25)
2020-03-23,66.46389770507812,70.43339894696398,65.67335959204307,69.53353368871103,32536600,True,61.59000015258789,True,0.76,False,-0.0535328751121216,-0.0550190422821163,1.2149580844678374,86.90262069702149,103.47191696166992,-0.4020127907965681,-0.16,-0.0673834146161128,-0.7587669406309225,True,True,True,0.0076,1.2149580844678374,15.857583783407565,99.78871395685731,106.87633079181859,0.9014463039037017,94.73071486889287,12.145615922925714,High (>25)
2020-03-24,74.3692626953125,75.77372421400952,69.71855670749157,71.40054839444535,34363200,True,61.66999816894531,True,0.84,False,0.1189422417763255,0.1123838120694236,1.3106172232421722,85.31187744140627,102.67061569213868,-0.2996197809332331,0.0799999999999999,0.0012988799506288,-0.7244821790991828,True,True,True,0.0084,1.3106172232421722,22.412045916397012,98.5008329687707,109.90739380639482,0.8100041472815385,87.28833081994728,22.619062986447545,High (>25)
2020-03-25,77.14454650878906,80.02075056579275,71.09778473575086,75.05046237551932,38111700,True,63.95000076293945,True,0.88,False,0.0373176190390212,0.0366381687919886,1.3222803023738567,83.84391899108888,101.90581436157228,-0.2756633312212945,0.04,0.0369710177021258,-0.7200180069753738,True,True,True,0.0088,1.3222803023738567,24.25440845667051,97.57234207565057,110.27172613631632,0.7990171209268261,85.4284580049629,24.843268131353412,High (>25)
2020-03-26,82.51850891113281,82.89695444867942,78.6667466676584,79.12088516248753,29826300,True,61.0,True,0.83,False,0.0696609500676952,0.0673417291645833,1.3487609638600595,82.86626091003419,101.22157974243164,-0.1915630607311392,-0.05,-0.0461298002774857,-0.7597660781135716,True,True,True,0.0083,1.3487609638600595,28.063650079917643,96.20574863344864,111.65070595833299,0.7603994870618047,81.28725060615177,30.36345535218122,High (>25)
2020-03-27,76.63993835449219,79.76003173426614,76.15216570881124,78.37239391660881,30041500,True,65.54000091552734,True,0.72,False,-0.0712394180919031,-0.0739042893051466,1.362256479796813,81.81585617065431,100.45475982666017,-0.2151409927225908,-0.1099999999999999,0.0744262445168417,-0.7609069878621102,True,True,True,0.0072,1.362256479796813,25.130322029000702,99.17933003294146,112.47435541549754,0.7286616431321469,83.13758005273553,29.336775362762012,High (>25)
2020-03-30,78.63312530517578,79.12930986097201,75.10094470290322,76.23628800961296,21656900,False,57.08000183105469,True,0.7,False,0.0260071575405536,0.0256747228846281,1.3531328394785849,80.63762245178222,99.71888931274414,-0.2305790775400571,-0.02,-0.1290814611885116,-0.7556744386317817,False,True,True,0.006999999999999999,1.3531328394785849,25.969319763093246,98.1008329638015,112.00382345489123,0.723753132295348,81.86781621250452,30.13600724238671,High (>25)
2020-03-31,75.71483612060547,79.19655754209593,75.13454707826122,77.41365089930203,23379300,False,53.540000915527344,True,0.7,False,-0.0371127202847961,-0.0378189252134321,1.3530207969585448,79.50522117614746,98.90867385864256,-0.230249762325213,0.0,-0.062018234091951,-0.7369883955813737,True,True,True,0.006999999999999999,1.3530207969585448,24.344345274982807,99.3269375605361,112.06504050930846,0.7134321018319049,83.1471893355758,28.917851173732657,High (>25)
2020-04-01,70.94640350341797,72.79659162654521,70.01289768761337,71.56873857519153,28029600,True,57.060001373291016,True,0.62,False,-0.0629788408917891,-0.0650494152396492,1.35935079545118,78.01287269592285,98.02596466064452,-0.2961203567672826,-0.0799999999999999,0.0657452446315296,-0.7339094634737079,True,True,True,0.0062,1.35935079545118,21.92533389958777,101.68574930594625,112.72603295827619,0.6726575187133431,85.0213538155092,27.70467914276699,High (>25)
2020-04-02,73.59554290771484,73.93194250481626,69.76900952122737,70.23155976927791,24018000,False,50.90999984741211,True,0.63,False,0.0373400098310727,0.0366597538397969,1.364336289740909,76.90023498535156,97.19892974853516,-0.2321664012847858,0.01,-0.1077813070077778,-0.7423985165852836,True,True,True,0.0063,1.364336289740909,23.496284393990866,100.65366525875613,112.78484939002668,0.6729373605383463,83.23223759962409,29.552611790402594,High (>25)
2020-04-03,71.42023468017578,74.3348262072918,70.3325683532088,73.07721546081088,21199400,False,46.79999923706055,True,0.62,False,-0.0295576082680277,-0.030003237504335,1.357534834266999,75.92650566101074,96.33074310302734,-0.2142540822104447,-0.01,-0.0807307134682792,-0.7275098867328997,False,True,True,0.0062,1.357534834266999,22.128489542162665,101.42598641222791,112.60685043258222,0.6639468005117541,84.45385823609443,28.152992196487787,High (>25)
2020-04-06,76.01727294921875,77.31736613061885,74.52173791512259,75.61789656372473,26820800,True,45.2400016784668,True,0.67,False,0.0643660482162904,0.0623793620330741,1.2935120189827494,75.79823760986328,95.6115168762207,-0.0326453936865721,0.05,-0.0333332817099364,-0.683828108358479,True,True,False,0.0067,1.2935120189827494,22.75886961534311,97.4906831928496,109.14227634155748,0.6279548044676208,80.19374897601706,28.948527365540414,High (>25)
2020-04-07,77.01996612548828,80.29994315831685,76.79903324971741,80.25745382272008,22563800,False,46.70000076293945,True,0.75,False,0.0131903334251328,0.0131040984614312,1.263001615391674,75.41482353210449,94.93118255615236,-0.0905471746692734,0.0799999999999999,0.0322723039413055,-0.6677698402457107,False,True,False,0.0075,1.263001615391674,22.396460480298824,96.02952253750617,107.45170736418775,0.6303476488995053,79.48586166058564,27.965845703602113,High (>25)
2020-04-08,80.1300048828125,80.60585435950712,76.94349895931195,78.2605841845811,22903300,False,43.34999847412109,True,0.77,False,0.0403796432766154,0.0395856881539324,1.2595274375708851,75.38622550964355,94.27268112182615,-0.0070873174756715,0.02,-0.0717345232139029,-0.6641907960385732,True,True,False,0.0077,1.2595274375708851,23.94118740921628,94.50606406205517,107.0245045785073,0.614209041060515,76.8838678436213,30.140636734886,High (>25)
2020-04-09,87.31877136230469,88.70383709346046,82.33082452433764,82.35631553733995,42055900,True,41.66999816894531,True,0.73,False,0.0897137906082188,0.0859150843379123,1.2535661970006275,76.04967994689942,93.76131942749024,0.1791917031395531,-0.04,-0.0387543336634416,-0.6488478999361458,True,True,False,0.0073,1.2535661970006275,27.675100397585375,91.27632422652388,106.52572530403103,0.5258626041498828,69.12682489036791,37.398900413663114,High (>25)
2020-04-13,83.43547058105469,87.61616466677734,82.67920705069699,87.61616466677734,26911900,True,41.16999816894531,True,0.76,False,-0.0444726915033806,-0.0454919353893195,1.0957953097140845,75.85205955505371,93.14437072753908,-0.0452283303870821,0.03,-0.0119990406040532,-0.5625010965288821,True,True,False,0.0076,1.0957953097140845,20.424489723676547,87.7749133929679,97.99606546268313,0.5127422999432291,71.40815160500975,26.587913857673385,High (>25)
2020-04-14,81.14970397949219,86.67298226081888,79.5691961372754,85.8402389905145,46151300,True,37.7599983215332,True,0.76,False,-0.027395621857756,-0.0277778795397085,0.950682561585582,76.19402503967285,92.54108047485352,0.0920370529317622,0.0,-0.0828273014105763,-0.2455690631869487,False,True,False,0.0076,0.950682561585582,14.76112245154728,84.3446700295344,90.95636943767097,0.5163906417374471,73.20916017080609,17.747209266864886,High (>25)
2020-04-15,77.1474380493164,78.20110758794159,76.58660986205513,77.4533431545565,30118600,True,40.84000015258789,True,0.63,False,-0.0493195382596493,-0.0505772752742699,0.9467474378820844,76.10880889892579,91.84075759887696,-0.0216142644915104,-0.13,0.0815678487278499,-0.2731404848758659,True,True,False,0.0063,0.9467474378820844,12.999529908301906,86.68681808885844,92.19194092900862,0.5008012448250623,76.14136708846536,16.050573840543265,High (>25)
2020-04-16,74.20735168457031,76.9604909940041,73.9694269456389,76.67158423471965,32449600,True,40.11000061035156,True,0.61,False,-0.0381099676034173,-0.0388551462885447,0.8744034593245108,76.2916187286377,91.04933807373048,0.0518233413692088,-0.02,-0.0178746214375337,-0.2444551287458877,True,True,False,0.0060999999999999995,0.8744034593245108,9.886547311536937,86.47602432932483,90.21952472077112,0.5066639672072758,78.68594882319651,11.533575897574607,High (>25)
2020-04-17,80.87776184082031,81.31962110244152,77.2918798004581,78.17560480666282,30191900,True,38.150001525878906,True,0.65,False,0.0898888048801902,0.0860756771658983,0.9256408601071386,76.74865913391113,90.35264129638672,0.1274211913038649,0.04,-0.0488655959772491,-0.2507929067633774,True,True,False,0.006500000000000001,0.9256408601071386,13.854883951790356,83.86795151305897,89.93147698589004,0.3950887793444156,71.10134621432279,18.830130771567255,High (>25)
2020-04-20,77.92918395996094,80.47838856375277,76.86701537504767,78.57498427481771,23679400,False,43.83000183105469,True,0.63,False,-0.0364572141185437,-0.037138385386674,0.9335267611141502,77.13396110534669,89.59663604736328,0.1097364619620768,-0.02,0.1488859784533107,-0.3276043379981402,True,True,False,0.0063,0.9335267611141502,12.918788042850998,85.84233443000133,91.31234462995081,0.4242475448410389,74.1355843569796,17.176760272971208,High (>25)
2020-04-21,75.66890716552734,77.64878486232163,75.05709690543353,75.30352084258041,23035000,False,45.40999984741211,True,0.58,False,-0.0290042405114224,-0.0294331778593826,0.9163933156868448,77.59421157836914,88.80282623291015,0.1384963834244996,-0.05,0.0360483219336293,-0.3981436437159583,False,True,False,0.0058,0.9163933156868448,11.556556240922156,86.76287139709777,91.42872000038818,0.416953471771903,76.11566352545088,15.313056474937298,High (>25)
2020-04-22,75.91529846191406,78.06513279703039,75.77934427482936,77.06244554580451,16662400,False,41.97999954223633,True,0.63,False,0.0032561762237126,0.0032508863619502,0.8173936671882863,77.67151336669922,88.00435653686523,0.0207886391577607,0.05,-0.0755340303171406,-0.4624193330870729,False,True,False,0.0063,0.8173936671882863,8.925479695670525,83.81653048680936,87.07946213028643,0.43010183060765167,75.98738516269208,11.092076967594352,High (>25)
2020-04-23,75.9577865600586,77.56378467190311,75.8473233796588,76.25519241725917,16638800,False,41.380001068115234,True,0.61,False,0.0005596776803273,0.0005595211191875,0.8068377254442981,77.6121753692627,87.20236434936524,-0.0153835883732268,-0.02,-0.0142924840558283,-0.5040386118757594,False,True,False,0.0060999999999999995,0.8068377254442981,8.65398987801827,83.53334567503249,86.6580205299903,0.4329229480220625,76.0158240502627,10.642196479727602,High (>25)
2020-04-24,77.07945251464844,77.41084860921961,75.19303998680465,77.01997133057061,15809200,False,35.93000030517578,True,0.6,False,0.0147669647232671,0.0146589947279609,0.7669120229870767,77.34022254943848,86.42280548095704,-0.0659131686727627,-0.01,-0.1317061532687796,-0.5011149816216501,False,True,False,0.006,0.7669120229870767,7.937778962271306,81.73621102580597,84.51420751691369,0.4304674532973334,75.01095221316868,9.503255303745007,High (>25)
2020-04-27,80.40193939208984,81.26016719559622,77.78475366645394,78.124649011063,22870200,False,33.290000915527344,False,0.67,False,0.0431047026029407,0.0422015569850346,0.7374407239488869,77.52832260131837,85.71171417236329,0.049086691852449,0.07,-0.0734761861181543,-0.4592745521318955,True,True,False,0.0067,0.7374407239488869,8.149574065733354,78.59770292296349,81.5186790456581,0.4733486478688931,72.87386705432519,8.644811991332915,High (>25)
2020-04-28,80.97124481201172,83.579930870088,80.75031190801242,83.11257405065933,20238900,False,33.56999969482422,False,0.62,False,0.0070807423829117,0.0070557916371974,0.7327936380476882,77.64522857666016,85.01907318115235,0.0297345361482412,-0.05,0.0084108973144028,-0.4435493090841498,False,True,False,0.0062,0.7327936380476882,8.184269117792251,78.15072183706,81.09471109124505,0.5128505812615072,73.4391186847246,7.655592406520441,High (>25)
2020-04-29,83.15507507324219,84.5061507325396,82.65372800715686,84.19175290345144,20462600,False,31.229999542236328,False,0.63,False,0.0269704419920997,0.0266131496092626,0.722120336069502,78.01724052429199,84.40072158813477,0.0982665925709094,0.01,-0.0697050990128149,-0.4916800709717304,False,True,False,0.0063,0.722120336069502,8.54969096035202,76.36770190861213,79.52458887235841,0.5087976589987737,71.67519506723367,7.849393805124734,High (>25)
2020-04-30,81.37061309814453,82.28832183217847,80.34243468173572,81.23465240690241,19127600,False,34.150001525878906,False,0.64,False,-0.0214594475866436,-0.0216930495572849,0.6837952053631933,78.53845100402832,83.71556396484375,0.146930768579754,0.01,0.0934999047852525,-0.4542755605998378,False,True,False,0.0064,0.6837952053631933,6.961161562410043,76.50763211301171,78.85644539684913,0.5114768885340656,73.07320111727506,5.783244279574063,High (>25)
2020-05-01,79.23778533935547,79.65415365620386,78.03965592910423,79.45021908021165,18547700,False,37.18999862670898,True,0.64,False,-0.0262112779734935,-0.0265609167069411,0.6845207398610431,78.82056312561035,82.98774978637695,0.0766655453403708,0.0,0.0890189448022822,-0.4572349986104435,False,True,False,0.0064,0.6845207398610431,6.405852929573587,78.03603082720974,80.10398627297162,0.5026520616153809,74.50142291476939,5.602563358202232,High (>25)
2020-05-04,78.2945785522461,78.74493704294645,77.15593681975562,78.19260802336623,15725900,False,35.970001220703125,True,0.64,False,-0.011903497593602,-0.0119749115037099,0.6756599213601777,79.16428031921387,82.26932876586915,0.0962520482165041,0.0,-0.032804448804945,-0.5082721981004344,False,True,False,0.0064,0.6756599213601777,5.940079547793042,78.49174156620434,80.3403034385884,0.4996162702840099,75.180858582936,5.15944485565241,High (>25)
2020-05-05,78.17561340332031,80.05352681690104,78.09064120708322,79.5776773316029,18064100,False,33.61000061035156,False,0.66,False,-0.001519455767252,-0.0015206113108463,0.6389359884585245,79.27219734191894,81.60992065429687,0.0283927635176202,0.02,-0.0656102454896004,-0.5018191838889023,False,True,False,0.0066,0.6389359884585245,5.0301442061608554,77.66822589624317,79.1215707852549,0.5283938720987231,75.91409217844753,3.2074786068073706,High (>25)
2020-05-06,76.70555877685547,78.82140313060907,76.41665205203188,78.3115635390037,20978000,False,34.119998931884766,False,0.72,False,-0.0188045166832346,-0.0189835698322406,0.6416930170836538,79.2564769744873,81.02034927368165,-0.0040821538160709,0.0599999999999999,0.0151740051256092,-0.522548511219123,False,True,False,0.0072,0.6416930170836538,4.770322200840127,78.75522106346352,80.09207292616973,0.5219541409124453,76.82653205038368,3.2655408757860585,High (>25)
2020-05-07,77.50430297851562,78.94885589127242,76.96897243915976,77.6147661581715,16771900,False,31.440000534057617,False,0.63,False,0.0104131201753419,0.0103592770998282,0.6256408835631847,79.12519187927246,80.44036102294922,-0.0327680237650912,-0.0899999999999999,-0.0785462626530951,-0.5027429053001585,False,True,False,0.0063,0.6256408835631847,4.5724582239809575,77.91110030697664,79.17144912812319,0.5372194082762012,76.68583597408285,2.485613154040337,High (>25)
2020-05-08,78.77042388916016,79.94306221889974,78.26908340201166,78.85540256688145,20487800,False,27.979999542236328,False,0.69,False,0.0163361369883618,0.0162041379321321,0.5317954103768286,78.69777450561523,79.97433609008789,-0.0978981648479175,0.0599999999999999,-0.1100509202623332,-0.5604037428908903,False,True,False,0.0069,0.5317954103768286,2.8591450533781178,74.87141785730962,75.5037165830749,0.5379192530093205,75.66099487927531,-0.15727829620040268,High (>25)
2020-05-11,76.45064544677734,77.4193426565702,75.90681566173441,77.4193426565702,31907600,True,27.56999969482422,False,0.73,False,-0.029449866178796,-0.0298922199832225,0.5193903254197478,78.34853324890136,79.55038833618164,-0.0837152962119609,0.04,-0.0146533185889873,-0.5707806682182033,False,True,False,0.0073,0.5193903254197478,2.292265116551201,76.51131484603856,76.95786034024627,0.5342324987404776,77.29172271821531,-0.33386237796904084,High (>25)
2020-05-12,73.95243072509766,77.14743591188332,73.84196751686271,76.60360606940445,27962900,True,33.040000915527344,False,0.69,False,-0.0326774837161952,-0.0332233166079147,0.5228909610157403,77.98866958618164,78.98548095703126,-0.0886913063319786,-0.04,0.1984041088593127,-0.6272383480479846,False,True,False,0.0069,0.5228909610157403,2.0118296825699105,78.73113413148468,79.09139051635405,0.543735606342206,79.51807472786763,-0.4266842115135745,High (>25)
2020-05-13,71.40322875976562,73.80798028980062,70.8678980605236,73.40010465016621,35451600,True,35.279998779296875,False,0.64,False,-0.0344708340258367,-0.035078969414296,0.5083232726770269,77.7014591217041,78.44628829956055,-0.0744575508246794,-0.0499999999999999,0.0677965436349861,-0.6182127691234856,True,True,False,0.0064,0.5083232726770269,1.5060781496094906,80.79037768851556,81.01666768352099,0.625999130377522,83.4400940606813,-2.423426377160311,High (>25)
2020-05-14,74.36878967285156,74.87013659506553,70.01815148042758,70.29006636745407,35152500,True,32.61000061035156,False,0.63,False,0.0415325884360704,0.0406932711343831,0.5147347078972649,77.70953102111817,77.91779663085937,0.0021754985808881,-0.01,-0.0756802228267686,-0.6645194750722264,True,True,False,0.0063,0.5147347078972649,1.9354979827763925,78.33744045878927,78.67742135989421,0.6181425068876812,81.11084794467678,-2.4334265847825662,High (>25)
2020-05-15,72.99224853515625,74.16488067380611,72.48240875674173,73.7994943107322,26099000,True,31.88999938964844,False,0.64,False,-0.0185096616974771,-0.0186831091219956,0.3952918162012525,77.31525535583496,77.46067565917969,-0.0974991533665823,0.01,-0.022079153855476,-0.7690165058355253,False,False,False,0.0064,0.3952918162012525,0.48587221055503393,78.21774813394872,78.25486964204197,0.6112269140461261,81.90492751086592,-3.65005786882395,High (>25)
2020-05-18,76.85853576660156,77.45335421527285,74.67471685969953,75.36300668626254,30504400,True,29.299999237060547,False,0.73,False,0.0529684632140512,0.0516132832390054,0.4265853684617295,77.261722946167,77.17994995117188,-0.0137387322560629,0.0899999999999999,-0.0812166886848111,-0.7320079163528646,True,False,False,0.0073,0.4265853684617295,1.0188610337469521,74.839414423012,74.96577950738923,0.5893744283994882,78.40329396765406,-3.437514460264836,High (>25)
2020-05-19,75.34600830078125,77.49583702484038,75.27802793818736,76.5186468651511,19597300,False,30.530000686645508,False,0.7,False,-0.0196793687354837,-0.0198755860677995,0.4195035103686035,77.24557800292969,77.11521743774414,-0.0042672595236474,-0.03,0.0419795727512912,-0.7332907018800888,False,False,False,0.006999999999999999,0.4195035103686035,0.8291786818750939,76.17210444245532,76.26206379650941,0.5930545025615142,79.63391101599068,-3.3718472194812676,High (>25)
2020-05-20,77.60628509521484,78.50700195805506,76.79054042044142,77.07944715646096,20552400,False,27.989999771118164,False,0.68,False,0.0299986269400041,0.0295574691726986,0.432691980621555,77.33012733459472,76.97357818603516,0.0222746490834009,-0.0199999999999999,-0.0831968836685417,-0.7504689560243826,False,False,False,0.0068000000000000005,0.432691980621555,1.1508569672921407,74.31535529201346,74.4693329597052,0.5874070112802591,77.88153013618837,-3.4121971764831756,High (>25)
2020-05-21,76.62060546875,77.9716875264744,76.19573795724584,76.70557767445808,14621400,False,29.530000686645508,False,0.68,False,-0.0127010283413967,-0.0127823759346027,0.43560532767839,77.3632682800293,76.89195098876954,0.0087261482819451,0.0,0.0550196830339531,-0.7537479028912184,False,False,False,0.0068000000000000005,0.43560532767839,1.1011982998042802,75.22867540751609,75.37133238259247,0.5869339154266702,78.57261298003547,-3.2012805974430023,High (>25)
2020-05-22,76.0257797241211,76.7820432384705,75.38847857272805,76.48463733107958,13557900,False,28.15999984741211,False,0.66,False,-0.0077632608224625,-0.0077935518048023,0.4333522997553373,77.31058464050292,76.9314729309082,-0.0136699568581795,-0.02,-0.0463935254784115,-0.7491686604812255,False,False,False,0.0066,0.4333522997553373,1.0250981720943493,75.76350147220339,75.89029623454428,0.5878680918419926,79.05476348008156,-3.1644672455372813,High (>25)
2020-05-26,81.42159271240234,82.84914751349177,78.69394463375978,78.93186935344762,41233900,True,28.01000022888184,False,0.69,False,0.0709734646308308,0.0685680149036153,0.4792649920451512,77.36156730651855,76.81214721679687,0.0126819493164218,0.0299999999999999,-0.0053266910278074,-0.6235775397389456,True,True,False,0.0069,0.4792649920451512,2.283935679991215,71.7060978045892,72.16335815793127,0.5375164234632959,73.68937063268022,-1.5260124747489527,High (>25)
2020-05-27,86.13762664794922,87.16580506916546,83.95380827762195,86.73243846750816,39402000,True,27.6200008392334,False,0.68,False,0.0579211702748787,0.0563058224134238,0.5199880120066575,77.61988639831543,77.04869186401368,0.0638051427754644,-0.0099999999999998,-0.0139235768104815,-0.5852565829834248,True,True,False,0.0068000000000000005,0.5199880120066575,3.9198262709446556,68.74946539278966,69.8033086529375,0.5092903944836629,69.45664712941918,0.34666152351832125,High (>25)
2020-05-28,84.85450744628906,87.48018455083502,84.46363026323179,87.47169187158859,24713900,True,28.59000015258789,False,0.7,False,-0.0148961522576465,-0.0150082141872592,0.5162524078869896,77.70485801696778,77.1687467956543,0.0204369050421759,0.0199999999999999,0.0351194527111178,-0.5774648369472878,False,True,False,0.006999999999999999,0.5162524078869896,3.591019018566792,69.64443255898789,70.56421010869991,0.5242417177404526,70.81500741478536,-0.25079730608544537,High (>25)
2020-05-29,82.68769836425781,84.27670490961923,82.23733991912954,83.83484562844505,26526400,True,27.51000022888184,False,0.65,False,-0.0255355802212721,-0.025867271959434,0.5188534565724727,77.77071228027344,77.4114776611328,0.0161862522102995,-0.0499999999999999,-0.0377754430899607,-0.529683411780739,False,True,False,0.006500000000000001,0.5188534565724727,3.251543273369208,71.49635832760276,72.27992623026033,0.5538204428062062,73.33763052207405,-1.057704291813721,High (>25)
2020-06-01,83.78385925292969,84.55712111830216,82.74718164496176,83.06158588961256,15176800,False,28.229999542236328,False,0.66,False,0.0132566380532572,0.0131695377540268,0.5099337138592775,77.99801597595214,77.65241577148437,0.0573725514172882,0.01,0.0261722758038578,-0.4881684206418105,False,True,False,0.0066,0.5099337138592775,3.2545793555247293,70.41357674887907,71.20340807512183,0.5514053236542039,72.49033706864316,-1.2869289935213288,High (>25)
2020-06-02,84.06427001953125,85.33037314661163,83.2145351589206,85.21141078476315,21195000,False,26.84000015258789,False,0.68,False,0.0033468351673207,0.0033412469795264,0.5067768587341686,78.2865005493164,77.92923828125,0.073692094318319,0.02,-0.0492383780442075,-0.4960519671274103,False,True,False,0.0068000000000000005,0.5067768587341686,3.2381996622987437,70.09344465965525,70.87885255168693,0.5533360002224088,72.33703985397115,-1.458187302284216,High (>25)
2020-06-03,88.60186004638672,89.15418905837475,85.87421164523576,86.31607744801146,25941100,True,25.65999984741211,False,0.77,False,0.0539776295660596,0.052571225573305,0.5361436628794336,78.80781288146973,78.37199752807618,0.1333695533577172,0.0899999999999999,-0.0439642436090674,-0.5163400821955872,True,True,False,0.0077,0.5361436628794336,4.852162989253269,67.14029681810801,68.59846372898798,0.513735507751382,67.78059282492127,0.8178709040667087,High (>25)
2020-06-04,90.44578552246094,90.59023890065494,87.34425181714155,88.21947773356301,26784700,True,25.809999465942383,False,0.82,False,0.0208113630471058,0.0205977650580968,0.5294387563615697,79.49482421875,78.69352798461914,0.1791294785502735,0.0499999999999999,0.0058456593695344,-0.503197935984128,False,True,False,0.008199999999999999,0.5294387563615697,5.099323918274171,65.51159296056262,67.09506236091572,0.5056363663554277,66.18605272593537,0.9090096349803503,High (>25)
2020-06-05,94.51602172851562,98.37381271232482,93.07146841781513,97.6600384632207,42231000,True,24.520000457763672,False,0.91,False,0.045001944342049,0.0440187460294444,0.5448547358896338,80.34541015625,79.04095748901368,0.2194938615823136,0.09,-0.0499805902700978,-0.5264946711947515,True,True,True,0.0091,0.5448547358896338,6.575536067756058,62.87747180303185,65.20050665580382,0.4844729819522847,62.58954458992258,2.610962065881239,Normal (15-25)
2020-06-08,96.40243530273438,97.03124388446544,95.1193400919064,96.36845160698584,24881800,True,25.809999465942383,False,0.88,False,0.0199586645705129,0.0197621015441528,0.5455187580363198,81.22701072692871,79.3186360168457,0.2238405043799771,-0.03,0.0526100727608374,-0.5220714984996705,False,True,True,0.0088,0.5455187580363198,7.106727957515126,61.61029449834926,64.22516113303811,0.47889982625603705,61.19569992760613,3.0294612054319856,High (>25)
2020-06-09,93.92970275878906,94.85591074846036,92.62960931415007,94.023174122531,17031100,False,27.56999969482422,False,0.84,False,-0.0256501045453897,-0.0259848042695718,0.5419644458758015,82.1009635925293,79.66443130493164,0.2286319129140657,-0.04,0.0681906340681737,-0.5816683679904008,False,True,True,0.0084,0.5419644458758015,6.319468547192443,63.29830520458698,65.48719703801594,0.48010657122533856,62.884263329895376,2.6029337081205597,High (>25)
2020-06-10,90.12288665771484,93.90421107227657,89.94444309629861,93.8617217316218,24913300,True,27.56999969482422,False,0.75,False,-0.0405283524728072,-0.0413725131870267,0.5509771968169592,82.90948638916015,79.89422653198243,0.2186602356956648,-0.0899999999999999,0.0,-0.5179778768310579,True,True,True,0.0075,0.5509771968169592,5.605471531299816,66.43738184613171,68.24461952920218,0.46694076385057454,65.14999271553701,3.0946268136651724,High (>25)
2020-06-11,82.60275268554688,86.3160976038757,82.03343169418397,84.99900553565199,36259200,True,40.790000915527344,True,0.66,False,-0.0834431103025949,-0.0871311408547751,0.6262704207664512,83.46946258544922,80.03198486328125,0.1568489845670952,-0.0899999999999999,0.479506759776459,-0.6535406552550393,True,True,False,0.0066,0.6262704207664512,5.770495574383492,74.08339788197412,75.89257018545368,0.4098567688038802,69.81601471788717,6.076555467566507,High (>25)
2020-06-12,84.863037109375,85.93369854574796,82.7047094231407,85.5768114002903,24856800,True,36.09000015258789,True,0.71,False,0.0273633063105367,0.0269956233173938,0.6181912023324502,83.99417495727539,80.31031753540039,0.1411109079855628,0.0499999999999999,-0.1152243358040799,-0.6468210715727853,False,True,False,0.0070999999999999995,0.6181912023324502,6.132657372756244,72.1628430718846,74.1588204567864,0.40111764546880824,67.66100156341919,6.49781889336721,High (>25)
2020-06-15,86.0356674194336,86.18861997638668,81.46409552400115,81.93144587699531,22153600,False,34.400001525878906,False,0.71,False,0.0138179159030953,0.0137233189290573,0.6108668497970721,84.64634590148925,80.55912002563477,0.1786959457481991,0.0,-0.0468273377546051,-0.6652934270347008,False,True,False,0.0070999999999999995,0.6108668497970721,6.234290633822001,71.11885246231407,73.17390391356412,0.3983127033304689,66.61555213269092,6.5583517808731955,High (>25)
2020-06-16,86.72395324707031,89.79999632426723,84.38718196415387,89.53658054510501,22193600,False,33.66999816894531,False,0.75,False,0.008000005675335,0.0079681752794696,0.5883384316918484,85.13961677551269,80.86519439697265,0.1283581242092268,0.04,-0.0212210268765371,-0.6509583363957607,False,True,False,0.0075,0.5883384316918484,5.799525453965385,69.95208953029092,71.81397849243442,0.40138146745820813,66.0450509132944,5.768927579140012,High (>25)
2020-06-17,84.53163146972656,87.13181821271667,84.30219941419045,87.12331904841014,15639800,False,33.470001220703125,False,0.74,False,-0.0252793109084635,-0.025604321752069,0.5919945068756245,85.59889793395996,81.03548156738282,0.1219125389134923,-0.01,-0.005939915625735,-0.6317613112973993,False,True,False,0.0074,0.5919945068756245,5.364172496002775,71.67345641718273,73.3198755479517,0.39049436072299226,67.71290475840286,5.606970789548839,High (>25)
2020-06-18,84.07278442382812,85.41536081991968,83.38449465354789,83.84335233941349,16591900,False,32.939998626708984,False,0.71,False,-0.0054281106128037,-0.0054428963351804,0.5866210131466725,85.92222290039062,81.1765379333496,0.0833244281784595,-0.03,-0.0158351531121637,-0.6157340206686509,False,True,False,0.0070999999999999995,0.5866210131466725,5.115644799586688,71.9178831504597,73.45171051316912,0.3960605944286294,68.24569100430074,5.20601950886838,High (>25)
2020-06-19,83.11256408691406,85.4833251101459,82.19485537063275,85.42384392961876,40371200,True,35.119998931884766,False,0.7,False,-0.0114212981465369,-0.0114870220865805,0.5861360720137572,86.24682083129883,81.23618911743164,0.084728625915281,-0.01,0.0661809470571184,-0.6165650407388472,False,True,False,0.006999999999999999,0.5861360720137572,4.88433118093892,72.63956999116445,74.06700912065763,0.3951326748703558,69.07403480909863,4.992974311558996,High (>25)
2020-06-22,82.21185302734375,83.23153233217215,82.03340947314693,82.6367204848494,16216900,False,31.770000457763672,False,0.71,False,-0.010837243074686,-0.0108963937349959,0.5871054427256743,86.55612449645996,81.13405075073243,0.0813681007372815,0.01,-0.095387203189226,-0.5951501271316234,False,True,False,0.0070999999999999995,0.5871054427256743,4.7098708887275045,73.33018217455856,74.67812487192487,0.3997172104127048,69.9156485644984,4.762476307426468,High (>25)
2020-06-23,83.21455383300781,84.94801411561299,83.14657347299256,84.09827906431421,15381400,False,31.3700008392334,False,0.72,False,0.0121965479275909,0.0121227693272856,0.5335645532932495,86.64577255249023,81.12963241577148,0.0220207080318186,0.01,-0.0125904819882533,-0.6425309380393572,False,True,False,0.0072,0.5335645532932495,3.674161288306923,71.29997148827329,72.24245664340604,0.3990277231236693,69.02148970298023,3.2209669404258108,High (>25)
2020-06-24,80.43592834472656,82.28834465443941,80.13851587088922,82.21187160662824,22919800,False,33.84000015258789,False,0.69,False,-0.0333910999974511,-0.0339613120793516,0.5033942648640946,86.36068763732911,81.11535690307618,-0.0661928883474571,-0.03,0.0787376234388028,-0.6838981250332052,True,True,False,0.0069,0.5033942648640946,2.582515946117274,72.96764194633653,73.51523475766463,0.3772060400008282,71.20804911440779,2.307185643256844,High (>25)
2020-06-25,83.24004364013672,83.45247739988073,80.09602658911093,80.17249963079612,25743600,True,32.220001220703125,False,0.68,False,0.0348614773660904,0.0342675794665563,0.5184712361894842,86.27996444702148,81.23720901489258,-0.0190262586483607,-0.0099999999999998,-0.047872308645982,-0.6861725719328087,True,True,False,0.0068000000000000005,0.5184712361894842,3.3440404040772513,71.00452931073991,71.82431815983232,0.3594769083570969,68.48339929273251,3.340918867099802,High (>25)
2020-06-26,78.67695617675781,81.03922479149597,78.1756156663719,80.81829188851349,41896300,True,34.72999954223633,False,0.64,False,-0.0548184174807264,-0.0563782191329513,0.546905277574573,86.07942733764648,81.32660110473633,-0.0485047022331155,-0.04,0.0779018692252684,-0.7074943970572111,True,True,False,0.0064,0.546905277574573,3.1320546710491133,75.31014547056884,76.03444456207292,0.2963272847634823,72.32202078683872,3.7124237752341998,High (>25)
2020-06-29,79.02536010742188,80.29146352402054,78.32857762170725,79.36525542598207,18499700,False,31.780000686645508,False,0.64,False,0.0044282843108638,0.0044185083098776,0.5445508147333593,85.8415023803711,81.28955307006837,-0.0567949386425694,0.0,-0.0849409413899711,-0.7087999377858406,False,True,False,0.0064,0.5445508147333593,3.144783620381265,74.98249445857087,75.71259700232945,0.2963205222283503,71.9884132832942,3.7241837190352527,High (>25)
2020-06-30,79.92606353759766,80.43590966982472,78.65996033728295,78.88089322905049,19137000,False,30.43000030517578,False,0.66,False,0.0113976504371688,0.0113331865813249,0.5464148856569648,85.63459205627441,81.3294906616211,-0.0492266985839778,0.02,-0.0424795579704634,-0.7122958703810174,False,True,False,0.0066,0.5464148856569648,3.3413849967043685,74.26933055864382,75.07271266431908,0.30444756159740766,71.13438286152017,3.9383298027989184,High (>25)
2020-07-01,79.24629211425781,81.3281403813834,79.05085020139795,80.63135790378149,18755700,False,28.6200008392334,False,0.69,False,-0.0085050031648321,-0.0085413770913285,0.5050403355189482,85.16681365966797,81.4010383605957,-0.1055911007650503,0.0299999999999999,-0.0594807574035588,-0.720578878584307,False,True,False,0.0069,0.5050403355189482,2.4368209255194717,73.98418505936726,74.48213399717696,0.3207168094434822,71.82056231151195,2.6615716856650096,High (>25)
2020-07-02,79.50369262695312,81.47712368540391,78.87733864235875,81.28835929152241,27845600,True,27.68000030517578,False,0.68,False,0.0032481079660382,0.0032428442583394,0.4968833833851263,84.61970901489258,81.47280624389649,-0.1209795772384606,-0.0099999999999998,-0.0328441826168303,-0.7335411053945899,False,True,False,0.0068000000000000005,0.4968833833851263,2.3277159435709756,73.63850526722119,74.1036246891523,0.321493289807908,71.59669604051427,2.5069286486380236,High (>25)
2020-07-06,81.51143646240234,81.68303686807937,80.20725635930368,81.02236810547336,18625300,False,27.940000534057617,False,0.69,False,0.0252534664631232,0.0249398663749016,0.4744628449233291,83.96947975158692,81.58387924194336,-0.1375913313773106,0.0099999999999998,0.0093930717491075,-0.7292405263712264,False,True,False,0.0069,0.4744628449233291,2.210848458027902,71.54523599267662,71.98065353960885,0.31082111977363996,69.6232262822748,2.3574272573340522,High (>25)
2020-07-07,79.21195983886719,80.7392257864948,78.93739524767723,80.49898258747062,25757200,True,29.43000030517578,False,0.65,False,-0.0282104784718866,-0.0286160396079669,0.4690224670605349,83.10995597839356,81.62652938842774,-0.1783199294694539,-0.0399999999999999,0.0533285519913258,-0.7655014332579207,False,True,True,0.006500000000000001,0.4690224670605349,1.822676285409023,73.46318134408963,73.78222112010612,0.2923857851769314,71.78027472120486,2.0019463989012536,High (>25)
2020-07-08,80.05281066894531,80.08712551201175,78.76578803147761,79.18621359346575,18762200,False,28.07999992370605,False,0.67,False,0.010615200429185,0.0105592547571983,0.469968278308342,82.41611137390137,81.61954681396485,-0.1477369956708958,0.02,-0.0458715721192944,-0.7651645762315971,False,True,False,0.0067,0.469968278308342,1.9422358754726083,72.73145279407065,73.08523030401274,0.29599315213984223,70.96062826616834,2.1246020378443973,High (>25)
2020-07-09,78.31963348388672,80.75640027601123,77.89062584513087,80.24158587259457,25600800,True,29.26000022888184,False,0.62,False,-0.0216504226469457,-0.0218882317578627,0.4569882046364243,81.82594871520996,81.56651458740234,-0.1309684322324991,-0.05,0.0420228030050524,-0.7966663288902098,False,True,False,0.0062,0.4569882046364243,1.538946989987946,74.09594270229647,74.33988854791941,0.28235363265387203,72.65047820022615,1.6894103476932685,High (>25)
2020-07-10,82.60110473632812,83.09017304560018,78.82584381022436,78.93738340843193,28954200,True,27.290000915527344,False,0.65,False,0.0546666405598319,0.0532247364836614,0.4094145093340113,81.82586631774902,81.55543518066406,-1.99502942114238e-05,0.03,-0.0673273854389774,-0.6704510098829393,True,False,False,0.006500000000000001,0.4094145093340113,1.3011876574734682,69.63060203201309,69.82387775976149,0.22454095793323534,68.35302597922134,1.4708517805401442,High (>25)
2020-07-13,83.7851791381836,85.17515946563465,82.56679921906556,84.71183705390828,32079200,True,32.189998626708984,False,0.64,False,0.0143348494627906,0.0142330769509545,0.4005137768046724,81.77197341918945,81.60372650146485,-0.0127011477305746,-0.01,0.1795528599045837,-0.4068973027900079,False,False,False,0.0064,0.4005137768046724,1.288727129743081,68.47624066808892,68.6682384671354,0.22339264975542308,67.21535522045029,1.4528832466851043,High (>25)
2020-07-14,84.26566314697266,85.75860760508982,82.91857968644726,84.40294870668428,42731700,True,29.520000457763672,False,0.63,False,0.0057347136299203,0.0057183327562871,0.3977432395415683,81.6834732055664,81.70428405761719,-0.020572912671578,-0.01,-0.08294496063538,-0.3964585960680308,False,False,False,0.0063,0.3977432395415683,1.2946733487264774,68.02767378958634,68.22171849962206,0.246704077864312,66.80712534399481,1.4145931556272444,High (>25)
2020-07-15,85.56986236572266,86.90836403910548,84.64320433977912,86.56515663548157,22508400,False,27.76000022888184,False,0.64,False,0.0154772320070071,0.0153586813113389,0.4007963350954156,81.62576866149902,81.84978973388672,-0.0133076369115662,0.01,-0.0596206030348809,-0.4094049179102865,False,False,False,0.0064,0.4007963350954156,1.4711647717637435,66.91509749912854,67.15421175879834,0.2451045854079081,65.52971112519846,1.6245006335998795,High (>25)
2020-07-16,85.81009674072266,86.84829428373791,84.55739541081658,84.75473522891994,16886900,False,28.0,False,0.62,False,0.0028074647820892,0.0028035312133551,0.3898926960772484,81.68969192504883,82.00247940063477,0.015124105009779,-0.02,0.0086455248249048,-0.4183825682109388,False,False,False,0.0062,0.3898926960772484,1.3297052420630724,66.568747942628,66.7733692338254,0.24634466441112254,65.33145878787569,1.4419104459497163,High (>25)
2020-07-17,84.2227783203125,85.8701659947784,84.20561434983492,85.80152320514148,16137700,False,25.68000030517578,False,0.64,False,-0.0184980378848222,-0.0186712661691195,0.3954876204282176,81.69719161987305,82.1528237915039,0.0017840957393324,0.02,-0.0828571319580078,-0.36082056750368,False,False,False,0.0064,0.3954876204282176,1.259426807352324,68.01941935761054,68.2052224448094,0.235017731206204,66.80835722088113,1.396865223928259,High (>25)
2020-07-20,83.48487854003906,84.42011193185591,83.45055714775181,83.59641815537047,14458100,False,24.459999084472656,False,0.62,False,-0.0087612851889911,-0.0087998909039307,0.3945460574572608,81.7158073425293,82.27243530273438,0.0044796410412228,-0.02,-0.0475078351325889,-0.3335489687205086,False,False,False,0.0062,0.3945460574572608,1.1776013031420831,68.6883109155131,68.85457518225421,0.2539072125073712,67.5942358616083,1.2603393206459117,Normal (15-25)
2020-07-21,85.29529571533203,85.84442492956325,83.77660511805465,83.83666592129441,17798100,False,24.84000015258789,False,0.61,False,0.021685569973306,0.0214537829697515,0.3989964812651056,81.8699794769287,82.4029327392578,0.0375060599468877,-0.01,0.0155356125240602,-0.3536983093140131,False,False,False,0.0060999999999999995,0.3989964812651056,1.413201513221809,67.1700970695218,67.3941973611854,0.2475775705074017,65.84589949510479,1.5482978660806168,Normal (15-25)
2020-07-22,84.67752075195312,85.91305816770324,83.68221999462538,85.50121454449867,14271200,False,24.31999969482422,False,0.6,False,-0.0072427788449282,-0.0072691351064509,0.3984667432686008,81.94312782287598,82.56747024536133,0.0175806616938805,-0.01,-0.0209339957556118,-0.3503158009890038,False,False,False,0.006,0.3984667432686008,1.3429234157892234,67.71827569986253,67.92428779672625,0.24646607975303853,66.45339258081837,1.4708952159078734,Normal (15-25)
2020-07-23,84.92635345458984,85.24381491178363,84.05975620764814,84.51450324881314,12870200,False,26.07999992370605,False,0.59,False,0.0029385922075544,0.0029342829854402,0.3769587895743866,82.16764907836914,82.78694869995117,0.0558261115681855,-0.01,0.0723684313719952,-0.2674872431094016,False,False,False,0.0059,0.3769587895743866,1.0682537234550695,67.21541509902242,67.35951961227812,0.24975756618667952,66.2373949224291,1.1221246898490165,High (>25)
2020-07-24,84.32573699951172,85.62992383416474,84.03401495915897,85.45831685795419,12744200,False,25.84000015258789,False,0.59,False,-0.0070722035110016,-0.0070973300791374,0.3588871862595224,82.2219337463379,83.04539886474609,0.0130429215543022,0.0,-0.0092024452385065,-0.240464380760781,False,False,False,0.0059,0.3588871862595224,0.8047231702936708,67.53866841297773,67.6301181749969,0.2486537885182935,66.8134495863906,0.8166685886062908,High (>25)
2020-07-27,83.14167785644531,83.76802531423586,82.51532385251801,83.66506767522193,11959100,False,24.739999771118164,False,0.62,False,-0.0140414917817233,-0.0141410061794548,0.2991513436557335,82.44516983032227,83.22085662841796,0.0567475140962105,0.03,-0.0425696739541063,-0.0610572026320649,False,False,False,0.0062,0.2991513436557335,0.25575534287437174,68.10176150367252,68.11564942333229,0.2622639766560836,67.94921758184034,0.16643184149194212,Normal (15-25)
2020-07-28,83.50203704833984,83.99110543905097,82.79846486264778,82.79846486264778,11754300,False,25.440000534057617,False,0.59,False,0.0043342785614302,0.0043249126293927,0.2991452863645883,82.66900367736817,83.43105239868164,0.0566486117220177,-0.03,0.0282942914072554,-0.0552015964040735,False,False,False,0.0059,0.2991452863645883,0.2657945638639383,67.80446941161615,67.81931959653343,0.26227272239165683,67.64703317555647,0.17228642097695968,High (>25)
2020-07-29,85.52696990966797,85.55270932265348,83.2274885216571,83.28754933400248,12743500,False,24.100000381469727,False,0.58,False,0.0242501013496938,0.0239607363949911,0.3073395502398182,82.94904899597168,83.60442108154297,0.0700760943823488,-0.01,-0.0526729608670398,-0.080657567566459,False,False,False,0.0058,0.3073395502398182,0.39080726555429157,65.96609728018015,65.99471506461067,0.2539338776584011,65.68754364002851,0.3071714245821653,Normal (15-25)
2020-07-30,83.24464416503906,83.86241624800799,82.41237479640657,83.69081580102215,14834800,False,24.76000022888184,False,0.55,False,-0.0266854507652902,-0.0270479713056048,0.3231790516054312,83.14896659851074,83.76239379882813,0.0504547524446494,-0.0299999999999999,0.0273858853512543,-0.1447442813525113,False,False,False,0.0055000000000000005,0.3231790516054312,0.4133023159771083,68.26310109461355,68.2938513481685,0.25846248392819093,67.94226014657627,0.35159120159222823,Normal (15-25)
2020-07-31,82.91858673095703,83.16741191947195,81.72594615071623,82.78130770571838,14535000,False,24.459999084472656,False,0.55,False,-0.0039168578033151,-0.0039245487803854,0.3240055786044621,83.31971130371093,83.86863983154296,0.0429526477471589,0.0,-0.0121163627478178,-0.1422934869066473,False,False,False,0.0055000000000000005,0.3240055786044621,0.405774053784159,68.5741209515325,68.6038743205076,0.2573120575638316,68.25330327922954,0.3505710412780587,Normal (15-25)
2020-08-03,82.45525360107422,83.71653690358755,82.2407498161879,83.24462595838324,12962800,False,24.280000686645508,False,0.56,False,-0.0055878078504422,-0.0056034780507045,0.3133479900250783,83.36690216064453,83.98533279418945,0.011578953575517,0.01,-0.0073588881669832,-0.1608131907134742,False,False,False,0.005600000000000001,0.3133479900250783,0.31615513001943185,68.92224731344157,68.94187619858099,0.2751781627456771,68.74145234236954,0.20042385621144376,Normal (15-25)
2020-08-04,81.98334503173828,82.3265458331899,81.53717351603409,82.29223098995328,13366200,False,23.76000022888184,False,0.52,False,-0.0057232080277027,-0.0057396483403283,0.2954287385529163,83.50547142028809,84.1044841003418,0.0349869539714537,-0.04,-0.0214168222017258,-0.087730704661162,False,False,False,0.0052,0.2954287385529163,0.20360828545890075,69.33041755027831,69.33978580252052,0.2738274977859377,69.24845907162322,0.09132673089730758,Normal (15-25)
2020-08-05,83.40766143798828,84.48876248293871,82.12922055191625,82.2579241482903,15260900,False,22.989999771118164,False,0.55,False,0.017373240939347,0.0172240516446249,0.2990299914426989,83.67321395874023,84.14420547485352,0.0419079697640698,0.03,-0.0324074263613721,-0.0892685664693252,False,False,False,0.0055000000000000005,0.2990299914426989,0.2614072134438201,67.9519431130512,67.96636663717422,0.2723134689745557,67.83273749706521,0.13362914010900795,Normal (15-25)
2020-08-06,83.4333724975586,84.17126588348928,82.83276464674739,83.72510098662019,10482100,False,22.64999961853028,False,0.55,False,0.0003082577682558,0.0003082102665915,0.285639043225727,83.92890090942383,84.0901203918457,0.0652931938799734,0.0,-0.0147890454968608,-0.0329132683724069,False,False,False,0.0055000000000000005,0.285639043225727,0.19337701159580067,67.85879399407264,67.86749982965416,0.2729144253540853,67.81049456605339,0.05700526360077163,Normal (15-25)
2020-08-07,85.26954650878906,85.36392870258658,82.84994395517444,83.16741192941481,14743700,False,22.209999084472656,False,0.57,False,0.0220076685894987,0.0217689952655911,0.2248230574744392,84.06232299804688,84.0984211730957,0.0323051583992599,0.0199999999999999,-0.0194260724709969,0.1359644199255825,False,False,False,0.005699999999999999,0.2248230574744392,0.03760327612276626,65.87930206062316,65.8798346160175,0.27254748014790176,66.02529405330219,-0.14545943728468558,Normal (15-25)
2020-08-10,86.35066223144531,87.5518850018929,85.82727235679413,85.89591515422255,14989900,False,22.1299991607666,False,0.59,False,0.0126788023030568,0.0125990992747357,0.2236611715780773,84.19059715270996,84.17168045043945,0.0306197721321401,0.02,-0.003601977802961,-0.0199191740976941,False,False,False,0.0059,0.2236611715780773,0.04322285623598876,64.79887821330308,64.79956524263855,0.2997724642115874,65.15009522882518,-0.3505299861866291,Normal (15-25)
2020-08-11,89.07914733886719,91.08690652580658,88.81316469315506,89.11346873607798,31518600,True,24.030000686645508,False,0.64,False,0.0315977322803699,0.0311087967678575,0.2475615827597743,84.43127136230468,84.2775862121582,0.0571227236828251,0.05,0.0858563758668071,0.2402391589259962,False,False,False,0.0064,0.2475615827597743,0.14773183941781842,62.16320071111217,62.169045631822875,0.2787449576813798,62.35893543977321,-0.18988980795033683,Normal (15-25)
2020-08-12,88.3240737915039,91.31854456614012,87.26871237043305,91.08688337651436,19240800,False,22.280000686645508,False,0.69,False,-0.0084764343835813,-0.008512563663362,0.2460132256325776,84.56898193359375,84.36278228759765,0.0321866992611235,0.0499999999999999,-0.0728256325424305,0.3432975382485669,False,False,False,0.0069,0.2460132256325776,0.12815352407797942,62.80680320233746,62.81136475959017,0.2794443324365488,62.99959882295158,-0.18823406336141346,Normal (15-25)
2020-08-13,87.83502197265625,88.68445522247593,87.20866797074122,87.51755397906415,13598600,False,22.1299991607666,False,0.71,False,-0.005537016102791,-0.005552402198108,0.2472942585751567,84.67022819519043,84.34744552612305,0.0235977502513713,0.02,-0.0067325637906652,0.3391733414036175,False,False,False,0.0070999999999999995,0.2472942585751567,0.12476108146855025,63.251408663477505,63.25574663215695,0.28322629699844576,63.457452513738424,-0.20170588158147496,Normal (15-25)
2020-08-14,87.86933898925781,88.64154742545092,87.01989923562712,87.08854202208673,12134400,False,22.049999237060547,False,0.71,False,0.0003906985599917,0.0003906222571829,0.2360918929333273,84.8525562286377,84.29591659545899,0.0432966086095718,0.0,-0.0036149989489328,0.2501612570374069,False,False,False,0.0070999999999999995,0.2360918929333273,0.08799804474234674,63.18111895338244,63.18350993312564,0.2878076441511717,63.46054567444841,-0.27703574132277,Normal (15-25)
2020-08-17,85.55269622802734,87.51755185421223,85.39825322761563,87.08854424708373,14988000,False,21.350000381469727,False,0.69,False,-0.0263646317120205,-0.0267184106391634,0.2545081252996518,84.95594711303711,84.11665008544922,0.0247687691968858,-0.02,-0.0317459809438132,0.2604664631895175,False,False,False,0.0069,0.2545081252996518,0.11253123948220178,65.49873185176614,65.50228754174404,0.2943106176672771,65.70986836578172,-0.2075808240376773,Normal (15-25)
2020-08-18,84.36003875732422,85.72428607954564,84.1884383671958,85.72428607954564,13246500,False,21.51000022888184,False,0.67,False,-0.0139406181603474,-0.0140387012034478,0.2480825485262017,84.90918426513672,83.87580215454102,-0.0109649301308383,-0.0199999999999999,0.0074941379181885,0.2096454265694087,False,False,False,0.0067,0.2480825485262017,0.07730968798995952,66.65849678508755,66.6603426102488,0.2900425739559048,66.83593812987232,-0.1755955196235135,Normal (15-25)
2020-08-19,84.55740356445312,86.30774887366344,84.37721460548995,84.87486501013638,13533000,False,22.540000915527344,False,0.68,False,0.0023395533007832,0.0023368208070063,0.2469242482111604,84.90317840576172,83.6883561706543,-0.001418525087099,0.01,0.0478847362010952,0.2032024596066135,False,False,False,0.0068000000000000005,0.2469242482111604,0.07673273980270257,66.45020137880654,66.45202739097603,0.29314710069724925,66.65382725779706,-0.2017998668210339,Normal (15-25)
2020-08-20,83.5449447631836,84.11123140734226,83.05587634708156,83.45056256480103,13672600,False,22.71999931335449,False,0.65,False,-0.0119736268923843,-0.0120458881617716,0.2502565942177626,84.8341079711914,83.55679733276367,-0.0162659602728014,-0.03,0.0079857316111795,0.1858400868788389,False,False,False,0.006500000000000001,0.2502565942177626,0.07332441926650612,67.48063601720847,67.4823069750967,0.2898353468179492,67.63633019968252,-0.15402322458581352,Normal (15-25)
2020-08-21,83.50203704833984,84.57455602324461,83.17599363657787,83.45913367088913,12228300,False,22.540000915527344,False,0.64,False,-0.0005135884040067,-0.0005137203357054,0.2491226343616482,84.79292297363281,83.57478302001954,-0.0097680729570931,-0.01,-0.0079224649325294,0.1848791692106855,False,False,False,0.0064,0.2491226343616482,0.07007969537947112,67.53421437691462,67.53575891046015,0.3112134854780871,67.82828309987427,-0.2925241894141237,Normal (15-25)
2020-08-24,85.8530044555664,85.98170805324621,83.5878447024947,84.47159936915277,17898300,False,22.3700008392334,False,0.65,False,0.0281546114361925,0.027765555953752,0.2630559408916189,84.92848930358886,83.59458236694336,0.0326109199263759,0.01,-0.0075421503721783,0.1242249829384697,False,False,False,0.006500000000000001,0.2630559408916189,0.1489060700611451,65.30131409288146,65.30705130853605,0.29352716907074194,65.48067471086212,-0.1736234023260721,Normal (15-25)
2020-08-25,86.23053741455078,87.50040293538385,85.62992932464562,86.89120631344647,13648900,False,22.030000686645508,False,0.69,False,0.0043974344448221,0.0043877939818439,0.2630643106409072,85.06491432189941,83.5984797668457,0.0326758539391247,0.0399999999999999,-0.0151989333854465,0.1164997167112475,False,False,False,0.0069,0.2630643106409072,0.1571131481046193,64.88108369766498,64.88739304329889,0.2958512927532611,65.08561699740602,-0.19822395410713511,Normal (15-25)
2020-08-26,85.0207290649414,86.03318733470255,84.98641421510409,85.75004727365462,12052400,False,23.270000457763672,False,0.69,False,-0.0140299293716941,-0.0141292791725506,0.2545739822226266,85.03960227966309,83.56441528320312,-0.0059190784528113,0.0,0.0562868693812546,0.1410103742273926,False,False,False,0.0069,0.2545739822226266,0.10465403539572704,66.01057026068939,66.01369511375893,0.2935766848071888,66.20520724278614,-0.19151212902721682,Normal (15-25)
2020-08-27,87.8178482055664,88.07525536583262,84.94349879789513,84.94349879789513,22163900,False,24.46999931335449,False,0.74,False,0.0328992608201286,0.03236966439473,0.2600785026613355,85.26826248168945,83.63013961791992,0.0549369161992043,0.05,0.0515684929946125,0.3492572082507483,False,False,False,0.0074,0.2600785026613355,0.17886196085500794,63.27761285694676,63.28559414692572,0.26611562357291,63.318023738699814,-0.03242959177409688,Normal (15-25)
2020-08-28,88.17822265625,88.59007284858231,87.35452881772211,88.49569064921734,13756700,False,22.959999084472656,False,0.74,False,0.0041036584025608,0.0040952613609731,0.2588849876847148,85.5312442779541,83.71224838256836,0.0634313262279628,0.0,-0.0617082252249083,0.3162113090742338,False,False,False,0.0074,0.2588849876847148,0.18143780391437248,62.92811390752534,62.936318881966145,0.2894891887575156,63.142206034287966,-0.20588715232182153,Normal (15-25)
2020-08-31,85.96455383300781,87.67200242387527,85.8186862589267,87.62052360133909,14219400,False,26.40999984741211,False,0.72,False,-0.0251044844924109,-0.0254249773086767,0.276356609336969,85.70670928955079,83.76928817749024,0.0425600562568384,-0.02,0.1502613632625364,-0.0257871167395034,False,False,False,0.0072,0.276356609336969,0.21388535415632104,65.15302984437116,65.16361265512913,0.27836030877943957,65.1749924065616,-0.011379751432471608,High (>25)
2020-09-01,85.92163848876953,86.54799244235784,84.9778231122198,85.41541268127091,11595600,False,26.1200008392334,False,0.68,False,-0.0004992213921292,-0.0004993460446162,0.2749814840480488,85.90362396240235,83.84348388671874,0.0480377259003839,-0.0399999999999999,-0.0109806516415836,-0.0362075869498235,False,False,False,0.0068000000000000005,0.2749814840480488,0.20500534225451927,65.24565827536513,65.25550475801475,0.281602210418737,65.29341915366079,-0.037914395646041044,High (>25)
2020-09-02,87.21722412109375,87.46604925110059,85.42396940695312,85.75859472582631,14475700,False,26.56999969482422,False,0.66,False,0.0150786886180429,0.0149661352208484,0.2734507380845584,86.09410209655762,83.92353729248048,0.0456740138426947,-0.02,0.017228133274594,0.0065711957893425,False,False,False,0.0066,0.2734507380845584,0.23063212468972427,64.03533727791243,64.04747613626601,0.2767348114142103,64.06771365164562,-0.020237515379605497,High (>25)
2020-09-03,86.94267272949219,90.08300463034531,86.35064020840574,88.65012096669412,23281200,False,33.599998474121094,False,0.63,False,-0.0031479033455635,-0.0031528684157453,0.2740718303377714,86.26956710815429,84.05367218017578,0.0420611096840928,-0.03,0.2645840745216983,-0.0524519681972338,False,False,False,0.0063,0.2740718303377714,0.22587129160726027,64.34351542336478,64.35520225356603,0.27984829895425334,64.39084329973791,-0.035641046171875246,High (>25)
2020-09-04,88.82174682617188,90.27179487344692,86.97701904657393,89.27650046388067,26325500,True,30.75,False,0.72,False,0.021612794243468,0.0213825493886522,0.2736967080014061,86.44717712402344,84.16530624389648,0.0416584872656344,0.0899999999999999,-0.0848213870103649,-0.0987434014163428,False,False,False,0.0072,0.2736967080014061,0.28156371453245743,62.42931822624681,62.44652072794025,0.27934168172100626,62.48813678486142,-0.0416160569211641,High (>25)
2020-09-08,85.73287963867188,88.86463651650978,85.35535739136299,88.35841067633203,22108600,False,31.459999084472656,False,0.69,False,-0.0347760238665993,-0.0353951049539966,0.3001213430935623,86.41628799438476,84.30642471313476,-0.007154346901447,-0.03,0.023089401121062,-0.0847807719957068,True,False,False,0.0069,0.3001213430935623,0.3500245168634044,65.56019145974925,65.58413982465565,0.2521580523300284,65.32099884457885,0.2631409800767983,High (>25)
2020-09-09,86.54798889160156,87.25156103937934,85.42398461509933,86.48792809408893,13434000,False,28.809999465942383,False,0.71,False,0.0095075454873909,0.0094626332226539,0.2785586934216106,86.28973007202148,84.45687728881836,-0.0284147134641602,0.02,-0.0842339381960822,-0.2113691786502953,False,False,False,0.0070999999999999995,0.2785586934216106,0.24140411636492853,64.62544356971407,64.63847078802158,0.25773279759649587,64.53112672691721,0.10734406110437078,High (>25)
2020-09-10,85.65567016601562,87.87792668189736,85.49264516197552,87.0027539439784,15922800,False,29.709999084472656,False,0.68,False,-0.0103101035276919,-0.0103636208086662,0.2792609356266459,86.15630989074707,84.57146942138672,-0.0302115098516319,-0.0299999999999999,0.031239140410058,-0.2469597763764973,False,False,False,0.0068000000000000005,0.2792609356266459,0.22006779899581952,65.5205636312421,65.53162517068432,0.26448783581684376,65.4577098583865,0.073915312297828,High (>25)
2020-09-11,86.71959686279297,86.96842205879878,85.4497314738903,85.77578144265348,13784300,False,26.8700008392334,False,0.67,False,0.0124209721868413,0.0123444647911843,0.2829708321356851,86.10053863525391,84.72093551635743,-0.0126990929678428,-0.01,-0.0955906540812896,-0.2889485306058253,False,False,False,0.0067,0.2829708321356851,0.271366673008282,64.54733782387707,64.56318527892321,0.2623626453521773,64.44670946881777,0.11647581010544172,High (>25)
2020-09-14,87.92082214355469,88.77025539295524,86.97700669464999,87.09712830381223,19017400,False,25.850000381469727,False,0.68,False,0.0138518319297804,0.0137567721348611,0.2875227091669159,86.10311279296874,84.88927810668946,0.0005859057879469,0.01,-0.037960566650759,-0.3060948165696612,False,False,False,0.0068000000000000005,0.2875227091669159,0.34272557668141257,63.430237356044,63.45383265724529,0.2613650127195021,63.28236369270941,0.17146896453588312,High (>25)
2020-09-15,85.18374633789062,88.24686027996765,85.06362473593752,88.14390264751432,23683000,False,25.59000015258789,False,0.68,False,-0.0311311443516194,-0.031626016138792,0.2937898874323864,86.08466529846191,84.96272430419921,-0.0043125454416227,0.0,-0.0100580357851063,-0.3174290731094076,False,False,False,0.0068000000000000005,0.2937898874323864,0.2889026482338499,66.05045359562125,66.06779474096396,0.24134929655689757,65.83303604461209,0.23475869635187507,High (>25)
2020-09-16,85.54412078857422,86.77108290069103,84.73759087683202,85.31245954329883,19270600,False,26.040000915527344,False,0.69,False,0.0042305541394496,0.0042216305043808,0.2894458291893822,86.14386940002441,85.08936752319336,0.0140360536658383,0.0099999999999998,0.0175850238474479,-0.3239144326819226,False,False,False,0.0069,0.2894458291893822,0.27421469087764994,65.66879324466149,65.68474831063465,0.24223153671364864,65.47259279750084,0.21215551313380843,High (>25)
2020-09-17,84.56597900390625,85.23522983616077,83.83666736737598,84.68610061245774,18290100,False,26.459999084472656,False,0.69,False,-0.0114343542916933,-0.0115002291598756,0.2926211761144274,86.14429817199706,85.17963088989258,0.0001014155956975,0.0,0.0161289613739941,-0.3261098967094611,False,False,False,0.0069,0.2926211761144274,0.26284003879598217,66.61303313517715,66.62776960320218,0.242660030036483,66.41823252489371,0.2095370783084718,High (>25)
2020-09-18,84.38580322265625,85.36394013837908,83.60501270571203,83.99111697123628,20121600,False,25.82999992370605,False,0.7,False,-0.0021305941629514,-0.0021328671077508,0.2892715620471639,86.1863410949707,85.30095428466797,0.0100647437359153,0.01,-0.0238094929162829,-0.3263366030589004,False,False,False,0.006999999999999999,0.2892715620471639,0.2391280345679494,66.75045123522543,66.76301762350391,0.24264497519816003,66.57751233524775,0.18550528825616652,High (>25)
2020-09-21,81.77743530273438,82.41237133138854,80.49899435187068,81.68305309701923,28378800,True,27.780000686645508,False,0.68,False,-0.0309100324972858,-0.0313978256812326,0.3102663267669974,86.10011100769043,85.2844808959961,-0.0206534092648192,-0.0199999999999999,0.0754936418389147,-0.3637855335864129,False,False,False,0.0068000000000000005,0.3102663267669974,0.2783703088105285,69.36778273070796,69.38360255266356,0.22070577341254052,69.10638908961872,0.27721346304484484,High (>25)
2020-09-22,80.88508605957031,82.07773315156494,80.37027827402802,81.47711861331882,19257000,False,26.86000061035156,False,0.68,False,-0.0109119250299382,-0.0109718967542122,0.292278635246795,85.85171508789062,85.22647903442383,-0.0578653994405898,0.0,-0.0331173525397432,-0.348617131088258,False,False,False,0.0068000000000000005,0.292278635246795,0.16751117169967844,70.12872145277225,70.135412254764,0.21479886514052582,69.97174964171911,0.1636626130448917,High (>25)
2020-09-23,79.57232666015625,81.81174682334387,79.50369042021616,81.32267842828773,19952700,False,28.57999992370605,False,0.68,False,-0.0162299314171123,-0.0163630793743461,0.2946896748985749,85.5188045501709,85.1326123046875,-0.0772140700270181,0.0,0.0640357138596499,-0.3575971443632318,False,False,False,0.0068000000000000005,0.2946896748985749,0.15047474704400376,71.39421072395649,71.39972582666165,0.20804916657769762,71.24916073875394,0.15056508790770806,High (>25)
2020-09-24,79.50369262695312,80.91083704989596,78.405427657655,79.21196405109902,18366500,False,28.51000022888184,False,0.67,False,-0.0008625364631632,-0.000862908661777,0.2923514311149709,85.24295272827149,85.01128890991211,-0.0648904861045616,-0.01,-0.0024492545490228,-0.3490946840768126,False,False,False,0.0067,0.2923514311149709,0.1405633053706179,71.46625171997825,71.47116034799926,0.23392985638731797,71.34589632051355,0.12526402748571286,High (>25)
2020-09-25,80.19866943359375,80.41317320054094,78.82584663435888,78.98028960840628,13293100,False,26.3799991607666,False,0.66,False,0.008741440600773,0.008703455411894,0.2640036059544566,84.86199378967285,84.89906036376954,-0.0867611644746461,-0.01,-0.0747106647146729,-0.4741661584515757,False,False,False,0.0066,0.2640036059544566,0.06931562275805347,70.73093357995245,70.73240266584739,0.23398265412720604,70.68463146920072,0.04777119664666429,High (>25)
2020-09-28,82.50675201416016,83.16742089583418,80.95373991450965,81.56292997443005,20894100,False,26.190000534057617,False,0.67,False,0.02877956201602,0.0283732084563193,0.2879808337986346,84.57842025756835,84.86473983764648,-0.0643182689698708,0.01,-0.0072023742514578,-0.4405691465022566,False,False,False,0.0067,0.2879808337986346,0.18457152749071892,68.57636296756864,68.58435808576701,0.24208050214716953,68.43953027852376,0.14482780724324584,High (>25)
2020-09-29,81.81173706054688,82.39518758029944,80.93656455398582,82.39518758029944,12848200,False,26.270000457763672,False,0.66,False,-0.0084237342598821,-0.008459414424097,0.2770008269545393,84.37077941894532,84.83127700805665,-0.0483084781726207,-0.01,0.0030545980173624,-0.3719217091160505,False,False,False,0.0066,0.2770008269545393,0.1274683222408628,69.213168650037,69.21741075080247,0.25148274301903195,69.14549139856352,0.0719193522389503,High (>25)
2020-09-30,82.60110473632812,83.39905898262833,81.73451426212684,81.81173247331627,16400600,False,26.3700008392334,False,0.69,False,0.009648587160508,0.0096023368058152,0.2802125001941683,84.20475273132324,84.77739318847657,-0.0386460711276521,0.0299999999999999,0.0038066379797176,-0.3666507877715054,False,False,False,0.0069,0.2802125001941683,0.15427220161786948,68.42408723206277,68.4299988393817,0.27268395358904357,68.40038386841238,0.029614970969319643,High (>25)
2020-10-01,83.20174407958984,83.88815238688501,82.3952076087274,83.33044768287556,15778700,False,26.700000762939453,False,0.68,False,0.0072715654975683,0.0072452551332114,0.2752952009052435,84.00397872924805,84.7478776550293,-0.0460399890270384,-0.0099999999999998,0.0125142174138681,-0.3794466649843133,False,False,False,0.0068000000000000005,0.2752952009052435,0.14659651986550815,67.84450292326268,67.84995390106742,0.2724572724791939,67.83861206566354,0.011341835403882783,High (>25)
2020-10-02,83.99110412597656,84.59171212407911,81.58865904129398,81.72594461008097,15149600,False,27.6299991607666,False,0.7,False,0.0094873016800178,0.0094425798704601,0.2783607771426344,83.85640029907226,84.72917266845702,-0.033948445692473,0.0199999999999999,0.0348313996723932,-0.5564259980384291,False,False,False,0.006999999999999999,0.2783607771426344,0.17580283132771468,67.07273495151945,67.08020379734586,0.2722349948862752,67.05280530776615,0.027398489579709917,High (>25)
2020-10-05,85.766357421875,85.94821178749147,84.45873038505584,85.1428529644015,13871900,False,27.959999084472656,False,0.78,False,0.0211362062015016,0.0209159349876565,0.2778387986776573,83.70363082885743,84.75798507690429,-0.034399114107454,0.08,0.0119435372323368,-0.4486743695676454,False,False,False,0.0078000000000000005,0.2778387986776573,0.2176079826237447,65.26105676532359,65.27193936789956,0.2736408156263051,65.24908215633579,0.022857211563774626,High (>25)
2020-10-06,84.88306427001953,87.34244243302857,84.44142074845577,86.65831979700901,19220400,False,29.479999542236328,False,0.76,False,-0.0102988301987765,-0.0103522301046182,0.2514042082710687,83.6611400604248,84.79281280517579,-0.0099123623542561,-0.02,0.0543633944039645,-0.4548467241217513,False,False,False,0.0076,0.2514042082710687,0.09381794159820966,66.02998694696424,66.03257786347139,0.2905678223880966,66.21306554778542,-0.18048768431403062,High (>25)
2020-10-07,86.36389923095703,86.90080080542934,85.44595901078009,85.6970931630156,16358500,False,28.059999465942383,False,0.81,False,0.0174455879234856,0.0172951606624331,0.2570596890543442,83.65193557739258,84.85005004882812,-0.0021270241284877,0.05,-0.0481682529967307,-0.4744597772457924,False,False,False,0.008100000000000001,0.2570596890543442,0.13716147307407067,64.55218655509174,64.55721527777696,0.3084135333269121,64.8929966530714,-0.3357813752944452,High (>25)
2020-10-08,88.13912963867188,88.26036587861638,86.51109541164594,87.03934186006683,15659000,False,26.36000061035156,False,0.78,False,0.020555236893224,0.0203468290868378,0.2638689429816387,83.77610855102539,84.90229324340821,0.0289935210108434,-0.03,-0.060584422236151,-0.5028579477972391,False,False,False,0.0078000000000000005,0.2638689429816387,0.206217112784441,62.931540167513646,62.94171517473226,0.332480550664404,63.59114727619015,-0.6494321014578901,High (>25)
2020-10-09,87.63687133789062,88.42491359340647,86.69295956216847,88.32965559313796,13689100,False,25.0,False,0.79,False,-0.0056984713014556,-0.0057147695352128,0.2618094681432363,83.82197227478028,84.99013778686523,0.0105774762369912,0.01,-0.0515933451768391,-0.4473975397665136,False,False,False,0.0079,0.2618094681432363,0.18386540198428336,63.384996710889865,63.393348786317546,0.3357239538565748,64.07084602893782,-0.6774972426202766,High (>25)
2020-10-12,88.710693359375,89.19563840543573,87.33378637948009,87.55028064745446,16058000,False,25.06999969482422,False,0.7525,False,0.0122530848613271,0.0121786234545854,0.2608002588041163,83.8614658355713,85.1059799194336,0.0089838925133187,-0.0375,0.0027999877929687,-0.4161251518999482,False,False,False,0.007525,0.2608002588041163,0.20416343464831765,62.41202138314101,62.4220796504206,0.5596666252789474,69.45938800385898,-7.037308353438377,High (>25)
2020-10-13,87.2731704711914,89.38615669463158,86.82286528936496,89.1956406768616,21697300,False,26.06999969482422,False,0.74,False,-0.0162046178847916,-0.0163373485583134,0.2413914018030817,83.96593704223633,85.20233825683594,0.0245284367397138,-0.0124999999999999,0.0398883132099301,-0.5245280144650817,False,False,False,0.0074,0.2413914018030817,0.09627975256861832,63.72716410022781,63.72993759370555,0.5544572163286455,70.17973795063756,-6.449800356932009,High (>25)
2020-10-14,86.78820037841797,88.2690199890993,86.6842807786428,87.48963950798307,15204100,False,26.39999961853028,False,0.73,False,-0.0055569207598975,-0.0055724178815796,0.2423256891039371,84.02814102172852,85.29843536376953,0.0145431337463686,-0.01,0.0126582250697753,-0.5339314440822639,False,False,False,0.0073,0.2423256891039371,0.09235550466078579,64.21193092232568,64.2145004601803,0.5583703316138484,70.64967281252078,-6.435172352340473,High (>25)
2020-10-15,88.08717346191406,88.139129962973,85.7663550493406,85.81831155039954,17171200,False,26.96999931335449,False,0.74,False,0.0149671623311953,0.0148562595873422,0.242720632905382,84.2042007446289,85.39202560424805,0.0416384283548016,0.01,0.0215908978432002,-0.4934766342920906,False,False,False,0.0074,0.242720632905382,0.11281437948997541,62.948442755218366,62.9521089033887,0.5614996948252194,69.9341491975385,-6.9820402941498045,High (>25)
2020-10-16,87.90534210205078,88.61544309880146,87.22121936262688,87.81874570866779,13275000,False,27.40999984741211,False,0.76,False,-0.0020642206205185,-0.0020663540603362,0.2427052109437944,84.38017768859864,85.48146499633789,0.0417077132051235,0.02,0.0163144436507178,-0.5119115149046312,False,False,False,0.0076,0.2427052109437944,0.11015044153004627,63.09364664083772,63.097160991058146,0.5608042458974483,69.99571958279883,-6.898558591740681,High (>25)
2020-10-19,86.42452239990234,88.21709484000885,86.21668312649771,87.98327730914899,11725700,False,29.18000030517578,False,0.78,False,-0.0168456167365724,-0.0169891179992569,0.2214992838193321,84.61253204345704,85.50456451416015,0.0568260312880293,0.02,0.0645749896978122,-0.4588085310811672,False,False,False,0.0078000000000000005,0.2214992838193321,0.041148389790147344,64.44159016237165,64.44222322855431,0.5591748962934812,70.85031373595024,-6.408090507395926,High (>25)
2020-10-20,86.91810607910156,88.13046848494864,86.70161184850322,86.86614297107984,11257100,False,29.350000381469727,False,0.81,False,0.005711153102071,0.005694906296505,0.2155717437360984,84.9141830444336,85.51591339111329,0.0745875452872493,0.03,0.0058259107099389,-0.5346636759939938,False,False,False,0.008100000000000001,0.2155717437360984,0.03510006317248737,63.90868204154671,63.90916442195134,0.5629062756677873,70.63577027197894,-6.726605850027603,High (>25)
2020-10-21,86.0521469116211,87.45502558694771,86.01750703475265,86.90946239175192,10730500,False,28.64999961853028,False,0.83,False,-0.0099629318509585,-0.0100128939796677,0.2089364685675749,85.23817405700683,85.45537338256835,0.0814330876504261,0.0199999999999999,-0.0238501108634192,-0.4101946510454176,False,False,False,0.0083,0.2089364685675749,0.022242454367168374,64.71208499095748,64.71229952716874,0.561928982491794,71.1284575550525,-6.4161580278837675,High (>25)
2020-10-22,89.09171295166016,89.40346520570483,86.00017527145063,86.00883689152974,14837200,False,28.11000061035156,False,0.87,False,0.0353223731089569,0.0347128498229797,0.2355443055384503,85.71757507324219,85.47072616577148,0.120598427669214,0.04,-0.0188481331716827,-0.4185311878947809,True,False,False,0.0087,0.2355443055384503,0.10533465672083975,61.76612217616157,61.769424925464996,0.5527162226452059,68.80181516822341,-7.032390242758417,High (>25)
2020-10-23,89.8970718383789,90.45129659958526,89.13501444344024,89.62862107785466,15087600,False,27.549999237060547,False,0.85,False,0.0090396610418268,0.0089990478753009,0.2355958507550686,86.20249519348144,85.51196716308594,0.1209297170798531,-0.02,-0.0199217844586168,-0.452028910077892,False,False,False,0.0085,0.2355958507550686,0.11808309681709295,61.02180277526452,61.02584816583886,0.554897228431142,68.418933571955,-7.3930854061161355,High (>25)
2020-10-26,87.67151641845703,88.93584214352782,86.81420097200176,88.89254725430362,12410700,False,32.459999084472656,False,0.81,False,-0.0247567064689613,-0.0250683072854716,0.2429503015833683,86.46073341369629,85.50801071166993,0.0625980817110638,-0.0399999999999999,0.1782214150048733,-0.5955592996792561,False,False,False,0.008100000000000001,0.2429503015833683,0.10799029347120914,63.24551346307507,63.248905637047955,0.5489822737420794,69.63047422912743,-6.381568592079475,High (>25)
2020-10-27,86.0174789428711,87.39437891259394,85.87026446941874,87.03933185268656,10391700,False,33.349998474121094,False,0.79,False,-0.0188663039394825,-0.0190465432180696,0.2522006360003619,86.6710205078125,85.5173063659668,0.0514075612306295,-0.02,0.0274183430299039,-0.6007307448301716,False,False,False,0.0079,0.2522006360003619,0.11329730131572946,64.89652534416003,64.90014462100791,0.554951088875176,70.9484371342294,-6.048292513221483,High (>25)
2020-10-28,83.6014175415039,85.12553885981308,83.19440730818725,84.43275464052346,16389500,False,40.27999877929688,True,0.79,False,-0.0280880285153651,-0.0284900429391126,0.2729865976898817,86.72103614807129,85.50213394165038,0.0121101625501123,0.0,0.2077961206071217,-0.6758315791051965,False,False,False,0.0079,0.2729865976898817,0.1468914092014666,67.29053738648481,67.29603628346824,0.5415719923893425,72.12864272148425,-4.832606438016015,High (>25)
2020-10-29,84.14700317382812,84.84844920047064,82.47566690887574,83.23773107541261,14208800,False,37.59000015258789,True,0.85,False,0.0065260332703493,0.0065048309101065,0.2727628315830531,86.7682991027832,85.49392593383789,0.0113610490344295,0.0599999999999999,-0.0667824902738477,-0.6677623686480887,False,False,False,0.0085,0.2727628315830531,0.15767655966422134,66.67903707802635,66.6852744788725,0.5452555180569965,71.79230247195494,-5.10702799308244,High (>25)
2020-10-30,84.90039825439453,85.22946718390789,83.33298177000981,84.78782360645391,15194500,False,38.02000045776367,True,0.88,False,0.0089533204053633,0.0089134770756896,0.2725412967232192,86.8137638092041,85.5210350036621,0.0108260766170442,0.03,0.0114392206286324,-0.6778478847554572,False,False,False,0.0088,0.2725412967232192,0.173139555299469,65.9138437434305,65.92120457849494,0.5625942425534692,71.83914712805048,-5.917942549555548,High (>25)
2020-11-02,86.814208984375,87.3597722084928,84.74452413165213,86.06946810942488,15011600,False,37.130001068115234,True,0.87,False,0.0225418345417645,0.0222915220751416,0.2739825680289672,86.8661563873291,85.58727844238281,0.0122175127170871,-0.01,-0.0234087159109094,-0.7020660167421134,False,False,False,0.0087,0.2739825680289672,0.2270201698876444,64.11285925759314,64.1246737360045,0.5610394102573396,70.55608315933706,-6.431409423332568,High (>25)
2020-11-03,89.5506820678711,90.70242642225816,88.92717758938427,89.21294496962408,17482600,False,35.54999923706055,True,0.9,False,0.0315210276694291,0.0310344388467671,0.2912856670042451,87.09953727722169,85.6612319946289,0.0549887994500706,0.03,-0.0425532395799332,-0.7030329590262934,False,False,False,0.009000000000000001,0.2912856670042451,0.4472558374086324,61.61504109093708,61.65223892003237,0.5563506649253823,68.62766867529882,-6.975429755266454,High (>25)
2020-11-04,86.814208984375,88.39028712759664,85.67111941464152,87.46369184460723,18886500,False,29.56999969482422,False,0.78,False,-0.0305578139697707,-0.0310344388467671,0.3086799513487486,87.12205276489257,85.6729054260254,0.0052140970640259,-0.12,-0.1682137741370816,-0.3637347686614406,False,False,False,0.0078000000000000005,0.3086799513487486,0.46427322898713763,64.48400315282214,64.52249396538004,0.5399588281033436,69.89877525005363,-5.3762812846735955,High (>25)
2020-11-05,90.36470794677734,91.01419076375018,87.4636860190082,87.51564253016414,17837400,False,27.57999992370605,False,0.79,False,0.040897671060291,0.0400834861079143,0.3336945402453661,87.23333168029785,85.77978500366211,0.0252507407008586,0.01,-0.0672979300526164,-0.3848597747393187,True,False,False,0.0079,0.3336945402453661,0.9555385955061411,61.491657148447786,61.61829865361919,0.52774771594346,67.11787358454143,-5.499574930922236,High (>25)
2020-11-06,89.1609878540039,91.01417803742142,88.6673812463998,90.95355991392196,12552800,False,24.86000061035156,False,0.83,False,-0.0133206881328317,-0.0134102043326764,0.3369432582990807,87.30953750610351,85.80664779663086,0.0173912702820817,0.0399999999999999,-0.0986221653690633,-0.3374052225336656,False,False,False,0.0083,0.3369432582990807,0.9066700499963387,62.559270274960625,62.67468567040262,0.523664751094779,67.691902693071,-5.017217022668383,Normal (15-25)
2020-11-09,101.23270416259766,102.96465801787946,95.56055264379788,97.99395230314695,47792400,True,25.75,False,0.96,False,0.135392357118794,0.126978280288107,0.5840368056287447,87.93563804626464,86.06773742675782,0.1411555961184394,0.13,0.0358004572726298,-0.1222002401176239,True,True,False,0.0096,0.5840368056287447,9.930099857053499,59.595740708336635,63.827073364517645,0.279378803640616,50.925471816429315,12.90160154808833,High (>25)
2020-11-10,100.90365600585938,101.70901503076789,99.31892282068192,101.62241863594704,20539300,False,24.799999237060547,False,0.98,False,-0.0032504135838332,-0.0032557076531221,0.5789298763936306,88.61716232299804,86.36651947021484,0.1561818536106392,0.02,-0.0368932335122117,-0.1006731648117972,False,True,False,0.0098,0.5789298763936306,9.640645023073638,59.59804543098801,63.659253189774894,0.28101070042043286,51.214784515599604,12.44446867417529,Normal (15-25)
2020-11-11,99.3968276977539,101.28465760731208,98.6867269027942,101.22403948848184,14443400,False,23.450000762939453,False,0.93,False,-0.0149333370836233,-0.0150459620124145,0.5827603708360775,89.24759368896484,86.63602325439453,0.1452804328740451,-0.05,-0.0544354240182268,-0.0755923217380959,False,True,False,0.009300000000000001,0.5827603708360775,9.273638157867818,60.77745079701383,64.59954930411203,0.27574589808696753,52.49686893377186,12.102680370340174,Normal (15-25)
2020-11-12,98.1758041381836,98.68672734103887,97.041369899495,97.44838010211096,22063000,False,25.350000381469727,False,0.88,False,-0.0122843312794972,-0.0123604073480787,0.5860929853406598,89.75202522277831,86.85519485473633,0.1145300760573446,-0.0499999999999999,0.081023435254341,-0.1022263676070685,False,True,False,0.0088,0.5860929853406598,8.987853122493888,61.75889266662132,65.39739024874976,0.2721174040606605,53.591277473212685,11.806112775537073,High (>25)
2020-11-13,98.7906494140625,99.46611035999612,98.34899933138296,99.32755088037916,11847900,False,23.100000381469727,False,0.89,False,0.0062626966112089,0.0062431674213026,0.58530900168753,90.29629058837892,87.09215438842773,0.1238298725847035,0.01,-0.0887573951140726,-0.097431436953356,False,True,False,0.0089,0.58530900168753,9.158888340435723,61.31437505995578,65.05929785361246,0.27571507154249414,53.08781795875102,11.971479894861446,Normal (15-25)
2020-11-16,101.5791244506836,102.71355242657862,100.21954056117836,102.00345141308316,19858600,False,22.450000762939453,False,0.91,False,0.0282261029071053,0.0278350873109009,0.583363559702888,91.05402069091797,87.34730194091797,0.1753507179438966,0.02,-0.0281385111600123,-0.0777020224428143,False,True,False,0.0091,0.583363559702888,10.009804688335674,59.41130555521096,63.69407880015375,0.2645584291490514,50.40501911401604,13.289059686137705,Normal (15-25)
2020-11-17,100.548583984375,100.83435796293308,99.22364031072551,99.92507952456825,14553200,False,22.709999084472656,False,0.87,False,-0.0101451993397414,-0.0101970126097497,0.5871507331325968,91.73554458618165,87.64361602783202,0.156819775765348,-0.04,0.0115812166012221,-0.0827854885151407,False,True,False,0.0087,0.5871507331325968,9.793143438024789,60.26091912305074,64.39592624603611,0.2610908168488532,51.31294511223426,13.082981133801852,Normal (15-25)
2020-11-18,99.80384063720705,102.71352363465994,99.76053914819175,101.6137292397162,12571200,False,23.84000015258789,False,0.88,False,-0.0074068009479246,-0.0074343675024049,0.5861871408894834,92.42312927246094,87.90873306274415,0.1598065152251166,0.01,0.0497578649788603,-0.1010151521831024,False,True,False,0.0088,0.5861871408894834,9.515546492282553,60.69604427780989,64.6594396673058,0.2615313032578993,51.97102074311706,12.688418924188746,Normal (15-25)
2020-11-19,100.07230377197266,100.29745965037274,98.34034970679136,98.87725784547452,10202500,False,23.11000061035156,False,0.86,False,0.0026899078537616,0.0026862965262733,0.577432694766848,92.97215881347655,88.19706573486329,0.1232504175362574,-0.02,-0.030620785971643,-0.0945869250660091,False,True,False,0.0086,0.577432694766848,9.287624213811611,60.23558187745053,64.07729119605519,0.26261966963573297,51.776366064023506,12.30092513203168,Normal (15-25)
2020-11-20,99.21501159667967,100.15026859657446,98.79933961665468,99.0937753122728,12718900,False,23.700000762939453,False,0.83,False,-0.0085667276856784,-0.0086036330204275,0.5797515131627866,93.4380558013916,88.44697402954101,0.103651204291203,-0.03,0.0255300794896395,-0.10044945538019,False,True,False,0.0083,0.5797515131627866,9.08704593050565,60.917173124751855,64.62926562376785,0.28778288802306734,53.017414355264506,11.611851268503344,Normal (15-25)
2020-11-23,102.07270050048828,102.33248960869965,100.0809509698038,100.49662279257323,13209200,False,22.65999984741211,False,0.86,False,0.0288029891628238,0.0283959799818568,0.5737686384660355,94.15811500549316,88.73001159667969,0.1642629746848936,0.03,-0.0438818937573044,-0.0188543327680559,False,True,False,0.0086,0.5737686384660355,9.81217070835983,58.805802082398,62.98613558096045,0.279913107976613,50.35453997244965,12.6315956085108,Normal (15-25)
2020-11-24,106.79228973388672,106.94816586744244,103.66611204921102,103.97786431632244,20121600,False,21.63999938964844,False,0.88,False,0.0462375268828696,0.0452004210136803,0.5795162300838155,95.19685554504396,89.16218246459961,0.2415184802708914,0.02,-0.0450132596925042,-0.0142853701649449,True,True,True,0.0088,0.5795162300838155,11.684736975553399,56.03773419657408,61.43688157142797,0.24872569197180444,45.60217715430634,15.834704417121628,Normal (15-25)
2020-11-25,105.67518615722656,105.97827682573,104.32426397367917,105.10364469760307,11715600,False,21.25,False,0.88,False,-0.0104605264990931,-0.0105156223643958,0.5667935296151141,96.30054397583008,89.56480377197266,0.2640358173922605,0.0,-0.0180221534495512,0.2178859745302647,False,True,True,0.0088,0.5667935296151141,10.78750521012726,56.231878385203785,61.066914759548126,0.2460011390386015,46.50837367570842,14.558541083839707,Normal (15-25)
2020-11-27,104.9737319946289,105.95228361680714,104.8524957443371,105.6491929910776,5983600,False,20.84000015258789,False,0.84,False,-0.0066378322868909,-0.0066599606729948,0.5705034474817751,97.34188041687013,89.97295883178711,0.2475041063289871,-0.04,-0.0192941104664522,0.2088657919759711,False,True,True,0.0084,0.5705034474817751,10.67416246468034,56.863321069193304,61.61125972795229,0.24500908415077322,47.15776652772439,14.453493200227896,Normal (15-25)
2020-11-30,102.08136749267578,104.54074563502374,101.98610949308848,103.91724113113608,14411800,False,20.56999969482422,False,0.84,False,-0.0275532216202536,-0.027939931588894,0.5873027676086793,98.20092887878418,90.3268701171875,0.202366179564911,0.0,-0.0129558759974454,0.1921372710677396,False,True,True,0.0084,0.5873027676086793,10.307609706238122,59.32251977529653,63.784568859752014,0.21959412788799265,49.4057549498943,14.378813909857712,Normal (15-25)
2020-12-01,103.69207763671876,105.28547865251528,103.59681964413352,104.21166248280552,12668900,False,20.770000457763672,False,0.92,False,0.0157786889381017,0.0156554995804692,0.58585665301189,99.04482231140136,90.76516296386718,0.1944136662626445,0.08,0.0097229346575915,0.1946973777277423,False,True,True,0.0092,0.58585665301189,10.830854300712964,58.15320129294467,62.9618913486652,0.21439798811966954,47.741908865987455,15.219982482677743,Normal (15-25)
2020-12-02,105.683837890625,105.91764878248657,103.28507780957806,103.65744819800972,10811300,False,21.170000076293945,False,0.95,False,0.0192084130176684,0.0190262603323727,0.5813408942232379,99.85148010253906,91.26113800048827,0.1801567051217596,0.0299999999999999,0.0192585271889464,0.2143540188161719,False,True,False,0.0095,0.5813408942232379,11.373162506844377,56.705039569394884,61.88907833780134,0.20955492041617324,45.805627319698125,16.08345101810321,Normal (15-25)
2020-12-03,104.99104309082033,105.5539294271376,104.22898575676108,105.51928955646947,12904400,False,21.280000686645508,False,0.92,False,-0.0065553523947688,-0.0065769330816522,0.5657575250762794,100.76032180786132,91.76951232910156,0.2093762567106594,-0.0299999999999999,0.0051960609331664,0.068413216965524,False,True,True,0.0092,0.5657575250762794,10.519529704462055,56.572827262625935,61.234534630562976,0.21138588400317546,46.5081852988971,14.72634933166588,Normal (15-25)
2020-12-04,105.94361877441406,106.76630085566175,105.380739032415,106.06486162789808,13583700,False,20.790000915527344,False,0.97,False,0.0090729233232755,0.0090320116273824,0.5539494324845896,101.53926734924316,92.29831085205078,0.1724003892848558,0.0499999999999999,-0.0230263042907544,0.1296445482911208,False,True,False,0.0097,0.5539494324845896,10.409585749539893,55.45795147313578,60.08328774738655,0.2101503442771117,45.546434185829355,14.536853561557194,Normal (15-25)
2020-12-07,105.54527282714844,105.79640694627558,104.0990928440977,104.9131133263112,9724300,False,21.299999237060547,False,0.94,False,-0.0037599805620556,-0.0037670670579373,0.5499733502603701,102.3584815979004,92.80524291992188,0.1837606936340015,-0.03,0.0245309427164239,0.0535366108895495,False,True,True,0.009399999999999999,0.5499733502603701,10.112820191700258,55.59492999177981,60.0362132525841,0.26083729096138464,46.85991640718427,13.176296845399825,Normal (15-25)
2020-12-08,105.64918518066406,105.9349591524596,104.57537564022952,104.81784812288768,9592100,False,20.68000030517578,False,0.92,False,0.0009845287309626,0.0009840444004171,0.2819295227989964,102.57930564880373,93.26809158325196,0.0436270181123756,-0.0199999999999999,-0.029107932117012,-0.3222723964414373,False,False,False,0.0092,0.2819295227989964,1.6016550482501426,47.01196795734951,47.33831722077781,0.27883499291714664,47.25348080371284,0.08483641706497025,Normal (15-25)
2020-12-09,104.82650756835938,106.77495561530375,104.29826112485964,106.66237438863295,13073900,False,22.270000457763672,False,0.95,False,-0.0077868808064905,-0.0078173568749375,0.2835660887180146,102.77544822692872,93.7283869934082,0.038877199477016,0.0299999999999999,0.0768858863212853,-0.359120898733457,False,False,False,0.0095,0.2835660887180146,1.5405182828768407,47.709980792249624,48.01516703660467,0.2748506247448337,47.78935525061641,0.22581178598826313,Normal (15-25)
2020-12-10,104.15104675292967,104.5926968553428,103.53620390013651,103.90857425964562,13668400,False,22.520000457763672,False,0.92,False,-0.0064436069759284,-0.006464456624244,0.2783725105829679,103.0131591796875,94.15938583374025,0.0478306920381041,-0.0299999999999999,0.0112258641608085,-0.4523871260843112,False,False,False,0.0092,0.2783725105829679,1.3574990885354072,48.231447322091185,48.48127538052409,0.27222391190652495,48.3334451626012,0.14783021792288764,Normal (15-25)
2020-12-11,103.53620147705078,103.93455007910624,102.5056934047107,102.99929999930984,9981600,False,23.309999465942383,False,0.9,False,-0.0059033998701659,-0.0059208938183378,0.2747811763276898,103.28117904663084,94.56607498168944,0.0545999840380464,-0.02,0.0350798841971764,-0.4285872481685088,False,False,False,0.009000000000000001,0.2747811763276898,1.224157919564366,48.72851938047182,48.94025692380305,0.2691105812271387,48.81306085921887,0.12719606458417587,Normal (15-25)
2020-12-14,102.44508361816406,105.14692767922207,102.28054587095028,105.07764793230255,12112400,False,24.71999931335449,False,0.9,False,-0.0105385154498697,-0.0105944388505624,0.27842267023641,103.46390075683594,94.9351545715332,0.0369917013986282,0.0,0.0604890553289036,-0.4983480411076111,False,False,False,0.009000000000000001,0.27842267023641,1.1809303303468717,49.75128049553376,49.94931853603258,0.2613615201956923,49.60019129272892,0.34912724330365563,Normal (15-25)
2020-12-15,104.19436645507812,104.6966347685988,102.72220799890351,103.30241108165272,12590200,False,22.88999938964844,False,0.92,False,0.0170753224569959,0.0169311777034099,0.2670529442406444,103.59466285705568,95.30371475219728,0.0257458608600651,0.02,-0.0740291251835685,-0.5006730062905413,False,False,False,0.0092,0.2670529442406444,1.152154374996286,47.98378058734518,48.17806382165305,0.2598063061472325,48.02070155453735,0.15736226711570112,Normal (15-25)
2020-12-16,104.49744415283205,104.85249789803676,103.7960048893245,104.1770368877139,11169400,False,22.5,False,0.92,False,0.0029087724035885,0.0029045501109511,0.2635621289269501,103.79210586547852,95.69600234985352,0.0392731554436478,0.0,-0.0170379816534556,-0.4967279344356388,False,False,False,0.0092,0.2635621289269501,1.1195049542890168,47.65503354556668,47.841498016760184,0.2758286397947212,48.12901632156523,-0.28751830480504736,Normal (15-25)
2020-12-17,103.6314697265625,105.17290778482672,103.55353496506574,105.00837664159565,11618000,False,21.93000030517578,False,0.94,False,-0.0082870392983298,-0.008321567699629,0.2639995087813005,103.98348731994628,96.04135375976564,0.0383515209927554,0.0199999999999999,-0.0253333197699652,-0.4529101063573915,False,False,False,0.009399999999999999,0.2639995087813005,1.04792891599989,48.39976568537412,48.566569238810054,0.2731855084254302,48.76824899560216,-0.20167975679210315,Normal (15-25)
2020-12-18,103.12054443359376,103.81332208080546,102.41909855943352,103.17250094024254,28954800,True,21.56999969482422,False,0.95,False,-0.0049302137113064,-0.0049424073094654,0.2651237636067372,104.13589935302734,96.34098205566406,0.0304603826106262,0.01,-0.0164158962764171,-0.4463296151710794,False,False,False,0.0095,0.2651237636067372,1.0214962210993104,48.857632423663034,49.01708569699413,0.281581093808557,49.381819788538195,-0.3647340915440651,Normal (15-25)
2020-12-21,106.99146270751952,108.24712673489216,104.8611534393222,106.66238721384208,28323600,True,25.15999984741211,False,0.95,False,0.0375377990407963,0.0368504052694637,0.2908612784247291,104.52472190856932,96.72807388305664,0.0783797833179922,0.0,0.1664348726648021,0.0473057112947821,True,False,False,0.0095,0.2908612784247291,1.9816510254679294,46.03601872192003,46.49168913737557,0.26315992228388757,45.68953478713452,0.8021543502410537,High (>25)
2020-12-22,105.36341857910156,106.96547468605456,105.31146207400604,106.85290005605422,11788200,False,24.229999542236328,False,0.93,False,-0.015216579783272,-0.0153335399393096,0.2828086804365973,104.6892578125,97.06112838745118,0.0322389636257105,-0.0199999999999999,-0.0369634463758329,0.1623492779284052,False,False,False,0.009300000000000001,0.2828086804365973,1.5866869558897516,47.261323185932895,47.58216070934586,0.256787821316226,46.936849187210754,0.6453115221351027,Normal (15-25)
2020-12-23,108.30772399902344,109.56338778452628,105.95226591788688,106.32463622640302,14973200,False,23.309999465942383,False,0.96,False,0.027944285214241,0.0275609683018372,0.2502059986881846,104.76502952575684,97.4818194580078,0.0141904838721316,0.0299999999999999,-0.0379694632139903,0.2554834771035511,False,False,False,0.0096,0.2502059986881846,1.2586376807493274,44.012201008273536,44.24539767318193,0.24965031273068633,44.23132933229198,0.014068340889949127,Normal (15-25)
2020-12-24,107.8314437866211,108.72340556908917,107.00876835067902,108.32505036956223,4164900,False,21.530000686645508,False,0.94,False,-0.0043974722652895,-0.0044071695860267,0.2474907489689076,104.87284240722656,97.90268432617188,0.0204045784805753,-0.02,-0.0763620257433975,0.255786796748057,False,False,False,0.009399999999999999,0.2474907489689076,1.1548983864111584,44.403489232510736,44.606699876535814,0.24952848889142124,44.655975254261946,-0.049275377726132774,Normal (15-25)
2020-12-28,108.5415496826172,109.6759840000812,108.06526631572828,108.95722153307727,8072600,False,21.700000762939453,False,0.94,False,0.0065853323581688,0.0065637437838293,0.2464384112463658,105.05123329162598,98.31177185058594,0.0339877188339921,0.0,0.0078959624185888,0.2485029835594991,False,False,False,0.009399999999999999,0.2464384112463658,1.2072764179414754,43.76211556910826,43.98144187089942,0.2732974193516649,44.730602840729674,-0.7491609698302568,Normal (15-25)
2020-12-29,108.25578308105467,109.35557092807544,108.15186346597494,109.28629118468896,8389200,False,23.07999992370605,False,0.94,False,-0.0026327853471608,-0.0026362572216419,0.221725290397756,105.35995407104492,98.718780670166,0.0604852358470011,0.0,0.0635944291358479,0.212375965902249,False,False,False,0.009399999999999999,0.221725290397756,0.7508504055140968,43.58487476737554,43.689530689631695,0.27865154540311454,45.123882955215294,-1.4343522655835983,Normal (15-25)
2020-12-30,108.55886840820312,108.98319525372216,108.16051981346772,108.67144303055888,7398000,False,22.770000457763672,False,0.93,False,0.0027997148837908,0.0027958029818479,0.2165553258287473,105.60329360961914,99.16146759033204,0.0469350299695505,-0.0099999999999998,-0.0134315193659931,0.2138220972722777,False,False,False,0.009300000000000001,0.2165553258287473,0.6945766494866517,43.24735634022848,43.340283508803324,0.2827159296027073,45.02979849398737,-1.6895149851840472,Normal (15-25)
2020-12-31,110.03971099853516,110.26486689684722,108.09126250289242,108.32507341534188,8580200,False,22.75,False,0.93,False,0.0136409177070984,0.0135487179028737,0.2116647037585169,105.82108726501464,99.6238996887207,0.0412160761271573,0.0,-0.0008783687905835,0.1974992791481259,False,False,False,0.009300000000000001,0.2116647037585169,0.729435835804817,41.83547770509763,41.93779040670561,0.28010512633428336,43.798189583070915,-1.8603991763653056,Normal (15-25)
2021-01-04,109.00054168701172,110.72383429346053,108.05662319743897,110.41208200395768,16819900,False,26.96999931335449,False,0.93,False,-0.0094435845213849,-0.009488457899503,0.2134726015772062,106.0215621948242,100.08286758422852,0.0381889585830961,0.0,0.1854944753122851,0.0424275928078883,False,False,False,0.009300000000000001,0.2134726015772062,0.6806373627037106,42.80191579777696,42.89243560116011,0.29491953338168264,45.11210187290945,-2.2196662717493396,High (>25)
2021-01-05,109.5936279296875,110.1605680372547,107.9538622859878,109.01796382384546,13731200,False,25.34000015258789,False,0.96,False,0.0054411311494102,0.0054263816736828,0.2122534928091297,106.2040626525879,100.49290588378906,0.0344523737955884,0.0299999999999999,-0.0604374935953182,0.0416066777905524,False,False,False,0.0096,0.2122534928091297,0.7074878611824698,42.204762462688535,42.3017714960199,0.296233802222569,44.67972155100075,-2.3779500549808503,High (>25)
2021-01-06,114.73969268798828,115.8037942607368,111.53866397118186,113.28309768799502,24909100,True,25.06999969482422,False,1.04,False,0.0469558755879708,0.045886787340322,0.2645912229530491,106.66378364562988,100.98975830078123,0.0871135164518219,0.08,-0.0106551087662917,-0.0056965785457545,True,False,False,0.0104,0.2645912229530491,2.5116069673140657,38.862528048770216,39.56565352987591,0.2618641275697606,39.45526529586327,0.11038823401263897,High (>25)
2021-01-07,118.50762939453124,120.531170853659,117.67902933333951,118.35063737214384,21940400,False,22.3700008392334,False,1.08,False,0.0328389994628024,0.0323113207424853,0.2828071961673042,107.30670585632323,101.60648056030271,0.1217088820124712,0.04,-0.1076984000182593,-0.1378163295596483,False,False,False,0.0108,0.2828071961673042,3.8554893886135098,36.465884439486004,37.812513728274226,0.23718251088954906,35.64252237636251,2.169991351911719,Normal (15-25)
2021-01-08,118.63848114013672,118.92631318527744,116.981267544683,118.5948678044024,12035100,False,21.559999465942383,False,1.13,False,0.0011041630507169,0.0011035539110474,0.2788300514723411,107.9973045349121,102.25890060424804,0.1317603141816996,0.0499999999999998,-0.0362092687931598,-0.092778817101213,False,False,False,0.0113,0.2788300514723411,3.7564891328104046,36.16487022616562,37.466842036487705,0.24291279714492048,35.736359543612025,1.7304824928756801,Normal (15-25)
2021-01-11,120.40907287597656,120.5398995736476,116.97254965532191,117.38249105325308,15937900,False,24.07999992370605,False,1.15,False,0.0149242616630298,0.0148139906584086,0.2761277154435484,108.81020584106446,102.9950537109375,0.1561004582278917,0.02,0.1168831410104824,-0.0491125619947129,False,False,False,0.0115,0.2761277154435484,4.0706806087905285,34.71958790457373,36.204065096300894,0.23836646905434455,34.26824660953588,1.9358184867650152,Normal (15-25)
2021-01-12,122.30176544189452,123.55775488199887,121.08938933408388,121.62144004665808,18033500,False,23.32999992370605,False,1.15,False,0.0157188534112164,0.0155965917790516,0.272938340870078,109.74848403930665,103.75814895629884,0.1812464017139281,0.0,-0.0311461795006754,-0.043825114412056,False,False,False,0.0115,0.272938340870078,4.41125362809645,33.21105829989661,34.903781291480165,0.23166045030190738,32.65881313525098,2.2449681562291843,Normal (15-25)
2021-01-13,122.41517639160156,122.7989391719922,120.4526959149142,120.88007203434904,14816800,False,22.209999084472656,False,1.1,False,0.0009273042731416,0.0009268745921437,0.2652562253807946,110.74698867797852,104.50844451904295,0.1949346134351408,-0.0499999999999998,-0.0480068942518658,0.017156089568194,False,False,True,0.011000000000000001,0.2652562253807946,4.133014892641082,32.89618152185476,34.44629330516729,0.2317971466506727,32.64706287485344,1.7992304303138482,Normal (15-25)
2021-01-14,123.13035583496094,124.50845451174092,122.10986782237286,122.53725715096216,18565600,False,23.25,False,1.15,False,0.0058422449277983,0.0058252451938381,0.2637552116648698,111.69378814697264,105.23476745605468,0.1817371708675514,0.0499999999999998,0.0468257973164178,0.0373106617327825,False,False,False,0.0115,0.2637552116648698,4.264173208181603,32.25447046307953,33.88712468351085,0.23656346832395583,32.368013479187965,1.5191112043228827,Normal (15-25)
2021-01-15,120.92363739013672,123.54899432820166,119.5019256167588,119.86825356330851,27881000,True,24.34000015258789,False,1.11,False,-0.0179218067702331,-0.0180843472908022,0.2795189336424369,112.5150978088379,105.8622265625,0.1571922966200079,-0.0399999999999998,0.0468817269930275,-0.0113627636107735,False,False,False,0.0111,0.2795189336424369,4.310279203641226,34.515798557713794,36.12925458309601,0.2406954449397202,34.07582540379343,2.053429179302576,Normal (15-25)
2021-01-19,120.4003448486328,122.72043593667526,120.20847012417228,121.9877797959003,19843800,False,23.239999771118164,False,1.1,False,-0.004327462792205,-0.0043368533606635,0.276899271424466,113.3535415649414,106.53394927978516,0.1618125764916382,-0.01,-0.0451931131706575,-0.0070496196586955,False,False,False,0.011000000000000001,0.276899271424466,4.0847650982777886,34.81636038837145,36.306433685966596,0.23949349936617775,34.38594605750754,1.9204876284590569,Normal (15-25)
2021-01-20,118.59488677978516,120.51375407882382,118.1326146266643,120.20848729768336,16028800,False,21.57999992370605,False,1.1,False,-0.0149954559608401,-0.0151090245829634,0.2851556761085396,114.12725868225098,107.09855285644532,0.1500607122585195,0.0,-0.0714285655663,0.0464340129472526,False,False,False,0.011000000000000001,0.2851556761085396,3.9630453402077563,36.4585178244713,37.85919408881586,0.23028473861399743,35.267233418584844,2.5919606702310176,Normal (15-25)
2021-01-21,117.60055541992188,118.76060104713716,117.1557312973192,118.3506596108685,13411700,False,21.31999969482422,False,1.12,False,-0.0083842683851085,-0.008419614067065,0.2662484622666888,114.6577133178711,107.66734420776368,0.0991583108028368,0.02,-0.0120482034198812,-0.1753179210167981,False,False,False,0.011200000000000002,0.2662484622666888,3.1093760358877525,36.54661094010754,37.53395931382971,0.23031974540521316,35.98564768080057,1.5483116330291438,Normal (15-25)
2021-01-22,116.6934585571289,117.22550941680454,115.3066420456368,115.73403152600712,12933200,False,21.90999984741211,False,1.1,False,-0.0077133722672818,-0.0077432741854776,0.2599993890025734,115.22421531677246,107.9765592956543,0.1075329571764163,-0.02,0.0276735535193803,-0.2289896449771081,False,False,False,0.011000000000000001,0.2599993890025734,2.7332861319105177,37.08639570903384,37.89955140141018,0.22605622940575867,36.54675227767507,1.3527991237351102,Normal (15-25)
2021-01-25,115.2368621826172,116.15268916898226,113.44010420858277,115.25431018196504,14212800,False,23.190000534057617,False,1.05,False,-0.0124822452991107,-0.0125608029245499,0.252686215555122,115.57067222595217,108.26322341918946,0.0639763991685047,-0.05,0.058420844160649,-0.2373874126795923,False,False,False,0.0105,0.252686215555122,2.2562550631296325,38.10661272089581,38.71220212932771,0.2157917112800512,37.43985378808374,1.2723483412439691,Normal (15-25)
2021-01-26,114.76585388183594,116.15267015214808,114.5565178507066,115.7863420793631,11307800,False,23.020000457763672,False,1.05,False,-0.0040873058486688,-0.0040956817141592,0.2525645052969406,115.91739273071288,108.57060394287107,0.0643078665341509,0.0,-0.0073307491323373,-0.2717040716966553,False,False,False,0.0105,0.2525645052969406,2.177163580283853,38.487681911038166,39.05936995962887,0.21524271647967705,37.811315506854996,1.2480544527738715,Normal (15-25)
2021-01-27,111.5212173461914,113.2569269822298,111.07638660311244,113.03014295715568,17603900,False,37.209999084472656,True,1.04,False,-0.0282717936206464,-0.0286791366900257,0.2756890177936196,116.0663761138916,108.83751220703124,0.0274518621881385,-0.01,0.6164204319953999,-0.4722522975206495,False,False,False,0.0104,0.2756890177936196,2.2887367371724103,41.78400957807824,42.376416742480274,0.1863074511963261,40.023952455703665,2.352464286776609,High (>25)
2021-01-28,113.48370361328124,115.28046136661985,112.50682871257423,113.3005329149375,13761800,False,30.209999084472656,False,1.07,False,0.0175974250800881,0.0174443832153856,0.2809717546940403,116.32777214050292,109.13137329101562,0.0482922979579967,0.03,-0.1881214773509905,-0.5009364294244298,False,False,False,0.010700000000000001,0.2809717546940403,2.775418586112721,40.3088747505477,41.10984701862588,0.22092086696508706,39.00592519492746,2.103921823698421,High (>25)
2021-01-29,112.22769927978516,114.88795287554308,111.80904056421492,114.42568082713998,14808100,False,33.09000015258789,False,1.11,False,-0.0110677065825782,-0.0111294093414958,0.2850630334644897,116.51121368408204,109.34434478759766,0.0337957729790117,0.04,0.0953327095463401,-0.5083588335383579,False,False,False,0.0111,0.2850630334644897,2.6781820191847316,41.379366367876614,42.130416007034725,0.21813681852300315,39.93450595916529,2.1959100478694324,High (>25)
2021-02-01,113.05631256103516,113.44881929341398,112.06198967744794,112.86442452131465,11080700,False,30.239999771118164,False,1.09,False,0.0073833223577386,0.0073561990581075,0.2824735217182544,116.66204376220703,109.59449935913086,0.0274137539541534,-0.02,-0.0861287509316265,-0.512637261803244,False,False,False,0.0109,0.2824735217182544,2.7463354545911436,40.66766183373974,41.45318100419006,0.22167331092159642,39.35538440972773,2.0977965944623236,High (>25)
2021-02-02,116.53646850585938,117.21679410097128,114.45187837541664,115.07987327996982,12253600,False,25.559999465942383,False,1.12,False,0.0307825000301986,0.030318222576096,0.2974902007538946,117.0388401031494,109.92915191650393,0.0691365997105464,0.03,-0.1547619160250652,-0.534858260198255,False,False,False,0.011200000000000002,0.2974902007538946,3.9333637862960558,38.410178990227465,39.766295076658736,0.20950439741954124,36.09735902200058,3.668936054658154,High (>25)
2021-02-03,117.87093353271484,118.41170165154476,116.4492212486558,116.57133060803424,10600800,False,22.90999984741211,False,1.15,False,0.0114510508509906,0.0113859838209802,0.2987689209410724,117.45270538330078,110.28512451171876,0.0755272524451682,0.0299999999999998,-0.1036776085250426,-0.5411544315453894,False,False,False,0.0115,0.2987689209410724,4.293313311534384,37.42190494917671,38.97494271039702,0.22289975823317054,35.46051407772413,3.514428632672896,Normal (15-25)
2021-02-04,120.5835418701172,120.94115267486848,118.1587888921626,118.1587888921626,12419500,False,21.770000457763672,False,1.15,False,0.0230133779049903,0.0227525640149623,0.2628419398774987,117.74489784240724,110.7124951171875,0.0509313651207006,0.0,-0.0497599038516454,-0.6215335316904028,False,False,False,0.0115,0.2628419398774987,3.6299696317159444,34.10842606787277,35.37879408017672,0.21340298996343876,33.04238340392891,2.3364106762478087,Normal (15-25)
2021-02-05,120.34801483154295,121.66506573237106,119.8246947176438,121.57783905892698,10051300,False,20.8700008392334,False,1.19,False,-0.0019532270732928,-0.0019551371088534,0.2375829009162038,117.83691711425782,111.0780014038086,0.0155296789448446,0.04,-0.0413412769685686,-0.6154114869372045,False,False,False,0.011899999999999999,0.2375829009162038,2.72770041868619,33.37695746126501,34.22663553664784,0.21419691481746772,33.20090224872115,1.0257332879266912,Normal (15-25)
2021-02-08,122.2320327758789,122.37159016817512,120.52248799256378,120.53993599383216,10136400,False,21.239999771118164,False,1.19,False,0.0156547488296596,0.0155334772623449,0.2433125206775658,118.01659469604492,111.38679626464844,0.0302899329223327,0.0,0.0177287454243513,-0.5992015988437334,False,False,False,0.011899999999999999,0.2433125206775658,3.3069198123084753,32.11554907030403,33.255849444273494,0.21468489333764848,31.851150446046624,1.4046989982268698,Normal (15-25)
2021-02-09,121.74356079101562,122.09244086419132,120.83645130648416,121.61272078188348,8614800,False,21.6299991607666,False,1.18,False,-0.0039962681939432,-0.0040042746113283,0.2388023073517016,118.08331909179688,111.7081637573242,0.0110829515016166,-0.01,0.0183615533828185,-0.6522483586587102,False,False,False,0.0118,0.2388023073517016,3.0437724621444104,32.34444717622404,33.353782186208946,0.22105910139810336,32.4992665392417,0.8545156469672435,Normal (15-25)
2021-02-10,121.81336212158205,122.8687331900094,121.27258060599009,122.10991156982408,10323200,False,21.989999771118164,False,1.15,False,0.0005733472071367,0.0005731829064246,0.2320910251188819,118.05889892578124,112.04495635986328,-0.0039934282105233,-0.03,0.0166435794877213,-0.659139876772139,False,False,False,0.0115,0.2320910251188819,2.8232445500747367,32.10020429577028,33.008749549292006,0.22364621726227848,32.60547951637442,0.40327003291758245,Normal (15-25)
2021-02-11,121.47322845458984,122.58966113477372,120.55740123644269,121.81339132888138,9201000,False,21.25,False,1.16,False,-0.0027922525170326,-0.0027961581260841,0.23224841550633,118.01180152893066,112.43279357910156,-0.0076946990134496,0.01,-0.0336516497871949,-0.6558519887167535,False,False,False,0.0116,0.23224841550633,2.763728775428376,32.35816094165443,33.236052046487266,0.22290188419054238,32.79772104212481,0.4383310043624533,Normal (15-25)
2021-02-12,123.20018005371094,123.51417750514284,121.23769930949253,121.28131265448224,8324600,False,19.96999931335449,False,1.2,False,0.014216725949345,0.014116616009058,0.2370317836173785,118.01529273986816,112.8229556274414,0.0005670755864912,0.04,-0.0602353264303769,-0.6668608208468744,False,False,False,0.012,0.2370317836173785,3.2953865460395626,31.14334377150344,32.29269678182375,0.223682983061698,31.60149518783771,0.6912015939860403,Normal (15-25)
2021-02-16,126.16570281982422,126.75009769418088,124.20322205022426,125.20627576226336,12130600,False,21.459999084472656,False,1.3,False,0.0240707664941757,0.0237856321339433,0.2414334930141009,118.27739601135254,113.2325929260254,0.0433502129345892,0.1,0.0746119089809764,-0.5992565777476776,False,False,False,0.013000000000000001,0.2414334930141009,4.191515074640481,28.994110777601918,30.656065935100617,0.2193865318382129,29.352301676327784,1.3037642587728335,Normal (15-25)
2021-02-17,126.55817413330078,126.80239282921238,124.83118195788494,125.55512070252315,10810100,False,21.5,False,1.29,False,0.0031107607273985,0.0031059323219981,0.2401930478983586,118.58528747558594,113.663935546875,0.0511446150126031,-0.01,0.0018639756399749,-0.6112115295698295,False,False,False,0.0129,0.2401930478983586,4.239518088177768,28.673488349873665,30.369398365588896,0.2209001688336103,29.210019605913995,1.159378759674901,Normal (15-25)
2021-02-18,126.98556518554688,127.16000523051382,125.07541541719137,125.59874886101451,10587800,False,22.489999771118164,False,1.29,False,0.0033770323819299,0.0033713430132656,0.2310149393705665,119.00482139587402,114.08477447509766,0.0707507602865045,0.0,0.0460465009822401,-0.6713382305502535,False,False,False,0.0129,0.2310149393705665,3.979082776262292,27.995505079876665,29.562159127988707,0.22570119144866252,29.239672801388885,0.32248632659982235,Normal (15-25)
2021-02-19,129.10504150390625,129.82024962837912,127.22105721532382,127.22105721532382,11969800,False,22.049999237060547,False,1.34,False,0.0166906869710936,0.0165529282010531,0.2310181129962102,119.58004570007324,114.5559698486328,0.0978268005869935,0.05,-0.0195642747236782,-0.6865905986815026,False,False,False,0.0134,0.2310181129962102,4.552667287493378,26.424405985104244,28.355776717014198,0.23121313476009203,28.368729974154146,-0.012953257139947993,Normal (15-25)
2021-02-22,130.3174285888672,130.99775408735456,128.03222005727807,128.101998737754,11488400,False,23.450000762939453,False,1.37,False,0.00939070287913,0.0093468843398303,0.2266894551846742,120.26124420166016,115.04933471679688,0.1167500749415912,0.03,0.0634921348897759,-0.6885116396375779,False,False,False,0.0137,0.2266894551846742,4.714980730211941,25.357860044064665,27.41579969582129,0.25207031702116217,29.208056544342575,-1.792256848521287,Normal (15-25)
2021-02-23,131.36404418945312,132.846804121236,130.47438290681598,132.14903082718564,16234400,False,23.11000061035156,False,1.37,False,0.0080312787930143,0.0079991997163647,0.2164089292097709,121.06760330200196,115.58008544921876,0.1399481181748856,0.0,-0.0144989399371463,-0.7024115961201185,False,False,False,0.0137,0.2164089292097709,4.562086819480264,24.182454771374722,26.18385893184433,0.25310795733369423,28.832759364631634,-2.648900432787304,Normal (15-25)
2021-02-24,133.6754608154297,134.1115676456745,130.92799310845703,130.92799310845703,15061400,False,21.34000015258789,False,1.38,False,0.0175955044642432,0.0174424958111824,0.2158144605659207,122.01308364868164,116.17057373046876,0.1647668386893479,0.0099999999999997,-0.0765902384689181,-0.7245959052836554,False,False,False,0.0138,0.2158144605659207,5.227887226819895,22.575276820866804,25.044086701700685,0.2462925863704354,27.38360594425094,-2.3395192425502565,Normal (15-25)
2021-02-25,131.86122131347656,135.10585637111618,131.34661857863202,134.55637095463845,18127700,False,28.88999938964844,False,1.54,False,-0.0135719711821911,-0.0136649122702899,0.1877638508283962,123.0300838470459,116.73707412719726,0.1823868538319877,0.1600000000000001,0.3537956505658677,-0.6117456974308153,False,False,True,0.0154,0.1877638508283962,3.5164794467384404,22.399803945543013,23.837772742577904,0.2459261450826754,27.945110698406342,-4.107337955828438,High (>25)
2021-02-26,128.36366271972656,131.59085009648362,127.78799859979136,131.09369530848298,19829200,False,27.950000762939453,False,1.44,False,-0.0265245426889773,-0.0268826652621811,0.2216096726011253,123.77408180236816,117.25544570922852,0.1311197875348853,-0.1,-0.0325371632595394,-0.4541096644679929,False,False,False,0.0144,0.2216096726011253,3.991745184084756,26.439858799832564,28.048911929751196,0.2296588157670838,28.56271416352987,-0.513802233778673,High (>25)
2021-03-01,131.26812744140625,132.035679555068,129.5062525027379,130.4133619659602,14845500,False,23.350000381469727,False,1.45,False,0.0226268451689586,0.0223746551957359,0.2189018134522699,124.72610321044922,117.79692092895507,0.1696589013569016,0.01,-0.1645796155959014,-0.465989430315309,False,False,False,0.014499999999999999,0.2189018134522699,4.671010214731822,24.26676601363603,26.331330155277747,0.22592349180225296,26.824462279922336,-0.493132124644589,Normal (15-25)
2021-03-02,130.8407440185547,132.38456565981377,130.69246931872738,130.90180535261874,14221700,False,24.100000381469727,False,1.42,False,-0.003255804978572,-0.003261116643899,0.2224993860673735,125.6153247833252,118.32378692626952,0.1573059571345769,-0.03,0.032119913822151,-0.4796560144409801,False,False,False,0.014199999999999999,0.2224993860673735,4.697064273426463,24.754719438067056,26.82004502186097,0.22866516956925903,27.24979577330659,-0.4297507514456207,Normal (15-25)
2021-03-03,133.37017822265625,135.1756533653807,131.54725508228984,131.90485252595272,14324100,False,26.670000076293945,False,1.47,False,0.0193321600475067,0.0191476678055674,0.2099126857032844,126.45701026916504,118.9185610961914,0.1444501445137793,0.05,0.106638989798534,-0.3332389557587175,False,False,False,0.0147,0.2099126857032844,4.893091604946548,22.4056430385816,24.6688312255217,0.22547427714350596,25.826983145013404,-1.1581519194917043,High (>25)
2021-03-04,131.3204803466797,134.65234275952952,129.62838379639877,133.10852092740717,20093900,False,28.56999969482422,False,1.54,False,-0.0153684871932514,-0.0154878064757651,0.2232812563207473,127.12948760986328,119.48255981445313,0.1141040153909696,0.07,0.0712410803560184,-0.3464905538797127,False,False,False,0.0154,0.2232812563207473,4.911141636889845,24.322753486003876,26.531933646784058,0.2205166463976925,26.33706961786844,0.19486402891561738,High (>25)
2021-03-05,131.62574768066406,133.87606019666146,129.06143775990142,133.6405588158569,18465100,False,24.65999984741211,False,1.56,False,0.0023245980610067,0.0023219003628345,0.2136408803042127,127.68159790039064,119.97524551391602,0.0915730757223951,0.02,-0.1368568389631607,-0.289114684652705,False,False,False,0.015600000000000001,0.2136408803042127,4.577483801300829,23.661320236609228,25.688037318175546,0.22099657970563916,26.206332073351703,-0.5182947551761572,Normal (15-25)
2021-03-08,133.37017822265625,135.5943254552518,131.4861937450043,132.98640212806907,17133300,False,25.46999931335449,False,1.59,False,0.0132529582754912,0.0131659061129305,0.2143882599955912,128.33270606994628,120.53538070678712,0.1082042226399917,0.03,0.0328466938748737,-0.2973888665483844,False,False,False,0.0159,0.2143882599955912,5.14288669975781,22.47817116169442,24.896522893473367,0.2180923413269398,25.17247446455994,-0.27595157108657276,High (>25)
2021-03-09,132.42819213867188,134.53894744807985,130.67504759847006,132.14036005435398,16238800,False,24.030000686645508,False,1.55,False,-0.0070629438794913,-0.0070880045386826,0.2149119799047023,128.84251403808594,121.01779006958007,0.0834164263756322,-0.04,-0.0565370500796973,-0.2654108351544149,False,False,False,0.0155,0.2149119799047023,4.866202303280581,23.180843653001247,25.400306964129047,0.22284579656198375,25.976410469631876,-0.5761035055028287,Normal (15-25)
2021-03-10,135.30648803710938,136.20486690078857,132.14906603482623,132.49795942926417,14342200,False,22.559999465942383,False,1.53,False,0.0217347669854428,0.0215019346018524,0.2213653553611147,129.52066040039062,121.56729095458984,0.1114057052214514,-0.02,-0.0611735821347715,-0.2939096032780752,False,False,False,0.015300000000000001,0.2213653553611147,6.08188643299912,21.614062451850344,24.682833413238832,0.20970695652199475,23.765808850043666,0.9170245631951666,Normal (15-25)
2021-03-11,134.5999755859375,136.1961143641845,133.7626448827489,134.41680491967375,11771500,False,21.90999984741211,False,1.54,False,-0.0052215711265678,-0.0052352511707444,0.223977185596289,130.1599910736084,122.08845947265624,0.1049688904538495,0.01,-0.0288120405105303,-0.2754303016098825,False,False,False,0.0154,0.223977185596289,5.974616175295992,22.182261695461875,25.153634240490625,0.2101076263134748,24.08147420594225,1.072160034548375,Normal (15-25)
2021-03-12,136.19615173339844,137.48703747620974,135.25417273361805,136.8154292608615,12849500,False,20.690000534057617,False,1.64,False,0.0118586659508108,0.0117889029607934,0.2231680733978042,130.89613723754883,122.64726684570311,0.1212030293927064,0.0999999999999998,-0.0556823058809191,-0.2991860472292006,False,False,False,0.016399999999999998,0.2231680733978042,6.524472679285957,21.02506916096911,24.42356584932085,0.2063347038887379,23.06465707135497,1.3589087779658797,Normal (15-25)
2021-03-15,135.51580810546875,136.86774170092568,134.2859971773602,136.3705869233758,12101100,False,20.030000686645508,False,1.62,False,-0.004995321962264,-0.0050078402891332,0.224010730407679,131.5119186401367,123.18640563964844,0.0999643673117087,-0.0199999999999997,-0.0318994601438356,-0.2670646987492527,False,False,False,0.016200000000000003,0.224010730407679,6.31973286557308,21.514519182364765,24.74866133082739,0.21014513979966465,23.646279155338277,1.1023821754891117,Normal (15-25)
2021-03-16,133.89352416992188,134.8442472452134,132.74220897325014,134.39940972763037,12805600,False,19.790000915527344,False,1.62,False,-0.0119711785527212,-0.0120434101544064,0.2195249638282957,131.8983097076416,123.66348190307616,0.0612513637017,0.0,-0.0119820151218555,-0.3185018954461896,False,False,False,0.016200000000000003,0.2195249638282957,5.560365250709751,22.34007324790673,25.032374908071144,0.2165775461664194,24.80824083662266,0.22413407144848563,Normal (15-25)
2021-03-17,135.2715606689453,136.83282996548195,133.4922513512241,135.48961399904894,13952400,False,19.229999542236328,False,1.63,False,0.0102920324755557,0.0102394301248529,0.2210185547355676,132.33397903442383,124.18890228271484,0.0688488641315805,0.0099999999999997,-0.0282971878415445,-0.32284703401608,False,False,False,0.0163,0.2210185547355676,6.093000108661641,21.511650464717917,24.592670185386638,0.2144492553577156,24.07312171189905,0.519548473487589,Normal (15-25)
2021-03-18,137.5044403076172,141.02818997659742,137.03345091685122,137.46084028376376,21898500,False,21.57999992370605,False,1.71,False,0.0165066450599802,0.0163718912611391,0.225840544420064,132.85992279052735,124.74711853027344,0.0828352034083599,0.08,0.1222049109417937,-0.2545310274204108,False,False,False,0.0171,0.225840544420064,7.165632293723448,20.284815039004485,24.17208443946674,0.20724307225324307,22.614321261768996,1.557763177697744,Normal (15-25)
2021-03-19,135.3152313232422,136.0130049369704,131.86998990980723,135.63794612966004,54418800,True,20.950000762939453,False,1.74,False,-0.0159210057469957,-0.0160491064396443,0.2312964440114079,133.17043228149413,125.15862930297853,0.0481018382163491,0.03,-0.0291936590822009,-0.2180418851599198,False,False,False,0.0174,0.2312964440114079,6.658499586975296,21.87224200155694,25.31985507825938,0.2000664027031126,22.849559470023344,2.470295608236036,Normal (15-25)
2021-03-22,131.67808532714844,134.29472606893358,131.3640879057773,133.27423777670813,19944800,False,18.8799991607666,False,1.69,False,-0.0268790583330955,-0.0272469068155138,0.2517899576203539,133.2384651184082,125.42203842163086,0.0104410956616856,-0.05,-0.0988067554553355,-0.1304960555868813,False,False,False,0.0169,0.2517899576203539,6.386576319334651,25.227423607518617,28.340035355769672,0.1920427731985973,24.073456521658123,4.266578834111549,Normal (15-25)
2021-03-23,130.36102294921875,132.68110051989453,129.9249162414264,131.1198443619229,17076300,False,20.299999237060547,False,1.63,False,-0.0100021379765471,-0.0100524954281031,0.2529024886634915,133.18831405639648,125.6564892578125,-0.007635432103383,-0.06,0.0752118717910095,-0.1491408605333052,False,False,False,0.0163,0.2529024886634915,5.990270920312241,26.206366115652443,29.024861570143212,0.19078409601195404,24.795463806053718,4.229397764089494,Normal (15-25)
2021-03-24,131.37283325195312,133.60569836477484,130.70995558062353,130.83206497557703,13079800,False,21.200000762939453,False,1.62,False,0.0077616014345678,0.0077316351637754,0.2460076677492714,133.07318267822265,125.87576446533204,-0.0172255068314736,-0.0099999999999997,0.0443350522021608,-0.1007044200844934,False,False,False,0.016200000000000003,0.2460076677492714,5.991381798384815,25.2337275607414,28.089795107780354,0.20385833385698243,25.089909638038975,2.999885469741379,Normal (15-25)
2021-03-25,133.05616760253906,133.4224956631225,130.24763916247807,130.8320205907127,15608300,False,19.809999465942383,False,1.63,False,0.012813412856504,0.0127320156618123,0.2456023018695732,133.13292999267577,126.09085250854493,0.0090621509277677,0.0099999999999997,-0.0655660965553824,0.0338112913328294,False,False,False,0.0163,0.2456023018695732,6.531079570120234,24.114101048043764,27.369787698458996,0.21042685138387254,24.713364898408276,2.65642280005072,Normal (15-25)
2021-03-26,135.2715606689453,135.5855579966513,133.05614469101684,134.58251800174224,16754400,False,18.86000061035156,False,1.67,False,0.0166500591917242,0.0165129665965345,0.2297449141238074,133.47832489013672,126.3479801940918,0.0538150579599905,0.04,-0.0479555215144793,-0.0083491169641961,False,False,False,0.0167,0.2297449141238074,6.537808047255595,21.897440280154967,25.261292399144654,0.2010747543178639,23.001334862368314,2.2599575367763407,Normal (15-25)
2021-03-29,133.1695098876953,134.08533644317663,131.73908071941932,132.68107260715,17570300,False,20.739999771118164,False,1.73,False,-0.0155394879075463,-0.0156614913138148,0.2258023047584753,133.57339401245116,126.54876327514648,0.0144847228596125,0.06,0.0996818186598966,0.0587023397993331,False,False,False,0.0173,0.2258023047584753,5.664729571421951,22.989518054700866,25.723296662662154,0.1944778550020473,23.427166446903396,2.296130215758758,Normal (15-25)
2021-03-30,134.73951721191406,135.95189325972552,134.21619717704942,134.72208252699576,13184300,False,19.61000061035156,False,1.73,False,0.0117895404551895,0.0117205852606819,0.2285038320842103,133.76833267211913,126.82508087158205,0.0297978525160822,0.0,-0.0544840488542437,0.0401135661601318,False,False,False,0.0173,0.2285038320842103,6.316718069019657,22.107657518830493,25.311466631264853,0.19107532551414738,22.431648533408985,2.8798180978558676,Normal (15-25)
2021-03-31,132.77708435058594,134.748295778724,132.68114031373918,133.69291137340966,16736700,False,19.39999961853028,False,1.74,False,-0.0145646422217891,-0.0146717478657,0.2252073004190916,133.73867797851562,127.0726156616211,-0.0044469751782153,0.01,-0.0107088722735902,-0.0760352977763309,False,False,False,0.0174,0.2252073004190916,5.515120006183622,23.20855421630897,25.83705265642077,0.1954634762412873,23.683182234419064,2.153870422001706,Normal (15-25)
2021-04-01,134.06796264648438,134.13772802488742,132.18397801543156,132.48924479994716,16561500,False,17.329999923706055,False,1.69,False,0.0097221467259365,0.0096751907540542,0.2202417463934513,133.87605209350585,127.38207717895509,0.0209219635242841,-0.05,-0.1067010172952283,-0.0441090318418168,False,False,False,0.0169,0.2202417463934513,5.677492597401731,22.18350299672285,24.95877946810761,0.19599258477656187,23.138414007845597,1.820365460262014,Normal (15-25)
2021-04-05,134.778564453125,135.93667340951507,133.8836766820651,135.46289669560832,13508000,False,17.90999984741211,False,1.73,False,0.0053003103248041,0.0052863131179434,0.2207090716812138,134.0336929321289,127.72563735961914,0.0239528878507111,0.04,0.0334679703554217,-0.0264703095480586,False,False,False,0.0173,0.2207090716812138,5.9507876239423325,21.703579115927027,24.680515272472768,0.19540377249452695,22.736132838185277,1.9443824342874905,Normal (15-25)
2021-04-06,133.83103942871094,135.35763411870155,133.23444751439894,134.05037705379144,13071600,False,18.1200008392334,False,1.67,False,-0.0070302353216086,-0.0070550638613627,0.2178354880690419,134.05673599243164,128.06838897705077,0.0034555041628969,-0.06,0.0117253486102979,-0.0761256321203969,False,False,False,0.0167,0.2178354880690419,5.479109617393668,22.24608694858631,24.889422567935537,0.19945579117848813,23.51909455126185,1.3703280166736853,Normal (15-25)
2021-04-07,135.9279022216797,136.1911100407808,133.9275442162006,134.32236263850515,16903500,False,17.15999984741211,False,1.68,False,0.0156679855579071,0.0155465098819514,0.2225890950018452,134.23172149658205,128.48220977783205,0.0264272284208417,0.01,-0.0529801847328117,-0.1285007181821408,False,False,False,0.0168,0.2225890950018452,6.417686549564358,21.121342360441403,24.441658635505856,0.19720563009821254,22.42099898067504,2.0206596548308156,Normal (15-25)
2021-04-08,136.09461975097656,136.43678594687682,133.62926672573258,135.111991370403,12335500,False,16.950000762939453,False,1.64,False,0.0012265143989713,0.0012257628446512,0.2092421763643342,134.2711280822754,128.90878509521485,0.0058247887836024,-0.04,-0.0122377089941714,-0.0741913390495595,False,False,False,0.016399999999999998,0.2092421763643342,5.799821944069613,20.399612060522188,23.335335284090224,0.20854827995076783,23.279959660243943,0.05537562384628103,Normal (15-25)
2021-04-09,137.11231994628906,137.77910143331653,135.96299306002243,136.69996418578512,12122400,False,16.690000534057617,False,1.67,False,0.0074778870551581,0.0074500662654836,0.2095940235064341,134.39674530029296,129.4206071472168,0.0186652660924706,0.03,-0.0153392458512636,-0.082090637926811,False,False,False,0.0167,0.2095940235064341,6.181747236942833,19.743014076988928,22.97139140075139,0.2075789062247785,22.80603409181787,0.16535730893351896,Normal (15-25)
2021-04-12,136.8227996826172,137.96335794243225,136.48941561575833,136.49818430080802,12273400,False,16.90999984741211,False,1.69,False,-0.0021115554297768,-0.002113787906162,0.2058344130306585,134.4280776977539,129.8873890686035,0.0046010694226177,0.02,0.0131815042729064,-0.0544976724498285,False,False,False,0.0169,0.2058344130306585,5.901213052856605,19.71583210638441,22.75319781776159,0.20723140228000142,22.866680356024517,-0.11348253826292876,Normal (15-25)
2021-04-13,135.19093322753906,136.16479280287132,133.73452820725734,135.76998776147846,16113600,False,16.649999618530273,False,1.64,False,-0.0119268605734096,-0.0119985562144817,0.2096392337159795,134.4118339538574,130.3466537475586,-0.0023973208917209,-0.05,-0.015375531119335,-0.0558954041709024,False,False,False,0.016399999999999998,0.2096392337159795,5.51770038201721,21.000364532973123,23.720971422802954,0.21203161078204527,23.90763366457617,-0.18666224177321666,Normal (15-25)
2021-04-14,132.66419982910156,134.9628542854535,132.41852932679228,132.89230618237104,19939600,False,16.989999771118164,False,1.64,False,-0.0186901098920944,-0.0188669772431765,0.2159732656114206,134.3503677368164,130.73881149291992,-0.0091813577127165,0.0,0.0204204300527126,-0.0899972951189702,False,False,False,0.016399999999999998,0.2159732656114206,5.017152135712813,22.968357370038177,25.289434069459947,0.20079973946698862,24.203067842382215,1.0863662270777326,Normal (15-25)
2021-04-15,133.50645446777344,133.5327739177996,131.0060130041242,132.6992934299165,17694100,False,16.56999969482422,False,1.56,False,0.0063487711059717,0.0063287025543335,0.2138336367069581,134.26211242675782,131.0782112121582,-0.0130486126754438,-0.0799999999999998,-0.0247204286022367,-0.0836785614373144,False,False,False,0.015600000000000001,0.2138336367069581,5.148514432614206,22.39495798245943,24.820001098757185,0.2169799551638124,25.054771416908622,-0.2347703181514369,Normal (15-25)
2021-04-16,134.4978485107422,135.55943523079884,133.96266411381282,134.9979313870785,13773400,False,16.25,False,1.59,False,0.0074258135827287,0.0073983779665098,0.2065197255812311,134.11178283691407,131.41074951171876,-0.0218654160560111,0.03,-0.0193119915943132,-0.2817396250840313,False,False,False,0.0159,0.2065197255812311,5.127129250609855,21.360714405307903,23.811793601458152,0.2209819175833764,24.921341676269503,-1.1095480748113502,Normal (15-25)
2021-04-19,133.92758178710938,135.00673280942917,133.55032740416715,134.60314558861444,11900200,False,17.290000915527344,False,1.61,False,-0.0042399691143555,-0.0042489832722581,0.1993833768847064,134.04240036010742,131.6776303100586,-0.010254939688334,0.02,0.0640000563401441,-0.3199432693817464,False,False,False,0.0161,0.1993833768847064,4.626818458927801,21.388012903719186,23.520361327746404,0.21913899765947728,24.99679891569885,-1.4764375879524465,Normal (15-25)
2021-04-20,130.96212768554688,133.1379534230256,130.41816121069638,133.12918473646477,13716700,False,18.68000030517578,False,1.58,False,-0.022142220907687,-0.0223910396728642,0.1916099036019861,134.00660247802733,131.88991256713868,-0.005437181440046,-0.03,0.0803932513618401,-0.6909409054076266,False,False,False,0.0158,0.1916099036019861,3.4601925176239803,23.162832669420325,24.55075243805298,0.20778222024542356,25.606493059146445,-1.055740621093463,Normal (15-25)
2021-04-21,132.07640075683594,132.13782174675092,128.78633482799842,129.66368574235509,12236700,False,17.5,False,1.57,False,0.0085083610886693,0.0084723689961752,0.1903159270791988,134.0923713684082,132.0867999267578,0.0131586709647515,-0.01,-0.0631691801872632,-0.6862826942472902,False,False,False,0.015700000000000002,0.1903159270791988,3.689733444359071,22.318528559835045,23.857827338584293,0.21124957729833044,25.290141639868484,-1.4323143012841903,Normal (15-25)
2021-04-22,129.29513549804688,131.8657793567874,129.19862641009473,131.80435839749703,15256100,False,18.709999084472656,False,1.57,False,-0.0210580031167688,-0.0212828855171027,0.2032338286096234,133.98848648071288,132.23783142089843,-0.0158152770437822,0.0,0.0691428048270088,-0.7727815906117035,False,False,False,0.015700000000000002,0.2032338286096234,3.5166315984811902,24.862637623234193,26.24344982714136,0.1914330624500345,25.53325548902304,0.7101943381183204,Normal (15-25)
2021-04-23,131.76930236816406,132.5940141593287,128.698574950948,129.1284682214804,14041900,False,17.329999923706055,False,1.58,False,0.0191358078599528,0.0189550209832945,0.2099454667409369,133.92414321899415,132.4369502258301,-0.0096715940159879,0.01,-0.0737573077655496,-0.7805846279793854,False,False,False,0.0158,0.2099454667409369,4.461667339663357,23.37572256725346,25.341215740581926,0.18554274693348316,23.70692563638841,1.6342901041935178,Normal (15-25)
2021-04-26,132.0938720703125,133.7608458373082,131.93595542662374,132.28689022635731,10799100,False,17.639999389648438,False,1.58,False,0.0024631662786041,0.0024601376568592,0.2004887918006044,133.7652587890625,132.64936309814453,-0.02349118013364,0.0,0.0178880246570762,-0.7636157372857361,False,False,False,0.0158,0.2004887918006044,4.137148182922672,22.7341087598995,24.524293266649586,0.18551470709664672,23.52351208421052,1.0007811824390664,Normal (15-25)
2021-04-27,132.69931030273438,132.9800689884577,131.69913091263928,132.0412971937952,12821200,False,17.559999465942383,False,1.63,False,0.0045833937860464,0.0045729220220345,0.1938984334819161,133.74174880981445,132.839345703125,-0.0035308351390455,0.0499999999999998,-0.0045351432241546,-0.7420039913541451,False,False,False,0.0163,0.1938984334819161,4.0325248893238665,21.96418501112369,23.714597739362887,0.19251462261569985,23.619532738678572,0.09506500068431478,Normal (15-25)
2021-04-28,133.55908203125,134.13813665729336,132.83087940528182,133.73454947896698,8943700,False,17.280000686645508,False,1.63,False,0.0064790971901373,0.0064581980630161,0.1904633627993291,133.68272705078124,132.9872132873535,-0.0087608684155184,0.0,-0.0159452612649523,-0.7272217327868061,False,False,False,0.0163,0.1904633627993291,4.1216173779611225,21.213306873863928,23.040117717792924,0.19253952834992702,23.186817057209883,-0.14669933941695845,Normal (15-25)
2021-04-29,136.15602111816406,136.23497944724213,134.4100888693724,134.70838481520445,12976900,False,17.610000610351562,False,1.65,False,0.0194441220126568,0.0192575003225021,0.1950516023330036,133.85167388916017,133.17917022705078,0.0254481922396816,0.02,0.0190972170482082,-0.6740431212223943,False,False,False,0.0165,0.1950516023330036,5.132918287402063,19.657965881683737,22.182829844515147,0.18872871923723875,21.692591833012273,0.4902380115028748,Normal (15-25)
2021-04-30,134.9453125,135.54191795276398,134.24342924446398,135.19975170644523,11705100,False,18.61000061035156,False,1.65,False,-0.0088920681452151,-0.0089318385192821,0.1956188719574078,133.89554138183593,133.33836517333984,0.0065440679204551,0.0,0.0567859151243965,-0.7080143924065887,False,False,False,0.0165,0.1956188719574078,4.776319407915821,20.48419221271459,22.744208117614868,0.18409955466837738,21.890974712932756,0.8532334046821113,Normal (15-25)
2021-05-03,134.5504913330078,136.41047035952002,134.3487044392825,135.85774857346306,11801100,False,18.309999465942383,False,1.63,False,-0.0029257864513981,-0.0029300749314048,0.1950634669127798,133.88413772583007,133.44727416992188,-0.0016922061831019,-0.02,-0.0161204263605614,-0.7251497661750564,False,False,False,0.0163,0.1950634669127798,4.622259549901649,20.74537254567305,22.89785144239353,0.18448672124248772,22.12622051304632,0.7716309293472108,Normal (15-25)
2021-05-04,136.4104766845703,136.55085600293526,133.4801286970724,134.1205909295631,12977700,False,19.479999542236328,False,1.61,False,0.013823697952608,0.0137290221553801,0.1991166301384152,134.01310958862305,133.56913513183594,0.0192738341334739,-0.0199999999999997,0.063899514495902,-0.5938726101617758,False,False,False,0.0161,0.1991166301384152,5.398035034703248,19.73351726788539,22.430703989873102,0.18125359390590753,21.04154750024922,1.3891564896238826,Normal (15-25)
2021-05-05,138.2002716064453,138.86705324950864,135.66472888324276,136.86669493301082,10506700,False,19.14999961853028,False,1.59,False,0.013120655871716,0.0130353256483612,0.1968249945676986,134.12672805786133,133.7058596801758,0.0167174608570042,-0.02,-0.016940448226939,-0.567243669673079,False,False,False,0.0159,0.1968249945676986,5.88842022686331,18.5048515000276,21.595198694965674,0.17771837719664993,20.03475605967089,1.560442635294784,Normal (15-25)
2021-05-06,140.98146057128906,141.09552042555404,137.88441423263083,138.682806437872,13542400,False,18.38999938964844,False,1.58,False,0.0201243379084217,0.0199245197772067,0.2083321748481807,134.37107009887694,133.85197967529297,0.0359076709222918,-0.01,-0.0396866968157236,-0.6009324780981082,False,False,False,0.0158,0.2083321748481807,7.53114656959368,17.445205594586568,21.780075060682567,0.1656169590366426,18.033289581092234,3.746785479590333,Normal (15-25)
2021-05-07,141.4639892578125,141.6920955519647,137.76156934330305,137.93703675321285,14257800,False,16.690000534057617,False,1.6,False,0.0034226392929121,0.003416795393624,0.2073736470837185,134.58865356445312,134.0440350341797,0.0317379890678541,0.02,-0.0924414851556622,-0.5468030403069826,False,False,False,0.016,0.2073736470837185,7.683863790247457,17.096980306312986,21.5706799211738,0.1670373491324377,17.99039891664403,3.5802810045297697,Normal (15-25)
2021-05-10,141.44647216796875,143.64861746920158,141.35873174847708,141.69212927777525,14014300,False,19.65999984741211,False,1.63,False,-0.0001238272010823,-0.0001238348683032,0.2070158406867321,134.8198371887207,134.30569122314452,0.0337931433655569,0.0299999999999998,0.1779508219483823,-0.4440824459034608,False,False,False,0.0163,0.2070158406867321,7.6723901931319745,17.058341281851256,21.52630827915678,0.16805205951286625,18.0657206689141,3.46058761024268,Normal (15-25)
2021-05-11,139.0951385498047,142.47294323672426,138.65646331188296,141.3236162553383,15451700,False,21.84000015258789,False,1.64,False,-0.0166234871900646,-0.0167632079483179,0.2117467177507537,135.015047454834,134.4622314453125,0.0288791949952329,0.01,0.1108850621615207,-0.5394280969317632,False,False,False,0.016399999999999998,0.2117467177507537,7.004847874772992,18.673223093670515,22.542324005063495,0.16268714704488818,18.43506790280692,4.107256102256574,Normal (15-25)
2021-05-12,138.13885498046875,141.06043420524304,137.7703693197731,140.0339355674534,14381700,False,27.59000015258789,False,1.69,False,-0.0068750322930483,-0.006898774207757,0.2006611603618957,135.28878021240234,134.60819366455078,0.041267012188817,0.05,0.2632783864389609,-0.539573982583148,False,False,False,0.0169,0.2006611603618957,6.104089279495668,18.632962645432713,21.86627250144835,0.17140112819727482,19.479734619914343,2.3865378815340073,High (>25)
2021-05-13,141.6920928955078,142.52557311743217,138.34060786365194,138.77928307385477,15395000,False,23.1299991607666,False,1.66,False,0.0257222192520811,0.025396968621783,0.2172039340112573,135.69806213378905,134.7746319580078,0.0613126793035334,-0.03,-0.1616528077982975,-0.6154790071177801,False,False,False,0.0166,0.2172039340112573,8.339618616909057,17.44133997786996,22.382437537895264,0.14498542769432174,15.982040998814519,6.400396539080745,Normal (15-25)
2021-05-14,143.89427185058594,144.28030826933596,142.12203321877266,142.47296811546823,10584000,False,18.809999465942383,False,1.63,False,0.0155420031568178,0.015422463228035,0.2212365450471347,136.16788330078126,135.02610778808594,0.0698630011103358,-0.03,-0.186770421598279,-0.628281736409968,False,False,False,0.0163,0.2212365450471347,9.496342202246069,16.49086802855504,22.404557286566977,0.14396004701629098,15.233257924437087,7.17129936212989,Normal (15-25)
2021-05-17,144.4733428955078,144.63127298808246,143.03448823586294,143.33278427068095,9886800,False,19.71999931335449,False,1.64,False,0.0040242814218702,0.0040162056602304,0.2193513267666071,136.69517135620117,135.2830596923828,0.07874226479473,0.01,0.0483785153242435,-0.6205329240541122,False,False,False,0.016399999999999998,0.2193513267666071,9.656589909619832,16.07062433010381,22.14989964469946,0.14945414604360446,15.588021275793727,6.561878368905733,Normal (15-25)
2021-05-18,142.4378662109375,145.20151507034456,142.34135711557974,144.48208119816726,11098100,False,21.34000015258789,False,1.64,False,-0.0140889429411382,-0.0141891342709469,0.2082584393089995,137.2689582824707,135.46441345214845,0.0876263903786369,0.0,0.0821501468378007,-0.6335473031186306,False,False,False,0.016399999999999998,0.2082584393089995,8.154077949514438,16.55671070142887,21.42671628982067,0.14726342506935947,15.942428811890293,5.484287477930378,Normal (15-25)
2021-05-19,141.34996032714844,141.41136790975796,139.1829032032472,141.2534512224979,13278900,False,22.18000030517578,False,1.68,False,-0.0076377575200261,-0.0076670745630384,0.211777695038376,137.73263626098634,135.64284881591797,0.070213599985859,0.04,0.0393627060253805,-0.6283405081398952,False,False,False,0.0168,0.211777695038376,7.91470483951106,17.32117607284512,21.951163204335316,0.17571889347741332,18.734573207731934,3.216589996603382,Normal (15-25)
2021-05-20,141.10427856445312,142.00794848312677,139.95495158365298,141.10427856445312,10426000,False,20.670000076293945,False,1.63,False,-0.0017381098808,-0.0017396221463554,0.1922912444406521,138.32309341430664,135.75880462646484,0.0913347824024255,-0.05,-0.068079360149038,-0.6097786493571887,False,False,False,0.0163,0.1922912444406521,6.747842174371037,16.468105925149118,20.29296891345946,0.19306971393809838,20.361964231469024,-0.06899531800956282,Normal (15-25)
2021-05-21,142.70982360839844,143.20113770534178,141.20077980361245,141.55171461934194,10249000,False,20.14999961853028,False,1.63,False,0.0113784292034202,0.0113141817750662,0.1863115214372229,138.87011947631837,135.92100158691406,0.0830278452083361,0.0,-0.0251572547578288,-0.5949580097061778,False,False,False,0.0163,0.1863115214372229,7.064611585925427,15.216307040329184,19.366066317855726,0.19981170320020575,20.60211186331076,-1.2360455454550348,Normal (15-25)
2021-05-24,143.4818878173828,144.0872617745552,142.23605177517982,143.32397116106247,9440300,False,18.39999961853028,False,1.61,False,0.005410028472202,0.0053954468359035,0.1862699327098508,139.43952026367188,136.06671630859375,0.08621153705759,-0.0199999999999997,-0.0868486368799069,-0.5867185164427491,False,False,False,0.0161,0.1862699327098508,7.369968055229741,14.796898357472742,19.210910483440536,0.1970399863143649,20.209659811282158,-0.9987493278416224,Normal (15-25)
2021-05-25,141.9991912841797,145.3769828553027,141.7447521288418,143.7538923769107,12609100,False,18.84000015258789,False,1.56,False,-0.0103336843120591,-0.0103874475299238,0.1932663557075554,139.90451431274414,136.19638397216798,0.0700823610931282,-0.05,0.0239130729988981,-0.574078865521338,False,False,False,0.015600000000000001,0.1932663557075554,7.119206608478905,16.068506599566646,20.19586746638608,0.19887432608775402,20.702814680908528,-0.5069472145224481,Normal (15-25)
2021-05-26,141.9816436767578,143.65738647047058,141.52541763407373,143.50823848075424,13058300,False,17.360000610351562,False,1.58,False,-0.0001235754039384,-0.0001235830400078,0.1933206374399998,140.32564239501954,136.3581463623047,0.0630624403628135,0.02,-0.0785562383359659,-0.5503580748325151,False,False,False,0.0158,0.1933206374399998,7.12506034127918,16.061971128840923,20.194172320881258,0.2035921444773299,21.124167152657897,-0.9299948317766393,Normal (15-25)
2021-05-27,144.19253540039062,144.54347018552497,142.63085284812618,143.84158722795237,15707500,False,16.739999771118164,False,1.61,False,0.0155716729739108,0.0154516785471417,0.1894366864630819,140.72746810913085,136.5365658569336,0.0590243032678812,0.03,-0.035714332801561,-0.5901698472593676,False,False,False,0.0161,0.1894366864630819,7.845900301287145,14.578549696990208,19.37673669345638,0.19793298764664946,20.17461025954256,-0.7978735660861815,Normal (15-25)
2021-05-28,144.09603881835938,144.7101814392377,143.23622576182467,144.4820617605507,10291300,False,16.760000228881836,False,1.58,False,-0.0006692203709665,-0.0006694443988738,0.1848178038396711,141.18500442504882,136.66839782714842,0.067810627496671,-0.03,0.0011947704920629,-0.5811321139211998,False,False,False,0.0158,0.1848178038396711,7.532294434227417,14.403505976768741,18.97451964909295,0.19855604771086263,20.261108860729113,-1.2865892116361621,Normal (15-25)
2021-06-01,145.68405151367188,146.4385734704176,145.18395530856208,145.5261214641034,9445400,False,17.899999618530273,False,1.62,False,0.0110205159582095,0.01096023257053,0.1851664460240949,141.74168243408204,136.87577423095703,0.0827463361178584,0.04,0.0680190557327036,-0.5599297017328272,False,False,False,0.016200000000000003,0.1851664460240949,8.266752200855016,13.52747637465528,18.751992635318487,0.19169350259116347,19.37738272817969,-0.6253900928612026,Normal (15-25)
2021-06-02,145.69281005859375,146.9035579342258,145.2278154023332,146.74562789564962,10498600,False,17.479999542236328,False,1.59,False,6.012013553213791e-05,6.01183283892198e-05,0.1819455660542698,142.2057991027832,137.15606872558592,0.0680470708674929,-0.03,-0.023463691913108,-0.59648838528249,False,False,False,0.0159,0.1819455660542698,8.071727411206709,13.368178270413907,18.45373496524695,0.1966310657762289,19.86083787670791,-1.4071029114609601,Normal (15-25)
2021-06-03,145.78933715820312,146.73687734484395,144.4645426664783,145.12255556937,13354400,False,18.040000915527344,False,1.63,False,0.0006625385258927,0.0006623191441374,0.178420591848048,142.5852523803711,137.46463500976563,0.0549135357227754,0.0399999999999998,0.0320366926748427,-0.6026839824270568,False,False,False,0.0163,0.178420591848048,7.938518307806355,13.081623414219024,18.089454610218535,0.2017106814694855,20.324932152813936,-2.235477542595401,Normal (15-25)
2021-06-04,146.0262451171875,146.2280320193317,144.78917748104757,145.8244582150433,8510800,False,16.420000076293945,False,1.56,False,0.0016250019624364,0.0016236830753502,0.1661724484340647,142.837491607666,137.7577032470703,0.0357833187814611,-0.0699999999999998,-0.089800485422317,-0.6015315078660858,False,False,False,0.015600000000000001,0.1661724484340647,7.311789641521457,12.326781470985367,16.911967588560227,0.20116460062488778,20.273583673782856,-3.3616160852226287,Normal (15-25)
2021-06-07,145.34193420410156,146.60532147601964,144.88570804761767,146.51758104262677,7267200,False,16.420000076293945,False,1.57,False,-0.0046862186488242,-0.0046972333965861,0.1676161675338142,143.03138885498046,138.00341857910155,0.0274129477518243,0.01,0.0,-0.5997756100443083,False,False,False,0.015700000000000002,0.1676161675338142,7.100843654189326,12.769619193545054,17.148720955676986,0.20718028816886508,20.917491890486076,-3.7687709348090905,Normal (15-25)
2021-06-08,144.76284790039062,145.42962953189502,143.14852602160676,144.31540391722018,10370700,False,17.06999969482422,False,1.53,False,-0.0039843029947416,-0.0039922614762868,0.1686404637213177,143.19720764160155,138.19324432373048,0.0234461537399366,-0.04,0.0395858474732102,-0.6387514321190105,False,False,False,0.015300000000000001,0.1686404637213177,6.889583136859152,13.183185416165443,17.362662098255964,0.20784543910953324,21.064373077987717,-3.701710979731754,Normal (15-25)
2021-06-09,142.9555206298828,144.0785284189971,142.37646597344016,144.00833875876384,12377400,False,17.889999389648438,False,1.5,False,-0.0124847452003113,-0.0125633344277588,0.1633929742237948,143.39022674560547,138.3889645385742,0.0277535370418131,-0.03,0.048037475658119,-0.6075960231368364,False,False,False,0.015,0.1633929742237948,5.856372748165576,13.960001762812325,17.301116780214308,0.21138862318609242,21.686626562743157,-4.38550978252885,Normal (15-25)
2021-06-10,140.72703552246094,144.9734227407462,140.64807717881288,144.20134990336555,12119400,False,16.100000381469727,False,1.45,False,-0.0155886607079099,-0.0157114415432716,0.1719628175101131,143.51963577270507,138.50871490478517,0.0187360793048279,-0.05,-0.1000558451228592,-0.5035004798082129,False,False,False,0.014499999999999999,0.1719628175101131,5.453943921579651,15.808636450279721,18.74329932312574,0.23983807168956928,24.742198141046472,-5.9988988179207325,Normal (15-25)
2021-06-11,140.6305389404297,141.42893129678694,139.55140131922167,140.7533675039224,13683800,False,15.649999618530272,False,1.47,False,-0.000685700382112,-0.000685935582143,0.1450137588442815,143.46655807495117,138.66578399658204,-0.0074919773812711,0.02,-0.0279503572843006,-0.3582154355506672,False,False,False,0.0147,0.1450137588442815,4.0561050828017144,14.475506632484397,16.516651295089417,0.2459957089332607,25.308514863142726,-8.791863568053309,Normal (15-25)
2021-06-14,138.24415588378906,140.6656389903827,137.44576353580487,140.50770890337157,19917900,False,16.389999389648438,False,1.51,False,-0.0169691666875534,-0.0171147927832009,0.1437129168421896,143.18405227661134,138.74930786132813,-0.0392657462603078,0.04,0.0472843315754445,-0.2298775292155891,False,False,False,0.0151,0.1437129168421896,3.2828311616576755,15.97454318491505,17.458350444050804,0.24418950508009268,25.666630585619693,-8.208280141568888,Normal (15-25)
2021-06-15,136.14724731445312,137.67384203920778,135.22603997798194,137.48082385375696,24485500,True,17.020000457763672,False,1.51,False,-0.0151681534451166,-0.0152843665408474,0.1491543739452568,142.7677474975586,138.77668151855468,-0.0576306702273556,0.0,0.0384381385952417,-0.3129493796882197,False,False,False,0.0151,0.1491543739452568,2.9595564144278868,17.69988383758313,18.938888783612125,0.23810395534948,25.760636926929322,-6.821748143317198,Normal (15-25)
2021-06-16,137.1035919189453,138.28800728215856,134.33116060962735,135.75246440040678,25321200,True,18.14999961853028,False,1.57,False,0.0070243403620446,0.0069997846082047,0.1470011055926415,142.50103378295898,138.84213256835938,-0.0374498329263975,0.06,0.0663924283416312,-0.1486310586532371,False,False,False,0.015700000000000002,0.1470011055926415,3.137390399456997,16.85477383798559,18.222378843194605,0.23690943300728773,25.32173537529322,-7.099356532098614,Normal (15-25)
2021-06-17,133.14674377441406,138.14765371320848,132.6992997154662,137.83180691062472,29722400,True,17.75,False,1.52,False,-0.0288602806764575,-0.0292849288450382,0.17473878888785,142.09087295532223,138.78650939941406,-0.0580347991166632,-0.05,-0.0220385469386951,-0.0731517266948708,False,False,False,0.0152,0.17473878888785,3.290320222165647,20.947273172742157,22.292662602403524,0.22759445611083481,26.040616728072777,-3.747954125669253,Normal (15-25)
2021-06-18,129.7777099609375,131.33939308810042,129.46186318312314,130.9884581737773,43595700,True,20.700000762939453,False,1.45,False,-0.0253031633968052,-0.0256287931524011,0.1918004956259417,141.5245445251465,138.6601712036133,-0.0802709082867527,-0.07,0.166197226081096,-0.2946175870583099,False,False,False,0.014499999999999999,0.1918004956259417,3.143066754556102,24.194914749092916,25.387160050394137,0.2400272742605554,28.52974548943981,-3.142585439045675,Normal (15-25)
2021-06-21,131.97984313964844,132.65540684399085,130.74278897917915,130.79542787273434,18664800,False,17.889999389648438,False,1.5,False,0.0169685008263265,0.0168261439479471,0.1986885565146874,140.988045501709,138.55752166748047,-0.0751873991393438,0.05,-0.1357488536097999,-0.4006928846972105,False,False,False,0.015,0.1986885565146874,4.001677827985304,22.828207335106413,24.535556707261836,0.24162600452329175,27.605886572559378,-3.0703298652975413,Normal (15-25)
2021-06-22,131.78683471679688,132.4536163290822,130.42693865886216,132.12900090284302,14251200,False,16.65999984741211,False,1.48,False,-0.0014624083364559,-0.0014634786991927,0.19593000463736,140.40329284667968,138.45680236816406,-0.0815089157139531,-0.02,-0.0687534703297997,-0.3747306734464812,False,False,False,0.0148,0.19593000463736,3.824715577173663,22.869364711240607,24.47224709266222,0.2524832990890951,28.520266799212564,-4.048019706550345,Normal (15-25)
2021-06-23,132.585205078125,133.39236594261897,131.68153512182707,131.77804421363103,12733300,False,16.31999969482422,False,1.5,False,0.0060580433777301,0.0060397672076911,0.1977212898413882,139.93259353637694,138.40468780517577,-0.0662960550755158,0.02,-0.0204081726111603,-0.3712647001050581,False,False,False,0.015,0.1977212898413882,4.126230644693223,22.361340092871174,24.15595337018788,0.25641774185029004,28.4931943718862,-4.33724100169832,Normal (15-25)
2021-06-24,133.80470275878906,134.33988703057864,132.67292664949218,133.28706924319224,13733200,False,15.970000267028809,False,1.49,False,0.0091978413424445,0.0091557988035288,0.2024505343697804,139.52374649047852,138.42749786376953,-0.0575915358226502,-0.01,-0.021446043770847,-0.3730001321691887,False,False,False,0.0149,0.2024505343697804,4.688296704567314,21.746771715511855,23.904951318006436,0.2543065464229782,27.88784008404872,-3.982888766042283,Normal (15-25)
2021-06-25,135.15585327148438,135.5506583367514,133.06775470378264,133.87491559355055,15484900,False,15.619999885559082,False,1.54,False,0.010097929929496,0.0100472864790532,0.1966826244364407,139.0719123840332,138.46048583984376,-0.0626709427350964,0.05,-0.0219161161939569,-0.3627913545562296,False,False,False,0.0154,0.1966826244364407,4.850870550900659,20.51544061049387,22.82196111309629,0.25276127890320654,27.269832410350386,-4.447871297254096,Normal (15-25)
2021-06-28,135.40150451660156,135.53310173691733,133.46255401767664,134.84876941666292,14125800,False,15.760000228881836,False,1.49,False,0.0018175405590741,0.0018158908308949,0.1972969893680121,138.6371856689453,138.47855895996094,-0.0603384685176372,-0.05,0.0089628901631546,-0.3587787726465051,False,False,False,0.0149,0.1972969893680121,4.9380392433894045,20.4364878805209,22.802162268555666,0.25262562126988947,27.215398512615895,-4.413236244060229,Normal (15-25)
2021-06-29,135.2347869873047,137.13863570471858,134.76979235706236,135.98930884931565,14528700,False,16.020000457763672,False,1.49,False,-0.0012312826943251,-0.0012320413456686,0.1903946278338506,138.11472244262694,138.50470306396485,-0.0717255212070112,0.0,0.0164974762123009,-0.4450775576457949,False,False,False,0.0149,0.1903946278338506,4.561762502910149,20.223089056105778,22.35644914844383,0.2527452641273247,27.278507196948137,-4.922058048504308,Normal (15-25)
2021-06-30,136.4630889892578,136.9368657495864,134.8575493773277,134.89263750642692,12531000,False,15.829999923706056,False,1.45,False,0.0090827369888817,0.0090417370076384,0.1953529321537658,137.65323638916016,138.61472229003903,-0.063350559753937,-0.04,-0.0118602077795532,-0.4371074071217455,False,False,False,0.014499999999999999,0.1953529321537658,5.168993513964388,19.689431111381126,22.236690717095975,0.2524965859877674,26.908329912103373,-4.671639195007398,Normal (15-25)
2021-07-01,137.8142547607422,137.8668936627582,136.3578493308533,137.09482073369716,10479400,False,15.479999542236328,False,1.48,False,0.0099013277619028,0.0098526307954282,0.200458194180129,137.2544822692871,138.7294793701172,-0.0547027824730884,0.03,-0.0221099420819066,-0.4511955858822146,False,False,False,0.0148,0.200458194180129,5.889229463332143,19.045273960912937,22.108127927541666,0.25070235209658637,26.361999027899422,-4.253871100357756,Normal (15-25)
2021-07-02,137.68186950683594,137.9377749029148,136.8788764514139,137.61127537910568,11424000,False,15.06999969482422,False,1.44,False,-0.0009606063910884,-0.0009610680690919,0.1999221197093645,136.83726348876954,138.89721405029297,-0.0571429855205488,-0.04,-0.0264857790398149,-0.4499312574895368,False,False,False,0.0144,0.1999221197093645,5.799462055513089,19.14397325260603,22.140280567098387,0.25086266535797663,26.43564285682219,-4.295362289723805,Normal (15-25)
2021-07-06,135.36997985839844,137.46127888466538,134.43463115406732,137.46127888466538,15083400,False,16.440000534057617,False,1.37,False,-0.0167915329499699,-0.0169341090403482,0.2059152054183176,136.3386657714844,138.96922760009767,-0.0686103043853789,-0.0699999999999998,0.090909148439062,-0.4901846506779563,False,False,False,0.0137,0.2059152054183176,5.293014125340832,20.999705714607657,23.57287316204937,0.247957139890667,26.92628544239175,-3.3534122803423827,Normal (15-25)
2021-07-07,135.52880859375,136.13767122178757,133.72870529144512,134.13460473383392,12271800,False,16.200000762939453,False,1.33,False,0.0011732936321457,0.0011726058610912,0.2065562407304141,135.87696380615233,139.0379263305664,-0.063787355945045,-0.04,-0.0145985257494957,-0.4950373843887179,False,False,False,0.013300000000000001,0.2065562407304141,5.359641797332877,20.970358023794418,23.588302716604485,0.2507509932850976,27.132701773278068,-3.5443990566735835,Normal (15-25)
2021-07-08,133.19041442871094,134.59343727062452,132.39624064812526,133.78162505773517,17834600,False,19.0,False,1.3,False,-0.0172538531792781,-0.0174044355011615,0.2100606558210526,135.38870849609376,139.04774841308594,-0.0683087030017826,-0.03,0.1728394509379327,-0.5253626120647772,False,False,False,0.013000000000000001,0.2100606558210526,4.786000374129351,22.725668149640043,24.91082791207587,0.24691077383235704,27.680227694999292,-2.769399782923422,Normal (15-25)
2021-07-09,137.45245361328125,137.78775890144348,134.63757494231,135.0523070422969,13694500,False,16.18000030517578,False,1.37,False,0.0319995939861839,0.0314982736350532,0.2394449575539116,135.22497940063477,139.12561584472655,-0.0232690321161284,0.07,-0.1484210365696957,-0.7242138235311758,False,False,False,0.0137,0.2394449575539116,7.693980965426022,21.366159526074227,25.565696264799485,0.2413899990107143,25.731299711114715,-0.16560344631523094,Normal (15-25)
2021-07-12,139.42019653320312,140.44379108099128,135.8376290803964,136.1994188978054,19940400,False,16.170000076293945,False,1.38,False,0.0143158078898908,0.0142143043024146,0.2456047386064168,135.16446228027343,139.19089935302733,-0.0086065403456873,0.0099999999999997,-0.0006180611058849,-0.7118341728980706,False,False,False,0.0138,0.2456047386064168,8.792915435023481,20.52787431469696,25.580734625350203,0.23595285725125578,24.726832326696748,0.8539022986534555,Normal (15-25)
2021-07-13,137.34657287597656,138.88196510625443,135.44940419646616,137.69954357144834,22671700,False,17.1200008392334,False,1.42,False,-0.0148731941912929,-0.0149849092342953,0.2438263146221985,135.1195831298828,139.23892456054688,-0.0064927374475564,0.04,0.0587508199416897,-0.71716510486278,False,False,False,0.014199999999999999,0.2438263146221985,7.901485831768504,21.603145612864623,25.936775068096708,0.23308938672817475,25.025458758366828,0.9113163097298802,Normal (15-25)
2021-07-14,136.87887573242188,138.784876777768,134.96405547032572,137.61127465626654,14622800,False,16.329999923706055,False,1.37,False,-0.0034052334453005,-0.0034110444483405,0.2377570053497087,135.15616455078126,139.28549224853515,0.0053738024998695,-0.0499999999999998,-0.0461449110280953,-0.7011677012060737,False,False,False,0.0137,0.2377570053497087,7.392602074267202,21.62514864377968,25.59608994526575,0.23542025315626525,25.400279027410445,0.19581091785530447,Normal (15-25)
2021-07-15,137.17892456054688,138.1230925425676,135.62588045635567,135.80235906879872,11539300,False,17.010000228881836,False,1.31,False,0.0021920754865896,0.0021896763944744,0.236580339474604,135.15993118286133,139.3008612060547,0.0005494578263574,-0.06,0.0416411701379515,-0.7284544825768274,False,False,False,0.0131,0.236580339474604,7.417998100121423,21.446208206913326,25.4451923955622,0.23552564815148117,25.356385123856533,0.08880727170566516,Normal (15-25)
2021-07-16,134.04635620117188,137.90246776693053,133.26101506281606,137.6201047273012,14002700,False,18.450000762939453,False,1.31,False,-0.0228356387062385,-0.0231004104910303,0.2275831808342143,135.2049118041992,139.2177828979492,0.0067565484611624,0.0,0.0846561149136608,-0.8556744915179313,False,False,False,0.0131,0.2275831808342143,5.875969650075589,22.964603027625827,25.837118002809667,0.22215567034699416,25.421109285480348,0.4160087173293192,Normal (15-25)
2021-07-19,129.68728637695312,132.20215032641758,128.57545901705512,131.08149028413274,22172900,False,22.5,False,1.19,False,-0.0325191220989015,-0.0330596187168284,0.2395343062909883,135.200390625,138.9918994140625,-0.0006967574324712,-0.1200000000000001,0.2195121446930119,-0.8710341560612584,False,False,False,0.011899999999999999,0.2395343062909883,5.0375453008686435,26.562620301588638,28.778226787454212,0.1820716086970298,25.155566988464614,3.6226597989895986,Normal (15-25)
2021-07-20,132.10507202148438,133.34925484973104,129.12253399160963,129.29019336693918,15385200,False,19.729999542236328,False,1.23,False,0.0186431971249951,0.0184715428992155,0.241169138491559,135.2066520690918,138.80472106933593,0.0009488485427537,0.04,-0.1231111314561631,-0.875734567155649,False,False,False,0.0123,0.241169138491559,5.859589592372565,24.963283750898896,27.74510696765425,0.1820439468261141,23.638986768534743,4.106120199119509,Normal (15-25)
2021-07-21,134.8846435546875,135.58173869000836,133.56103394769963,134.16989652122658,12356700,False,17.90999984741211,False,1.3,False,0.0210406117696304,0.0208223148553547,0.2521431351052007,135.36154251098634,138.67348449707032,0.0235062086781858,0.07,-0.0922452983806774,-0.9082612630004508,False,False,False,0.013000000000000001,0.2521431351052007,7.358041829726744,23.642499678974318,27.481039504708868,0.1726170116134997,21.416173108039427,6.064866396669441,Normal (15-25)
2021-07-22,133.1815643310547,135.39641256065912,132.33446189988717,134.90226723173632,9913300,False,17.690000534057617,False,1.27,False,-0.0126261906377972,-0.0127065783600834,0.2561404756420841,135.3913604736328,138.5552130126953,0.0044979321228058,-0.03,-0.0122836021903306,-0.880084160823491,False,False,False,0.0127,0.2561404756420841,6.941957632607711,24.934697131824365,28.427823762313864,0.16874725245238167,22.135408814842815,6.292414947471048,Normal (15-25)
2021-07-23,132.9257049560547,134.8669964220075,132.581566984656,133.6669231306897,9666100,False,17.200000762939453,False,1.3,False,-0.0019211320747367,-0.0019229798158434,0.2540778605844838,135.3474105834961,138.45095001220704,-0.0065692594102536,0.03,-0.0276992513468156,-0.8736197152391613,False,False,False,0.013000000000000001,0.2540778605844838,6.7665215917587105,24.964802408444655,28.33936027278033,0.16846407325448676,22.238470764150794,6.100889508629535,Normal (15-25)
2021-07-26,133.8169403076172,134.09049763269448,132.5109824579729,132.528634358016,8208000,False,17.579999923706055,False,1.29,False,0.0067047630242558,0.0066823860664303,0.2525332462745714,135.28046493530277,138.29344696044922,-0.009906437135044,-0.01,0.0220929734831976,-0.8657346203342902,False,False,False,0.0129,0.2525332462745714,6.994955592429122,24.337333790255826,27.893872032778248,0.17232108464526177,21.982487389369737,5.91138464340851,Normal (15-25)
2021-07-27,133.6404571533203,134.55816742197234,132.18449186398647,132.71392766717415,11218700,False,19.36000061035156,False,1.25,False,-0.0013188401549996,-0.0013197105900708,0.2524170723190692,135.19241256713866,138.08837066650392,-0.01300611370286,-0.04,0.1012514615682809,-0.8462417146269261,False,False,False,0.0125,0.2524170723190692,6.912212097731604,24.48625174659729,27.980023534868845,0.17266695362626006,22.142604377036793,5.837419157832052,Normal (15-25)
2021-07-28,133.8610382080078,134.8052194485583,133.137472015464,134.38165471372804,9217300,False,18.309999465942383,False,1.26,False,0.0016505559722415,0.0016491953017688,0.2525187718893069,135.12372512817382,137.8761245727539,-0.0101582500324109,0.01,-0.0542355945922725,-0.8391221158606375,False,False,False,0.0126,0.2525187718893069,6.9977243016192645,24.341450094736302,27.89965860850667,0.18456621562182476,22.812297048459136,5.087361560047533,Normal (15-25)
2021-07-29,135.00816345214844,135.77585262197732,134.0463438198074,135.13169979516056,9063500,False,17.700000762939453,False,1.28,False,0.0085695229881461,0.0085330130595288,0.2522698736177872,135.05097885131835,137.72753051757812,-0.0106616781716256,0.02,-0.0333150584814359,-0.8428115255152397,False,False,False,0.0128,0.2522698736177872,7.400621913357455,23.59402009429442,27.464421648513863,0.18359613506832895,22.146501757462854,5.317919891051009,Normal (15-25)
2021-07-30,133.93165588378906,135.59940361017456,133.41985850420323,134.637583768199,9805200,False,18.239999771118164,False,1.24,False,-0.0079736479693757,-0.0080056075030953,0.2505475353488784,134.8568489074707,137.57916442871092,-0.0281726943536694,-0.04,0.0305084172261376,-0.8426666672231572,False,False,False,0.0124,0.2505475353488784,6.918257710358752,24.22261953280406,27.73275338600976,0.1798790406685757,22.473107030756214,5.2596463552535475,Normal (15-25)
2021-08-02,133.39337158203125,136.28766344718284,133.305139022218,134.15224161158034,10203200,False,19.459999084472656,False,1.2,False,-0.0040190968909162,-0.0040271951666116,0.2507262018507296,134.64242401123047,137.4249462890625,-0.0311478769148451,-0.04,0.0668859281065497,-0.8436388502267234,False,False,False,0.012,0.2507262018507296,6.725964736947233,24.615486270749997,27.978576782359912,0.1914369546011171,23.58387353716751,4.394703245192403,Normal (15-25)
2021-08-03,134.91111755371094,135.29055931734123,131.93741221506667,134.08165336128764,10394800,False,18.040000915527344,False,1.19,False,0.0113779714365067,0.011313729158119,0.247805484755667,134.6194808959961,137.26897216796874,-0.00338969027821,-0.01,-0.0729701046120986,-0.8425966850191167,False,False,False,0.011899999999999999,0.247805484755667,7.107391770495106,23.528943827169186,27.20106653498879,0.1899265189220568,22.730270230930692,4.470796304058098,Normal (15-25)
2021-08-04,133.4551544189453,135.3346709744882,133.1639586789139,133.46397363611462,10155000,False,17.969999313354492,False,1.19,False,-0.0107920174494586,-0.0108506736640984,0.2506431104172668,134.51579818725585,137.0684375,-0.0153004678217197,0.0,-0.0038803546907029,-0.8279609449769432,False,False,False,0.011899999999999999,0.2506431104172668,6.739162067566909,24.583145480181784,27.95649414442369,0.1841621551996627,23.064620376051074,4.891873768372616,Normal (15-25)
2021-08-05,135.1405487060547,135.61705575127223,134.1346058449287,134.37285936753747,9151500,False,17.280000686645508,False,1.23,False,0.01262891863898,0.0125498389440007,0.2468070427779747,134.61330490112306,136.9312646484375,0.0146417013995219,0.04,-0.0383972539273392,-0.8237061840862003,False,False,False,0.0123,0.2468070427779747,7.155952244416753,23.294078722512054,27.011271334274603,0.18067124775950022,21.91576425869645,5.095507075578155,Normal (15-25)
2021-08-06,138.97900390625,139.26138040886983,136.87005321094915,136.94064733660412,13328800,False,16.149999618530273,False,1.31,False,0.0284034306279483,0.0280075322927423,0.2410486340914273,134.68963241577148,136.87121185302735,0.0111060243221532,0.08,-0.0653935777322354,-0.7804278009461346,False,False,False,0.0131,0.2410486340914273,8.341883222769823,20.611470983040817,25.32651912874062,0.15512277775646807,18.1399389593455,7.186580169395121,Normal (15-25)
2021-08-09,138.8289794921875,139.9055162142255,137.5671315298687,138.99663883709604,9516900,False,16.719999313354492,False,1.33,False,-0.0010794753872584,-0.0010800584404464,0.235616089708316,134.6600715637207,136.76394073486327,-0.004240540866508,0.02,0.0352940995843868,-0.7943682351416104,False,False,False,0.013300000000000001,0.235616089708316,8.006760713197096,20.393311125421533,24.87821382651688,0.15524023790876024,18.19972620221045,6.678487624306431,Normal (15-25)
2021-08-10,140.5320587158203,141.16739249274676,137.92896215270906,138.3084039610328,8667000,False,16.790000915527344,False,1.36,False,0.0122674619511169,0.0121928264122315,0.2327357884389289,134.8193458557129,136.6926611328125,0.0231930493287242,0.03,0.0041866988664849,-0.7748822479955642,False,False,False,0.013600000000000001,0.2327357884389289,8.549353644060801,19.227649053590966,24.192116538199116,0.14990372043177058,17.03365899207729,7.158457546121827,Normal (15-25)
2021-08-11,142.20858764648438,142.50860252559653,140.3731811189656,141.18499321421328,9156500,False,16.170000076293945,False,1.35,False,0.011929868145277,0.0118592682121979,0.2350225498873036,135.08583145141603,136.62315185546876,0.038937431985351,-0.01,-0.0369267900789703,-0.7993796200027621,False,False,False,0.013500000000000002,0.2350225498873036,9.371489743001732,18.426665895386762,24.075145394699753,0.14412122992867368,15.931280865507246,8.143864529192507,Normal (15-25)
2021-08-12,142.7645263671875,143.27632369791723,141.6703510420337,142.84395317663672,8844200,False,15.59000015258789,False,1.36,False,0.0039093189089616,0.0039016973786664,0.2351186268701393,135.36511154174804,136.56458618164064,0.0407176381104759,0.01,-0.0358688881242718,-0.8037313756826588,False,False,False,0.013600000000000001,0.2351186268701393,9.622777530624234,18.120020472133362,23.987649818502867,0.14809228380077086,16.08245251626865,7.9051973022342175,Normal (15-25)
2021-08-13,141.16734313964844,143.09099569850187,140.8055668228559,142.76449624165934,8980900,False,15.449999809265137,False,1.29,False,-0.011187535644752,-0.0112505868208945,0.2220023540779134,135.72116088867188,136.47214630126953,0.0531233159951745,-0.07,-0.0089801373927193,-0.7663282848890042,False,False,False,0.0129,0.2220023540779134,8.19761764034967,18.358877568474938,23.123983279693125,0.15510803992680366,17.271150674365266,5.852832605327858,Normal (15-25)
2021-08-16,140.2408447265625,140.32909075362585,138.3436763247806,140.24967740794082,8755800,False,16.1200008392334,False,1.26,False,-0.0065631214166113,-0.0065847533988076,0.1831272671781257,136.24883880615235,136.35643829345702,0.0813769695121391,-0.03,0.0433657629928558,-0.6304225765471914,False,False,False,0.0126,0.1831272671781257,5.771216009259227,16.88206638119439,19.97915419543751,0.16584133693371855,18.526103721585102,1.4530504738524073,Normal (15-25)
2021-08-17,138.54660034179688,140.17905728862203,137.01122208541403,139.04075915149508,9347200,False,17.90999984741211,False,1.26,False,-0.0120809624904143,-0.0121545304325134,0.1829781315953645,136.57091522216797,136.22053161621093,0.0487606434919085,0.0,0.1110421163144204,-0.6296179246933399,False,False,False,0.0126,0.1829781315953645,5.173356870602063,17.939432076169524,20.569058280826297,0.1619715674401631,18.901354173913255,1.6677041069130425,Normal (15-25)
2021-08-18,137.28475952148438,139.42900014500523,137.07297718426187,137.92891228358383,8065500,False,21.56999969482422,False,1.27,False,-0.0091076996274143,-0.009149428284958,0.1733864554747231,136.6909210205078,136.0709698486328,0.0177938414896263,0.01,0.2043551020990632,-0.5590153706925214,False,False,False,0.0127,0.1733864554747231,4.3041582488956465,18.288201814096,20.33056980005201,0.15809034988097015,19.190071104052677,1.1404986959993337,Normal (15-25)
2021-08-19,136.13768005371094,137.26715934891328,135.01701997671375,135.1493890365227,9517700,False,21.670000076293945,False,1.24,False,-0.0083554756680324,-0.0083905783245377,0.1695758488091805,136.83872680664064,135.9346130371094,0.0221961330571858,-0.03,0.0046360863646057,-0.5921562228989476,False,False,False,0.0124,0.1695758488091805,3.7770146508848654,18.9261584761621,20.61599906916755,0.15492889069421542,19.588863056822905,1.027136012344645,Normal (15-25)
2021-08-20,136.52590942382812,136.6847361014185,135.14935769356958,136.19942338803534,6974100,False,18.559999465942383,False,1.26,False,0.0028517407521857,0.0028476822535533,0.1692746392446953,137.01873703002929,135.85059051513673,0.0270843360880701,0.02,-0.1435164097555205,-0.5544232618748776,False,False,False,0.0126,0.1692746392446953,3.8816096922999606,18.621837988526707,20.386070536596797,0.190720257822105,22.000398861068973,-1.6143283244721758,Normal (15-25)
2021-08-23,138.27308654785156,138.61722452110422,136.98478068468157,137.06419403286594,7934600,False,17.149999618530273,False,1.25,False,0.0127974033016657,0.0127162085238261,0.1731486042494916,137.241544342041,135.80344146728515,0.0333003148180688,-0.01,-0.075969821550882,-0.5888423337014103,False,False,False,0.0125,0.1731486042494916,4.594664673653632,17.642767398783263,19.89999518635281,0.18421117273003754,20.781753358874877,-0.8817581725220656,Normal (15-25)
2021-08-24,139.12901306152344,139.90553498869335,138.4230852608647,138.53780239950194,7670900,False,17.219999313354492,False,1.29,False,0.0061901164936797,0.0061710364206769,0.1734661018561509,137.51597213745117,135.82113861083985,0.0410695684908226,0.04,0.004081614949343,-0.5933648641642945,False,False,False,0.0129,0.1734661018561509,4.906651390515528,17.05929732811485,19.550829849392997,0.19621857420727265,21.43478095864492,-1.8839511092519245,Normal (15-25)
2021-08-25,141.996826171875,142.75569616047386,139.24372270833126,139.87022366767383,11335000,False,16.790000915527344,False,1.35,False,0.020612617363162,0.0204030522630293,0.1854980577971845,137.92276153564453,135.9381301879883,0.0607778639160478,0.06,-0.0249708719496681,-0.5880437307594593,False,False,False,0.013500000000000002,0.1854980577971845,6.597153075714537,15.859213698092105,19.614790902677573,0.21844716278998288,22.59281853655285,-2.9780276338752785,Normal (15-25)
2021-08-26,142.7292022705078,144.56460877478992,142.1997531668774,143.17922458347866,11027500,False,18.84000015258789,False,1.34,False,0.005157693438488,0.005144438096144,0.1845368724682314,138.3088134765625,136.05064239501954,0.0571894218907436,-0.01,0.1220964339057726,-0.5302776614258687,False,False,False,0.0134,0.1845368724682314,6.829453556692258,15.39080477947742,19.351452976423403,0.22152678346653534,22.741709802376228,-3.390256825952825,Normal (15-25)
2021-08-27,143.87635803222656,143.97342326928566,142.29684312594244,142.72922708456065,8780200,False,16.389999389648438,False,1.31,False,0.008037288399781,0.0080051614250729,0.1807972187406962,138.80604858398436,136.26523468017578,0.0742520659721135,-0.03,-0.1300425022875022,-0.5238069482449859,False,False,False,0.0131,0.1807972187406962,7.075497894901723,14.560520782892183,18.769324463485148,0.23548318317429592,23.885507203106915,-5.116182739621767,Normal (15-25)
2021-08-30,141.57330322265625,144.26464578252833,141.07915772926103,144.0175730358307,7937600,False,16.190000534057617,False,1.29,False,-0.016007180339208,-0.0161366790491986,0.1921896464829473,139.2150451660156,136.50114654541017,0.061321874869882,-0.02,-0.0122024931689219,-0.4662494700760333,False,False,False,0.0129,0.1921896464829473,6.7609122066975615,16.52556157680648,20.356094142570868,0.22797078573945317,23.578079746111214,-3.2219856035403467,Normal (15-25)
2021-08-31,141.140869140625,142.3938843301651,140.61143349875672,141.57325302626668,12340800,False,16.479999542236328,False,1.3,False,-0.0030544888915331,-0.0030591633639035,0.1907168676516304,139.52653274536132,136.68436706542968,0.0461767102658079,0.01,0.0179122296857658,-0.4521295345049755,False,False,False,0.013000000000000001,0.1907168676516304,6.520869729975928,16.6931869413295,20.33763854014994,0.2274795872182346,23.61858331135491,-3.2809447712049717,Normal (15-25)
2021-09-01,140.93795776367188,141.8556545374964,140.2761529332506,141.37916098395274,8729900,False,16.110000610351562,False,1.31,False,-0.0014376514626033,-0.0014386858750024,0.1849863294608253,139.90067291259766,136.8673895263672,0.0560697964593888,0.01,-0.0224513921214926,-0.4622480056383465,False,False,False,0.0131,0.1849863294608253,6.146792907185812,16.50254279264918,19.88904207410373,0.2339078433087402,24.23730173087427,-4.348259656770541,Normal (15-25)
2021-09-02,141.59097290039062,142.60573513284578,140.68208168979936,141.20271183127355,8813300,False,16.40999984741211,False,1.29,False,0.0046333517746421,0.0046226508417016,0.1814934546208126,140.22319412231445,137.0475048828125,0.0477312269048597,-0.02,0.0186219258655881,-0.4494295266529177,False,False,False,0.0129,0.1814934546208126,6.198821724127718,15.946208360683428,19.405206012569842,0.24385654213303545,25.02644536086445,-5.621239348294608,Normal (15-25)
2021-09-03,140.73500061035156,141.97036417603067,140.43497220344116,141.52916097908056,7959700,False,16.40999984741211,False,1.33,False,-0.0060453874460008,-0.0060637347825648,0.1553280809691062,140.31099395751954,137.18611083984376,0.0126349783402253,0.04,0.0,-0.4111236691308905,False,False,False,0.013300000000000001,0.1553280809691062,4.550530600075476,15.074956801305873,17.42165255429437,0.24229716850637842,25.02717422450813,-7.605521670213761,Normal (15-25)
2021-09-07,140.4879150390625,142.40273512283778,140.26731346077798,141.176190886154,9285600,False,18.13999938964844,False,1.38,False,-0.001755679612161,-0.0017572226238986,0.1554477909052496,140.3939407348633,137.29275207519532,0.0119494903221437,0.0499999999999998,0.1054234953274029,-0.4084003518970255,False,False,False,0.0138,0.1554477909052496,4.494875606752217,15.186706232840407,17.48995717596881,0.2466670801866593,25.445437666887653,-7.955480490918841,Normal (15-25)
2021-09-08,139.86138916015625,140.81438951590906,139.45547636504924,140.20552705547388,7852700,False,17.959999084472656,False,1.35,False,-0.0044596425160985,-0.0044696163860938,0.1501001591851959,140.36040725708008,137.38194976806642,-0.0047723598571929,-0.0299999999999998,-0.0099228396489639,-0.4149936180380746,False,False,False,0.013500000000000002,0.1501001591851959,4.01202947307587,15.360346602623991,17.332595467424884,0.24505836212669385,25.449595470369623,-8.117000002944739,Normal (15-25)
2021-09-09,140.4702911376953,141.9174372410717,139.4908193963308,139.6584787835529,7904300,False,18.799999237060547,False,1.3,False,0.0043536102508019,0.0043441607061895,0.1442782053106615,140.27349243164062,137.48665985107422,-0.0122235691779056,-0.05,0.0467706122164623,-0.3805648332829479,False,False,False,0.013000000000000001,0.1442782053106615,3.8980553671785927,14.725506733508482,16.65023786227384,0.24524613876081885,25.363971148157884,-8.713733285884043,Normal (15-25)
2021-09-10,138.85546875,141.82035473081487,138.73193239515157,141.6791664782873,8311600,False,20.950000762939453,False,1.35,False,-0.0114958285813787,-0.0115624164323459,0.1482352710375967,140.07803955078126,137.53450744628907,-0.0273811549455463,0.05,0.1143617879324481,-0.4138928926259999,False,False,False,0.013500000000000002,0.1482352710375967,3.6133389075048328,15.944409445309688,17.635742880902107,0.23895295482358075,25.150252359408114,-7.514509478506007,Normal (15-25)
2021-09-13,141.0614776611328,141.22913701958183,139.481976241257,139.887875616442,10052800,False,19.3700008392334,False,1.33,False,0.0158870869904632,0.0157622081284486,0.1553761012341749,140.07274627685547,137.59945190429687,-0.0007499289577965,-0.02,-0.0754176547096396,-0.4947255422893859,False,False,False,0.013300000000000001,0.1553761012341749,4.664101414330915,14.869569543795919,17.304662257027815,0.25107569328057383,25.762370740762258,-8.457708483734443,Normal (15-25)
2021-09-14,138.599609375,142.367475815019,137.88484872788126,141.58213448951287,11685600,False,19.459999084472656,False,1.28,False,-0.0174524492933987,-0.017606538744098,0.1659333300028028,139.99068450927734,137.61780670166016,-0.0117029767951165,-0.05,0.0046462695580771,-0.4444862646065173,False,False,False,0.0128,0.1659333300028028,4.358888954875937,17.04355455059391,19.171593589981267,0.24295520598643544,25.608538569473406,-6.436944979492139,Normal (15-25)
2021-09-15,139.56138610839844,140.02906037851577,138.0701172807047,138.29071885960727,11691500,False,18.18000030517578,False,1.31,False,0.0069392456280032,0.0069152798687109,0.1620727987887497,140.04142379760742,137.70163482666015,0.0073245086064765,0.03,-0.0657758910337359,-0.4201779127111948,False,False,False,0.0131,0.1620727987887497,4.490588838816599,16.191207038185112,18.443884027854637,0.26395993529756967,27.227989200967638,-8.784105173113002,Normal (15-25)
2021-09-16,139.49960327148438,141.93505318133947,138.73191412917842,140.66438600479788,10880900,False,18.690000534057617,False,1.34,False,-0.0004426929155466,-0.0004427909329842,0.1581927956340515,140.15216598510742,137.78105072021484,0.0161332092340038,0.03,0.0280528173993837,-0.3685363749601248,False,False,False,0.0134,0.1581927956340515,4.29081764796058,16.007388102354525,18.135408205311883,0.26849441931268,27.630903321043057,-9.495495115731174,Normal (15-25)
2021-09-17,139.13787841796875,140.31148091454844,138.53784834032598,138.87316718633656,25581600,True,20.809999465942383,False,1.37,False,-0.0025930170769852,-0.0025963847686804,0.1550373819797502,140.30217590332032,137.9,0.0220379718757814,0.03,0.1134295811293115,-0.3775835381410612,False,False,False,0.0137,0.1550373819797502,4.033758413161337,16.059328599584603,18.016240835186156,0.27451592179921186,28.225840951589365,-10.209600116403209,Normal (15-25)
2021-09-20,134.97286987304688,136.3847118356804,132.7933252946273,135.79350124661838,15819900,False,25.709999084472656,False,1.31,False,-0.029934397392565,-0.0303915782175623,0.1899694149880309,140.22452392578126,137.8504083251953,-0.0113754199282425,-0.06,0.2354637070774368,-0.60832885614387,False,False,False,0.0131,0.1899694149880309,4.398502246759158,20.581960165457588,22.599895348866855,0.2451094226520956,26.872696857839017,-4.272801508972162,High (>25)
2021-09-21,134.9905242919922,136.37590877203897,134.63756712564353,135.4758504940612,8999900,False,24.36000061035156,False,1.33,False,0.0001307997596993,0.0001307912061566,0.1834144956441277,140.06039581298828,137.7618148803711,-0.023739704795867,0.02,-0.0525086939787725,-0.5718737375928569,False,False,False,0.013300000000000001,0.1834144956441277,4.1104048310873225,20.247008321414413,22.097990465922674,0.24590739452564989,26.91645483293074,-4.818464367008065,Normal (15-25)
2021-09-22,137.57598876953125,138.75841014598367,136.86124172054812,136.9494742842582,11236200,False,20.8700008392334,False,1.32,False,0.0191529330751138,0.0189718245055998,0.1956464317048617,139.98274459838868,137.7664031982422,-0.0111624761637993,-0.01,-0.1432676389028955,-0.6363819124765453,False,False,False,0.0132,0.1956464317048617,5.500450926626371,19.125937430396675,21.919929119039498,0.2425154688646199,25.824474289900284,-3.9045451708607857,Normal (15-25)
2021-09-23,142.22625732421875,142.6939451042889,139.1290157023009,139.42021143051676,12336100,False,18.6299991607666,False,1.41,False,0.0338014547180736,0.033242740935006,0.2187499886551894,139.99421615600585,137.87335083007812,0.0016157484538847,0.0899999999999998,-0.1073311733776182,-0.6792290240443208,False,False,False,0.0141,0.2187499886551894,8.51989858526526,17.469045472251068,22.544700229660695,0.2217495176056206,22.820097147873447,-0.2753969182127527,Normal (15-25)
2021-09-24,143.86753845214844,144.352864681638,141.90860856444667,142.45569624253298,10102400,False,17.75,False,1.47,False,0.0115399305220289,0.0114738533882832,0.221831170127786,140.0511329650879,138.00712310791016,0.0079754959989419,0.06,-0.0472355985189636,-0.7393223922730408,False,False,False,0.0147,0.221831170127786,9.430343175356064,16.68729541935977,22.531349446649138,0.22282578486655838,22.625052775831396,-0.09370332918225799,Normal (15-25)
2021-09-27,147.34423828125,147.7148474072901,145.2529391184325,145.59707712578796,13220900,False,18.76000022888184,False,1.48,False,0.024165978416722,0.0238786017800074,0.2360419764482136,140.22452697753906,138.2730807495117,0.0241031973317442,0.01,0.0569014213454557,-0.6439779409890282,False,False,False,0.0148,0.2360419764482136,11.866892086790372,15.712434788354571,23.612059112164197,0.20995454959391696,21.058817585510184,2.5532415266540127,Normal (15-25)
2021-09-28,146.55007934570312,149.39142947325993,146.17947021573335,147.97957362765158,13387900,False,23.25,False,1.54,False,-0.0053898200894084,-0.0054043975733113,0.2286106938794826,140.4733657836914,138.6103366088867,0.0351533517249347,0.06,0.2393390040691796,-0.6494890450422617,False,False,False,0.0154,0.2286106938794826,11.091673743637266,15.624434173135768,22.900566765431776,0.20839834029899612,20.93672190177793,1.963844863653847,Normal (15-25)
2021-09-29,146.4353485107422,147.2736319500807,145.63235540524306,146.66478280628706,7777100,False,22.559999465942383,False,1.55,False,-0.0007828780132578,-0.000783184622285,0.228108991205183,140.73808975219723,138.89694213867188,0.0375120218711566,0.01,-0.0296774423250587,-0.6422971569032595,False,False,False,0.0155,0.228108991205183,11.013971380073059,15.644050287623173,22.854899771733976,0.22368346103463022,22.425086978353328,0.4298127933806484,Normal (15-25)
2021-09-30,144.44110107421875,147.35304479243578,143.64692726136718,147.29126988350671,13161200,False,23.13999938964844,False,1.52,False,-0.0136186204820425,-0.0137122045223067,0.2345098399507773,140.91324691772462,139.0880712890625,0.0248559250192983,-0.03,0.0257092170849406,-0.6347997859670936,False,False,False,0.0152,0.2345098399507773,10.425400159660185,17.04811221166679,23.641971702829345,0.22205292523596792,22.457624596192275,1.1843471066370697,Normal (15-25)
2021-10-01,147.4765625,148.5089762081689,144.36166948025215,144.71462659837022,11285000,False,21.100000381469727,False,1.48,False,0.0210152193745845,0.0207974454128448,0.2445628889251554,141.20752639770507,139.3739712524414,0.0415675482627688,-0.04,-0.088158991442813,-0.6594565641624459,False,False,False,0.0148,0.2445628889251554,12.421683497252637,16.13794949296765,24.444107567619582,0.211517480887282,21.205756022983742,3.23835154463584,Normal (15-25)
2021-10-04,147.31773376464844,150.39733669652807,146.24119696734735,147.33538566125475,14120000,False,22.959999084472656,False,1.49,False,-0.0010769761151135,-0.0010775564706132,0.2429852559654392,141.53666305541992,139.66181182861328,0.0467739590418041,0.01,0.0881515957050125,-0.6697977106934832,False,False,False,0.0149,0.2429852559654392,12.258576542383445,16.11523444850917,24.289842390783654,0.2114509172595745,21.203614111333966,3.0862282794496885,Normal (15-25)
2021-10-05,149.72349548339844,151.0373228806252,147.9569202907132,148.43629871583514,12292900,False,21.299999237060547,False,1.54,False,0.016330428504917,0.0161985211885483,0.2473257862829716,141.99844207763672,139.9799429321289,0.0657393231422645,0.05,-0.0722996478050702,-0.6833421198986147,False,False,False,0.0154,0.2473257862829716,13.761535105268067,15.193965236614545,24.73604751029772,0.20423092331775394,20.449522391523764,4.286525118773955,Normal (15-25)
2021-10-06,150.04302978515625,150.11404929063713,147.36210102199215,149.12867566366666,8692600,False,21.0,False,1.53,False,0.0021341627159194,0.0021318886256148,0.2456827654768257,142.5075241088867,140.30799438476564,0.0727980802002541,-0.01,-0.0140844717279881,-0.6922611898269553,False,False,False,0.015300000000000001,0.2456827654768257,13.826482747916884,14.961509168659177,24.58989429066733,0.20414389715134998,20.451330938020874,4.138563352646457,Normal (15-25)
2021-10-07,150.992919921875,152.25348594238827,150.50466918086212,151.97829376443244,10195400,False,19.540000915527344,False,1.58,False,0.0063307848293845,0.0063108295883815,0.2458598390132284,143.0336555480957,140.65063201904297,0.0749099948391573,0.05,-0.0695237659272693,-0.6912722163781398,False,False,False,0.0158,0.2458598390132284,14.372555800128907,14.505725900834321,24.66207037809494,0.20842945394791917,20.919255147936916,3.7428152301580226,Normal (15-25)
2021-10-08,151.10833740234375,152.10258366508177,150.29163318001045,150.930795361939,8190100,False,18.770000457763672,False,1.61,False,0.0007643900159588,0.0007640980187009,0.2395592022157972,143.64629898071288,140.97263549804688,0.0882418875010548,0.03,-0.0394063675376696,-0.6648395231041812,False,False,False,0.0161,0.2395592022157972,14.086010868801921,14.062133684840092,24.037834946425253,0.20839385521495526,20.920276749880358,3.117558196544895,Normal (15-25)
2021-10-11,147.93026733398438,152.0581768558747,147.77048358011973,151.6232009399624,12154700,False,20.0,False,1.5950000000000002,False,-0.0210317320870084,-0.0212560497317919,0.2515135747791879,143.98973846435547,141.2526077270508,0.0486935893961937,-0.0149999999999999,0.0655300752391603,-0.6545227538457656,False,False,False,0.015950000000000002,0.2515135747791879,13.118796021269404,16.221938194228102,25.09439678558613,0.19463542748593599,19.5009081217328,5.593488663853332,Normal (15-25)
2021-10-12,146.79396057128906,147.9746344684042,146.27020694984586,147.14017219934644,13032600,False,19.850000381469727,False,1.59,False,-0.007681367600924,-0.0077110212563904,0.2434969887546501,144.39945602416992,141.52061950683594,0.0591224696320618,-0.0050000000000001,-0.0074999809265137,-0.6720393318367165,False,False,False,0.0159,0.2434969887546501,12.090588075949462,16.311248635617076,24.32545140039585,0.1945720351729745,19.560438850805753,4.765012549590097,Normal (15-25)
2021-10-13,142.9235076904297,146.83837223897822,142.56842364856442,145.64882579858283,22753500,False,18.63999938964844,False,1.56,False,-0.0263665675740094,-0.02672039892346,0.2641525220181095,144.56756210327148,141.68086730957032,0.0240906290470621,-0.03,-0.0609572276356649,-0.551633627107057,False,False,False,0.015600000000000001,0.2641525220181095,11.40773993742497,19.45401113082808,26.595670290985602,0.1657225136962183,17.486003184478747,9.109667106506855,Normal (15-25)
2021-10-14,145.11619567871094,145.59556052113143,142.089054582482,143.5893098167956,15176800,False,16.860000610351562,False,1.52,False,0.0153416888775959,0.0152251951317307,0.2686573209667089,144.8483917236328,141.91408813476562,0.0402624256665156,-0.04,-0.0954934998702513,-0.5685595931060955,False,False,False,0.0152,0.2686573209667089,12.667034402623003,18.63019971836509,26.858517643374185,0.15827651792182174,16.3298555507033,10.528662092670885,Normal (15-25)
2021-10-15,147.9036407470703,148.4007638334521,145.71096220524572,146.78511380271135,14267400,False,16.299999237060547,False,1.59,False,0.019208366477101,0.0190262146689266,0.2746721680232531,145.28667984008788,142.16934997558593,0.0630005461400617,0.07,-0.0332147896214897,-0.5699914310336051,False,False,False,0.0159,0.2746721680232531,14.435614520460938,17.57215156119672,27.372584591238372,0.14467320977135306,14.604714741745209,12.767869849493163,Normal (15-25)
2021-10-18,147.85037231445312,149.67908081294712,147.28222973680852,147.7882251588793,12672900,False,16.309999465942383,False,1.59,False,-0.0003601563311634,-0.0003602212030314,0.2459066781012902,145.9305549621582,142.34677734375,0.0954080805536594,0.0,0.0006135110030618,-0.4320483410356861,False,False,False,0.0159,0.2459066781012902,12.75256367736931,15.941142344041381,24.544183249813848,0.1448207629295513,14.624047934887983,9.920135314925865,Normal (15-25)
2021-10-19,149.64356994628906,149.71457591236566,147.87699515082716,148.60492144060018,8053900,False,15.699999809265137,False,1.65,False,0.0121284620644857,0.0120555016081251,0.2466492645698051,146.66320724487304,142.56306915283204,0.1085486980004721,0.0599999999999998,-0.037400348047283,-0.4438135238297427,False,False,False,0.0165,0.2466492645698051,13.751274981624078,15.099400777679193,24.645573528291465,0.13962007060805953,13.999059188574318,10.646514339717147,Normal (15-25)
2021-10-20,151.65867614746094,151.68530676822732,148.65817999457113,149.4038644672004,8185600,False,15.489999771118164,False,1.65,False,0.0134660393486678,0.0133761780590774,0.2432090289089547,147.36734161376953,142.78560150146484,0.1023629741198601,0.0,-0.0133757987705862,-0.4016279963520559,False,False,False,0.0165,0.2432090289089547,14.623017927750979,14.002446730280226,24.447331907820228,0.1295937933944906,13.05189169088757,11.395440216932657,Normal (15-25)
2021-10-21,150.46914672851562,152.0936825045063,149.7412068914281,151.58767356229862,8415200,False,15.010000228881836,False,1.68,False,-0.0078434643448206,-0.0078743861065699,0.2217695770492199,147.77948608398438,142.95081268310548,0.0579561718024148,0.03,-0.0309877049276211,-0.302821461663084,False,False,False,0.0168,0.2217695770492199,12.754100158358511,13.251405789734108,22.207568740227295,0.13011078028129627,13.046986783661929,9.160581956565366,Normal (15-25)
2021-10-22,152.49319458007812,152.7683867931292,150.64672743486955,150.93967791683724,8817900,False,15.43000030517578,False,1.66,False,0.013451580576943,0.013361911300939,0.2228569473030641,148.21076889038085,143.14538604736327,0.0599555411924883,-0.02,0.0279813504256842,-0.2671128664759331,False,False,False,0.0166,0.2228569473030641,13.891702805696255,12.441078885393594,22.495030878680236,0.12257182401634643,12.425305053186783,10.069725825493453,Normal (15-25)
2021-10-25,151.7474822998047,153.54068785849694,151.33912346235658,153.31875694687224,10159200,False,15.239999771118164,False,1.64,False,-0.0048901348176678,-0.0049021306504066,0.2097529574202928,148.4309310913086,143.3569888305664,0.0298840597360161,-0.02,-0.0123137090278528,-0.3599293588889172,False,False,False,0.016399999999999998,0.2097529574202928,12.703407394210728,12.010830576339458,21.105103932846212,0.14969402263047457,15.077891315421365,6.027212617424848,Normal (15-25)
2021-10-26,152.15582275390625,153.12345179247123,151.39237990036722,151.8007387248317,8015100,False,15.979999542236328,False,1.63,False,0.0026909207844043,0.0026873067390251,0.2081588562673004,148.71121826171876,143.5952883911133,0.0382513843269882,-0.01,0.0485564161569451,-0.3966767786697766,False,False,False,0.0163,0.2081588562673004,12.82348648633642,11.74673030489356,20.98512633278179,0.17470015877259323,17.625869925013003,3.359256407768786,Normal (15-25)
2021-10-27,148.98667907714844,151.53444191342504,148.551689561808,151.1971160983183,9847000,False,16.979999542236328,False,1.54,False,-0.0208282773501446,-0.0210482456538644,0.2232750738055032,148.83878479003906,143.8040899658203,0.0174229145650517,-0.0899999999999998,0.0625782245710913,-0.4740545109978768,False,False,False,0.0154,0.2232750738055032,11.985860409005383,14.138137585098846,22.327727565895664,0.16022659325898747,16.081542846503417,6.246184719392247,Normal (15-25)
2021-10-28,151.23260498046875,151.3657581127488,149.10207359045828,149.40389638735192,7212900,False,16.530000686645508,False,1.57,False,0.0150746759188942,0.0149621821213251,0.2216541412611054,149.17835998535156,144.083046875,0.0470191922918137,0.03,-0.0265017001014331,-0.4520568037725914,False,False,False,0.015700000000000002,0.2216541412611054,13.077744947307238,12.99151569309889,22.260965009116063,0.18282345683225082,18.37071693323015,3.890248075885914,Normal (15-25)
2021-10-29,150.8153533935547,152.9015091546472,150.37149161847853,151.96051081319317,8140100,False,16.260000228881836,False,1.55,False,-0.0027590054867331,-0.002762818557508,0.2109697261133701,149.3452995300293,144.3766003417969,0.0226394678378449,-0.02,-0.0163339653084106,-0.3863322771502027,False,False,False,0.0155,0.2109697261133701,12.218092562361193,12.569040950930656,21.165820303057764,0.18293396112101268,18.360328172635427,2.805492130422337,Normal (15-25)
2021-11-01,150.7355194091797,152.98145976988548,150.03420994971995,152.72401225595004,7435500,False,16.40999984741211,False,1.58,False,-0.0005293491848052,-0.0005294893395477,0.2109001341555911,149.51618881225585,144.6607925415039,0.0232000965341445,0.03,0.0092250686604442,-0.418612124798462,False,False,False,0.0158,0.2109001341555911,12.19219602715323,12.576838539178993,21.15047332283372,0.18788698945662033,18.84879800133003,2.301675321503687,Normal (15-25)
2021-11-02,151.3302459716797,152.413269867337,149.95427165713926,150.73547277416088,7173800,False,16.030000686645508,False,1.56,False,0.0039454971517733,0.0039377340906102,0.2035955817097378,149.5965263366699,144.92193572998048,0.0107314518879864,-0.02,-0.0231565608957959,-0.3692567314128227,False,False,False,0.015600000000000001,0.2035955817097378,12.064536952773352,11.897682520325588,20.460475732530185,0.1860750880673101,18.704035180273646,1.7564405522565387,Normal (15-25)
2021-11-03,151.38352966308594,151.91616933012273,150.15846655625495,151.028445582121,8402700,False,15.100000381469728,False,1.6,False,0.000352102060392,0.0003520400870084,0.2035171631431128,149.6635513305664,145.16702606201173,0.0089341029693224,0.04,-0.0580162361409352,-0.3582290754569836,False,False,False,0.016,0.2035171631431128,12.115538624848071,11.83756820878888,20.452920882858063,0.20534890297419892,20.636473682115337,-0.1835527992572743,Normal (15-25)
2021-11-04,149.39500427246094,151.09055966282864,147.79711256915726,150.91301764530465,9574200,False,15.4399995803833,False,1.53,False,-0.013135678597603,-0.0132227146489909,0.2078341850281666,149.5836555480957,145.31498962402344,-0.0105827190456402,-0.07,0.0225165026704774,-0.3720473837694352,False,False,False,0.015300000000000001,0.2078341850281666,11.289314134108864,13.057441618124827,20.803421179184532,0.20949230582430692,20.968131923642233,-0.1647107444577003,Normal (15-25)
2021-11-05,149.18197631835938,150.992926777002,148.61383367000195,149.93653336546495,7975600,False,16.479999542236328,False,1.45,False,-0.0014259376017222,-0.001426955218231,0.2078098503520347,149.4873374938965,145.44404510498046,-0.0127482117605146,-0.08,0.0673575123133007,-0.35045701576612,False,False,False,0.014499999999999999,0.2078098503520347,11.129204624669796,13.223679148162702,20.814469590302867,0.21597381295285495,21.624388597262044,-0.8099190069591771,Normal (15-25)
2021-11-08,150.07855224609375,151.72971871249374,149.7944877328828,150.06967988635157,6413700,False,17.219999313354492,False,1.51,False,0.0060099480504336,0.0059919603467793,0.1942002475924188,149.59475173950196,145.5680889892578,0.0145222810100056,0.06,0.0449028999801626,-0.2062142886274837,False,False,False,0.0151,0.1942002475924188,10.829310485883198,11.959179999245208,19.46381225635148,0.2228102901820922,22.316561059098586,-2.8527488027471044,Normal (15-25)
2021-11-09,148.94227600097656,149.5548074994686,147.89476857414357,148.5605613254457,7990300,False,17.780000686645508,False,1.46,False,-0.0075712100637401,-0.007600017169868,0.1941368792709895,149.70216751098633,145.7154684448242,0.0146349033797217,-0.05,0.0325204062497681,-0.2351011982374735,False,False,False,0.0146,0.1941368792709895,10.221987179734427,12.535858236153885,19.457807721533023,0.22454763272522765,22.46997892655087,-3.0121712050178466,Normal (15-25)
2021-11-10,148.8002166748047,149.98089061827108,148.32972427834792,148.64930529722292,6999200,False,18.729999542236328,False,1.56,False,-0.0009537878028058,-0.0009542429478231,0.16587497184012,149.9960029602051,145.8686553955078,0.0411178614304923,0.1,0.0534307547189445,-0.4831229719253722,False,False,False,0.015600000000000001,0.16587497184012,8.576131965493602,10.881038608166165,16.64241953990029,0.2245151719925298,22.444367470468244,-5.801947930567955,Normal (15-25)
2021-11-11,148.79136657714844,149.74122387123737,148.16107680416025,148.71147469687327,5815300,False,17.65999984741211,False,1.57,False,-5.947637613723522e-05,-5.947814492702892e-05,0.1583686941638429,150.17976150512695,146.02572357177735,0.0253257114497018,0.01,-0.0571275878790792,-0.3635250808841248,False,False,False,0.015700000000000002,0.1583686941638429,8.142942306988559,10.441728146427224,15.898468443683491,0.22445629765860345,22.436351500937846,-6.537883057254355,Normal (15-25)
2021-11-12,148.12554931640625,148.90675036034077,147.11354503021204,148.8268449476939,8113400,False,16.290000915527344,False,1.58,False,-0.0044748379967124,-0.0044848800531761,0.1445560874400535,150.19085693359375,146.15641510009766,0.0015003590730766,0.01,-0.0775763841292175,-0.2248926504759043,False,False,False,0.0158,0.1445560874400535,7.036572767772952,9.971076062246482,14.57673263304236,0.22694061957991987,22.678991261661523,-8.102258628619163,Normal (15-25)
2021-11-15,147.85923767089844,148.9511338841438,147.3621146322042,148.4362661266297,6492500,False,16.489999771118164,False,1.63,False,-0.0017978778592675,-0.0017994959814141,0.1447086913749107,150.19130020141603,146.29889984130858,5.996167819222187e-05,0.0499999999999998,0.0122773998987431,-0.2270986613439245,False,False,False,0.0163,0.1447086913749107,6.953227812544519,10.074103562573328,14.601000068449242,0.22991675692407396,22.96224906684442,-8.36124899839518,Normal (15-25)
2021-11-16,146.79396057128906,148.3119737377473,146.58090205187457,148.30308783344725,9706100,False,16.3700008392334,False,1.63,False,-0.0072046705798689,-0.0072307495547283,0.139470378675558,150.048819732666,146.42502075195313,-0.0190426449731371,0.0,-0.0072770729866801,-0.1607568830703719,False,False,False,0.0163,0.139470378675558,6.177261172313123,10.338879996852498,14.218861083387301,0.2299975574325531,22.99754688898208,-8.778685805594778,Normal (15-25)
2021-11-17,146.00389099121094,146.9715063941235,145.04514794724378,146.6608112839994,9909600,False,17.110000610351562,False,1.6,False,-0.0053821667935339,-0.0053967028336193,0.1293579779881069,149.7660804748535,146.54787078857422,-0.0372862621506185,-0.0299999999999998,0.0452046263397025,-0.1546620353059164,False,False,False,0.016,0.1293579779881069,5.256747385597464,10.234519060658243,13.407422514857982,0.23809652763687594,23.831916940257358,-10.424494425399375,Normal (15-25)
2021-11-18,144.74334716796875,146.34125248380784,144.30835769306057,145.93289363536465,8122500,False,17.59000015258789,False,1.59,False,-0.0086336317113498,-0.0086711174241229,0.1298715934985522,149.47979049682618,146.63333190917967,-0.0380529808604395,-0.01,0.0280537419704081,-0.2124568591031726,False,False,False,0.0159,0.1298715934985522,4.777730196559212,11.001777197920518,13.753858701109552,0.24921342274082206,24.99169698721109,-11.237838286101537,Normal (15-25)
2021-11-19,142.85250854492188,143.90890200666547,141.54755350930802,143.1898479147129,12193600,False,17.90999984741211,False,1.54,False,-0.0130633888191947,-0.0131494653387416,0.1221608151575693,148.99775619506835,146.7132727050781,-0.0632204346017137,-0.05,0.0181921371261124,-0.2938037162071206,False,False,False,0.0154,0.1221608151575693,3.6628437906954474,11.808017558316706,13.712808388171478,0.25279835988077126,25.546167474879887,-11.833359086708409,Normal (15-25)
2021-11-22,145.8973846435547,147.34436495575113,144.69007995967803,145.72871498582677,14549900,False,19.170000076293945,False,1.63,False,0.02131482414728,0.0210908404748183,0.149742945643059,148.70525131225585,146.80999084472657,-0.0385515302632307,0.0899999999999998,0.0703517721729014,-0.0541998607406513,False,False,False,0.0163,0.149742945643059,6.369982564499082,11.407528589486688,15.339525210591841,0.24515191870881545,24.511166229627293,-9.171641019035452,Normal (15-25)
2021-11-23,149.38613891601562,149.63470046131974,146.80285977133175,146.91826818364734,12354400,False,19.3799991607666,False,1.67,False,0.0239123839058827,0.0236309603647173,0.1751966343283864,148.56676712036133,147.02572143554687,-0.0182029434546863,0.04,0.0109545687864835,-0.0655169845634629,False,False,False,0.0167,0.1751966343283864,9.476390748396312,11.04651265983793,17.53553689624271,0.22646682430207737,22.6278941513989,-5.0923572551561875,Normal (15-25)
2021-11-24,148.21437072753906,150.4159219456947,147.75275056151622,149.54595641962828,9629800,False,18.57999992370605,False,1.64,False,-0.0078438883083746,-0.0078748134218467,0.1610611237310608,148.52815170288085,147.1987811279297,-0.00518374095183,-0.03,-0.0412796321828584,0.1061711477448043,False,False,False,0.016399999999999998,0.1610611237310608,8.067187687993936,10.826352582825379,16.175682352174473,0.22721943586563872,22.691935576113423,-6.51625322393895,Normal (15-25)
2021-11-26,143.74911499023438,144.38827723904143,140.98830685004748,143.93554295679928,13619300,False,28.6200008392334,False,1.48,False,-0.0301270093809804,-0.0305901535639375,0.1826377098984208,148.15397720336915,147.2837713623047,-0.0494833107662255,-0.1599999999999999,0.5403660364237894,-0.4832682677155807,False,False,False,0.0148,0.1826377098984208,7.213154068064412,14.5710220308289,18.883702150043604,0.20410108571567864,20.880838950174876,-1.9971368001312726,High (>25)
2021-11-29,143.12770080566406,146.27912292385244,141.87602057445622,144.97416788771696,12104400,False,22.959999084472656,False,1.52,False,-0.0043229078983375,-0.0043322786804562,0.1827547071074217,147.76959457397462,147.36356781005858,-0.0509739387596008,0.04,-0.1977638570506886,-0.4344877351012867,False,False,False,0.0152,0.1827547071074217,6.98464460843654,14.890508465790191,19.004885397167172,0.20426502300772978,20.986175130352315,-1.9812897331851431,Normal (15-25)
2021-11-30,140.99717712402344,142.5950827223778,140.5177986717218,141.29012761252096,18922600,False,27.190000534057617,False,1.43,False,-0.0148854740881599,-0.0149973746076173,0.1876880327488446,147.2826774597168,147.48405395507814,-0.0646054912825224,-0.09,0.1842335199588756,-0.4668096825678615,False,False,False,0.0143,0.1876880327488446,6.367503207220096,16.48784676687663,20.034351128602268,0.19727243000817996,20.878009635802925,-0.8436585072006579,High (>25)
2021-12-01,140.16268920898438,144.93864687094828,140.0827973299137,142.9235103545511,12253400,False,31.1200008392334,False,1.43,False,-0.0059184724975382,-0.0059360560688053,0.1859179194836491,146.72429962158202,147.58749725341798,-0.073795933463197,0.0,0.144538441632362,-0.4602953584199548,False,False,False,0.0143,0.1859179194836491,5.963961402066424,16.899574076827534,20.13183303154502,0.19607429695408424,21.007088887826136,-0.8752558562811146,High (>25)
2021-12-02,143.10995483398438,144.92090536361414,140.97053729865502,141.88489169754703,12969900,False,27.950000762939453,False,1.44,False,0.0210274620273986,0.0208094360072882,0.2054437954279878,146.31062088012695,147.69817657470702,-0.0546530712258787,0.01,-0.101863752917946,-0.4984806172723143,False,False,False,0.0144,0.2054437954279878,8.178942256627998,16.220380465337243,21.136541031512174,0.18029814734577274,18.825086626792423,2.3114544047197505,High (>25)
2021-12-03,140.51776123046875,143.660310327492,139.54127340792155,143.36735991705172,12681800,False,30.670000076293945,False,1.35,False,-0.0181133004096235,-0.0182793544833415,0.2095082534171077,145.86675872802735,147.66400665283203,-0.0594212844346669,-0.0899999999999998,0.0973166096281865,-0.5159651521600269,False,False,False,0.013500000000000002,0.2095082534171077,7.299648752214182,18.00671048752696,22.13245792172863,0.1838474000014514,19.893721353749903,2.2387365679787266,High (>25)
2021-12-06,142.17784118652344,144.35276169757395,141.55643726130754,142.9323982580036,11186500,False,27.18000030517578,False,1.43,False,0.0118140222383127,0.0117447814852545,0.2159785229612933,145.51655197143555,147.63021270751952,-0.0469502771359515,0.0799999999999998,-0.1137919713869098,-0.545226831040623,False,False,False,0.0143,0.2159785229612933,8.358668083168418,17.325539042295986,22.290083908438763,0.22177315731555727,22.821478587930006,-0.5313946794912425,High (>25)
2021-12-07,144.3172607421875,145.04518719467964,143.06556696729422,143.70472916955504,9851600,False,21.88999938964844,False,1.48,False,0.015047489382381,0.0149353989680948,0.2228705867940363,145.22848739624024,147.56967315673828,-0.0383885066698876,0.05,-0.1946284347362566,-0.5940698907674413,False,False,False,0.0148,0.2228705867940363,9.694644911691938,16.497451889033357,22.566340459677473,0.22819411462271688,23.071261133131124,-0.5049206734536504,Normal (15-25)
2021-12-08,142.66607666015625,144.9386470831941,142.1866982938537,144.39713510383055,11705700,False,19.89999961853028,False,1.52,False,-0.0114413485506835,-0.011507304343768,0.2246022090308792,144.91467742919923,147.49199310302734,-0.0421384680651661,0.04,-0.0909090829878787,-0.5559988682056032,False,False,False,0.0152,0.2246022090308792,9.084955270031678,17.441811768305044,22.952058925044252,0.2260139871056785,23.0830177501934,-0.13095882514914692,Normal (15-25)
2021-12-09,142.4441680908203,142.8613858183416,140.8373766211828,141.72510042855387,11189600,False,21.57999992370605,False,1.49,False,-0.0015554403298307,-0.0015566512830138,0.2245732253739671,144.596875,147.4121694946289,-0.0427153180688922,-0.03,0.0844221275065457,-0.5543599552699252,False,False,False,0.0149,0.2245732253739671,8.972310805132167,17.59029299492923,23.00160608249806,0.2274115556345899,23.264000117969786,-0.2623940354717256,Normal (15-25)
2021-12-10,141.87600708007812,143.5449184114819,141.26347556477396,143.20759261923024,10405400,False,18.690000534057617,False,1.48,False,-0.0039886575797187,-0.0039966334902113,0.2245361983917177,144.2511070251465,147.3608676147461,-0.0464768867720876,-0.01,-0.1339202687611557,-0.5352084972088584,False,False,False,0.0148,0.2245361983917177,8.723840535605525,17.911677513963156,23.107321633653434,0.2262565215408127,23.264899008287514,-0.15757737463408006,Normal (15-25)
2021-12-13,140.1893310546875,141.84937010986525,139.6211884042916,141.59193618595006,12069000,False,20.309999465942383,False,1.42,False,-0.0118883809891733,-0.0119596129081164,0.2270248204280961,143.85429611206055,147.21512298583986,-0.0535776461140167,-0.06,0.0866773079504594,-0.550757554989579,False,False,False,0.014199999999999999,0.2270248204280961,8.134269948492225,19.058642122367104,23.72669797100089,0.21978384423483427,23.08401306062954,0.6426849103713472,Normal (15-25)
2021-12-14,141.2634735107422,142.82586231088433,139.6389375511274,139.77209068487107,12563600,False,21.88999938964844,False,1.44,False,0.0076620841826804,0.0076328794999629,0.229961554978118,143.52450790405274,147.0940377807617,-0.0446084009633334,0.02,0.0777941883433106,-0.5298426958406086,False,False,False,0.0144,0.229961554978118,8.741527890811433,18.586921755830303,23.74342055376475,0.21937147687649158,22.78409161177227,0.9593289419924815,Normal (15-25)
2021-12-15,140.20704650878906,141.9026015812583,139.6832929143358,141.9026015812583,14014200,False,19.290000915527344,False,1.47,False,-0.0074784158685775,-0.0075065194215691,0.2300429326041764,143.19516220092774,146.90370880126954,-0.0448718328524225,0.03,-0.1187756302702598,-0.5067045505142552,False,False,False,0.0147,0.2300429326041764,8.32654443049519,19.159685105424487,23.96316633365265,0.21644747559457575,22.75527646630983,1.2078898673428213,Normal (15-25)
2021-12-16,142.39976501464844,143.65145870937027,140.88175149511085,142.38200674750365,19542800,False,20.56999969482422,False,1.44,False,0.0156391462516252,0.0155181150559477,0.2381373894207294,143.01495590209962,146.75084350585936,-0.0246851364857081,-0.03,0.0663555582450257,-0.4699266664368653,False,False,False,0.0144,0.2381373894207294,9.672009991548563,18.407281885721275,24.288509333357162,0.3164268563650473,31.617924765405174,-7.3294154320480125,Normal (15-25)
2021-12-17,139.15956115722656,141.4854064425323,137.75695609763275,141.4321451882775,28082000,True,21.56999969482422,False,1.41,False,-0.0227542781203926,-0.0230171520320269,0.2490538902418117,142.7357666015625,146.5141763305664,-0.0385771513509525,-0.03,0.0486144878384036,-0.459796615823513,False,False,False,0.0141,0.2490538902418117,8.884470940421927,20.82968598525659,25.929257979361797,0.3419242534383312,34.31333775086797,-8.384079771506176,Normal (15-25)
2021-12-20,136.6561737060547,137.33083876838214,134.79194872025192,137.16216911640348,15148000,False,22.8700008392334,False,1.43,False,-0.0179893313140264,-0.018153106444351,0.2525847131309851,142.42594985961915,146.22513305664063,-0.0433757509894806,0.02,0.0602689458878906,-0.4657449549863774,False,False,False,0.0143,0.2525847131309851,8.092402555717548,22.45377339863623,26.873042982257072,0.3403845863223632,34.51967083028703,-7.646627848029961,Normal (15-25)
2021-12-21,138.56478881835938,139.53240439857666,137.67706512004878,137.96114320539073,11291300,False,21.01000022888184,False,1.48,False,0.0139665487518338,0.0138699152282157,0.2447782635406022,142.05932006835937,146.03782348632814,-0.050258583065829,0.05,-0.081329275999008,-0.5349005304228036,False,False,False,0.0148,0.2447782635406022,8.452971115944472,20.87576684385226,25.654610273097116,0.3363666046476527,33.84518640472274,-8.190576131625622,Normal (15-25)
2021-12-22,139.10630798339844,139.42588907307973,137.8102389026166,138.26297313566954,7273000,False,18.6299991607666,False,1.46,False,0.0039080575206513,0.0039004409015335,0.2257505408849995,141.54532852172852,145.8840704345703,-0.0688138203933128,-0.02,-0.113279440370663,-0.5890480562825839,False,False,False,0.0146,0.2257505408849995,7.657957729426542,19.581268056769588,23.86508762390852,0.3396173134588473,34.08340221173188,-10.218314587823361,Normal (15-25)
2021-12-23,139.60342407226562,141.25459069474886,139.5590487237726,139.91413278524888,8055200,False,17.959999084472656,False,1.5,False,0.0035736415988161,0.00356727131391,0.2264481258014053,141.11478118896486,145.81766876220703,-0.0580979200127823,0.04,-0.0359635054468985,-0.5995392597218914,False,False,False,0.015,0.2264481258014053,7.908290028974925,19.28681463530394,23.772734483368495,0.33874449303052406,33.92666962563955,-10.153935142271052,Normal (15-25)
2021-12-27,140.40237426757812,140.4378772531484,138.78671073958142,139.9052511960677,6188100,False,17.68000030517578,False,1.48,False,0.0057229985626923,0.0057066844206972,0.2038925963384682,140.94744415283202,145.72339233398438,-0.0232818179289912,-0.02,-0.0155901332722755,-0.4405054603354393,False,False,False,0.0148,0.2038925963384682,7.019168372289592,17.646699440141234,21.591486408694255,0.34113296757624967,34.07636698192392,-12.484880573229663,Normal (15-25)
2021-12-28,140.82847595214844,142.1689337554261,140.33135288723983,140.4378753881238,6342300,False,17.540000915527344,False,1.49,False,0.0030348609615264,0.0030302650672508,0.204022146645531,140.83248291015624,145.58188903808593,-0.0160641499903465,0.01,-0.0079185173773698,-0.4972187891352975,False,False,False,0.0149,0.204022146645531,7.196862137495913,17.39332602419654,21.48503988938051,0.3435163580379445,34.25622732372303,-12.771187434342522,Normal (15-25)
2021-12-29,140.7574462890625,141.7073170054263,140.3934763764977,141.01489370842265,6398900,False,16.950000762939453,False,1.55,False,-0.0005043700331606,-0.0005044972705107,0.1970564443836892,140.8204963684082,145.44003051757812,-0.0017002527274008,0.06,-0.0336374071717174,-0.4421788877318317,False,False,False,0.0155,0.1970564443836892,6.827983451658021,17.00519879641132,20.852801400399837,0.34718424453048746,34.575934695837546,-13.723133295437709,Normal (15-25)
2021-12-30,140.68646240234375,142.24886494143172,140.58881224365075,141.2457327244573,6948200,False,17.329999923706055,False,1.52,False,-0.0005042993361287,-0.0005044265378058,0.1958373874769201,140.84668502807617,145.26088836669922,0.0037368945781171,-0.03,0.0224188285346544,-0.4344561074095403,False,False,False,0.0152,0.1958373874769201,6.721856749469808,17.012735700470472,20.78251068621433,0.3500593829211274,34.86268068630186,-14.080170000087527,Normal (15-25)
2021-12-31,140.571044921875,141.40549377176825,140.2248332413656,140.65980915922302,5805900,False,17.219999313354492,False,1.52,False,-0.0008203879641146,-0.0008207246664841,0.1798064574483205,140.7197395324707,145.0391357421875,-0.0177409734707459,0.0,-0.0063474097424022,-0.3937406710068872,False,False,False,0.0152,0.1798064574483205,5.83677471637678,16.24041300813427,19.421167871565043,0.35520591849039673,35.35014766671931,-15.928979795154266,Normal (15-25)
2022-01-03,143.544921875,144.37938433363047,141.60080477363516,141.91151349183633,13120900,False,16.600000381469727,False,1.63,False,0.0211556864699824,0.0209350118576683,0.1837402982606987,140.8710975646973,144.9006512451172,0.0215429040288102,0.1099999999999998,-0.0360045851688242,-0.2998811822008964,False,False,False,0.0163,0.1837402982606987,7.267646541573683,14.603476586104208,18.95509464675243,0.3519780493276699,34.860062261127396,-15.904967614374968,Normal (15-25)
2022-01-04,148.98667907714844,149.65247189183447,145.79086814841963,145.86188767412355,20195800,False,16.90999984741211,False,1.66,False,0.0379097855296277,0.0372088691454778,0.2230172892732055,141.2115394592285,144.8305209350586,0.0478895855627212,0.03,0.0186746661938892,-0.1413341305784556,True,False,False,0.0166,0.2230172892732055,12.047199435079705,14.022333682934672,22.27808590029241,0.3183309846927848,31.703711457874334,-9.425625557581924,Normal (15-25)
2022-01-05,146.26284790039062,150.3529939267181,146.21819294369067,149.87075582398552,17539400,False,19.729999542236328,False,1.71,False,-0.01828238063718,-0.0184515686370204,0.2293090954925569,141.30881881713867,144.7208282470703,0.0134813198933894,0.05,0.1667652111336823,-0.1869225356999312,False,False,False,0.0171,0.2293090954925569,11.094261687060623,15.656748668148254,22.931462655682324,0.3148046327979476,31.240298226313257,-8.308835570630933,Normal (15-25)
2022-01-06,147.8167724609375,149.4688970905359,146.3432404311652,149.0581041320163,14047500,False,19.61000061035156,False,1.73,False,0.0106241918768403,0.010568151721793,0.2270923693142574,141.56635360717777,144.63404724121094,0.0361031572561618,0.02,-0.006082054468774,-0.2528860502456983,False,False,False,0.0173,0.2270923693142574,11.738410701668286,14.753272604126536,22.660689792609467,0.3288012798732043,32.64926065946953,-9.988570866860066,Normal (15-25)
2022-01-07,149.28135681152344,149.6117789932496,147.40595747210386,147.95071528960912,13913300,False,18.76000022888184,False,1.76,False,0.0099081066796595,0.0098593432284341,0.2284395922738944,141.9082130432129,144.63994079589844,0.0479990779007801,0.03,-0.0433452501281936,-0.2581389069014478,False,False,False,0.0176,0.2284395922738944,12.576616180313053,14.116402501429391,22.804137724233964,0.3259374725866959,32.454378380523536,-9.650240656289572,Normal (15-25)
2022-01-10,149.42428588867188,151.20143659797546,147.82572781521154,150.98711453353607,12922500,False,19.39999961853028,False,1.78,False,0.0009574476023077,0.0009569895417082,0.2272637677771577,142.28562698364257,144.6037744140625,0.0532033496286183,0.02,0.0341151056417969,-0.3309212896611061,False,False,False,0.0178,0.2272637677771577,12.594968233296768,13.965643555162913,22.688935201466656,0.335692066861425,33.424933926663044,-10.735998725196389,Normal (15-25)
2022-01-11,149.57608032226562,150.49591538758978,148.52228035920214,150.2637150155545,11854100,False,18.40999984741211,False,1.75,False,0.0010158618640268,0.0010153462255455,0.2208077434733002,142.75496444702148,144.5789889526367,0.0669576578827984,-0.03,-0.0510309170404597,-0.2727113599051292,False,False,False,0.0175,0.2208077434733002,12.278723952983896,13.54531348424564,22.05843471335639,0.3364399076629772,33.51807161812013,-11.459636904763741,Normal (15-25)
2022-01-12,150.42446899414062,151.45146506821953,149.29922381974978,150.442333705723,12568000,False,17.6200008392334,False,1.74,False,0.0056719541657137,0.0056559292003759,0.2204033840643704,143.2130142211914,144.57276794433594,0.0648504192607284,-0.01,-0.0429114076440234,-0.3083965532565619,False,False,False,0.0174,0.2204033840643704,12.690697372245978,13.143177695595256,22.060717911651025,0.3347504989630207,33.433382633683436,-11.372664722032411,Normal (15-25)
2022-01-13,150.23696899414062,151.64798184637473,149.93333693938789,150.33520449735903,13623400,False,20.309999465942383,False,1.7,False,-0.0012464727397993,-0.0012472502330948,0.21747530012005,143.714510345459,144.55090240478515,0.0715365078653362,-0.04,0.1526673381717058,-0.4039532391989691,False,False,False,0.017,0.21747530012005,12.39507313667933,13.089712037892966,21.763621414295454,0.33616897825681735,33.562498860567125,-11.798877446271671,Normal (15-25)
2022-01-14,141.00283813476562,143.80699816639134,140.11871890717197,143.5658722630873,40158400,True,19.190000534057617,False,1.78,False,-0.0614637723404493,-0.0634338220388503,0.3122082419575208,143.64466400146483,144.34328857421875,-0.0098098959625327,0.08,-0.0551451975054395,-0.1794957043533479,True,False,False,0.0178,0.3122082419575208,13.29109686050895,22.88926851215112,31.195909782875763,0.25540951391308153,25.94388678776013,5.2520229951156345,Normal (15-25)
2022-01-18,135.09091186523438,139.1185396382745,134.43897924786577,139.1185396382745,32324800,True,22.790000915527344,False,1.87,False,-0.0419277111562877,-0.0428320457748875,0.3369322028605904,143.44123153686525,144.0572067260742,-0.0292372960805424,0.09,0.1875977217968596,-0.3457833504641787,True,False,False,0.0187,0.3369322028605904,12.019075309955241,27.2604591204301,34.237640237688254,0.21014970362432953,23.621867570876528,10.615772666811726,Normal (15-25)
2022-01-19,133.00115966796875,135.94821032516654,132.66181189960528,135.3588110951531,22380000,False,23.850000381469727,False,1.83,False,-0.0154692285988146,-0.0155901255242854,0.3353882683872876,143.25848083496095,143.7335903930664,-0.0267460586592144,-0.04,0.0465116026046397,-0.3388717042880699,False,False,False,0.0183,0.3353882683872876,11.047510068488947,28.38941792756711,34.57468342140977,0.20065272987848123,23.85936047791147,10.715322943498304,Normal (15-25)
2022-01-20,131.8670196533203,134.5014995118015,131.59910344486124,133.05477106362076,14860800,False,25.59000015258789,False,1.83,False,-0.0085272941790865,-0.0085638595697123,0.3314328037381822,142.923592376709,143.36935974121093,-0.0483367327454233,0.0,0.0729559640791477,-0.317584232349464,False,False,False,0.0183,0.3314328037381822,10.391586132862237,28.841514023726944,34.52629308556138,0.21708793761150627,25.575052377413723,8.951240708147655,High (>25)
2022-01-21,129.56292724609375,131.7330193351979,128.83956321639238,131.7240937938021,20705400,False,28.850000381469727,False,1.75,False,-0.0174728481259685,-0.0176273001253765,0.3348248141602619,142.44642333984376,142.9817727661133,-0.068604945926993,-0.08,0.1273935212756205,-0.3449996693528946,False,False,False,0.0175,0.3348248141602619,9.633758218345989,30.452584881883894,35.51507443981122,0.20547619127516004,26.05134167384659,9.463732765964632,High (>25)
2022-01-24,129.4468536376953,129.92016633763484,124.64228141213016,127.0624254247593,28471400,True,29.89999961853028,False,1.75,False,-0.0008958859672718,-0.000896287512949,0.3339769508110681,141.93859481811523,142.59470550537108,-0.0727530180729146,0.0,0.0363951203874146,-0.3365600274268561,False,False,False,0.0175,0.3339769508110681,9.548934079912847,30.481161101083927,35.48342848478329,0.20568567749865094,26.12978213397852,9.35364635080477,High (>25)
2022-01-25,130.8578643798828,131.14364528059966,125.73178189423707,128.2858907805646,18915900,False,31.15999984741211,False,1.78,False,0.0109003092971013,0.0108413291399424,0.3363816718681655,141.46136932373048,142.2360354614258,-0.0679796900692394,0.03,0.0421404764199715,-0.3175633405732357,False,False,False,0.0178,0.3363816718681655,10.219577851685685,29.729077908263477,35.24074079366699,0.21906003834654497,26.244611301181322,8.996129492485665,High (>25)
2022-01-26,132.0991668701172,134.4657434381481,130.34880693573797,132.81360533644312,20709100,False,31.959999084472656,False,1.85,False,0.0094858837572868,0.0094411752725772,0.3387631567909165,141.0249038696289,141.9155078125,-0.0619853976478261,0.07,0.0256739165910806,-0.3121675863309396,False,False,False,0.018500000000000003,0.3387631567909165,10.860204146892514,29.053878275046543,35.06241597568025,0.2391043389128453,27.077269199059,7.985146776621253,High (>25)
2022-01-27,129.76834106445312,134.29608485842846,128.71455471405014,133.43875583246762,17536800,False,30.489999771118164,False,1.81,False,-0.0176445155627346,-0.0178020356887435,0.3425480766580352,140.47544860839844,141.55368988037108,-0.0780712176465742,-0.04,-0.0459949735752236,-0.2636557589051203,False,False,False,0.0181,0.3425480766580352,10.11160056190667,30.641332046141272,36.02707809083948,0.2456712040684357,28.61014900365623,7.416929087183252,High (>25)
2022-01-28,130.92930603027344,131.06325730708755,126.96418471517951,128.76813912804664,14117000,False,27.65999984741211,False,1.78,False,0.0089464422238678,0.0089066599070444,0.3453963295766367,139.98759078979492,141.23639678955078,-0.0693539108558022,-0.03,-0.0928173153476632,-0.2905967011448704,False,False,False,0.0178,0.3453963295766367,10.693958235765372,30.13366198966952,35.95917823542696,0.28782459228761337,31.33135595268559,4.62782228274137,High (>25)
2022-01-31,132.70645141601562,132.87611846705255,129.1967785653274,130.06303303761217,13985700,False,24.82999992370605,False,1.79,False,0.0135733201345409,0.01348202779058,0.3505399430803899,139.59436111450196,140.97044799804686,-0.0559474642180419,0.01,-0.1023138083629033,-0.327035024825317,False,False,False,0.0179,0.3505399430803899,11.678133524438984,29.36688608223561,35.94965057096192,0.3097790069723475,32.53566695773266,3.413983613229263,Normal (15-25)
2022-02-01,134.98374938964844,135.26953033704814,132.43857925744965,132.78686627035202,14584900,False,21.959999084472656,False,1.81,False,0.0171604164630536,0.0170148395961584,0.3472140741572014,139.1663024902344,140.77525604248046,-0.0596410682699503,0.02,-0.1155860188502581,-0.3498156105279765,False,False,False,0.0181,0.3472140741572014,12.480549384109302,27.914986792105722,35.190468318626,0.3132119672559025,32.24118715270161,2.94928116592439,Normal (15-25)
2022-02-02,133.9031219482422,134.7961666312351,132.2331327516152,134.40322479043334,12441100,False,22.09000015258789,False,1.78,False,-0.0080056113887225,-0.0080378283551205,0.3122351728470913,138.41212463378906,140.59626831054686,-0.1012409782024583,-0.03,0.005919903166442,-0.3889656226800909,False,False,False,0.0178,0.3122351728470913,10.214609728551636,26.74898648103033,32.43273571662679,0.31307716040149797,32.50394150350333,-0.07120578687653989,Normal (15-25)
2022-02-03,132.79576110839844,135.43024058418234,132.42960946425285,133.9567220918846,12474900,False,24.350000381469727,False,1.82,False,-0.0082698657337636,-0.0083042507777468,0.3086453782617643,137.73877029418946,140.33423583984376,-0.0920745560838777,0.04,0.1023087466396903,-0.3597439535182512,False,False,False,0.0182,0.3086453782617643,9.612554486446236,27.169859175401427,32.396325135844876,0.32474433156931737,33.736649089218375,-1.340323953373499,Normal (15-25)
2022-02-04,136.24295043945312,137.08241496545568,132.85831570091273,133.15302220217657,16654400,False,23.21999931335449,False,1.93,False,0.02595857956822,0.0256273751424469,0.3231582548124886,137.16007919311522,140.0713720703125,-0.0782984354806076,0.1099999999999998,-0.0464066139799802,-0.3850366088220042,False,False,False,0.019299999999999998,0.3231582548124886,11.821594940805014,25.849166231475422,32.780580851482526,0.3252648323169581,32.966333460538195,-0.18575260905566893,Normal (15-25)
2022-02-07,136.69839477539062,137.18955858833567,134.71583392905356,136.87700103707832,12572300,False,22.86000061035156,False,1.92,False,0.0033428836829241,0.0033373086682274,0.3202738690430071,136.5309310913086,139.84105255126954,-0.0842902443070606,-0.01,-0.0155038205705666,-0.3742782516242818,False,False,False,0.0192,0.3202738690430071,11.861813005357021,25.459143151117615,32.44987567571884,0.3224092440003884,32.639119071968864,-0.18924339625002062,Normal (15-25)
2022-02-08,139.2703399658203,141.52974231914467,138.2433438513212,138.4219500938276,20411400,False,21.440000534057617,False,1.96,False,0.018814743177165,0.0186399351385662,0.3302032258846128,136.02323379516602,139.75147705078126,-0.0679537858418593,0.04,-0.0621172370245227,-0.4080798632002455,False,False,False,0.0196,0.3302032258846128,13.56231433097431,24.588085639844522,32.95506579491915,0.3526386931910027,35.014524162868156,-2.0594583679490057,Normal (15-25)
2022-02-09,139.85079956054688,140.59201463865574,139.1542258141269,139.841860392785,9131100,False,19.959999084472656,False,1.94,False,0.0041678622660719,0.0041592007863667,0.3309387055830181,135.53696975708007,139.6859390258789,-0.0650189571806225,-0.02,-0.0690299166380133,-0.4129372653674075,False,False,False,0.0194,0.3309387055830181,13.861023917343651,24.349124660737374,32.97092532034675,0.3500178753913158,34.73232396494484,-1.7613986445980885,Normal (15-25)
2022-02-10,139.2703399658203,142.02091970612452,138.61842104861955,139.90440779751842,16455600,False,23.90999984741211,False,2.03,False,-0.0041505632899528,-0.0041592007863668,0.3293004469041307,134.97926330566406,139.65140228271486,-0.0741510281067024,0.0899999999999998,0.1978958388836926,-0.3673061570002767,False,False,False,0.0203,0.3293004469041307,13.548893484360264,24.47173878426014,32.838485661492136,0.35311395345909075,35.02503361411624,-2.186547952624103,Normal (15-25)
2022-02-11,137.45745849609375,141.27076373285513,136.60906863358164,138.96670643795582,16830000,False,27.36000061035156,False,1.92,False,-0.0130169960823781,-0.0131024596385395,0.3308146359222834,134.3402877807617,139.59729766845703,-0.0850623557144931,-0.1099999999999998,0.1442911244231086,-0.4072245254805307,False,False,False,0.0192,0.3308146359222834,12.753885128285084,25.60963328498042,33.26670209319207,0.359398027150595,35.84011882690899,-2.5734167337169183,High (>25)
2022-02-14,136.18043518066406,137.24314727031302,134.242529191137,136.394757256728,17026500,False,28.32999992370605,False,1.98,False,-0.0092903166507037,-0.0093337408011006,0.2540064067586079,134.09916763305665,139.45870727539062,-0.0342007509770297,0.06,0.0354531904866806,-0.6988901529188726,False,False,False,0.019799999999999998,0.2540064067586079,8.225649397418309,22.24074818935661,26.768268801934116,0.3709709424546258,37.005808633440346,-10.23753983150623,High (>25)
2022-02-15,138.17189025878906,139.26140598689534,137.39494565622124,137.98434485810958,9500000,False,25.700000762939453,False,2.05,False,0.0146236504199963,0.0145177559714203,0.2105783168810426,134.2532165527344,139.41178985595704,0.0228067036561885,0.0699999999999998,-0.0928344217384151,-0.6449699925306535,False,False,False,0.020499999999999997,0.2105783168810426,6.782355305680689,18.748958100552443,22.454130892312882,0.4062681259876643,39.97373268308321,-17.51960179077033,High (>25)
2022-02-16,138.42196655273438,139.4043214434998,137.29673482704487,137.29673482704487,9076500,False,24.290000915527344,False,2.03,False,0.0018098926885703,0.0018082568063483,0.2011455365004527,134.52425689697264,139.33667236328125,0.0407575911240054,-0.02,-0.0548638056635932,-0.6395496630938071,False,False,False,0.0203,0.2011455365004527,6.381003738662805,18.13268385965462,21.58877601601055,0.41063132138563097,40.36862384799356,-18.779847831983012,Normal (15-25)
2022-02-17,135.23377990722656,137.28778586067935,134.5550707027151,136.63586691247866,11367500,False,28.11000061035156,False,1.97,False,-0.0230323750262081,-0.0233017646697827,0.2172329023398164,134.69259490966795,139.15500274658203,0.0255314805988449,-0.0599999999999998,0.1572663462677057,-0.6829864974669809,False,False,False,0.0197,0.2172329023398164,6.031301859479747,20.98596049394648,24.050162384062183,0.4051345339199654,40.16961857350134,-16.119456189439155,High (>25)
2022-02-18,135.86782836914062,137.65391787767504,134.9658580729721,135.85890282723932,11733300,False,27.75,False,1.92,False,0.0046885361212933,0.004677579170505,0.2057012132496462,135.00783996582032,139.01903778076172,0.048662848679478,-0.05,-0.0128068517443926,-0.6506510943465696,False,False,False,0.0192,0.2057012132496462,5.66230538982191,20.071073456798302,22.929687680528094,0.40388790514028305,40.01663479811265,-17.086947117584554,High (>25)
2022-02-22,135.626708984375,136.8501896226984,134.32287121151697,134.49255190326284,11333500,False,28.809999465942383,False,1.94,False,-0.0017746613577316,-0.0017762379347352,0.2059148081683217,135.31683273315429,138.88268859863285,0.0477404832409158,0.02,0.0381981789528786,-0.6514014823342551,False,False,False,0.0194,0.2059148081683217,5.599699628371809,20.214607392087586,23.024637246034924,0.41376917364809623,40.913850301872195,-17.88921305583727,High (>25)
2022-02-23,132.7868194580078,136.90375609595887,132.14382617982338,136.74300096302238,11799000,False,31.020000457763672,False,1.99,False,-0.0209390137653074,-0.0211613439743841,0.2191050401440859,135.41328048706055,138.7009048461914,0.0147408418077588,0.05,0.0767095117246994,-0.6887549671612371,False,False,False,0.0199,0.2191050401440859,5.325198909692794,22.641051059234485,25.16964395847484,0.4131804416210771,41.182468013070164,-16.012824054595324,High (>25)
2022-02-24,129.089599609375,129.4825414135197,124.82977305339416,127.65179725881598,25655100,True,30.31999969482422,False,1.96,False,-0.0278432743831327,-0.0282382471729542,0.2387175737138072,135.26280212402344,138.47891021728515,-0.0227826361971023,-0.03,-0.0225661106579467,-0.6141065818397288,False,False,False,0.0196,0.2387175737138072,5.078856712209671,26.050899299459942,28.30740860935737,0.4034190798084014,41.05294855345612,-12.745539944098748,High (>25)
2022-02-25,132.14385986328125,134.07284018953146,129.4111445478189,129.71477655469602,18367700,False,27.59000015258789,False,1.97,False,0.0236600025342741,0.023384442708435,0.2455484840870098,135.38157806396484,138.29651794433593,0.0183058423906972,0.01,-0.0900395636449281,-0.6930472920699133,False,False,False,0.0197,0.2455484840870098,6.3514106966290385,24.324826504892812,27.452372977238266,0.3947521883657945,39.711323543426914,-12.258950566188648,High (>25)
2022-02-28,126.63375091552734,129.54507195558378,125.8121513636117,128.19657926061055,31315300,True,30.14999961853028,False,1.83,False,-0.0416978053573944,-0.0425921074935365,0.2862939116346365,135.16680030822755,138.0250520324707,-0.0328082019601698,-0.1399999999999999,0.0927872218841674,-0.6843992125877388,True,False,False,0.0183,0.2862939116346365,6.388705845105221,29.951376887876535,32.88753951849732,0.3655505414967832,38.7745822851052,-5.887042766607877,High (>25)
2022-03-01,121.8559341430664,125.45490282631904,119.29290047642895,125.06196101816988,36840400,True,33.31999969482422,False,1.72,False,-0.0377294105080093,-0.0384595898094848,0.3075697514237633,134.62427444458007,137.61417541503906,-0.0817632990496777,-0.1100000000000001,0.1051409657181439,-0.6853775601284481,True,False,False,0.0172,0.3075697514237633,5.828343598523684,34.22089228084887,36.68870716585046,0.3366479266172108,38.59942887047487,-1.9107217046244074,High (>25)
2022-03-02,124.38326263427734,125.06197168922338,121.99883496058663,122.6060988055204,19405600,False,30.739999771118164,False,1.86,False,0.0207402988535929,0.0205281472327262,0.3110904644751737,134.09425010681153,137.31864944458007,-0.0785315773439615,0.1400000000000001,-0.0774309708084066,-0.6832783289971759,False,False,False,0.018600000000000002,0.3110904644751737,6.781172426128613,32.49832417763092,35.59290711649038,0.3297466244241762,36.90256700684955,-1.3096598903591712,High (>25)
2022-03-03,123.49915313720705,125.9014457077426,122.40071190437568,124.88337523241027,16640800,False,30.479999542236328,False,1.86,False,-0.0071079458630204,-0.0071333276566733,0.3109495152685748,133.57405166625978,137.05550903320312,-0.0776977314618295,0.0,-0.0084580426420861,-0.6811974237848811,False,False,False,0.018600000000000002,0.3109495152685748,6.50036831511715,33.08126794641743,35.98402950239466,0.34684644573142304,38.47956343566872,-2.4955339332740607,High (>25)
2022-03-04,120.02521514892578,120.9361246564756,118.23912555666924,120.50746696983305,21016000,False,31.979999542236328,False,1.74,False,-0.0281292454242316,-0.0285324519062467,0.3224688204033643,132.93552436828614,136.68471755981446,-0.0961668192785786,-0.1200000000000001,0.0492125991642959,-0.682092899670511,False,False,False,0.0174,0.3224688204033643,5.915660203434925,36.0672797660465,38.53784534630421,0.33218182363037974,39.15100357002389,-0.6131582237196795,High (>25)
2022-03-07,115.3903350830078,118.4981274537443,115.1581346927798,118.03374030007176,27560100,True,36.45000076293945,True,1.78,False,-0.0386158863382755,-0.0393812478300895,0.3221207928539323,131.89289360046388,136.21039810180665,-0.1530546372431379,0.04,0.1397748994586303,-0.7074368515739242,True,False,True,0.0178,0.3221207928539323,4.683820841682245,39.30462292607508,41.027582357336186,0.29727122844341786,39.7344599543443,1.2931224029918837,High (>25)
2022-03-08,114.5776596069336,117.69437748374008,113.65781766709829,115.77433646293828,19207800,False,35.130001068115234,False,1.86,False,-0.0070428383407465,-0.0070677561905426,0.319336175920274,130.786856842041,135.7098828125,-0.161821469848301,0.08,-0.0362139826390985,-0.6971459614877942,False,False,True,0.018600000000000002,0.319336175920274,4.407640550890722,39.70456590857496,41.27860228234259,0.29970265114657907,40.28494065855651,0.9936616237860818,High (>25)
2022-03-09,119.16790008544922,120.7753834480156,118.27485528699926,118.6856482632882,17536200,False,32.45000076293945,False,1.94,False,0.0400622642691668,0.0392805808507584,0.3508726462428018,129.78173484802247,135.28519332885742,-0.1443411417341598,0.0799999999999998,-0.0762880792397188,-0.694807562766363,True,False,False,0.0194,0.3508726462428018,6.877455430470434,37.57211500949434,40.56877076840149,0.270755483060743,35.81026645225153,4.75850431614996,High (>25)
2022-03-10,117.7568817138672,119.17681960117044,116.38159878958471,117.7568817138672,15604200,False,30.229999542236328,False,1.98,False,-0.0118405910532135,-0.0119112491611475,0.3483859965591756,128.6770389556885,134.8237614440918,-0.1579820631423301,0.04,-0.0684129789987108,-0.6609233443009933,False,False,True,0.019799999999999998,0.3483859965591756,6.368098243145742,38.382444071817574,41.05641993587108,0.2675519410168106,36.50161861018854,4.55480132568254,High (>25)
2022-03-11,115.10455322265624,119.73945829730503,114.68482104188722,118.3195202185928,20061800,False,30.75,False,2.0,False,-0.0225237663617464,-0.0227813008317434,0.3515517825998917,127.46874961853028,134.3107035827637,-0.1735171088768422,0.02,0.0172014709109453,-0.7529219386331033,False,False,True,0.02,0.3515517825998917,5.7494749543275425,40.3256555214021,42.60248363017547,0.260523800765079,37.96756756844415,4.634916061731317,High (>25)
2022-03-14,116.24763488769533,118.70350798009756,115.40817063218913,115.6135807384728,15786900,False,31.770000457763672,False,2.14,False,0.0099308118839394,0.009881825421516,0.3576741184651582,126.40825843811037,133.8219270324707,-0.1543010022188149,0.1400000000000001,0.0331707465939405,-0.7647553871233311,False,False,True,0.021400000000000002,0.3576741184651582,6.342244277367868,39.59597139488719,42.224596373754686,0.25961203734203586,36.95809008943988,5.266506284314808,High (>25)
2022-03-15,118.31058502197266,119.26614960974987,117.10498257809589,117.70332102833702,15096600,False,29.82999992370605,False,2.15,False,0.0177461686534121,0.0175905438676183,0.3691736719039858,125.51476593017578,133.37671783447266,-0.1312218611651837,0.0099999999999997,-0.0610639126882209,-0.7767912734168879,False,False,False,0.0215,0.3691736719039858,7.430166518654541,38.65377291023472,41.952483074880874,0.25585927429736804,35.369626483093555,6.582856591787319,High (>25)
2022-03-16,123.59741973876952,123.67780414329846,120.05203007924632,120.44497205059672,20354900,False,26.670000076293945,False,2.19,False,0.0446860668960007,0.0437164258297251,0.4058587876220934,124.7860424041748,132.97776779174805,-0.1054807203746166,0.04,-0.1059336190242775,-0.7921709597418848,True,False,False,0.0219,0.4058587876220934,10.901824658340843,36.90164355291819,42.51963000390218,0.22472720407957486,30.293559480253332,12.226070523648847,High (>25)
2022-03-17,125.16024780273438,125.19597723273596,121.38267137376688,122.22213583060076,17050500,False,25.670000076293945,False,2.2,False,0.012644503965115,0.0125652297805775,0.4101570494999084,124.1229564666748,132.50123916625978,-0.0958064610716804,0.0100000000000002,-0.0374953129786027,-0.7987329422951563,False,False,False,0.022000000000000002,0.4101570494999084,11.714799512381724,36.173108953477126,42.389502351968176,0.21686291017335121,28.87062833754619,13.518874014421986,High (>25)
2022-03-18,125.11558532714844,125.78536894533065,123.65099236046132,125.19595609090248,23656500,False,23.8700008392334,False,2.14,False,-0.0003568423390813,-0.0003569060224592,0.4045789552433185,123.6170467376709,132.07829391479493,-0.0748200234218066,-0.06,-0.0701207336077428,-0.8102156065707401,False,False,False,0.021400000000000002,0.4045789552433185,11.410560579857695,36.00057192957527,42.0135957602047,0.23176629253872436,29.816939940559273,12.196655819645429,Normal (15-25)
2022-03-21,124.71368408203124,125.70496422166993,123.89208461183765,125.33882625930892,12676100,False,23.530000686645508,False,2.32,False,-0.0032122396587629,-0.0032174099757427,0.4034097090908882,123.05933952331544,131.6162321472168,-0.0820955513972342,0.1799999999999997,-0.0142438265870965,-0.81088771445424,False,False,False,0.0232,0.4034097090908882,11.265842924243287,35.98445379823018,41.897952751019304,0.24753274827716676,30.814081303688962,11.083871447330342,Normal (15-25)
2022-03-22,127.36604309082033,128.5359295808572,126.56230823367832,127.05348559161268,13548600,False,22.940000534057617,False,2.38,False,0.0212675860577133,0.0210445871737627,0.4132425688742811,122.6463062286377,131.17792587280277,-0.0609073681387222,0.06,-0.0250743788937816,-0.8133549674715468,False,False,False,0.023799999999999998,0.4132425688742811,12.828629727534697,34.868057488350274,41.94747683685153,0.23251353503657712,28.371419490477916,13.576057346373613,Normal (15-25)
2022-03-23,124.8298110961914,126.44622013394346,124.31184343530798,125.90146221704735,12093200,False,23.56999969482422,False,2.32,False,-0.0199129370205873,-0.0201138714886277,0.4126613477788293,122.24845581054689,130.68603637695313,-0.0599231790797784,-0.06,0.027462909594587,-0.8144066166275311,False,False,False,0.0232,0.4126613477788293,11.747806140364922,36.352964480926346,42.58323087268988,0.22493571801885318,29.402859271986042,13.18037160070384,Normal (15-25)
2022-03-24,125.64247131347656,125.6603360244383,124.23145893670016,125.29418439702287,10017600,False,21.670000076293945,False,2.34,False,0.0065101453743203,0.0064890459021689,0.4028711527912048,122.07609939575195,130.20736419677735,-0.0267033773931396,0.02,-0.0806109309771224,-0.8382488851362311,False,False,False,0.023399999999999997,0.4028711527912048,11.613044771476304,35.394949908079155,41.580904587629576,0.2399674601518256,29.81312231212495,11.767782275504626,Normal (15-25)
2022-03-25,126.74091339111328,127.86614490692877,125.7407075992773,125.99968458938416,8383500,False,20.809999465942383,False,2.48,False,0.0087426016549461,0.0087046064040692,0.3941227475401099,121.80595207214355,129.7336930847168,-0.0408868522363276,0.1400000000000001,-0.0396862301487652,-0.8301945527112734,False,False,False,0.0248,0.3941227475401099,11.686313939795063,34.190075320078364,40.49259524839467,0.23531365615872238,28.787616704639976,11.704978543754695,Normal (15-25)
2022-03-28,125.8031997680664,125.89250968681908,123.15085597712148,125.0262552566839,10818100,False,19.6299991607666,False,2.46,False,-0.0073986654976452,-0.007426171378406,0.3658527523746901,121.76442451477052,129.24501770019532,-0.006558687091366,-0.02,-0.0567035240489538,-0.7836660395185261,False,False,False,0.0246,0.3658527523746901,9.969589108156939,33.41873603281296,38.56542184757656,0.25119387221426237,30.32532578347943,8.24009606409713,Normal (15-25)
2022-03-29,126.08006286621094,128.2412433516535,125.24061217045993,128.0179821436087,11316500,False,18.89999961853028,False,2.41,False,0.00220076356289,0.0021983454299361,0.3377224608909405,121.97563095092774,128.94656219482422,0.0346649406354322,-0.0499999999999998,-0.0371879558556138,-0.739938078119279,False,False,False,0.0241,0.3377224608909405,8.740169965774605,31.992025935652805,36.37243936793452,0.2501089649598198,30.159341036284133,6.213098331650386,Normal (15-25)
2022-03-30,125.50847625732422,126.91948829498467,124.94586745167182,126.72301740197004,8771000,False,19.32999992370605,False,2.35,False,-0.0045335209698718,-0.0045438285409215,0.3308882822979528,122.03189163208008,128.754913482666,0.0090463427250282,-0.06,0.0227513393573925,-0.7254089499766154,False,False,False,0.0235,0.3308882822979528,8.20323713516926,32.10139899232564,36.12103743414286,0.2629106268107006,31.34681139231224,4.774226041830623,Normal (15-25)
2022-03-31,121.73988342285156,125.33885316482775,121.68628928406396,124.8744660161518,17353900,False,20.559999465942383,False,2.32,False,-0.030026600169586,-0.0304866307159652,0.3475994153327028,121.94392814636232,128.52968795776368,-0.0142451965836635,-0.0300000000000002,0.0636316372007781,-0.7523799171275096,False,False,False,0.0232,0.3475994153327028,7.667803493700049,35.29172646174314,38.84614311989341,0.2658621013791695,33.591288332001135,5.254854787892278,Normal (15-25)
2022-04-01,120.83788299560548,122.71328242214666,119.48939032815098,122.7043432535026,15721300,False,19.6299991607666,False,2.39,False,-0.0074092433957166,-0.0074368281789433,0.3332320489444776,121.98456153869628,128.30910522460937,0.0067708093309506,0.0700000000000002,-0.0452334790531646,-0.7178731728598141,False,False,False,0.0239,0.3332320489444776,6.790359882429993,35.19295347917898,38.20750786949809,0.2713197888501848,34.355323899478904,3.8521839700191833,Normal (15-25)
2022-04-04,121.37371826171876,122.29355328695424,118.67671923414052,119.775160488462,17416400,False,18.56999969482422,False,2.42,False,0.0044343317909067,0.0044245291099009,0.2994563764576273,122.28373069763184,128.14532104492187,0.0518534171376374,0.0299999999999998,-0.0539989562536989,-0.631832610809053,False,False,False,0.0242,0.2994563764576273,5.562759554247254,33.39792785937409,35.73275940668891,0.28556754934302603,34.870460980316196,0.8622984263727176,Normal (15-25)
2022-04-05,119.96125030517578,121.81455681141192,119.66435939964433,120.61801521489215,12110300,False,21.030000686645508,False,2.54,False,-0.0116373460150349,-0.0117055898945937,0.3018730164331759,122.55291023254397,127.95560897827148,0.0469863908611063,0.1200000000000001,0.1324717841813931,-0.5962523486435914,False,False,False,0.0254,0.3018730164331759,5.300118922835271,34.339634218581324,36.500237084265606,0.31287686108422746,37.17889562497648,-0.6786585407108703,Normal (15-25)
2022-04-06,118.29686737060548,119.2595010626264,117.82004637523085,118.37783386541516,12914700,False,22.100000381469727,False,2.61,False,-0.0138743380077832,-0.0139714862605129,0.2720221851252173,122.50935859680176,127.70438903808594,-0.0073092897854133,0.0699999999999998,0.0508796795001387,-0.5938964247285706,False,False,False,0.026099999999999998,0.2720221851252173,3.779435119258018,34.34267076108728,35.68470621752244,0.3209515645436048,38.46720911207852,-2.7825028945560817,Normal (15-25)
2022-04-07,117.93699645996094,118.68371951851184,115.81378804281272,117.81104399995166,12994200,False,21.549999237060547,False,2.66,False,-0.0030421000880532,-0.0030467366802321,0.2688144978644994,122.51836433410644,127.42114562988282,0.0015295475174978,0.0500000000000002,-0.0248869291816999,-0.6455065336123522,False,False,False,0.026600000000000002,0.2688144978644994,3.5973163220946986,34.43908525255979,35.68835556766323,0.32098693173706083,38.60875455907819,-2.920398991414963,Normal (15-25)
2022-04-08,120.09620666503906,120.46505863888925,118.29687785055056,118.4588108545156,13126900,False,21.15999984741211,False,2.72,False,0.0183081668169424,0.0181425902133492,0.2619984986822309,122.76794700622558,127.22770294189452,0.0433662553098752,0.06,-0.0180974201139523,-0.625752060836275,False,False,False,0.027200000000000002,0.2619984986822309,3.8622338570824617,32.506909325396435,33.92238851863186,0.31372048659576124,36.98734577744325,-3.06495725881139,Normal (15-25)
2022-04-11,119.65535736083984,121.36471411773648,119.26850828352292,119.65535736083984,10466400,False,24.3700008392334,False,2.79,False,-0.0036708012387834,-0.0036775551629254,0.2611594040869875,122.9383331298828,127.00222396850586,0.0293143381062044,0.0699999999999998,0.1517013712178205,-0.5903044022769629,False,False,False,0.0279,0.2611594040869875,3.7458083463958296,32.71903333615147,34.07077681448473,0.32169107341612513,37.64298888994725,-3.5722120754625166,Normal (15-25)
2022-04-12,118.34185028076172,121.07683777078546,117.5861354721194,118.8816544171002,12989900,False,24.26000022888184,False,2.72,False,-0.0109774197248605,-0.0110381161992899,0.2574435363357877,122.93989639282226,126.7149319458008,0.0002642642565182,-0.0699999999999998,-0.0045137712992798,-0.5686796156362866,False,False,False,0.027200000000000002,0.2574435363357877,3.3073095568606234,33.66593743983702,34.78413979834265,0.32107036265957534,38.34055742102993,-3.5564176226872775,Normal (15-25)
2022-04-13,114.52727508544922,116.28161783135096,113.36670724435488,114.20339536868362,30838000,True,21.81999969482422,False,2.7,False,-0.0322335267385338,-0.0327644674409262,0.2234484892706196,122.48638916015624,126.3058024597168,-0.0733845793260942,-0.02,-0.1005771026808469,-0.2429245716958903,False,False,False,0.027000000000000003,0.2234484892706196,1.6253187975527226,35.73986764316393,36.122659070995866,0.30451639206556597,39.613201266908405,-3.490542195912539,Normal (15-25)
2022-04-14,113.4656753540039,115.42694399903974,112.47603903374691,113.80754535125068,18835200,False,22.700000762939453,False,2.83,False,-0.0092694053067555,-0.0093126335851217,0.215577945563836,121.90166053771972,125.89705352783204,-0.0934367952607631,0.1299999999999999,0.0403300220175517,-0.2326273727390681,False,False,False,0.028300000000000002,0.215577945563836,1.3197461071070062,36.28176322924314,36.558963036344515,0.3069546555267719,40.255858668738085,-3.69689563239357,Normal (15-25)
2022-04-18,115.57089233398438,116.2726294523978,112.94386712693904,113.06082102537644,11834400,False,22.170000076293945,False,2.85,False,0.0185537782541933,0.0183837567185565,0.2306748052525325,121.42442588806152,125.55255615234375,-0.0762870026800169,0.02,-0.023348047085126,-0.234074371404361,False,False,False,0.0285,0.2306748052525325,1.9908138870440695,34.86693856201812,35.3915107647321,0.2966983065340851,38.400173159179865,-3.008662394447768,Normal (15-25)
2022-04-19,117.96399688720705,118.14394075729756,115.36396720676184,115.56189448162948,15015400,False,21.3700008392334,False,2.93,False,0.0207068103818643,0.0204953386710152,0.2466373319536333,121.08694152832032,125.18697708129883,-0.0541214642523473,0.08,-0.0360847647409786,-0.2595300099479317,False,False,False,0.029300000000000003,0.2466373319536333,2.9130358856057157,33.3345891267022,34.269892422833976,0.3127209409056961,37.82797835941783,-3.5580859365838506,Normal (15-25)
2022-04-20,118.37784576416016,120.11419150150812,118.1619213618425,119.22353251350066,13430200,False,20.31999969482422,False,2.85,False,0.0035082642829473,0.003502124679186,0.23136647623638,120.63753166198732,124.82056610107422,-0.0705698089423332,-0.08,-0.0491343520437056,-0.261624168485463,False,False,False,0.0285,0.23136647623638,2.4885408009708883,32.6223580105912,33.37354197189211,0.3151989857389519,37.8358995215185,-4.46235754962639,Normal (15-25)
2022-04-21,117.46017456054688,119.48441933462188,116.92038419079994,118.95362066631144,12174200,False,22.68000030517578,False,2.9,False,-0.0077520518952636,-0.0077822552427569,0.223865473811762,120.26904983520508,124.38436279296874,-0.0590374724669384,0.0499999999999998,0.1161417640647251,-0.2535665097029766,False,False,False,0.028999999999999998,0.223865473811762,2.111421131516302,33.068900527597464,33.65554927079782,0.3171817184477151,38.39424113320158,-4.738691862403762,Normal (15-25)
2022-04-22,114.08643341064452,117.42419417133756,113.97847808212016,117.20826978650032,14318800,False,28.209999084472656,False,2.9,False,-0.028722425813894,-0.0291429872928748,0.2385827619199392,119.69124794006348,123.86907546997072,-0.0919755699010397,0.0,0.2438271033900683,-0.3937534144390445,False,False,False,0.028999999999999998,0.2385827619199392,1.9830745597743107,36.236595650771974,36.748700114514804,0.30443570221029415,39.66191206627187,-2.913211951757063,High (>25)
2022-04-25,114.05045318603516,114.36534121775318,110.75768504496216,113.36671318273147,17149000,False,27.020000457763672,False,2.81,False,-0.0003153768904305,-0.0003154266321806,0.2339326692622626,119.05672492980958,123.364677734375,-0.1001291521855795,-0.0899999999999998,-0.0421835755168097,-0.3807197285949528,False,False,False,0.0281,0.2339326692622626,1.84087171680447,36.26074463837688,36.71889896166352,0.37983813899736274,43.991524034822476,-7.272625073158956,High (>25)
2022-04-26,110.67671966552734,113.72658852220916,110.54177548664798,112.13417857248098,17209500,False,33.52000045776367,False,2.77,False,-0.0295810619446176,-0.0300274058220103,0.2494857775030572,118.30040092468262,122.82906295776368,-0.1202392318353315,-0.04,0.2405625421864992,-0.4959409831419959,False,False,False,0.0277,0.2494857775030572,1.7454095165056849,39.51966581632898,39.92527261377195,0.3669462484374778,45.095012262977065,-5.169739649205113,High (>25)
2022-04-27,109.23724365234376,111.16252481086944,109.0573135280288,110.0559415049335,17215200,False,31.600000381469727,False,2.82,False,-0.0130061318905527,-0.0130914522230227,0.2484779406684339,117.45825996398926,122.29019912719728,-0.1335882837537908,0.0499999999999998,-0.0572792377706918,-0.4543721412664971,False,False,False,0.0282,0.2484779406684339,1.538781610094917,40.64642907860275,40.976972310267726,0.3633695552961073,45.69570305866607,-4.718730748398343,High (>25)
2022-04-28,110.96460723876952,111.2435078788576,108.98534824301431,110.4877861902218,13015600,False,29.989999771118164,False,2.85,False,0.0158129547091394,0.0156892325121321,0.2613488021655481,116.73106651306152,121.74605346679688,-0.1158795760434225,0.0300000000000002,-0.0509493857884782,-0.4807861239866248,False,False,False,0.0285,0.2613488021655481,2.097549409355329,39.473873435112395,40.008435141710216,0.36411330871673336,44.693058457396745,-4.68462331568653,High (>25)
2022-04-29,107.38396453857422,111.20753899362796,106.97011965651826,110.70372902658524,14874800,False,33.400001525878906,False,2.89,False,-0.0322683312210586,-0.0328004318076932,0.2641868260706608,116.01327056884766,121.12529342651368,-0.1179228900229307,0.04,0.1137046275687116,-0.511279960127087,False,False,False,0.028900000000000002,0.2641868260706608,1.663664181640188,42.47986389883455,42.84385539721549,0.3412760709325074,45.73639957430814,-2.8925441770926454,High (>25)
2022-05-02,108.36457061767578,108.59848527575916,106.35832291641712,107.851762201347,18545000,False,32.34000015258789,False,2.99,False,0.0091317738483134,0.0090903313063892,0.2695870813645686,115.38960494995118,120.58790924072264,-0.1032235261716999,0.1,-0.0317365666127202,-0.5348390709805451,False,False,False,0.029900000000000003,0.2695870813645686,1.9379472986996227,41.650470730761626,42.113249781657586,0.3410321644239673,44.9669487834295,-2.853699001771915,High (>25)
2022-05-03,110.68571472167967,111.71133163200636,108.66146973594628,109.33621806452408,15720900,False,29.25,False,2.97,False,0.0214197693099638,0.0211935901546957,0.2840702148092922,114.85520477294922,120.08426696777344,-0.0880586315811178,-0.02,-0.0955473141004492,-0.5674061479399435,False,False,False,0.0297,0.2840702148092922,2.693655974092948,40.16761195124026,40.93561658445304,0.3439640386705263,43.67614231623972,-2.7405257317866827,High (>25)
2022-05-04,114.34735107421876,114.6172531567878,110.42481349388046,110.47879802873132,17128500,False,25.420000076293945,False,2.93,False,0.0330813814749835,0.032545968713946,0.3120283893338927,114.57450981140136,119.65867980957032,-0.0467976051989748,-0.04,-0.1309401683318309,-0.6192012103278992,False,False,False,0.029300000000000003,0.3120283893338927,4.341162993077969,38.29606833965522,39.85947751744935,0.3296291840407868,40.804776198433444,-0.9452986809840951,High (>25)
2022-05-05,111.48640441894533,113.44767297323388,109.9030001075869,112.68295964978664,15055400,False,31.200000762939453,False,3.05,False,-0.0250197895132393,-0.0253381051269312,0.3199618472818591,114.23398666381836,119.23267150878908,-0.0575709492824019,0.1199999999999996,0.2273800420652159,-0.6491058453838079,False,False,False,0.0305,0.3199618472818591,3.977655550753415,40.55292041324486,41.90059430480774,0.31953421724701525,41.87987618374473,0.020718121063012518,High (>25)
2022-05-06,111.30646514892578,111.81927351087909,109.0213170678322,111.37843993822644,14417900,False,30.190000534057617,False,3.12,False,-0.0016140019131244,-0.0016153058174037,0.3199857045180753,113.9024600982666,118.87700881958008,-0.0562209612764403,0.0700000000000002,-0.0323718014161573,-0.649808223451996,False,False,False,0.031200000000000002,0.3199857045180753,3.952977771945637,40.60222757829058,41.937250476060626,0.31987684749542616,41.93199741316243,0.00525306289819838,High (>25)
2022-05-09,109.6331024169922,110.95561016010112,108.4095583052652,109.8580185130612,14312300,False,34.75,False,3.05,False,-0.015033832308794,-0.0151479859215561,0.3127646938878546,113.37930488586426,118.42679367065428,-0.0871226872071784,-0.0700000000000002,0.151043371489782,-0.6581365855735944,False,False,False,0.0305,0.3127646938878546,3.3571366657407573,41.74302077858178,42.784850758866995,0.3131161120000307,42.80027820150925,-0.01542744264225604,High (>25)
2022-05-10,106.96109771728516,111.3604559916464,105.76454244311635,110.7576825036586,16382400,False,32.9900016784668,False,2.99,False,-0.0243722437913324,-0.0246741626466884,0.3206893535117549,112.74459190368653,118.03334060668944,-0.1060901903896631,-0.0599999999999996,-0.0506474337131857,-0.6237464496236902,False,False,False,0.029900000000000003,0.3206893535117549,3.0626305417835127,44.14630397968004,45.0351501046317,0.3042771081305302,44.39684447094807,0.638305633683629,High (>25)
2022-05-11,106.2863540649414,110.5597600613588,106.10642392643965,107.32996808715706,14630300,False,32.560001373291016,False,2.91,False,-0.006308308971615,-0.0063282904297882,0.3200394619981938,112.14181709289552,117.72194900512696,-0.101870100790372,-0.08,-0.0130342613912762,-0.6268703469694101,False,False,False,0.0291,0.3200394619981938,2.9072995466925633,44.76668855978558,45.584877910761946,0.3151972787805128,45.39845489320812,0.18642301755382817,High (>25)
2022-05-12,106.19638061523438,106.44828553481577,103.7942784499336,105.26072886829334,16318800,False,31.770000457763672,False,2.84,False,-0.0008465192968427,-0.0008468777966349,0.3038100655050033,111.72527236938475,117.3582113647461,-0.0727415758735124,-0.0700000000000002,-0.0242629263577176,-0.7634751792736623,False,False,False,0.028399999999999998,0.3038100655050033,2.445965259133377,44.49527980853591,45.13049183068475,0.36180536750348535,47.49110584899583,-2.3606140183110824,High (>25)
2022-05-13,107.14102172851562,108.18463564562911,106.124403506964,107.42892090335586,10443200,False,28.8700008392334,False,2.93,False,0.0088952288939472,0.0088558994032203,0.3061432489027796,111.40903968811035,117.03104873657226,-0.0557406775728066,0.0900000000000003,-0.0912810694600287,-0.7684489491738329,False,False,False,0.029300000000000003,0.3061432489027796,2.6802608797862426,43.675529115918735,44.40936219661232,0.3763374708884454,47.48040076559112,-3.0710385689788,High (>25)
2022-05-16,106.39432525634766,107.47391990637,105.46767192336434,106.64623021709318,10269000,False,27.46999931335449,False,2.88,False,-0.0069692864611653,-0.0069936853661096,0.2958906832361119,110.95021133422853,116.7584309387207,-0.0794020613003286,-0.0500000000000002,-0.0484932970274234,-0.7639540493813629,False,False,False,0.0288,0.2958906832361119,2.2806157700721155,44.07823616539277,44.65303934827169,0.3798809887385649,48.164047581077206,-3.5110082328055157,High (>25)
2022-05-17,109.92098999023438,110.63172564673346,108.6884473660938,108.8953731856393,11160200,False,26.100000381469727,False,2.98,False,0.0331471131133125,0.0326095934665069,0.312477356074933,110.54806098937988,116.64904403686523,-0.0681818784477361,0.1,-0.0498725506417737,-0.7473628222905595,False,False,False,0.0298,0.312477356074933,3.3931918470435747,41.59970012460066,42.659401201928425,0.361599581219581,45.02320972765822,-2.3638085257297945,High (>25)
2022-05-18,108.04068756103516,109.73206091727764,107.53687772584507,109.1292874553332,12664900,False,30.959999084472656,False,2.89,False,-0.0171059451826831,-0.0172539420418285,0.3150417428517579,110.03120307922364,116.51830459594728,-0.0873234188069221,-0.0899999999999998,0.1862068441368067,-0.7482075824280634,False,False,False,0.028900000000000002,0.3150417428517579,3.0861273687700788,43.26072882223707,44.16771929900755,0.3616267230681711,46.25901437121837,-2.0912950722108192,High (>25)
2022-05-19,106.43930053710938,107.64485448806896,105.82752842704669,106.33134519432458,12765800,False,29.350000381469727,False,2.84,False,-0.0148220736101953,-0.0149330181940174,0.3170412195334769,109.48015937805177,116.26373260498048,-0.0938264740765951,-0.0500000000000002,-0.0520025436244405,-0.7240321332823934,False,False,False,0.028399999999999998,0.3170412195334769,2.8406805593566915,44.65266979082574,45.4442631017074,0.3588290735998326,47.19933496184129,-1.7550718601338886,High (>25)
2022-05-20,105.5666046142578,107.66282405968164,103.4793837336345,107.47389538223356,13150100,False,29.43000030517578,False,2.78,False,-0.0081990009183432,-0.0082327975857509,0.3045617431325418,109.05416793823242,116.01992706298827,-0.0746787198239453,-0.06,0.0027257213855629,-0.6939746811935358,False,False,False,0.0278,0.3045617431325418,2.3554042388939784,45.10749684125375,45.70413034603719,0.37023282901861826,48.34803129993766,-2.64390095390047,High (>25)
2022-05-23,112.0981903076172,113.87053039147747,108.364581427024,108.37357999351175,24376700,False,28.479999542236328,False,2.86,False,0.0618717038141554,0.0600331093207299,0.3834919491443522,108.95655479431151,115.9597998046875,-0.01711753722919,0.08,-0.0322800119975662,-0.6008570489472554,True,False,False,0.0286,0.3834919491443522,6.335760709972469,42.590031017409586,45.145018765222545,0.2927546181665216,40.44835497686497,4.696663788357576,High (>25)
2022-05-24,113.68160247802734,114.6982208536512,110.75769296339476,111.88227354594576,19324900,False,29.450000762939453,False,2.76,False,0.0141252250911898,0.0140263936891278,0.370840993585325,109.10679893493652,115.90847915649414,0.0271500892110008,-0.1,0.0340590321732483,-0.5353581343691186,False,False,False,0.0276,0.370840993585325,6.281347900784702,41.13451672689742,43.69191264908405,0.2857900523650764,39.1790825210298,4.512830128054254,High (>25)
2022-05-25,114.47330474853516,115.03109918853824,112.61099957820116,113.60962768471744,12780400,False,28.3700008392334,False,2.75,False,0.0069642075168745,0.00694006942735,0.3671686077679322,109.3686019897461,115.8317335510254,0.0479329294764665,-0.0099999999999997,-0.0366723224355617,-0.5674270973176423,False,False,False,0.0275,0.3671686077679322,6.3643410971852,40.45863346208425,43.0792722184529,0.3086450959279708,39.80369674465696,3.2755754737959393,High (>25)
2022-05-26,116.45254516601562,117.12729336770887,115.34596195901908,115.48989780892865,15990900,False,27.5,False,2.75,False,0.0172899736041367,0.0171422028800121,0.367910548616177,109.6429988861084,115.6888360595703,0.0494566516640515,0.0,-0.0306662253612012,-0.5636257235051377,False,False,False,0.0275,0.367910548616177,6.978780364193518,39.13941550691109,42.15284172160112,0.2984802540058502,38.068657885693405,4.084183835907716,High (>25)
2022-05-27,118.09894561767578,118.09894561767578,116.18265611791662,117.10031761850692,11177800,False,25.71999931335449,False,2.74,False,0.014137951637837,0.0140389428955557,0.3456677402997839,110.17874794006347,115.54761001586914,0.0997819471942904,-0.0099999999999997,-0.0647272976962004,-0.5235114879854466,False,False,False,0.0274,0.3456677402997839,6.575012900055324,37.141759115238884,39.970604905956165,0.28963471442601535,36.62014465341555,3.350460252540614,High (>25)
2022-05-31,118.96260833740234,119.79029785853704,116.6954641512548,117.11829374906002,17015000,False,26.190000534057617,False,2.85,False,0.0073130434417467,0.0072864327973315,0.3454388277776796,110.7086498260498,115.42455047607422,0.097799840476624,0.1099999999999998,0.0182737649008837,-0.5194548441111536,False,False,False,0.0285,0.3454388277776796,6.859561628765654,36.42208372788566,39.441874963533806,0.28531220977690513,35.759555354500876,3.6823196090329304,High (>25)
2022-06-01,116.87541961669922,119.53841887481563,115.7598306839369,119.53841887481563,10768000,False,25.690000534057617,False,2.94,False,-0.017544913900874,-0.017700650177652,0.3483975942693722,111.01813507080078,115.26778518676758,0.0559214430749588,0.0899999999999998,-0.0190912558153558,-0.4779342847913497,False,False,False,0.0294,0.3483975942693722,6.378854427818112,37.849348148290446,40.54381409758491,0.28903725923673845,37.10232877836047,3.4414853192244337,High (>25)
2022-06-02,118.75572204589844,118.76471374950292,115.75983741058737,116.8664209767788,8374800,False,24.71999931335449,False,2.92,False,0.0160880913657106,0.0159600494978158,0.3338216264005774,111.23855361938476,115.09557876586912,0.038552453819576,-0.02,-0.0377579291762638,-0.4244547590205606,False,False,False,0.0292,0.3338216264005774,6.342470269344698,36.00509990218373,38.72759411857639,0.2858002693281149,35.83353940137023,2.89405471720616,Normal (15-25)
2022-06-03,117.1003189086914,118.5487791085296,116.94737761153944,118.04496925254918,8596000,False,24.790000915527344,False,2.96,False,-0.0139395652578931,-0.0140376334159378,0.3240568864559935,111.51924934387208,114.94098892211916,0.0503551488542945,0.04,0.0028317801018318,-0.3182214838421018,False,False,False,0.0296,0.3240568864559935,5.495663739724922,36.71730981893117,38.932922755217305,0.2849106070237883,36.723882497844734,2.209040257372571,Normal (15-25)
2022-06-06,116.71347045898438,119.10658129736304,116.4705709306623,117.93701471465394,11323500,False,25.06999969482422,False,3.04,False,-0.0033035644421145,-0.0033090332588401,0.324407320473131,111.789599609375,114.7624089050293,0.0485776392487546,0.08,0.01129482730763,-0.326538022884806,False,False,False,0.0304,0.324407320473131,5.424807900842293,36.90793959098947,39.0795276170893,0.2846174289823798,36.8583609141214,2.221166702967899,High (>25)
2022-06-07,117.01935577392578,117.24427187522622,115.7148314041518,115.90376696947148,6722200,False,24.020000457763672,False,2.98,False,0.0026208227185644,0.0026173943514918,0.3176846846177414,112.15891227722167,114.56797775268556,0.0673724741350452,-0.06,-0.0418826984380586,-0.260397032512814,False,False,False,0.0298,0.3176846846177414,5.235087935078386,36.506710413974616,38.58152618708395,0.30493625025748405,37.84988400305957,0.7316421840243805,Normal (15-25)
2022-06-08,115.15703582763672,116.46154637856398,114.1674064237718,116.05670017004012,8422100,False,23.959999084472656,False,3.03,False,-0.0159146316775743,-0.0160426292677753,0.3091641649787124,112.56870918273924,114.35505447387696,0.0766254113436148,0.0499999999999998,-0.0024979755265417,-0.3295610353980281,False,False,False,0.030299999999999997,0.3091641649787124,4.45798062946789,37.47625283722641,39.113985815731404,0.3026402740987604,38.76758025574371,0.3464055599876943,Normal (15-25)
2022-06-09,112.73695373535156,115.24702532084513,112.70096633250232,114.59026723066329,13560100,False,26.09000015258789,False,3.04,False,-0.021015494840519,-0.0212394637888486,0.3198134724680509,112.89123916625977,114.08819229125976,0.0606907606076017,0.0100000000000002,0.0888982115819689,-0.401436679903098,False,False,False,0.0304,0.3198134724680509,4.255647461345131,39.623714106269674,41.12250198433803,0.2983024623839942,40.068540179519516,1.0539618048185133,High (>25)
2022-06-10,107.55487823486328,111.01858468838157,107.34795240954236,110.28985188085524,12945200,False,27.75,False,3.15,False,-0.0459660770385292,-0.0470560495062221,0.3642831961334855,112.95916404724122,113.72912033081056,0.0127923156303315,0.1099999999999998,0.0636259040898261,-0.4671291980902311,True,False,False,0.0315,0.3642831961334855,4.553344760822398,44.824168857934495,46.39386699112604,0.2533849761990801,42.05546452400283,4.33840246712321,High (>25)
2022-06-13,104.3520736694336,106.11541510077954,103.5153854881623,105.13478418220184,16805600,False,34.02000045776367,False,3.43,False,-0.0297783291468737,-0.030230706940239,0.3785875568105445,112.81971664428713,113.3813641357422,-0.0260306278033164,0.2800000000000002,0.2259459624419342,-0.5248606896516104,False,False,False,0.034300000000000004,0.3785875568105445,4.329721834939836,47.32318085687744,48.75107974342994,0.2330099538134359,43.9177290835854,4.833350659844541,High (>25)
2022-06-14,102.61571502685548,105.5486227715406,101.86000025675558,103.9562198694619,13357900,False,32.689998626708984,False,3.49,False,-0.0166394263335728,-0.0167794166664207,0.3821323720810517,112.6307861328125,113.0169207763672,-0.035515148203515,0.06,-0.0390947035026029,-0.5101550665572273,False,False,False,0.0349,0.3821323720810517,4.0669130831109435,48.66980202020406,49.95881312325672,0.2577355369846481,45.84342905995538,4.1153840633013345,High (>25)
2022-06-15,103.8302764892578,105.21575368895456,101.8150231982726,104.01920519830738,14083500,False,29.6200008392334,False,3.33,False,0.0118360181194903,0.0117665203044572,0.3635140399481839,112.32625045776368,112.66605194091797,-0.0554099221769899,-0.1600000000000001,-0.0939124477346193,-0.5008848820334287,False,False,False,0.0333,0.3635140399481839,3.744744680567173,47.39299828571441,48.54923559472514,0.30415530328960294,46.32123201854278,2.22800357618236,High (>25)
2022-06-16,102.0489273071289,102.79565036358842,100.64545312015964,102.43578325147227,16724900,False,32.95000076293945,False,3.28,False,-0.0171563559528148,-0.0173052314586941,0.3635407652350953,112.02666244506835,112.30780548095704,-0.0554583684088584,-0.0500000000000002,0.1124240320511833,-0.5168462819632462,False,False,False,0.032799999999999996,0.3635407652350953,3.381806471294585,48.842945391795126,49.826091694471245,0.30006261103861626,47.65616080829181,2.1699308861794364,High (>25)
2022-06-17,101.6890640258789,103.12852566467711,100.90636040622633,102.14789478270956,30919900,True,31.1299991607666,False,3.25,False,-0.003526379852744,-0.0035326121862075,0.3607047310883675,111.78915061950684,111.9756494140625,-0.0446285957091039,-0.0299999999999998,-0.0552352522012654,-0.5403818630852041,False,False,False,0.0325,0.3607047310883675,3.230954238929984,49.08722303178675,50.00452965027885,0.3122684339186658,48.33941647453111,1.6651131757477344,High (>25)
2022-06-21,104.2081298828125,105.28772442537144,103.49739417780154,104.24411728275042,11680500,False,30.190000534057617,False,3.31,False,0.0247722395821492,0.0244703826134112,0.3720429178279811,111.72122688293456,111.70107208251952,-0.0128684136087278,0.06,-0.0301959091567748,-0.5487847627013137,False,False,False,0.0331,0.3720429178279811,4.07516777242143,47.38329054583505,48.69071025564494,0.2998242413187631,45.91509113096761,2.775619124677327,High (>25)
2022-06-22,103.62335968017578,104.54101447039106,102.91262388576304,103.35345757863834,9842700,False,28.950000762939453,False,3.16,False,-0.0056115602812786,-0.0056273642366368,0.2904233654995992,111.2974853515625,111.37161514282226,-0.0756018505221627,-0.1499999999999999,-0.0410731947394075,-0.605224369530706,False,False,False,0.0316,0.2904233654995992,1.7879147107783542,45.88517779321933,46.27596826382902,0.30003780698817095,46.56635466573834,-0.2903864019093163,High (>25)
2022-06-23,102.48977661132812,103.6233557857286,100.29459993264686,103.47041447042326,11851500,False,29.049999237060547,False,3.09,False,-0.0109394548907346,-0.0109997307202943,0.2834933830323532,110.73789405822754,111.02830352783204,-0.0984488749519729,-0.0700000000000002,0.0034541786350867,-0.6468218826975521,False,False,False,0.030899999999999997,0.2834933830323532,1.492639730650188,46.79914821759911,47.092931181202935,0.29770077993907434,47.48187480031262,-0.388943619109682,High (>25)
2022-06-24,105.5486297607422,105.99846197193934,101.5091384260824,101.86900556781907,14841100,False,27.229999542236328,False,3.13,False,0.0298454465464801,0.029408739086011,0.3069796222433887,110.29166030883788,110.77243911743165,-0.0779629364889734,0.04,-0.0626505935498391,-0.6540693737567331,False,False,False,0.0313,0.3069796222433887,2.46527291445296,44.7252129131208,45.366399453201936,0.2783581731068703,44.42434348347438,0.942055969727555,High (>25)
2022-06-27,104.70293426513672,106.61022515236664,104.03718457004187,106.21437064311846,11280500,False,26.950000762939453,False,3.2,False,-0.0080123777781152,-0.0080446493740166,0.2968163236772934,109.70417976379396,110.5759523010254,-0.1008961279818193,0.0700000000000002,-0.0102827316931302,-0.6516039326652326,False,False,False,0.032,0.2968163236772934,2.090971706988215,45.07540149140887,45.574774245219885,0.2824523907556914,45.129583127240146,0.4451911179797392,High (>25)
2022-06-28,104.19915771484376,107.3209950954296,104.00123039698929,105.86353591623462,11590900,False,28.36000061035156,False,3.2,False,-0.0048114845474841,-0.0048230970029999,0.2879857068717978,109.00919036865234,110.39062194824218,-0.1176961219266943,0.0,0.0523191023189535,-0.6240159609784174,False,False,False,0.032,0.2879857068717978,1.8154466947171137,45.292050727519225,45.694584898713,0.2881199225229512,45.69858987423329,-0.004004975520288667,High (>25)
2022-06-29,103.7313003540039,105.09878712022906,103.2184919586827,104.36106264162848,9338400,False,28.15999984741211,False,3.1,False,-0.0044900301605145,-0.0045001406214698,0.2837191140004487,108.24762496948242,110.15383010864258,-0.1280344151516863,-0.1,-0.0070522129278955,-0.6407020183344881,False,False,False,0.031,0.2837191140004487,1.6494037951135567,45.72843877868472,46.07471462682592,0.2879680984095903,46.19575374619467,-0.12103911936874567,High (>25)
2022-06-30,101.31120300292967,102.63371069565692,99.79976662036916,101.8150128424851,15172600,False,28.709999084472656,False,2.98,False,-0.0233304445506338,-0.0236069078455221,0.2873788088440535,107.46941413879397,109.82077423095704,-0.1331692897002075,-0.1200000000000001,0.0195312230128115,-0.65360005611736,False,False,False,0.0298,0.2873788088440535,1.4222411425578336,48.040247408135485,48.30936687839464,0.2741014580649069,47.99705288340188,0.31231399499276336,High (>25)
2022-07-01,102.60672760009766,102.93959903531712,100.006698032334,101.34719606689474,10573600,False,26.700000762939453,False,2.88,False,0.0127875749055168,0.0127065042692481,0.2840873918528253,106.6619644165039,109.50535186767578,-0.1359849796505745,-0.1,-0.070010393090548,-0.6681052995390053,False,False,False,0.0288,0.2840873918528253,1.496147224335676,46.994134436158944,47.28833750631324,0.27380961540621995,47.031139406715624,0.2571980995976162,High (>25)
2022-07-05,102.2164535522461,102.29813625751622,99.20314697860752,100.53734630362622,12514200,False,27.540000915527344,False,2.82,False,-0.0038035912164807,-0.0038108432646101,0.2831411212123707,105.91777114868164,109.20047744750975,-0.1271035424596149,-0.06,0.0314606789732321,-0.6667006982995811,False,False,False,0.0282,0.2831411212123707,1.426278067035307,47.39302226910513,47.6652007734034,0.27949765953791406,47.574830299972255,0.09037047343114324,High (>25)
2022-07-06,101.55387115478516,102.55225442335892,100.55548788621138,101.40865516961908,10656200,False,26.729999542236328,False,2.93,False,-0.0064821501278389,-0.0065032504962426,0.2828717234057633,105.15979118347168,108.94982620239256,-0.1298873150167069,0.1100000000000003,-0.029411813593453,-0.6642256686132427,False,False,False,0.029300000000000003,0.2828717234057633,1.358307161794702,47.81205025671274,48.063366048302655,0.28080488251763613,48.01368775009698,0.04967829820567715,High (>25)
2022-07-07,104.12246704101562,104.28583938797875,102.92440547148976,103.01516634766683,10347400,False,26.07999992370605,False,3.01,False,0.0252929391762475,0.0249783660772449,0.3035577774687565,104.51494674682615,108.7512664794922,-0.1102115854904051,0.0799999999999996,-0.0243172326846922,-0.6428041582420893,False,False,False,0.0301,0.3035577774687565,2.141129820315939,45.96894505600555,46.4815523885225,0.2684537975633568,45.4633154601192,1.0182369284033044,High (>25)
2022-07-08,103.79570770263672,104.96654153657856,103.11499084043402,104.52180845883026,8807800,False,24.63999938964844,False,3.09,False,-0.003138221247199,-0.003143155789993,0.3012048346150479,103.94688034057616,108.61364624023436,-0.0986594352949937,0.08,-0.0552147445655736,-0.64490244421241,False,False,False,0.030899999999999997,0.3012048346150479,2.048158667191734,46.0788125060253,46.55775621117062,0.28967538416964256,46.206928271722546,0.3508279394480738,Normal (15-25)
2022-07-11,102.43426513671876,103.67771032387522,101.8533873517458,103.06052681176529,7939500,False,26.170000076293945,False,2.99,False,-0.013116559403577,-0.0132033411561924,0.2969116646414751,103.43174591064454,108.47758666992188,-0.0913869699088927,-0.0999999999999996,0.0620941852493825,-0.6321565548125975,False,False,False,0.029900000000000003,0.2969116646414751,1.7532942344589024,47.259544351625905,47.63336602661549,0.289094818913112,47.417528652844624,0.2158373737708672,High (>25)
2022-07-12,102.53411865234376,104.5399636191522,101.88970748492108,102.18014641847228,11250900,False,27.290000915527344,False,2.96,False,0.0009748057985452,0.0009743309839157,0.2538285206158781,103.18070793151855,108.30897689819336,-0.0466809099216856,-0.0300000000000002,0.0427971278551102,-0.6220184926716598,False,False,False,0.0296,0.2538285206158781,0.9476029521269762,46.39998021318897,46.545838175528814,0.2905998372680127,47.41632230744382,-0.8704841319150063,High (>25)
2022-07-13,101.572021484375,102.08936595184171,100.18335345891364,101.42679858317288,12979900,False,26.81999969482422,False,2.91,False,-0.0093831904990658,-0.0094274899623471,0.2340637659773274,103.04170532226564,108.19273803710938,-0.0266410823216147,-0.0499999999999998,-0.0172224699499993,-0.5118036368041671,False,False,False,0.0291,0.2340637659773274,0.5906371955457219,47.055784640846824,47.12419644544382,0.30043341826849534,48.52952630222611,-1.4053298567822878,High (>25)
2022-07-14,98.02322387695312,98.23198008574155,96.26243412106608,98.01414571362936,26204800,True,26.39999961853028,False,2.96,False,-0.034938731705441,-0.0355636891979022,0.2578313705881598,102.81208076477051,107.98591110229492,-0.0447542674014449,0.0499999999999998,-0.0156599582801261,-0.4841470892406311,True,False,False,0.0296,0.2578313705881598,0.6619598147272381,50.52134300791265,50.60015302733342,0.26630201455798663,50.73205091356943,-0.13189788623601117,High (>25)
2022-07-15,102.5159683227539,103.36005760475044,97.7237221764294,99.0760848153406,18863900,False,24.229999542236328,False,2.93,False,0.0458334695402433,0.044814146027467,0.3060454896692431,102.74636535644532,107.8225161743164,-0.0126582362191809,-0.0299999999999998,-0.0821969737746063,-0.543252309144086,True,False,False,0.029300000000000003,0.3060454896692431,1.9580277865078433,47.47183143756018,47.91287019787044,0.22657475588465611,46.13447861951699,1.7783915783534496,Normal (15-25)
2022-07-18,101.46312713623048,105.13899436116152,101.00931585478637,104.1678384958555,13977900,False,25.299999237060547,False,2.96,False,-0.0102700213805593,-0.0103231219254909,0.3020128423383086,102.7170753479004,107.56483169555663,-0.0057403853852905,0.0299999999999998,0.0441601203070209,-0.5401191784158476,False,False,False,0.0296,0.3020128423383086,1.733368660824187,48.23207180616849,48.59573275685176,0.2203571978214517,46.970927004957765,1.6248057518939945,High (>25)
2022-07-19,103.97722625732422,104.32212722206869,102.26182037087447,102.67932586933532,11862300,False,24.5,False,3.01,False,0.0247784509708453,0.0244764438332919,0.3142401404577188,102.83148345947264,107.41464813232422,0.022501556616383,0.0499999999999998,-0.0316205241575134,-0.5723722474409256,False,False,False,0.0301,0.3142401404577188,2.3796024319443596,46.3493134615253,46.94746582436356,0.20849888512859538,44.44721097601116,2.500254848352398,Normal (15-25)
2022-07-20,103.95906829833984,104.14059000460476,102.9969907908393,103.559712235026,11667500,False,23.8799991607666,False,3.04,False,-0.0001746340005208,-0.0001746492508134,0.3017520337230052,102.81903038024902,107.2677001953125,-0.0023900398630388,0.0300000000000002,-0.0253061567034039,-0.5661207257529677,False,False,False,0.0304,0.3017520337230052,2.078188297815549,46.02197996373893,46.511824110558315,0.2126232315592427,44.47587127837458,2.0359528321837317,Normal (15-25)
2022-07-21,104.66702270507812,104.8576225923545,102.89716166279044,103.86831742630903,11595900,False,23.11000061035156,False,2.91,False,0.0068099341243286,0.0067868512588795,0.3018820223611996,102.87121353149412,107.16837860107422,0.0100716964603686,-0.1299999999999999,-0.0322444965442085,-0.5911429643925372,False,False,False,0.0291,0.3018820223611996,2.1686099586921053,45.61003607624694,46.13450816958019,0.2158053531791539,44.05911752540483,2.075390644175357,Normal (15-25)
2022-07-22,104.15876770019533,105.5111233857758,103.16945550163008,104.59442265445784,7645500,False,23.030000686645508,False,2.77,False,-0.0048559230189906,-0.004867751320256,0.2995419115907792,102.9546630859375,107.11233200073242,0.0162844641099815,-0.1400000000000001,-0.0034617014968929,-0.5887416880293043,False,False,False,0.0277,0.2995419115907792,2.0201832604485137,46.162278848659184,46.630950593578945,0.23609943269598152,45.04377011585317,1.5871804777257736,Normal (15-25)
2022-07-25,104.5762710571289,105.70172107742036,104.16783675588512,105.1389926049694,9394000,False,23.36000061035156,False,2.81,False,0.0040083361790079,0.0040003242022074,0.2799113125368659,102.90604515075684,107.07813034057617,-0.0092124237502413,0.04,0.014329132169649,-0.5293238014445729,False,False,False,0.0281,0.2799113125368659,1.6410683071516914,45.3169267755144,45.66207941963495,0.24461751962530992,44.792490000255675,0.8695894193792739,Normal (15-25)
2022-07-26,102.94254302978516,104.903010967723,102.58857080620362,103.99538846118368,10675100,False,24.690000534057617,False,2.81,False,-0.0156223587897034,-0.0157456738374692,0.2839606319400536,102.81802558898926,107.0130535888672,-0.0168131986720999,0.0,0.0569349267532421,-0.5594266087649863,False,False,False,0.0281,0.2839606319400536,1.5257851721721245,46.79774584785281,47.10157278747411,0.24027357146899814,46.137609034806694,0.9639637526674179,Normal (15-25)
2022-07-27,104.59440612792967,105.04821733960456,102.83362333536574,103.4780344249909,9337400,False,23.239999771118164,False,2.78,False,0.0160464570771927,0.0159190735805906,0.2895489795594683,102.83778800964356,106.96212127685548,0.0037932016126998,-0.0300000000000002,-0.0587282596830772,-0.5938317616352838,False,False,False,0.0278,0.2895489795594683,1.8525071521590473,45.554407876806124,45.96823605956611,0.2337854426787299,44.60379239304915,1.3644436665169621,Normal (15-25)
2022-07-28,104.20413970947266,105.26606332469508,103.04238398730452,104.60349583569682,10384800,False,22.32999992370605,False,2.68,False,-0.0037312360469802,-0.0037382144723758,0.2893933662368442,102.861429977417,106.91831756591796,0.0045583093420702,-0.0999999999999996,-0.0391566203259187,-0.5777485293380628,False,False,False,0.0268,0.2893933662368442,1.7845833517824996,46.01372280283029,46.402826854584745,0.24720531157953396,45.34388208421231,1.0589447703724346,Normal (15-25)
2022-07-29,104.70333862304688,105.73802778300616,104.18599404306724,104.91208793316274,12944500,False,21.32999992370605,False,2.67,False,0.004790586199032,0.0047791478573282,0.2757219513151376,103.03103675842286,106.81396453857424,0.0334823348215409,-0.0100000000000002,-0.0447828035565005,-0.559409281083989,False,False,False,0.026699999999999998,0.2757219513151376,1.5519482528095274,45.30798973543085,45.624977141466516,0.27595600812586674,45.631407380416086,-0.0064302389495694,Normal (15-25)
2022-08-01,103.6595687866211,104.47643045221751,102.62487965173575,103.92278015245827,14740400,False,22.84000015258789,False,2.6,False,-0.0099688305086771,-0.0100188520144531,0.2755160942477077,103.08367881774902,106.72634216308592,0.0102609371836397,-0.0699999999999998,0.0707923222823658,-0.5517047675113648,False,False,False,0.026000000000000002,0.2755160942477077,1.4175560815109574,46.29559808767942,46.568476855536616,0.27371863158078613,46.52275298560066,0.04572386993595501,Normal (15-25)
2022-08-02,102.0439910888672,103.8320084015491,101.8987681748215,103.39634658402171,14942900,False,23.93000030517578,False,2.75,False,-0.0155854178892012,-0.0157081473782837,0.2811597238335707,103.07505569458009,106.6384359741211,-0.0016872280086566,0.1499999999999999,0.0477232988312563,-0.5763997348605996,False,False,False,0.0275,0.2811597238335707,1.3619120264399793,47.59926286594859,47.85218127756824,0.267299818873707,47.532491458906755,0.3196898186614874,Normal (15-25)
2022-08-03,103.114990234375,103.55972330950938,101.39050614200848,102.96976731414584,14394500,False,21.950000762939453,False,2.73,False,0.0104954650840254,0.0104407700573323,0.2823735144846613,103.15311164855956,106.58940368652344,0.0153723246769237,-0.02,-0.0827413086914201,-0.5948646879776243,False,False,False,0.0273,0.2823735144846613,1.5054834757944864,46.72569013663143,47.023571771559425,0.2658497802316533,46.61619015885884,0.4073816127005827,Normal (15-25)
2022-08-04,101.98047637939452,102.85179324862284,100.76425848875998,102.42520951663784,18033900,False,21.440000534057617,False,2.68,False,-0.011002414415225,-0.0110633886315909,0.2699262344378794,103.04601211547852,106.38704940795898,-0.0205718393204931,-0.0499999999999998,-0.0232346337656135,-0.5868681114816028,False,False,False,0.0268,0.2699262344378794,1.143696107536913,47.545286474567575,47.738375655407985,0.2635048266964307,47.60090882399001,0.13746683141797433,Normal (15-25)
2022-08-05,105.06640625,105.45668429006132,101.69912684603447,102.1347818665703,14174600,False,21.14999961853028,False,2.83,False,0.0302600064263771,0.0298112038092557,0.2914344540375507,103.10954704284669,106.21474548339845,0.0122423034197491,0.1499999999999999,-0.0135261617678913,-0.5776654289249576,False,False,False,0.028300000000000002,0.2914344540375507,1.9676333374320283,45.13547892818737,45.590839301433846,0.2415080537563282,44.27686831952808,1.3139709819057686,Normal (15-25)
2022-08-08,103.7866439819336,105.91955572873076,103.63234980026904,105.51112832441612,10332500,False,21.290000915527344,False,2.77,False,-0.0121805086301446,-0.0122552989687943,0.2908613799640991,103.17716598510742,106.0010122680664,0.0132024068646348,-0.06,0.0066194467859188,-0.5632176678957566,False,False,False,0.0277,0.2908613799640991,1.7726719037054135,46.2783209586939,46.662403040695686,0.23775573509168205,45.40196387900235,1.2604391616933341,Normal (15-25)
2022-08-09,104.7214813232422,105.2751316009744,103.80478758600896,104.14968164237897,10233800,False,21.770000457763672,False,2.8,False,0.0090072990651026,0.0089669753047744,0.2923140851325487,103.28653411865234,105.76639099121094,0.021333022604066,0.0299999999999998,0.0225457736775507,-0.5565757274935651,False,False,False,0.027999999999999997,0.2923140851325487,1.9357412666550307,45.48431885209986,45.92692011325264,0.2452773898279856,44.694609672012156,1.232310441240486,Normal (15-25)
2022-08-10,107.45342254638672,108.34289560451964,106.64563911049729,107.06314461138092,12847300,False,19.739999771118164,False,2.78,False,0.0260876869637842,0.0257532079736459,0.3022050350111883,103.58060417175292,105.55348052978516,0.057903751210824,-0.02,-0.0932476180045996,-0.6122493211545597,False,False,False,0.0278,0.3022050350111883,2.603550215311108,43.512279530836295,44.21643443528359,0.2416806090888118,42.313445728809725,1.902988706473863,Normal (15-25)
2022-08-11,109.04175567626952,110.00383321404902,108.2884274148036,108.82392823697424,11684900,False,20.200000762939453,False,2.87,False,0.0147815964558701,0.0146734134345474,0.269171327723446,104.13153076171876,105.3550634765625,0.1124073598430894,0.0900000000000003,0.0233029887109887,-0.6582309291670181,False,False,False,0.0287,0.269171327723446,2.009917058542019,41.235653970227546,41.72681815749348,0.2362566388456494,40.72873056237084,0.9980875951226409,Normal (15-25)
2022-08-12,110.84793853759766,110.95685573547384,108.40643860888144,109.52281045751783,9906700,False,19.530000686645508,False,2.84,False,0.0165641395823674,0.0164284505534538,0.2278447593037199,104.54812927246094,105.23451385498046,0.0812748526025912,-0.0300000000000002,-0.0331683193558676,-0.6062499854271979,False,False,False,0.028399999999999998,0.2278447593037199,1.2834300623048822,38.788315096457765,39.04500025236818,0.2323962062861265,39.17361259040549,-0.12861233803730698,Normal (15-25)
2022-08-15,111.14745330810548,111.38343710291792,109.45927486177466,109.94939185502652,8456200,False,19.950000762939453,False,2.79,False,0.0027020328430036,0.0026983889147945,0.2216281974891264,105.03234558105468,105.0823484802246,0.0954467543551289,-0.0499999999999998,0.021505379494489,-0.5759728517085291,False,False,False,0.0279,0.2216281974891264,1.181239119476837,38.46642559299157,38.69342218814986,0.2624792403564417,39.985390611321165,-1.291968423171305,Normal (15-25)
2022-08-16,112.20938110351562,112.76303145117365,110.61197029105048,110.993170126438,9555000,False,19.690000534057617,False,2.82,False,0.0095542251648936,0.0095088722017575,0.2095590040887583,105.44395332336424,104.98452972412107,0.0791726721562888,0.0299999999999998,-0.0130325924280079,-0.5745500674770952,False,False,False,0.0282,0.2095590040887583,1.0522867530198905,37.25624703071615,37.449457204092106,0.2586060222037866,39.00761411738331,-1.5581569132912065,Normal (15-25)
2022-08-17,111.26543426513672,111.7827857159737,110.44857958922744,111.00222984487874,8149300,False,19.89999961853028,False,2.89,False,-0.0084123700629638,-0.0084479537506314,0.213682577010763,105.8092716217041,104.87556900024414,0.0702811797603764,0.0700000000000002,0.0106652655549412,-0.5893485455570078,False,False,False,0.028900000000000002,0.213682577010763,1.0449710011252762,38.06909376639449,38.25805801789145,0.2654812547807138,39.88449039072845,-1.6264323728370016,Normal (15-25)
2022-08-18,110.40319061279295,111.15651888328534,109.4138854988238,110.947762679861,9531800,False,19.559999465942383,False,2.88,False,-0.0077494296233016,-0.0077796124874838,0.2169054165249026,106.09608001708985,104.74324569702148,0.0548039655611272,-0.0100000000000002,-0.0170854351309281,-0.5677739778771527,False,False,False,0.0288,0.2169054165249026,1.0203150846527933,38.90139690245621,39.0814210179697,0.26520103878661844,40.535159472420716,-1.4537384544510132,Normal (15-25)
2022-08-19,107.67125701904295,109.81324671950163,107.19929635562796,109.47743081896355,13464500,False,20.600000381469727,False,2.98,False,-0.0247450601616348,-0.0250563654060816,0.2367488317869824,106.27170448303222,104.5935301208496,0.0337224546373069,0.1,0.053169782409155,-0.6187825477132435,False,False,False,0.0298,0.2367488317869824,1.1342777031440754,41.53870613699111,41.743510080553136,0.2531415033643914,42.17440443632711,-0.4308943557739724,Normal (15-25)
2022-08-22,105.8923110961914,106.33705108878004,104.83039447638888,105.96492255513768,8967600,False,23.799999237060547,False,3.03,False,-0.0165220131361234,-0.0166600238500045,0.2452328411607841,106.33750648498535,104.4566372680664,0.0125844995787196,0.0499999999999998,0.1553397473948257,-0.6364836867740762,False,False,False,0.030299999999999997,0.2452328411607841,1.1184864737183506,43.1881107710264,43.384426490257994,0.2561952190835095,43.65457771782707,-0.27015122756907317,Normal (15-25)
2022-08-23,104.84854888916016,106.4550446032187,104.721482292237,105.91047248431808,7607000,False,24.11000061035156,False,3.05,False,-0.0098568271503972,-0.0099057272698239,0.2409476839901777,106.4328067779541,104.40251068115236,0.0185152396985521,0.02,0.0130252682028781,-0.6148091249493883,False,False,False,0.0305,0.2409476839901777,0.9464831398382696,44.00672939802368,44.15658467821923,0.274327141107375,44.97263360054196,-0.8160489223227287,Normal (15-25)
2022-08-24,105.10269165039062,105.65634194716718,103.87739569629184,104.6398022216113,9771300,False,22.81999969482422,False,3.11,False,0.0024239034676496,0.0024209705520861,0.2344494865460265,106.45822105407714,104.41752304077148,0.0048595861029057,0.06,-0.0535048064235005,-0.5833875819850497,False,False,False,0.0311,0.2344494865460265,0.8665861138635904,43.591272428865096,43.72247115386153,0.2762215893419477,44.74352995236372,-1.021058798502196,Normal (15-25)
2022-08-25,107.5986557006836,107.7710992758528,104.9937764983214,105.4294383676452,10758900,False,21.780000686645508,False,3.03,False,0.0237478604125138,0.0234702662318117,0.2480103156748066,106.6279468536377,104.51718185424804,0.0325756347173447,-0.08,-0.0455740149906571,-0.6223753160414662,False,False,False,0.030299999999999997,0.2480103156748066,1.355958396783242,41.75853631666993,42.02735277595169,0.26499695498480524,42.51757346388052,-0.4902206879288258,Normal (15-25)
2022-08-26,104.07707214355467,108.9056236468533,104.01353884448274,108.42458482179282,11276200,False,25.559999465942383,False,3.04,False,-0.0327288806184086,-0.0332764511797213,0.2760250988600857,106.59663352966308,104.52211776733398,-0.0059813420252708,0.0100000000000002,0.1735536574897629,-0.7123763827869919,False,False,False,0.0304,0.2760250988600857,1.5235841306598346,45.35208965674414,45.66013561779515,0.2509893682803645,45.04832086292896,0.6118147548661881,High (>25)
2022-08-29,103.82294464111328,104.24952835453824,102.97885537880298,103.4689723947842,8117300,False,26.209999084472656,False,3.12,False,-0.0024417241685168,-0.0024447100384118,0.2737599683287821,106.6048023223877,104.55759811401369,0.0015760807844811,0.08,0.0254303455442701,-0.7067668258783166,False,False,False,0.031200000000000002,0.2737599683287821,1.455837174362319,45.416257139457215,45.70337367582157,0.25163857861166616,45.172867827449636,0.5305058483719307,High (>25)
2022-08-30,103.8411102294922,104.90302706316842,102.88810368156044,104.37660426669925,10745400,False,26.209999084472656,False,3.11,False,0.0001749669925248,0.0001749516875858,0.2673322814264546,106.69465827941896,104.60063903808594,0.017611219646044,-0.0100000000000002,0.0,-0.6994741899359707,False,False,False,0.0311,0.2673322814264546,1.3295517679250217,45.28676446241286,45.53687674132718,0.2653597277039259,45.48804031593075,0.04883642539642352,High (>25)
2022-08-31,103.22391510009766,104.40382025395049,102.86993593687028,103.90463200891637,10738300,False,25.8700008392334,False,3.15,False,-0.0059436491773876,-0.0059613829640123,0.2659594657378281,106.70010452270508,104.58095474243164,0.0010563436555157,0.04,-0.0129720815381745,-0.6870610175110692,False,False,False,0.0315,0.2659594657378281,1.2411254073928042,45.74316773882231,45.966904775764405,0.2699706272277774,46.06384412466543,-0.0969393489010244,High (>25)
2022-09-01,103.93184661865234,104.04075687873322,101.5720296805686,102.824546143766,9979800,False,25.559999465942383,False,3.26,False,0.0068582122453715,0.0068348016832224,0.263539434090016,106.79767303466797,104.58712448120116,0.019134743320851,0.1099999999999998,-0.0119830445780612,-0.7233623626921581,False,False,False,0.0326,0.263539434090016,1.2813794277150166,44.93199876020532,45.16925703182378,0.2704740363154959,45.344367637460934,-0.1751106056371512,High (>25)
2022-09-02,103.20574951171876,106.60025558691288,102.73378887744438,105.16621735703508,10666600,False,25.46999931335449,False,3.2,False,-0.0069862812078936,-0.007010799531787,0.2410433078059447,106.7046401977539,104.601443939209,-0.0177093402609954,-0.0599999999999996,-0.0035211328039272,-0.7461781959196911,False,False,False,0.032,0.2410433078059447,0.8215854779029623,45.268718876203906,45.3868706740782,0.29733550118048924,46.76066044354567,-1.3737897694674643,High (>25)
2022-09-06,103.23298645019533,104.14968716060882,101.71725846017836,103.76848735316932,9751900,False,26.90999984741211,False,3.33,False,0.0002639091194571,0.0002638743015712,0.2372569636658894,106.676957321167,104.55513107299804,-0.0053345739923399,0.1299999999999999,0.0565371249657866,-0.7501490468304728,False,False,False,0.0333,0.2372569636658894,0.7763551742307673,45.00814284000539,45.11654704651582,0.3435421561856312,48.15834064273727,-3.041793596221453,High (>25)
2022-09-07,105.19346618652344,105.384066111466,102.34353162852489,102.67934757620934,10647900,False,24.63999938964844,False,3.27,False,0.0189908265152625,0.0188127517616578,0.2448973872854075,106.70055656433104,104.56494171142576,0.0045070491490124,-0.06,-0.0843552757575347,-0.7847665327296203,False,False,False,0.0327,0.2448973872854075,1.0660001697153128,43.469537695429835,43.65112159862153,0.33818976548400365,46.64240710675377,-2.9912855081322434,Normal (15-25)
2022-09-08,107.64403533935548,107.81648584340635,104.04077263111942,104.6307286861156,11435000,False,23.61000061035156,False,3.29,False,0.0232958304509789,0.0230286244916772,0.2411762640570476,106.7100872039795,104.63383926391602,0.0017739108578553,0.02,-0.0418018995458903,-0.756783196546228,False,False,False,0.0329,0.2411762640570476,1.2497299674383004,41.23010458058168,41.468862857803316,0.3307544308546725,44.63268880730793,-3.163825949504613,Normal (15-25)
2022-09-09,108.1613540649414,108.96006616673922,107.70754288877777,108.13412650230904,9299700,False,22.790000915527344,False,3.33,False,0.0048058280605611,0.0047943169344835,0.2357136474403011,106.66606712341309,104.72244033813476,-0.0080739860236834,0.04,-0.0347310323433323,-0.7889389704337365,False,False,False,0.0333,0.2357136474403011,1.2010334472125574,40.61795701277326,40.84431495399581,0.33364122346972236,44.370581268062,-3.5262663140661843,Normal (15-25)
2022-09-12,109.4411163330078,110.32151121463062,108.72409376884706,109.4774220618449,8614600,False,23.8700008392334,False,3.37,False,0.0118319734357061,0.0117625229256371,0.2317890170159144,106.5957260131836,104.88503860473632,-0.0126914602395847,0.04,0.0473892005405855,-0.737159319345766,False,False,False,0.0337,0.2317890170159144,1.2662915729070754,39.37490333349878,39.6244333651985,0.3275863625486468,43.21195565444057,-3.5875222892420737,Normal (15-25)
2022-09-13,105.63818359375,107.93446744065152,105.08453330758675,107.16298969054854,12904600,False,27.270000457763672,False,3.42,False,-0.0347486654621305,-0.0353667612561317,0.2611144484498964,106.3202625274658,104.94566772460938,-0.0495672149957727,0.0499999999999998,0.1424381859652865,-0.7898679213928376,True,False,False,0.0342,0.2611144484498964,1.4423722132201924,43.19383620804075,43.484266516294824,0.3211197150778146,45.4716910349631,-1.987424518668277,High (>25)
2022-09-14,105.39313507080078,106.95424007081796,104.26767810095566,105.91955089744567,9345700,False,26.15999984741211,False,3.41,False,-0.0023196964829648,-0.0023223911468594,0.2572723064634113,105.97945022583008,105.00920135498046,-0.0607457769188363,-0.0099999999999997,-0.0407040921055631,-0.7753690482590087,False,False,False,0.0341,0.2572723064634113,1.334849274596575,43.34021456330919,43.597669742275784,0.3305289337721374,46.027141323535304,-2.42947158125952,High (>25)
2022-09-15,106.98147583007812,108.35198093801412,105.06639163530558,105.39313631756322,10821400,False,26.270000457763672,False,3.45,False,0.0150706282549648,0.0149581945605126,0.264135900811102,105.76525230407717,105.11775344848633,-0.0385021499565647,0.04,0.0042049163223694,-0.7658079739827747,False,False,False,0.0345,0.264135900811102,1.6790075462963134,42.07463570243951,42.44553271942787,0.3867094691693966,47.512747063784666,-5.067214344356799,High (>25)
2022-09-16,106.26444244384766,106.55488136271414,104.71240882197272,106.54580319895298,14844100,False,26.299999237060547,False,3.45,False,-0.0067024069416405,-0.0067249689406886,0.2638506255183415,105.55831489562988,105.16059295654296,-0.037487577541674,0.0,0.001141940570009,-0.7758565835443574,False,False,False,0.0345,0.2638506255183415,1.5804275381352166,42.676575334835675,43.012518280307646,0.3927220759738999,48.234613844535346,-5.2220955642277005,High (>25)
2022-09-19,107.2446746826172,107.76201921499737,104.8394737453862,105.28420681805444,8201300,False,25.76000022888184,False,3.49,False,0.0092244613176935,0.0091821758161247,0.251912789428843,105.5369857788086,105.22957229614258,-0.0039618961293477,0.04,-0.0205322822754219,-0.7879818542353276,False,False,False,0.0349,0.251912789428843,1.4480480831512068,41.52858531880496,41.82668312300552,0.42035159490199636,49.096309196159915,-7.269626073154392,High (>25)
2022-09-20,105.12991333007812,106.81809169379224,104.04984036495728,106.56395850778968,9619000,False,27.15999984741211,False,3.57,False,-0.0197190336844003,-0.0199160480861626,0.254918354321915,105.49886589050293,105.28348526000975,-0.0071997462159526,0.0799999999999996,0.0543478107954598,-0.7922267891586164,False,False,False,0.035699999999999996,0.254918354321915,1.2758147385995269,43.30657109967622,43.546826855464246,0.42340635718490655,50.31487405928691,-6.768047203822661,High (>25)
2022-09-21,102.09844970703124,105.82877861254008,102.03491641111836,105.7743234802176,12606300,False,27.989999771118164,False,3.51,False,-0.0288354049482467,-0.0292593141892626,0.2726979469369155,105.36136093139648,105.27477188110352,-0.0262292536355096,-0.06,0.0305596439016599,-0.7660675268020948,False,False,False,0.0351,0.2726979469369155,1.2822620554118753,46.361535192738216,46.5952085505501,0.4154821614272106,51.754360450580435,-5.159151900030338,High (>25)
2022-09-22,100.93670654296876,103.1059239606182,100.80963993542022,102.90624588458174,11684500,False,27.350000381469727,False,3.7,False,-0.0113786562616382,-0.0114438884795382,0.274668143878262,105.1530616760254,105.2620655822754,-0.0396372827565579,0.1900000000000004,-0.0228652874198601,-0.7475682689862104,False,False,False,0.037000000000000005,0.274668143878262,1.214679899704148,47.154031720517466,47.36702972330268,0.4129264820957162,52.138692224333525,-4.771662501030846,High (>25)
2022-09-23,99.05791473388672,100.14705891608078,97.26082614080552,99.88385449632824,18138600,False,29.920000076293945,False,3.69,False,-0.0186135636224888,-0.0187889761091127,0.26317049248561,104.72602462768556,105.28275939941406,-0.0793759077302543,-0.0100000000000002,0.0939670807670429,-0.7483721236576619,False,False,False,0.0369,0.26317049248561,0.8561546003897531,48.64548429664093,48.766653952382036,0.4387414340003085,54.46682758851128,-5.700173636129243,High (>25)
2022-09-26,96.92499542236328,99.48449027364724,96.26242803382036,98.0232176783622,15753600,False,32.2599983215332,False,3.88,False,-0.0215320433228722,-0.0217672400740095,0.2496079029581606,104.36842079162598,105.17093994140625,-0.0687190422817279,0.1899999999999999,0.0782084973018857,-0.712131393848134,False,False,False,0.0388,0.2496079029581606,0.5469302237773732,50.14564232278279,50.20392467908432,0.42679386083608684,55.094586089325674,-4.890661410241357,High (>25)
2022-09-27,96.07186126708984,98.1775456509714,94.98271679855551,97.79634577944556,12793600,False,32.599998474121094,False,3.97,False,-0.0088020035652908,-0.0088409700224462,0.2502922227704482,103.9808666229248,105.06311462402344,-0.0746567476083128,0.0900000000000003,0.0105393729162392,-0.7114390301492745,False,False,False,0.0397,0.2502922227704482,0.5108292374796273,50.81322336168641,50.865024577134285,0.4229830623098292,55.40464730764543,-4.539622730511148,High (>25)
2022-09-28,98.01416015625,98.68580584898338,95.88124848511528,96.16260926812394,12762600,False,30.18000030517578,False,3.72,False,0.0202171464520746,0.0200154933171051,0.2641891162027426,103.6895191192627,104.94385330200195,-0.0561140964341044,-0.25,-0.074233076141595,-0.7425713847974671,False,False,False,0.037200000000000004,0.2641891162027426,0.7917920122923832,49.557474680737485,49.66345430889086,0.42079466273879373,54.32536161596828,-4.661907307077421,High (>25)
2022-09-29,96.35320281982422,97.36973553422632,94.75578536555122,97.07021846318578,12713900,False,31.84000015258789,False,3.76,False,-0.0169460956843169,-0.0170913238016296,0.2687990293974714,103.34598350524902,104.79173599243164,-0.0665612447814134,0.0399999999999995,0.0550033078405047,-0.7585692282081237,False,False,False,0.037599999999999995,0.2687990293974714,0.734984508673584,51.06557413990022,51.15816002977184,0.41106807624956315,55.01261167418285,-3.8544516444110073,High (>25)
2022-09-30,94.84654235839844,97.67832678578613,94.75578150182903,96.26243110978751,15973400,False,31.6200008392334,False,3.83,False,-0.0156368487744321,-0.0157603938907994,0.2693818910816,102.89171829223632,104.59532638549804,-0.0874159803355537,0.0700000000000002,-0.0069095261400811,-0.7322632216241045,False,False,False,0.0383,0.2693818910816,0.644961348580054,52.346422154743934,52.42051577079591,0.4010559803745544,55.63306248095133,-3.212546710155422,High (>25)
2022-10-03,97.77816772460938,98.34996736436852,94.8102384918076,95.86308383758464,12248100,False,30.100000381469727,False,3.67,False,0.0309091432677972,0.0304410762901027,0.2967951197857836,102.62033920288086,104.46771438598633,-0.0525899168678882,-0.1600000000000001,-0.0480708544408919,-0.7474006560847232,False,False,False,0.036699999999999997,0.2967951197857836,1.2783688832217521,50.34688824875579,50.5696602143931,0.3952995695517729,53.54319344594956,-2.973533231556459,High (>25)
2022-10-04,102.3525848388672,102.5522628939969,99.71140700180528,100.3921238672329,16013600,False,29.06999969482422,False,3.62,False,0.046783624818391,0.0457222484662787,0.3446795579666993,102.57631912231446,104.4232406616211,-0.0085282974134713,-0.0499999999999998,-0.0342192914814579,-0.733211330738014,True,False,False,0.0362,0.3446795579666993,2.980059244265851,47.65182877310515,48.47699077440292,0.3719370940487233,49.55022819777544,-1.0732374233725182,High (>25)
2022-10-05,101.08887481689452,101.60168868963162,99.66031789337548,100.5027998233193,10943500,False,28.549999237060547,False,3.76,False,-0.0123466351530069,-0.0124234880914452,0.3394415807659329,102.371089553833,104.38616729736329,-0.0390194516677573,0.1399999999999996,-0.0178878728318754,-0.6985812397950121,False,False,False,0.037599999999999995,0.3394415807659329,2.6461872051262567,48.35017044829493,49.03745563949565,0.3699228420386594,50.16405784599922,-1.12660220650357,High (>25)
2022-10-06,99.02845001220705,100.90572600519454,98.84530420211476,100.23723052388458,11521400,False,30.520000457763672,False,3.83,False,-0.0203823102039624,-0.0205928958842012,0.3319855129218734,101.94031028747558,104.27484817504885,-0.0800377401310457,0.0700000000000002,0.0690017959140916,-0.6937998476537143,False,False,False,0.0383,0.3319855129218734,2.156046543161297,49.771911751203305,50.27063296418825,0.3560495230476579,51.04424491442912,-0.7736119502408698,High (>25)
2022-10-07,97.05044555664062,98.6346770234324,96.40026188286828,98.46068361891038,11681100,False,31.36000061035156,False,3.89,False,-0.0199741029504409,-0.0201762821058939,0.3349507455752615,101.38476486206056,104.1317742919922,-0.1027253089086667,0.06,0.0275229403666081,-0.6888249309288774,False,False,False,0.038900000000000004,0.3349507455752615,1.9492748630176937,51.41099760126154,51.832435929952815,0.3455483092121409,52.135833031444434,-0.303397101491619,High (>25)
2022-10-10,96.1438446044922,98.26836784175404,95.71344432592626,97.73724227236144,8931700,False,32.45000076293945,False,3.92,False,-0.0093415434308264,-0.0093854492939365,0.329055468296149,100.71990127563475,103.9605844116211,-0.1215016090301437,0.0299999999999998,0.0347576572504306,-0.7329903330472964,False,False,False,0.0392,0.329055468296149,1.7150549687809526,52.01922243085966,52.3638786346181,0.33821529420195906,52.60467208564916,-0.24079345103105965,High (>25)
2022-10-11,93.36914825439452,95.73176668930428,93.26841597322336,95.57609206806303,12739700,False,33.630001068115234,False,3.93,False,-0.0288598439298114,-0.0292844791192787,0.3228982567089678,100.106449508667,103.75477600097656,-0.1161420513110883,0.0100000000000002,0.0363636449131747,-0.7054243785368955,False,False,False,0.0393,0.3228982567089678,1.2912392859895352,54.29177738036856,54.509318073497816,0.30584401869179606,54.17710723014777,0.33221084335004747,High (>25)
2022-10-12,94.880126953125,95.90576156520449,92.7464442175861,93.22263446077322,13181000,False,33.56999969482422,False,3.91,False,0.0161828476212897,0.0160533010951594,0.3322094722946354,99.5807991027832,103.61149871826171,-0.0997504069939031,-0.02,-0.0017841620988797,-0.717764060700757,False,False,False,0.0391,0.3322094722946354,1.6206063567248474,53.17381132684666,53.486311964944264,0.31883262003263413,53.17586027146071,0.3104516934835573,High (>25)
2022-10-13,100.15481567382812,100.64015835202872,93.18601079802043,93.38747537838252,22398700,False,31.940000534057617,False,3.97,False,0.0555931878475357,0.0541028722798048,0.3907226724786179,99.23946609497072,103.55229522705078,-0.063811609470531,0.06,-0.0485552331124361,-0.743116024735697,True,False,False,0.0397,0.3907226724786179,3.8799436576989628,50.19341647315568,51.38166636101741,0.29730504554389486,48.21523593855989,3.166430422457516,High (>25)
2022-10-14,101.82147216796876,105.53022733591538,101.39107181576124,102.52659124378432,33387100,True,32.02000045776367,False,4.0,False,0.0166408023710851,0.0165038613368649,0.3965380263171419,99.01731758117675,103.54911514282226,-0.0418105075761974,0.0299999999999998,0.0025046938750283,-0.7416199997353075,False,False,False,0.04,0.3965380263171419,4.417030554462869,49.05898904909232,50.5070949561653,0.2980467450273958,46.85432689214406,3.652768064021238,High (>25)
2022-10-17,106.09797668457033,107.1510824539226,104.68773173058194,105.68589515970226,22276300,False,31.3700008392334,False,4.02,False,0.0420000263750544,0.0411419686431272,0.4247330253668644,98.9599826812744,103.56974655151367,-0.0106923537363551,0.0199999999999995,-0.0202998004134217,-0.73607480568945,True,False,False,0.04019999999999999,0.4247330253668644,6.428656690297469,46.86378055034632,49.380252671879475,0.28184480801190176,42.979156419477064,6.401096252402411,High (>25)
2022-10-18,108.82688903808594,110.01735767004864,107.10529480386944,109.57780496566174,21539700,False,30.5,False,4.01,False,0.0257206823239304,0.0253954702343314,0.4276557882700931,99.1448314666748,103.67055145263672,0.0351657828956859,-0.0099999999999997,-0.0277335293579373,-0.7363620914493727,False,False,False,0.0401,0.4276557882700931,7.327348698527494,45.1108185130618,48.17419821921606,0.2777568801045597,40.78768723133767,7.386510987878388,High (>25)
2022-10-19,106.69322967529295,108.81775337066692,105.92400184449336,108.04852553986728,17072000,False,30.76000022888184,False,4.14,False,-0.0196059942689923,-0.0198007414523301,0.4199957797763188,99.37457046508788,103.70998641967772,0.0450034254334548,0.1299999999999999,0.008524597668257,-0.7243525577456636,False,False,False,0.0414,0.4199957797763188,6.456127795286264,46.13690391743508,48.683448184269345,0.2617835577816017,41.726340376128896,6.957107808140449,High (>25)
2022-10-20,106.34522247314452,108.70784087660408,105.90566978530704,107.28844354669732,12207400,False,29.979999542236328,False,4.24,False,-0.0032617552510834,-0.0032670863704365,0.4174105911561585,99.64499626159667,103.68782241821287,0.0535832415720176,0.1000000000000005,-0.0253576294161771,-0.7369985266058584,False,False,False,0.0424,0.4174105911561585,6.290616016680914,46.167539651714904,48.62240167998494,0.26236513851182053,41.89456148662006,6.727840193364877,High (>25)
2022-10-21,111.93125915527344,112.07777438811137,106.5283745796984,106.64741864303946,20593300,False,29.690000534057617,False,4.21,False,0.0525273872414866,0.0511943073679094,0.444220631261834,100.288663482666,103.74561248779295,0.1299577570956365,-0.0300000000000002,-0.0096730824752067,-0.7072337458154145,True,True,False,0.0421,0.444220631261834,9.022397420629463,43.485072789181515,47.61626674671028,0.20362519174393778,35.711579761507366,11.904686985202915,High (>25)
2022-10-24,112.0686264038086,112.7279624850652,111.10710044077992,111.7847483080427,12624200,False,29.850000381469727,False,4.25,False,0.0012272465223017,0.0012264940708545,0.4323638820945891,101.04584503173828,103.7700262451172,0.1562407190782415,0.04,0.0053890146357045,-0.6940491307891122,False,False,False,0.0425,0.4323638820945891,8.602935601671135,42.873892448697376,46.763982900211914,0.20672276382283103,35.627245915058346,11.136736985153568,High (>25)
2022-10-25,112.36166381835938,112.88363705127983,110.7041712164928,111.58328366211862,11289100,False,28.459999084472656,False,4.1,False,0.0026148033036017,0.0026113906530889,0.4284901514497531,101.86033515930175,103.79431045532226,0.1695585193877129,-0.1500000000000003,-0.0465662070094965,-0.6546996647799875,False,False,False,0.040999999999999995,0.4284901514497531,8.50165732169468,42.70212526062225,46.534905959036735,0.2100271877609433,35.669212317188865,10.86569364184787,High (>25)
2022-10-26,113.65286254882812,114.65101904999467,112.52649560198506,112.63638727546582,11667000,False,27.280000686645508,False,4.04,False,0.0114914525701226,0.0114259273379799,0.4263594320751232,102.64227027893068,103.82318008422853,0.1595555414406202,-0.0599999999999996,-0.0414616456706401,-0.6653992224099904,False,False,False,0.0404,0.4263594320751232,8.828790901985073,41.85420780004189,45.91721461471907,0.20970395639274736,34.68367179664794,11.233542818071129,High (>25)
2022-10-27,114.10157775878906,115.56676517888997,113.74443854346964,114.6510221680063,10727600,False,27.38999938964844,False,3.96,False,0.0039481206183271,0.0039403472435487,0.4166366349770358,103.52968902587892,103.87990295410157,0.1842011933132461,-0.08,0.0040322104191434,-0.6479074394745967,False,False,True,0.039599999999999996,0.4166366349770358,8.557879926913976,41.26021055418141,45.173271682367584,0.2099328441993075,34.43092305011158,10.742348632256004,High (>25)
2022-10-28,115.45687866210938,115.6400244667623,113.59792149728024,114.7334408565705,11859500,False,25.75,False,4.02,False,0.0118780207070003,0.0118080307023793,0.4065477364919779,104.56020584106446,103.98097671508788,0.2173019257342061,0.0599999999999996,-0.0598758461553032,-0.6276190719500764,False,False,True,0.04019999999999999,0.4065477364919779,8.614126902491705,39.9058903901842,43.899107275310065,0.2222655637221726,33.735209257928844,10.163898017381221,High (>25)
2022-10-31,115.27373504638672,116.69313959840396,115.00816871790636,115.10890101445288,13295200,False,25.8799991607666,False,4.1,False,-0.001586251229419,-0.0015875106579233,0.4009041351788868,105.43498420715332,104.13302627563476,0.1789312249238841,0.08,0.005048511097732,-0.6128427210720084,False,False,False,0.040999999999999995,0.4009041351788868,8.343218119182861,39.69868172622128,43.5289098584183,0.2262257259375185,33.92901442147434,9.59989543694396,High (>25)
2022-11-01,117.35245513916016,117.4715061957716,115.68581021224358,116.18031225073544,13386900,False,25.809999465942383,False,4.07,False,0.018032903088782,0.0178722389112957,0.3768155497988791,106.18497772216796,104.36222915649414,0.1465509671681191,-0.0299999999999993,-0.0027047796404234,-0.5871101254205544,False,False,False,0.0407,0.3768155497988791,8.020949572122401,37.3887661537118,41.094336576055525,0.2223021548774245,32.2839821396139,8.810354436441628,High (>25)
2022-11-02,116.27188110351562,119.37624908165756,115.96968425941512,116.89458657625418,16546100,False,25.86000061035156,False,4.1,False,-0.0092079371868543,-0.0092505922860347,0.3748238510083177,106.94412803649902,104.59069580078123,0.1501946313491229,0.0299999999999993,0.0019372780102207,-0.6174635606680823,False,False,False,0.040999999999999995,0.3748238510083177,7.5955077826807695,37.97581328607849,41.39769819545446,0.22673203516109966,33.215425041633694,8.182273153820766,High (>25)
2022-11-03,116.48250579833984,117.37993001810509,115.3012034867295,115.66749509431108,12474400,False,25.299999237060547,False,4.14,False,0.0018114843659982,0.0018098456069532,0.361127092499032,107.81683082580568,104.81829208374025,0.1762529433105464,0.04,-0.0216551183323192,-0.5667228078859474,False,False,False,0.0414,0.361127092499032,7.114304972137173,37.231258373166156,40.38184748803819,0.23033415974994473,33.16889473349482,7.212952754543373,High (>25)
2022-11-04,119.66928100585938,119.80665083109656,117.6363445290073,118.57955864183003,14953200,False,24.549999237060547,False,4.17,False,0.027358401896304,0.0269908495183795,0.3507515669867098,108.9477725982666,105.05970458984376,0.233062664673888,0.0300000000000002,-0.0296442696686475,-0.5360691073276345,False,False,True,0.0417,0.3507515669867098,7.714594533750201,34.674997673107484,38.281518617876,0.23779211672094855,31.3399245184921,6.941594099383902,Normal (15-25)
2022-11-07,120.3011703491211,121.1436523507718,119.48615952348165,119.96234986289508,12011200,False,24.350000381469727,False,4.22,False,0.0052802969814014,0.0052664050940317,0.3434014567626299,110.15563888549804,105.38418655395508,0.2512623230744006,0.0499999999999998,-0.0081465931489278,-0.5051802663777157,False,False,True,0.042199999999999994,0.3434014567626299,7.624471648376996,33.89561943726382,37.472817857156215,0.23713056806503996,30.854794118319088,6.6180237388371275,Normal (15-25)
2022-11-08,120.37439727783205,120.93300098657986,119.17477635571636,120.1820991003853,9884100,False,25.540000915527344,False,4.14,False,0.0006086967275418,0.0006085115468308,0.3119707440596274,111.50590133666992,105.71521560668944,0.2892309668484794,-0.08,0.0488706577172459,-0.3820673309100673,False,False,True,0.0414,0.3119707440596274,6.292287447829036,32.606982163757706,35.39842670271903,0.23713701935920273,30.894173111085394,4.504253591633635,High (>25)
2022-11-09,118.80847930908205,120.35607294803224,118.33228912695223,120.2553546513454,9494000,False,26.09000015258789,False,4.12,False,-0.0130087294654174,-0.0130940840309465,0.3249143322550316,112.70231895446776,106.01456298828126,0.2521956190865839,-0.0199999999999995,0.0215348166540654,-0.4405810127489934,False,False,True,0.0412,0.3249143322550316,6.345528457371991,34.2188632685985,36.994286689602454,0.23457678375551097,31.78860398155689,5.205682708045565,High (>25)
2022-11-10,123.69855499267578,123.8542296119006,121.3634077580476,121.45498763906365,16351600,False,23.530000686645508,False,3.82,False,0.0411593154969363,0.0403348187464654,0.3021808744363697,113.87950592041015,106.4240557861328,0.235073462623325,-0.3000000000000002,-0.0981218647363041,-0.4788744652640646,True,False,True,0.0382,0.3021808744363697,6.815667603108039,30.344033493003153,33.53575344625432,0.1841263224363831,26.36103710021227,7.17471634604205,Normal (15-25)
2022-11-11,123.9000244140625,124.69671631227637,122.5080912121442,123.79929213024351,10704700,False,22.520000457763672,False,3.835,False,0.0016287128123577,0.0016273878980533,0.3030174376534875,114.98343353271484,106.82341934204102,0.2168359165900888,0.0150000000000001,-0.0429239353764686,-0.4619879335332733,False,False,True,0.03835,0.3030174376534875,6.922810878999002,30.232692234215406,33.49661695661709,0.19308805238121948,26.648100525521812,6.848516431095277,Normal (15-25)
2022-11-14,122.62713623046876,124.29378105790796,122.62713623046876,123.44214686010652,11085600,False,23.729999542236328,False,3.88,False,-0.010273510353314,-0.010326647108096,0.2862168872847109,115.80989151000976,107.21184707641602,0.155791468060128,0.0449999999999999,0.0537299760158536,-0.5317201870486457,False,False,False,0.0388,0.2862168872847109,5.815750262381101,30.304258588170995,32.876871439771975,0.18953467718421974,27.29640436022571,5.580467079546263,Normal (15-25)
2022-11-15,121.73886108398438,124.2754727820005,120.51176897449376,123.33224475737065,14038300,False,24.540000915527344,False,3.8,False,-0.0072437078267484,-0.0072700708662067,0.2821469118255167,116.45549011230467,107.5819645690918,0.1186468910397655,-0.08,0.0341340661153117,-0.5461467195651475,False,False,False,0.038,0.2821469118255167,5.363233336752138,30.835038609142302,33.121980330815916,0.18854180377907806,27.97805596255957,5.1439243682563465,Normal (15-25)
2022-11-16,121.90369415283205,122.30662327701408,120.90553771446262,121.793809472829,7893400,False,24.11000061035156,False,3.67,False,0.0013539889184108,0.0013530731019922,0.2665221948009695,117.21601333618165,107.91616912841796,0.142562602367837,-0.1299999999999999,-0.0175224241700703,-0.5364063671724864,False,False,False,0.036699999999999997,0.2665221948009695,4.741114775695369,30.23973429235292,32.181818206549636,0.20869747858734428,28.94728547183042,3.2345327347192168,Normal (15-25)
2022-11-17,121.37256622314452,121.69308184959206,120.21873511956515,120.87807117107586,8820200,False,23.93000030517578,False,3.77,False,-0.0043569469602918,-0.0043664661133917,0.2670992207942081,117.96738052368164,108.19073974609375,0.1413071824058187,0.1,-0.0074657943019086,-0.5529338344415965,False,False,False,0.0377,0.2670992207942081,4.649553794582417,30.52254650001187,32.405960831793706,0.20918790337763848,29.218921610832993,3.1870392209607132,Normal (15-25)
2022-11-18,122.5630111694336,123.3230793588662,121.13445465845224,123.23151346410836,9468500,False,23.1200008392334,False,3.82,False,0.0098081879895366,0.0097603999357863,0.206096498047091,118.49896812438963,108.4787728881836,0.0949846548175747,0.0499999999999998,-0.033848702700066,-0.7273461008382058,False,False,False,0.0382,0.206096498047091,2.6737086779728187,27.31146607762244,28.212429105723206,0.20694967192629504,28.25584751777445,-0.04341841205124197,Normal (15-25)
2022-11-21,121.83958435058594,123.2223509711398,121.56485871141508,122.471449128741,7800500,False,22.36000061035156,False,3.83,False,-0.0059024889478896,-0.0059199774870086,0.2091867545404483,118.98751602172852,108.72674224853516,0.0871872731942871,0.0100000000000002,-0.0328719810248518,-0.6868007753840129,False,False,False,0.0383,0.2091867545404483,2.6344108746067185,27.964497018118408,28.837582661696715,0.20737633753329643,28.747957209326838,0.08962545236987651,Normal (15-25)
2022-11-22,123.66193389892578,123.8725648586524,122.42568917954846,122.70956728607663,9185700,False,21.290000915527344,False,3.76,False,0.0149569580202781,0.0148462057032438,0.2124538252463076,119.55252952575684,109.08721725463867,0.1005705121885174,-0.0700000000000002,-0.0478532945266941,-0.7194487610658183,False,False,False,0.037599999999999995,0.2124538252463076,3.1233846579367253,26.774181064782184,27.908309298275682,0.20407154102184866,27.455298569964576,0.45301072831110645,Normal (15-25)
2022-11-23,124.98059844970705,124.99891722184935,123.4970992881457,123.570360403586,7316200,False,20.350000381469727,False,3.71,False,0.0106634637612821,0.0106070100053601,0.212132519458992,120.11891632080078,109.4789665222168,0.0996696048549787,-0.0499999999999998,-0.0441522073102426,-0.7176350045194255,False,False,False,0.0371,0.212132519458992,3.405345314419712,25.840097292369876,27.140102343747053,0.20231134518439564,26.579247314797968,0.560855028949085,Normal (15-25)
2022-11-25,125.21871948242188,125.58501114182262,124.59600689368324,124.98061732799336,3220500,False,20.5,False,3.68,False,0.0019052639823184,0.001903451268997,0.2123709364952215,120.67477340698242,109.84371139526368,0.0974319719498924,-0.0299999999999998,0.0073709884873938,-0.7199176311450863,False,False,False,0.0368,0.2123709364952215,3.463923985639532,25.709406607853794,27.04365034341103,0.20331579519025594,26.520251746013393,0.5233985973976374,Normal (15-25)
2022-11-28,123.03008270263672,125.19123683050562,122.88356046305546,124.60516184531048,9906900,False,22.209999084472656,False,3.69,False,-0.0174785111110515,-0.017633063835206,0.2245088424104289,121.0534336090088,110.17902420043946,0.0655933550974534,0.0099999999999997,0.083414589486471,-0.7573709661860692,False,False,False,0.0369,0.2245088424104289,3.40718481643356,27.776441178123022,29.04008618566609,0.1955036394637026,27.51495521092508,1.5251309747410104,Normal (15-25)
2022-11-29,125.05386352539062,125.12712464315098,123.0850216381753,123.31395739125288,7925300,False,21.88999938964844,False,3.75,False,0.0164494794955585,0.0163156524040912,0.2284226069970527,121.54244003295898,110.53520797729492,0.0848426441206953,0.06,-0.0144079112118438,-0.7480520223843392,False,False,False,0.0375,0.2284226069970527,4.075722645762827,26.381093665480392,28.039161001930413,0.18634394865306636,25.628895775796202,2.410265226134211,Normal (15-25)
2022-11-30,126.53733825683594,126.53733825683594,121.96779045213349,124.62343908487884,14761200,False,20.57999992370605,False,3.68,False,0.011862686122801,0.0117928760097372,0.2244744837901927,122.00168418884276,110.96335647583008,0.078267498594589,-0.0699999999999998,-0.0598446552064261,-0.7751788839275785,False,False,False,0.0368,0.2244744837901927,4.289897350918249,25.247129847513293,27.05715779226552,0.1817793068176288,24.495759873983165,2.5613979182823563,Normal (15-25)
2022-12-01,124.76082611083984,126.9769224009966,124.01906257456254,126.53735571880368,8858500,False,19.84000015258789,False,3.53,False,-0.0140394303410291,-0.0141389153830146,0.2288205652577182,122.426131439209,111.41660400390624,0.0730094406898482,-0.1500000000000003,-0.0359572290506063,-0.7044675881529368,False,False,False,0.0353,0.2288205652577182,3.9536385385224975,26.863502184331495,28.441649363895273,0.17800885005300732,25.65588923732881,2.785760126566462,Normal (15-25)
2022-12-02,123.77181243896484,123.9458058238679,122.10515367108044,123.15826637907824,8931900,False,19.059999465942383,False,3.51,False,-0.0079272773570474,-0.0079588652683665,0.2324283417152342,122.79059677124025,111.87330612182618,0.0625785528107079,-0.02,-0.0393145504358156,-0.6639319229161106,False,False,False,0.0351,0.2324283417152342,3.840280690581661,27.745342749037846,29.24150944628729,0.17825461234970788,26.39101715475578,2.850492291531509,Normal (15-25)
2022-12-05,120.3011703491211,123.23155953954412,119.5960582006578,122.92936263028932,10154500,False,20.75,False,3.6,False,-0.0280406501403961,-0.0284412965283206,0.2389636965146964,122.82219123840332,112.29817123413086,0.0052802969814014,0.0900000000000003,0.0886673967162179,-0.7500666703676657,False,False,False,0.036000000000000004,0.2389636965146964,3.2903155543930183,30.455803496875234,31.613636915213878,0.14580751780385326,27.931342940496464,3.682293974717414,Normal (15-25)
2022-12-06,120.50263214111328,123.72605179142124,118.92755287864072,122.15097252894866,13966700,False,22.170000076293945,False,3.51,False,0.0016746453206359,0.0016732446656765,0.2383229771567854,122.83226432800294,112.76972396850586,0.0016746453206359,-0.0900000000000003,0.0684337386165756,-0.7031310508158967,False,False,False,0.0351,0.2383229771567854,3.291190458359573,30.390141464173254,31.549445925307726,0.1459967329438271,27.88032269977862,3.6691232255291055,Normal (15-25)
2022-12-07,120.42020416259766,121.8670797753192,119.34878653237514,120.24621075738447,11739400,False,22.68000030517578,False,3.42,False,-0.0006840346725297,-0.0006842687309885,0.2383370314077887,122.8345546722412,113.25669082641602,0.000380536773612,-0.0899999999999998,0.0230040697846984,-0.7209699154037108,False,False,False,0.0342,0.2383370314077887,3.2525676665465575,30.562450649307124,31.69969894641955,0.15777456669714313,28.37423887515873,3.3254600712608173,Normal (15-25)
2022-12-08,121.68392944335938,121.77549535581866,120.35609096797695,121.1802680188828,8907300,False,22.290000915527344,False,3.48,False,0.0104942961154206,0.0104396132294975,0.2357461452264108,122.97832717895508,113.7300862121582,0.0242023982715644,0.06,-0.0171957400529415,-0.7151653346116393,False,False,False,0.0348,0.2357461452264108,3.4578430465233723,29.446157212546638,30.70612096169057,0.1568459312874852,27.221514679057456,3.484606282633113,Normal (15-25)
2022-12-09,121.0246124267578,122.48979301470985,120.87809017602332,121.06123600287596,7957800,False,22.82999992370605,False,3.57,False,-0.0054182751955629,-0.0054330072877275,0.1834796490019651,122.84463005065918,114.22351440429688,-0.0216166030886643,0.0899999999999998,0.0242260648720988,-0.6395104502306916,False,False,False,0.035699999999999996,0.1834796490019651,1.635203239635338,28.137325771669097,28.5710581219289,0.15605811365250583,27.627163830106603,0.9438942918222963,Normal (15-25)
2022-12-12,122.90185546875,123.3047705899854,120.51176604366964,121.24434915364463,8841600,False,25.0,False,3.61,False,0.0155112501858105,0.0153921804464693,0.1925398338271118,122.79472160339355,114.78462066650393,-0.0080562449445265,0.04,0.0950503759765972,-0.4263992410015458,False,False,False,0.0361,0.1925398338271118,2.2382743047330678,26.848503717989857,27.55085226325618,0.14992879928173466,25.84235466170628,1.7084976015498974,High (>25)
2022-12-13,122.78282165527344,125.53920302213729,121.86707866617364,125.35605721894316,10025400,False,22.549999237060547,False,3.51,False,-0.0009685273914097,-0.0009689967171247,0.1889689074130198,122.8025058746338,115.2847137451172,0.0012695837935257,-0.1,-0.0980000305175781,-0.3529861771766712,False,False,False,0.0351,0.1889689074130198,2.080792890668306,26.95206863123505,27.5826484541436,0.14993883237819539,26.066379261358684,1.5162691927849181,Normal (15-25)
2022-12-14,122.16929626464844,124.27550829168251,121.5740548368282,122.50811675672064,9966100,False,21.13999938964844,False,3.49,False,-0.0049968341039395,-0.0050093600235203,0.187971580802483,122.824027633667,115.6810479736328,0.0035357253783334,-0.0199999999999995,-0.0625277115351203,-0.300483257711954,False,False,False,0.0349,0.187971580802483,1.9384326228634343,27.4380720274404,28.002013138166856,0.16712207089672146,27.16694171011655,0.8350714280503055,Normal (15-25)
2022-12-15,119.1381607055664,120.95132779332344,118.17662783505968,120.09967960294496,12087800,False,22.82999992370605,False,3.44,False,-0.0248109439258441,-0.0251239231153749,0.2078183850462714,122.68575096130373,116.04203369140625,-0.0226862152659497,-0.0500000000000002,0.0799432631433825,-0.3973183442877342,False,False,False,0.0344,0.2078183850462714,2.0158721677080287,30.54928386472622,31.11777804668457,0.14744873312681994,29.197209124658798,1.9205689220257725,Normal (15-25)
2022-12-16,118.39640045166016,118.95500421288943,117.60886095178166,118.26819699694174,21133700,False,22.6200008392334,False,3.48,False,-0.0062260509102487,-0.0062455135910315,0.2083163982998342,122.5369426727295,116.42939270019532,-0.0245209099889397,0.04,-0.0091983830562607,-0.3948598965867372,False,False,False,0.0348,0.2083163982998342,1.9159027699959914,31.116031994860094,31.638949294232383,0.18961434314123873,30.9432413246841,0.695707969548284,Normal (15-25)
2022-12-19,119.10153198242188,120.26452950136444,118.21326015727044,118.72607400001164,9017200,False,22.420000076293945,False,3.57,False,0.0059556838558585,0.0059380188740943,0.2060631670359514,122.3638687133789,116.87041442871094,-0.0282424456937215,0.0899999999999998,-0.0088417663801568,-0.3806194895647828,False,False,False,0.035699999999999996,0.2060631670359514,1.9812087125329683,30.362121894345307,30.917870402452184,0.19804047038013675,30.596120917541302,0.32174948491088173,Normal (15-25)
2022-12-20,119.67845916748048,120.92387025075504,119.22974005117491,119.93486609876084,8549900,False,21.479999542236328,False,3.69,False,0.0048439946611582,0.0048323002688636,0.2064453569354367,122.25581245422364,117.3411067199707,-0.0177374635232417,0.1200000000000001,-0.0419268747037846,-0.4063658636552517,False,False,False,0.0369,0.2064453569354367,2.1122608587764944,29.755950683702494,30.372224243814706,0.19779107235853324,30.009829828723944,0.36239441509076187,Normal (15-25)
2022-12-21,121.0246124267578,121.77551450879292,120.66747317379934,121.04291722825144,8051700,False,20.06999969482422,False,3.68,False,0.011248083144131,0.0111852938576242,0.2030799164022436,122.12394638061524,117.89421600341797,-0.0213268658269858,-0.0099999999999997,-0.065642452395756,-0.4096721643654457,False,False,False,0.0368,0.2030799164022436,2.2453725671829297,28.58836922920797,29.27448537032438,0.2015296615013034,29.204187087290887,0.07029828303349461,Normal (15-25)
2022-12-22,119.65099334716795,120.23706835533226,117.59057143161893,120.05392253524288,8648200,False,21.96999931335449,False,3.67,False,-0.011349915129215,-0.0114148169701749,0.2013383108376289,121.85746612548829,118.38963333129882,-0.0426434596141236,-0.0100000000000002,0.0946686421236095,-0.4172964236587249,False,False,False,0.036699999999999997,0.2013383108376289,1.9508281346791847,29.650267290939397,30.19952933224252,0.19594172531673112,29.97975183239349,0.21977749984903028,Normal (15-25)
2022-12-23,120.21873474121094,120.36525696844744,118.71691684485836,119.57771746346202,5091900,False,20.8700008392334,False,3.75,False,0.0047449785259674,0.0047337565998924,0.2023373622055197,121.60746688842774,118.79091171264648,-0.0399300101604443,0.08,-0.0500682070323258,-0.4320697337657521,False,False,False,0.0375,0.2023373622055197,2.0920099052909826,29.121153545622448,29.734804487233454,0.19595137518648648,29.4631969668522,0.2716075203812558,Normal (15-25)
2022-12-27,120.63997650146484,121.07952918763898,119.550240198278,120.484301882885,5411000,False,21.64999961853028,False,3.84,False,0.003503961018727,0.0034978364499803,0.1945484043628115,121.48796157836914,119.1672817993164,-0.0194270063765522,0.0899999999999998,0.0373741613766762,-0.3602916640256228,False,False,False,0.0384,0.1945484043628115,1.9444231198902315,28.4320537220529,28.98937697954509,0.19622089543135715,29.060859567645355,-0.07148258810026675,Normal (15-25)
2022-12-28,121.2993392944336,122.1692924600138,119.97150059771896,120.74073543474422,8827700,False,22.13999938964844,False,3.88,False,0.0054655414572362,0.00545065958589,0.1852342043702193,121.30023536682128,119.47130905151369,-0.0300232565801114,0.04,0.0226327842841518,-0.3464174493860165,False,False,False,0.0388,0.1852342043702193,1.7829604703595336,27.56868570435266,28.06635413315942,0.19609561542942316,28.53483844303832,-0.46848430987889955,Normal (15-25)
2022-12-29,121.99529266357422,122.04108261161034,121.16196311796013,121.729719348843,6585200,False,21.440000534057617,False,3.83,False,0.0057374868914275,0.0057210902008159,0.1806104443021754,121.0731330871582,119.73467712402343,-0.0358949038744802,-0.0499999999999998,-0.0316169320184402,-0.3161446736715526,False,False,False,0.0383,0.1806104443021754,1.7498961747953565,26.927860069132905,27.417329853252582,0.20018646464375495,28.293387915426024,-0.876058062173442,Normal (15-25)
2022-12-30,122.8011474609375,123.01176444801732,121.28101065841544,121.61983111238688,9292500,False,21.670000076293945,False,3.88,False,0.0066056220676118,0.0065839005497825,0.1768277551089411,120.97514915466309,120.05683547973632,-0.0157074837590552,0.0499999999999998,0.010727590322163,-0.3655778623741176,False,False,False,0.0388,0.1768277551089411,1.777621071150545,26.096125758390613,26.604396770251885,0.20002867413692016,27.68260930400299,-1.0782125337511062,Normal (15-25)
2023-01-03,123.73519134521484,125.21870452680464,122.60883135261088,123.84509000841412,11054800,False,22.89999961853028,False,3.79,False,0.007606149483045,0.0075773685771831,0.1770407805739956,120.9733180999756,120.40463485717774,-0.0002958758785895,-0.0899999999999998,0.0567604770607221,-0.3631712369271489,False,False,False,0.0379,0.1770407805739956,1.926381477896399,25.462274690754256,26.040472292927777,0.19988333888088153,27.155454766598634,-1.1149824736708567,Normal (15-25)
2023-01-04,124.88904571533205,126.07950054076596,124.14729605627132,124.53190647307576,11687600,False,22.01000022888184,False,3.69,False,0.0093251916255416,0.009281980453365,0.1452512607540832,121.20271186828612,120.6637905883789,0.038136581322498,-0.1,-0.0388646028154632,-0.2577687080514568,False,False,False,0.0369,0.1452512607540832,1.1539246576515474,23.707031135011917,23.987335453475605,0.19927084343838583,26.489067631347286,-2.5017321778716806,Normal (15-25)
2023-01-05,124.86133575439452,125.19343885785884,123.33919066504112,125.14731068975593,8381300,False,22.459999084472656,False,3.71,False,-0.0002218766328048,-0.0002219012510664,0.1454484281540764,121.4206470489502,120.91964477539062,0.0361710241165273,0.02,0.0204451999505352,-0.2688070607674388,False,False,False,0.0371,0.1454484281540764,1.1586007019344269,23.709868677684113,23.991859792461725,0.20527661328697352,26.819214538322136,-2.8273547458604114,Normal (15-25)
2023-01-06,127.25064086914062,127.6565462748384,124.06799395823543,125.58090514907298,10029100,False,21.1299991607666,False,3.55,False,0.0191356683821317,0.01895488412437,0.1574458771786566,121.76216888427734,121.21742431640624,0.0567216834919177,-0.1600000000000001,-0.0592163837008136,-0.3301835843673398,False,False,False,0.0355,0.1574458771786566,1.868974847017487,22.317409211689238,22.90446977105255,0.19605341526700687,25.010831381079452,-2.1063616100269016,Normal (15-25)
2023-01-09,126.7248306274414,128.11782573988478,126.272811033153,127.85952480704994,8482300,False,21.96999931335449,False,3.53,False,-0.0041320832500949,-0.0041406438964282,0.1565345625980884,122.01421394348144,121.47886367797852,0.0414261867375711,-0.02,0.0397539132016422,-0.3408765885216597,False,False,False,0.0353,0.1565345625980884,1.7410301023126031,22.73212153410323,23.25731197161349,0.1984137192411208,25.48147935285477,-2.22416738124128,Normal (15-25)
2023-01-10,127.85950469970705,127.97020106027225,126.66946251825928,127.11226203686306,9048700,False,20.57999992370605,False,3.61,False,0.0089538416950145,0.0089139937393509,0.1557171767468916,122.3559585571289,121.75402221679688,0.0564752254594957,0.08,-0.0632680670501215,-0.3527314041165781,False,False,False,0.0361,0.1557171767468916,1.936717666034383,21.703475737549937,22.329244631490518,0.19937926432156725,24.80758373494533,-2.478339103454811,Normal (15-25)
2023-01-11,128.80967712402344,128.92037347696242,127.39824231868354,128.13623677339942,8703700,False,21.09000015258789,False,3.54,False,0.0074313788916042,0.0074039022378043,0.1494834178146611,122.65134963989256,122.02107818603515,0.0480694260696137,-0.0699999999999998,0.0247813523213074,-0.5173304338614839,False,False,False,0.0354,0.1494834178146611,1.8862512049610203,20.826032499511285,21.439418851735603,0.2069175546159428,24.849473694822564,-3.410054843086961,Normal (15-25)
2023-01-12,128.6805419921875,129.94437242636852,128.43146109210693,129.15101562447867,11001700,False,18.82999992370605,False,3.43,False,-0.0010025266324641,-0.0010030294984076,0.1494936053904823,122.94623565673828,122.28921432495116,0.0480337579590128,-0.1099999999999998,-0.1071598014476316,-0.5056926993766885,False,False,False,0.034300000000000004,0.1494936053904823,1.8378323025314955,21.06312346500748,21.650963196647066,0.20736228772107193,25.047142359738174,-3.3961791630911087,Normal (15-25)
2023-01-13,131.92774963378906,132.37056322485412,124.35397340286052,125.09198197829284,20200000,False,18.350000381469727,False,3.49,False,0.0252346438034019,0.0249215071758137,0.1671514070794072,123.43415832519533,122.58072021484377,0.0798764801591509,0.06,-0.0254912131800929,-0.5459798639039373,False,False,False,0.0349,0.1671514070794072,3.264292422308266,19.23022199158362,20.605155303779053,0.19073611786443717,22.23102600964646,-1.6258707058674062,Normal (15-25)
2023-01-17,129.88900756835938,130.57165384016318,128.44066460814747,130.23033070426126,14292900,False,19.36000061035156,False,3.53,False,-0.0154534741257159,-0.0155741236404378,0.1480393988428841,123.97170066833496,122.85306274414064,0.090238482775995,0.0399999999999995,0.0550408832635096,-0.4960142101285496,False,False,False,0.0353,0.1480393988428841,2.0440828042392774,19.943870349938663,20.64533148909173,0.18231278035272688,22.67251456365014,-2.0271830745584083,Normal (15-25)
2023-01-18,125.98683166503906,129.82445142479642,125.8392271152633,128.15471542494893,13392600,False,20.34000015258789,False,3.37,False,-0.0300423875458948,-0.0305029069404383,0.1890951231258218,124.35122222900392,123.0431492614746,0.0641103207903519,-0.1599999999999997,0.0506198094700647,-0.5385855731873156,False,False,False,0.0337,0.1890951231258218,2.6843235588448557,24.62827858275338,25.574914319486986,0.13983606497496,23.315664774205917,2.259249545281069,Normal (15-25)
2023-01-19,124.30782318115234,125.36870064270028,123.23771164038068,124.83365894865472,13303400,False,20.520000457763672,False,3.39,False,-0.01332685695558,-0.0134164564573113,0.1975394833920957,124.61153678894044,123.13592010498049,0.0437130497993834,0.02,0.0088495724594612,-0.529439858524974,False,False,False,0.0339,0.1975394833920957,2.63728816982659,26.19258007400785,27.09189289858494,0.14052350958998533,24.670306432456414,2.4215864661285273,Normal (15-25)
2023-01-20,124.61226654052734,124.99049784740328,123.20083173812868,124.68606880111352,13092500,False,19.850000381469727,False,3.48,False,0.0024491086046236,0.0024461144258612,0.1972995809466922,124.85822715759278,123.2221420288086,0.0412255255237068,0.0899999999999998,-0.0326510751143991,-0.5255391182630924,False,False,False,0.0348,0.1972995809466922,2.71365751454292,25.8410760930918,26.783263409553914,0.14052987777981454,24.307553944874527,2.4757094646793867,Normal (15-25)
2023-01-23,126.63257598876952,127.26910825273292,124.3724360086998,124.64917692664584,10487100,False,19.809999465942383,False,3.52,False,0.0162127654389876,0.0160827420342244,0.2011045016953285,125.13862533569336,123.34730560302734,0.0463373808811458,0.04,-0.0020151594336836,-0.4904810465469301,False,False,False,0.0352,0.2011045016953285,3.324474838264173,24.420176685022497,25.70565430539821,0.14981142602548184,23.035969393289246,2.6696849121089627,Normal (15-25)
2023-01-24,127.72110748291016,129.41851719919742,124.53846074578614,125.84841916224752,6945000,False,19.200000762939453,False,3.46,False,0.0085959831871158,0.0085592480897137,0.1954751490268222,125.54213104248046,123.52555816650391,0.0674471135590719,-0.06,-0.0307924643840423,-0.4430374844842439,False,False,False,0.0346,0.1954751490268222,3.351403902029105,23.470557023240417,24.79120462167185,0.14982969892432346,22.311384907246996,2.4798197144248526,Normal (15-25)
2023-01-25,128.33921813964844,128.33921813964844,126.61413389807234,127.35214259398586,8967000,False,19.07999992370605,False,3.46,False,0.0048395341139755,0.004827861214536,0.1954844434342032,125.94815521240234,123.61837142944336,0.0675475699849783,0.0,-0.0062500434617186,-0.4491514615087058,False,False,False,0.0346,0.1954844434342032,3.506589400471949,23.021867355759355,24.43928042344308,0.15157263966097786,21.957795660565477,2.481484762877603,Normal (15-25)
2023-01-26,129.13255310058594,129.2063553652818,127.63809595043652,128.6159513240574,7487600,False,18.729999542236328,False,3.49,False,0.006181547405675,0.0061625200137343,0.1957440436392095,126.3727840423584,123.72302200317382,0.0703960398982501,0.0300000000000002,-0.0183438355801491,-0.4625243286553018,False,False,False,0.0349,0.1957440436392095,3.7323715932382306,22.429122499885665,23.990311933085316,0.15336335352546615,21.474938244357986,2.5153736887273297,Normal (15-25)
2023-01-27,129.4462432861328,130.31338840568634,128.9204073189552,129.71376423474106,7489900,False,18.51000022888184,False,3.52,False,0.0024292107451986,0.0024262649823976,0.195632190477414,126.78012924194336,123.85940414428713,0.0671636303964029,0.0299999999999998,-0.0117458258799413,-0.4741478641923789,False,False,False,0.0352,0.195632190477414,3.820817201918139,22.167652340867292,23.787350207836433,0.15608185592545,21.38258978937846,2.404760418457972,Normal (15-25)
2023-01-30,128.34841918945312,129.23401813554992,128.14546649840148,128.44066145498658,6729300,False,19.940000534057617,False,3.55,False,-0.0084809266673967,-0.0085170943615196,0.1997759342271886,127.0977855682373,123.99159530639648,0.0520768169588221,0.0299999999999998,0.077255553079059,-0.506812688086954,False,False,False,0.0355,0.1997759342271886,3.711468151511344,23.087406745240486,24.619548474969054,0.15440719161761898,21.99370664930603,2.6258418256630236,Normal (15-25)
2023-01-31,129.11410522460938,129.21558157284034,127.53661182508124,129.04030296441033,9188700,False,19.39999961853028,False,3.52,False,0.0059656834107635,0.0059479591779926,0.1996193291899885,127.4134334564209,124.13580352783202,0.0514079704807317,-0.0299999999999998,-0.0270812889199785,-0.5172657323293833,False,False,False,0.0352,0.1996193291899885,3.8995776472864137,22.570901491980408,24.22562970541209,0.15542478257440076,21.564538772282457,2.661090933129632,Normal (15-25)
2023-02-01,128.77279663085938,129.9628389860808,127.41670971054376,127.4997460694358,8841800,False,17.8700008392334,False,3.39,False,-0.0026434648108837,-0.0026469649336485,0.1995154117668149,127.66531372070312,124.28380813598632,0.0407127934331137,-0.1299999999999999,-0.0788659180093731,-0.5111480774546899,False,False,False,0.0339,0.1995154117668149,3.764133724870451,22.957283424586663,24.52300059662853,0.16018061074227874,22.183497293675508,2.3395033029530232,Normal (15-25)
2023-02-02,128.17315673828125,129.5753716687089,127.30599769020552,129.15101214948385,11822100,False,18.729999542236328,False,3.4,False,-0.0046565727255039,-0.0046674483354575,0.1989464140630011,127.8295192718506,124.39601104736327,0.0262962296183677,0.0099999999999997,0.048125274908483,-0.5107453240568599,False,False,False,0.034,0.1989464140630011,3.587744475855523,23.352224673536227,24.807463449116984,0.17056523193149487,23.127517938098453,1.6799455110185306,Normal (15-25)
2023-02-03,130.15655517578125,131.30046932687927,127.42594137506876,127.47205548026778,11501200,False,18.32999992370605,False,3.53,False,0.0154743667704926,0.0153558597408827,0.2049871305812838,128.09428024291992,124.5623504638672,0.0424088000452163,0.1299999999999999,-0.0213560933425691,-0.5099765804135881,False,False,False,0.0353,0.2049871305812838,4.42715639704128,22.06555813089105,24.051583472267975,0.16450751504290423,21.41245007750454,2.6391333947634337,Normal (15-25)
2023-02-06,130.92222595214844,131.21743502591008,129.17868782973096,129.36318646266028,8406200,False,19.43000030517578,False,3.63,False,0.0058826908512839,0.0058654553863665,0.1956127718975047,128.27785949707032,124.70755630493164,0.0288531755748366,0.1,0.0600109321357447,-0.4218085978407846,False,False,False,0.0363,0.1956127718975047,4.269222002689972,21.014861864447965,22.93832649123526,0.19533244081209408,22.91868637117104,0.019640120064217115,Normal (15-25)
2023-02-07,132.5181427001953,133.15467486781688,130.23954897835594,130.42406166418485,10447900,False,18.65999984741211,False,3.67,False,0.0121898076238802,0.0121161102192628,0.1979506978778448,128.567525100708,124.8583071899414,0.045715682112732,0.04,-0.0396294619490334,-0.4280155042441659,False,False,False,0.036699999999999997,0.1979506978778448,4.873388470127047,20.00201709946714,22.343446215774915,0.1894605908641529,21.715439313566556,0.6280069022083588,Normal (15-25)
2023-02-08,131.58642578125,132.8779302241988,131.25432262787135,131.5956457857201,6958000,False,19.6299991607666,False,3.63,False,-0.007030863095125,-0.0070556960797213,0.198966208969543,128.75387115478514,124.98566131591797,0.0291485649838552,-0.04,0.0519828146455756,-0.4349021300579382,False,False,False,0.0363,0.198966208969543,4.617123368146068,20.713860355260422,22.86442961487799,0.2684662705630857,28.216880193686826,-5.352450578808835,Normal (15-25)
2023-02-09,129.53843688964844,132.23215575774526,129.03105520229417,132.02920308280358,6443100,False,20.709999084472656,False,3.67,False,-0.0155638309912463,-0.015686218953345,0.2064940154961306,128.7903091430664,125.1158283996582,0.0056576476387197,0.04,0.0550178283178224,-0.4959130412229219,False,False,False,0.036699999999999997,0.2064940154961306,4.360962853199204,22.40067272848249,24.335662467048177,0.2844738533014489,30.121965485122946,-5.7863030180747685,Normal (15-25)
2023-02-10,130.1104278564453,130.33183468351544,127.85028770927389,128.94807368610296,6582900,False,20.530000686645508,False,3.74,False,0.0044156080660764,0.0044058878719872,0.2069141090499948,128.8618034362793,125.2169596862793,0.0111119042717788,0.0700000000000002,-0.0086913764260908,-0.5929536059524285,False,False,False,0.0374,0.2069141090499948,4.569574633233181,21.949285928946523,24.026871237808884,0.28846140886188865,30.20253479516483,-6.175663557355946,Normal (15-25)
2023-02-13,131.52183532714844,131.66942575539255,129.83364575635736,130.35024744606255,7134600,False,20.34000015258789,False,3.72,False,0.0108477659627741,0.0107893510176609,0.1898233869621628,128.84150772094728,125.31664962768556,-0.0030767924698736,-0.02,-0.0092547748515765,-0.5891550721859857,False,False,False,0.037200000000000004,0.1898233869621628,4.217331229353292,20.247042299563518,22.16412831302446,0.3023897865461609,30.94568407527517,-8.781555762250711,Normal (15-25)
2023-02-14,132.10302734375,132.66575729505092,130.62702427939897,131.45727512332502,9249400,False,18.90999984741211,False,3.77,False,0.0044189773899969,0.0044092423780724,0.1814051637187971,128.9522087097168,125.46349365234374,0.0170454745697044,0.0499999999999998,-0.0703048325687372,-0.5382034411968628,False,False,False,0.0377,0.1814051637187971,4.027942485404871,19.417603575360573,21.24557567319883,0.3411445180538443,34.03833965026497,-12.792763977066144,Normal (15-25)
2023-02-15,132.65652465820312,132.7395469194213,130.35025689320076,130.63623184384645,6728300,False,18.229999542236328,False,3.81,False,0.0041898912203794,0.0041811380674813,0.139887531197669,129.285693359375,125.64118789672852,0.0529396041238401,0.04,-0.0359598260530309,-0.4916288265059109,False,False,False,0.0381,0.139887531197669,2.4102022295976617,17.201344855173474,18.142827765936197,0.3508560123543616,34.745246476208294,-16.602418710272097,Normal (15-25)
2023-02-16,130.82997131347656,132.27830022529912,130.70080679865134,131.83550073283425,8165300,False,20.170000076293945,False,3.86,False,-0.0137690426417605,-0.0138647151369852,0.1405632562032676,129.6118007659912,125.85176391601564,0.0524677205779684,0.0499999999999998,0.1064180242880923,-0.6158583351313489,False,False,False,0.038599999999999995,0.1405632562032676,2.044367103577258,18.547818156739467,19.271344869501355,0.36974449915334295,36.65132628266191,-17.379981413160557,Normal (15-25)
2023-02-17,131.21743774414062,131.76171364927728,129.21559867888436,130.0550695875544,7948800,False,20.020000457763672,False,3.82,False,0.0029616029627925,0.0029572260563811,0.1405678564502174,129.9420593261719,126.06606002807617,0.0530057865648812,-0.04,-0.0074367683670248,-0.623918724990285,False,False,False,0.0382,0.1405678564502174,2.116197570418546,18.298845473403503,19.063081311298635,0.3731283169704763,36.893273541875566,-17.83019223057693,Normal (15-25)
2023-02-21,128.80967712402344,130.3871564587718,127.99786633222568,129.7875324452297,9996300,False,22.8700008392334,False,3.95,False,-0.0183493951833753,-0.0185198335150967,0.1495038724109486,130.05091438293456,126.23384948730468,0.0171922676156173,0.1300000000000003,0.1423576581570211,-0.7485777350934189,False,False,False,0.0395,0.1495038724109486,1.9811199983908843,20.32850669215118,20.9937419663888,0.386420746332308,38.37813818188428,-17.38439621549548,Normal (15-25)
2023-02-22,127.82259368896484,128.62517043791877,126.7893901430616,128.15469683962553,11107500,False,22.290000915527344,False,3.93,False,-0.0076631155135044,-0.0076926280518621,0.1495356272849198,130.0559886932373,126.3566227722168,0.0007945922804362,-0.02,-0.0253607303201784,-0.6929502946806165,False,False,False,0.0393,0.1495356272849198,1.7902342077621896,21.13081214510275,21.69595393210472,0.394633292312506,39.26909062665398,-17.573136694549255,Normal (15-25)
2023-02-23,128.8465576171875,129.30781114087313,127.25062436661048,127.979398740444,8068000,False,21.13999938964844,False,3.88,False,0.0080108210815554,0.0079789047915108,0.1512872795446117,130.08135566711425,126.5130616760254,0.0039531133576566,-0.0500000000000002,-0.0515927087772259,-0.7049045982478102,False,False,False,0.0388,0.1512872795446117,2.035352301734676,20.44767656418182,21.13744828220619,0.3920454165706784,38.882026895096146,-17.744578612889956,Normal (15-25)
2023-02-24,130.00892639160156,130.4056117873212,128.16391208452364,128.3299706918585,9126900,False,21.670000076293945,False,3.95,False,0.0090213413218811,0.0089808921110056,0.1530914258190086,130.12517433166505,126.65520309448242,0.0067866178587283,0.0700000000000002,0.0250709887392441,-0.6707318967126156,False,False,False,0.0395,0.1530914258190086,2.3637476002116387,19.53950451773673,20.40950859851652,0.39019063984328783,38.46930072742124,-18.05979212890472,Normal (15-25)
2023-02-27,131.14358520507812,132.2044625170074,130.73767991400797,131.0974570444859,10014700,False,20.950000762939453,False,3.92,False,0.0087275454460629,0.0086896805734142,0.155816420632437,130.2100414276123,126.82241836547853,0.0131123304613285,-0.0300000000000002,-0.0332256257877054,-0.6796354029522471,False,False,False,0.0392,0.155816420632437,2.7251799399135486,18.83567361224938,19.914196714855077,0.4058518239272956,39.64205190405309,-19.727855189198014,Normal (15-25)
2023-02-28,132.2414093017578,132.6196265458736,130.90376263556865,131.8631779812996,11019800,False,20.700000762939453,False,3.92,False,0.008371161234939,0.0083363173853345,0.154123705643563,130.40469093322753,127.02386062622072,0.0303314223649167,0.0,-0.0119331737897714,-0.660189657871317,False,False,False,0.0392,0.154123705643563,2.9284695936857723,17.9664227729713,19.180591063204247,0.403962510158819,39.33661667854963,-20.156025615345385,Normal (15-25)
2023-03-01,131.50341796875,132.34290298712642,130.8115374961782,131.08829250047577,7139200,False,20.57999992370605,False,4.01,False,-0.005580637236887,-0.0055962671699866,0.1551722530061793,130.52415657043457,127.27116577148438,0.0185054354827005,0.0899999999999998,-0.0057971417782866,-0.6403051233514182,False,False,False,0.0401,0.1551722530061793,2.8134730418012133,18.442669149352312,19.579592892944184,0.40479622419774786,39.45134853167823,-19.871755638734044,Normal (15-25)
2023-03-02,130.13809204101562,131.39268826747863,128.72664313356037,131.2174237309055,11106800,False,19.59000015258789,False,4.08,False,-0.0103824368128502,-0.0104367102974543,0.1599167494831066,130.5924213409424,127.50599960327148,0.0106023589288817,0.0700000000000002,-0.0481049453249891,-0.6143768785805054,False,False,False,0.0408,0.1599167494831066,2.6947548432217125,19.556995027483396,20.60300908276848,0.40431601024632063,39.56395090420065,-18.960941821432172,Normal (15-25)
2023-03-03,132.52737426757812,132.6011765252421,130.1473042441955,130.54397554325527,9513100,False,18.489999771118164,False,3.97,False,0.0183595916390835,0.0181930891933016,0.1704511860794437,130.81013221740722,127.7745164489746,0.0339713684214535,-0.1099999999999998,-0.056151116534035,-0.6356431512966298,False,False,False,0.0397,0.1704511860794437,3.730151141171568,18.416626461809898,20.094540299098732,0.40029358509943036,38.955944985303006,-18.861404686204274,Normal (15-25)
2023-03-06,131.7524871826172,132.87793303450798,131.60488264991764,132.3244371513992,9261300,False,18.61000061035156,False,3.98,False,-0.0058469964355922,-0.0058641570439569,0.1643354667754698,130.88992881774902,128.01599700927736,0.0122616337277869,0.0099999999999997,0.006490040060511,-0.6356003521931223,False,False,False,0.0398,0.1643354667754698,3.252724585551203,18.68182539212866,20.065065166181753,0.4004888497093943,39.06422163104854,-18.999156464866786,Normal (15-25)
2023-03-07,127.8779296875,131.28198313844652,127.13070118877344,131.00522819320005,11747600,False,19.59000015258789,False,3.97,False,-0.0294078508722709,-0.0298489307231814,0.1944475520358213,130.7377140045166,128.1530633544922,-0.0232527078004396,-0.0099999999999997,0.0526598339653583,-0.6823656906805713,False,False,False,0.0397,0.1944475520358213,3.4955179163238306,22.72435808157526,24.14270184329459,0.3909173823904355,38.92670688040942,-14.78400503711483,Normal (15-25)
2023-03-08,127.12151336669922,127.85028796654456,126.28202831492362,127.30601201812318,10002500,False,19.11000061035156,False,3.98,False,-0.0059151436268108,-0.0059327073845559,0.1885617696781582,130.4678825378418,128.3024737548828,-0.0407237018534529,0.0099999999999997,-0.024502273532291,-0.6543727537143653,False,False,False,0.0398,0.1885617696781582,3.0777189193645533,23.031139200118034,24.211953797967382,0.3912734597468792,39.113341887804694,-14.901388089837312,Normal (15-25)
2023-03-09,120.23957824707033,126.70636236099288,119.2063747461258,126.16207244585634,25888100,True,22.61000061035156,False,3.93,False,-0.0541366676447362,-0.0556571893359712,0.2641763053360252,129.90054016113282,128.302890625,-0.0862311402320686,-0.0499999999999998,0.1831501773005759,-0.7942014053903559,True,False,False,0.0393,0.2641763053360252,4.28494256192268,31.033894158992112,32.70339884617109,0.3391826351206351,37.46538841116417,-4.76198956499308,Normal (15-25)
2023-03-10,123.29305267333984,124.77828947933573,117.91484231032793,118.96650674628522,37599700,True,24.799999237060547,False,3.7,False,0.0253949196328282,0.0250778258328842,0.2806408105597648,129.5882709503174,128.3559521484375,-0.048212595166861,-0.2299999999999999,0.0968597331972798,-0.5954232335728835,False,False,False,0.037000000000000005,0.2806408105597648,5.724045440773285,29.821932336566803,32.35367061259046,0.32575276526434815,35.471976137316446,-3.118305524725983,Normal (15-25)
2023-03-13,121.07906341552734,123.50526172401648,119.38165363815746,121.04216932312453,42901100,True,26.520000457763672,False,3.55,False,-0.0179571290499098,-0.0181203148086144,0.2847292051056677,129.13670272827147,128.3515466308594,-0.0694130715708855,-0.1500000000000003,0.0693548900651896,-0.607067781932442,False,False,False,0.0355,0.2847292051056677,5.209288482038069,31.68716485387293,33.86163622401368,0.32067965274989974,36.190137879939044,-2.328501655925365,High (>25)
2023-03-14,124.18792724609376,125.02741226082236,121.11597627206211,124.7967854376339,29648100,True,23.729999542236328,False,3.64,False,0.0256763121787391,0.0253522117667436,0.2990977336992126,128.77000732421874,128.39539932250975,-0.0557619049552665,0.0900000000000003,-0.1052036526157215,-0.654935128114794,False,False,False,0.0364,0.2990977336992126,6.778620884807701,30.088999628462346,33.266399096034135,0.3056680244345705,33.730478441298644,-0.46407934526450845,Normal (15-25)
2023-03-15,118.3207550048828,120.83920951063872,116.90932731300352,120.82997543082509,34280600,True,26.13999938964844,False,3.51,False,-0.0472443044289195,-0.0483967612128892,0.336663660396048,128.08089370727538,128.30579147338867,-0.1043297236709334,-0.1300000000000003,0.1015592032828582,-0.6807664543058899,True,False,False,0.0351,0.336663660396048,6.498945858691847,35.72952394988785,38.55304138082265,0.2518580251346922,33.64147527150556,4.911566109317086,High (>25)
2023-03-16,120.61781311035156,121.72481890489128,116.25435107656224,118.09013838380623,24558500,True,22.989999771118164,False,3.56,False,0.0194138222442374,0.0192277780277174,0.3465339069876321,127.4789581298828,128.2434439086914,-0.0907509945618578,0.0500000000000002,-0.1205049614414945,-0.7023743616474631,False,False,False,0.0356,0.3465339069876321,7.6516953661408,34.56572303115402,38.13597764727802,0.3548944054852208,38.71382907302102,-0.577851425742999,Normal (15-25)
2023-03-17,116.06063079833984,118.52372338026191,115.72852763693784,118.43148110430432,38396000,True,25.51000022888184,False,3.39,False,-0.0377820008048265,-0.0385142435986934,0.3650277903147795,126.74049110412598,128.06687561035156,-0.1128895800164052,-0.1699999999999999,0.1096128961658144,-0.7300750983144094,True,False,False,0.0339,0.3650277903147795,6.925670538832499,38.53821661633248,41.53708499835897,0.3186643312920823,38.74392851512678,2.7931564832321882,High (>25)
2023-03-20,117.28756713867188,119.43701064586844,116.24513651602736,117.14918964833144,22875500,False,24.14999961853028,False,3.47,False,0.0105715119062543,0.0105160241910454,0.3684110947594987,126.04399757385254,127.91540023803712,-0.106158684736936,0.08,-0.0533124499470525,-0.736688982890111,False,False,False,0.0347,0.3684110947594987,7.4684322730863215,37.766345360613585,41.116329846686284,0.31880350437570176,38.00726476513774,3.109065081548543,Normal (15-25)
2023-03-21,120.43331146240234,121.52186314469816,120.1012083247568,120.4702055548776,17807800,False,21.3799991607666,False,3.59,False,0.0268207824620589,0.0264674098392961,0.381893140850439,125.62517929077148,127.77905364990234,-0.0650290090670436,0.1199999999999996,-0.1146998137274609,-0.770786065213621,False,False,False,0.0359,0.381893140850439,9.14063170083979,36.191492153809975,40.660587084562536,0.3099268395268244,35.74750376518804,4.913083319374493,Normal (15-25)
2023-03-22,117.32447052001952,120.53479879711034,117.23222120408217,120.44254244300132,17250200,False,22.26000022888184,False,3.48,False,-0.0258137960721387,-0.0261528191471878,0.3901298271103138,125.10027313232422,127.59104644775393,-0.0821304189343143,-0.1099999999999998,0.0411600141561316,-0.7780767161191773,False,False,False,0.0348,0.3901298271103138,8.389310287300695,38.63668219965396,42.53108618782341,0.28995456668254715,36.31163806948778,6.2194481183356345,Normal (15-25)
2023-03-23,117.01081848144533,119.49236528429716,116.2543628032985,117.98868097137064,16677600,False,22.61000061035156,False,3.38,False,-0.0026733727174218,-0.0026769525598571,0.3876078507054905,124.50848617553712,127.37407272338868,-0.0918591800559159,-0.1,0.0157232874155859,-0.7738245819024336,False,False,False,0.0338,0.3876078507054905,8.148710098983226,38.847452681815895,42.583753426989574,0.28968423714894154,36.586305031080336,5.997448395909238,Normal (15-25)
2023-03-24,115.2303695678711,115.94069696475898,113.56985391022673,115.89456879275797,22311100,False,21.739999771118164,False,3.38,False,-0.0152161051147297,-0.0153330579364466,0.3859224825400458,123.7695583343506,127.10248657226562,-0.1136734010033725,0.0,-0.0384785853935395,-0.7686214280296889,False,False,False,0.0338,0.3859224825400458,7.50643092019466,39.94461751905072,43.25202127780755,0.27963504638632,37.16403302620406,6.087988251603491,Normal (15-25)
2023-03-27,118.532958984375,119.35398985556544,116.5034388565988,116.96469247134272,18853900,False,20.600000381469727,False,3.53,False,0.0286607552235496,0.0282577185520854,0.4019796016247343,123.13902702331544,126.89953491210936,-0.0961589253563797,0.1499999999999999,-0.0524378749609252,-0.7676201065296644,False,False,False,0.0353,0.4019796016247343,9.327542271118674,38.321841209132,42.82891921000745,0.28426778846153433,35.241969735894,7.586949474113446,Normal (15-25)
2023-03-28,118.89274597167967,119.31709144922272,117.84108116887144,118.73592141899252,10820500,False,19.96999931335449,False,3.55,False,0.003035332876083,0.0030307355538349,0.4001142075287145,122.47159385681152,126.63883483886718,-0.1009416294076102,0.02,-0.0305825755557723,-0.7704829446235714,False,False,False,0.0355,0.4001142075287145,9.380277132292278,37.99411863395156,42.54835138029603,0.2945653531410029,35.62210769836658,6.926243681929456,Normal (15-25)
2023-03-29,119.13258361816406,120.12889311989856,117.86874617402836,120.0181967562647,14595300,False,19.1200008392334,False,3.57,False,0.002017260552982,0.0020152286150859,0.4008764951361458,121.85305213928224,126.42370635986327,-0.0940723407928887,0.02,-0.0425637708236009,-0.7711577395704594,False,False,False,0.035699999999999996,0.4008764951361458,9.505530273408688,37.85610695886457,42.49780593782404,0.2969140648643046,35.61391775779227,6.883888180031768,Normal (15-25)
2023-03-30,118.77279663085938,120.03662693329808,117.75804016436588,119.87980240554847,12134700,False,19.020000457763672,False,3.55,False,-0.0030200552726855,-0.0030246248421647,0.4003246263216096,121.28478736877442,126.2794256591797,-0.0873325805835101,-0.02,-0.0052301452447914,-0.7868781819256679,False,False,False,0.0355,0.4003246263216096,9.34694147986638,38.07796981093992,42.60716750072362,0.2964734391793822,35.80071226661782,6.806455234105798,Normal (15-25)
2023-03-31,120.21192169189452,120.23959578425315,118.86506894262816,119.612297588999,13105200,False,18.700000762939453,False,3.48,False,0.0121166218347781,0.0120438031929461,0.3962400138918988,120.66901473999025,126.19750762939454,-0.0929276132100694,-0.0699999999999998,-0.0168243789233769,-0.7782516270979974,False,False,False,0.0348,0.3962400138918988,9.659079955111679,37.085500575807316,41.85973760975575,0.30151803870027166,35.425211498474894,6.434526111280853,Normal (15-25)
2023-04-03,120.07354736328124,121.25435552036944,119.3816669239088,119.84292055015707,11775400,False,18.549999237060547,False,3.43,False,-0.0011510865699987,-0.0011517495789805,0.396389132380236,120.08506774902344,126.1067332458496,-0.0886430311038318,-0.0499999999999998,-0.0080214716448667,-0.7784443194582339,False,False,False,0.034300000000000004,0.396389132380236,9.598886191143364,37.23294729307321,41.96124105270243,0.309880239736489,36.07145275736941,5.88978829533302,Normal (15-25)
2023-04-04,118.46837615966795,120.47021514899892,117.5366489297888,120.38719287706124,11579900,False,19.0,False,3.35,False,-0.0133682333774719,-0.0134583926240895,0.3869059735043641,119.61459007263184,125.94344924926756,-0.0735823104958496,-0.08,0.0242588022343639,-0.7751925889904858,False,False,False,0.0335,0.3869059735043641,8.59779662139514,37.916060972241354,41.96788135624538,0.31688765579902617,37.39507860687331,4.572802749372066,Normal (15-25)
2023-04-05,118.64501953125,119.14707668722164,117.57580902387382,117.89192670388562,9614700,False,19.07999992370605,False,3.3,False,0.0014910592793471,0.0014899487542286,0.3871930951221288,119.19076538085938,125.76192749023436,-0.0666802464111454,-0.0500000000000002,0.0042105223003183,-0.778461903975411,False,False,False,0.033,0.3871930951221288,8.654406694999057,37.87264313974988,41.96214686876951,0.3225926522320551,37.7078319982725,4.254314870497005,Normal (15-25)
2023-04-06,118.51486206054688,119.08200834987258,117.94771577122116,118.0778797956493,8760200,False,18.39999961853028,False,3.3,False,-0.0010970327386463,-0.0010976349195095,0.3371066876063886,119.1045295715332,125.56544036865236,-0.0143439973066062,0.0,-0.0356394291349499,-0.6972950761858295,False,False,False,0.033,0.3371066876063886,6.514219047379893,35.8596153515511,38.688464491666494,0.32770114006654144,38.09244208717852,0.5960224044879752,Normal (15-25)
2023-04-10,118.90534973144533,119.22146032380778,117.35267385939126,117.65019263184118,9477300,False,18.96999931335449,False,3.41,False,0.0032948413735567,0.0032894252772429,0.3234359268150034,118.88514442443848,125.36089630126952,-0.0355875927049966,0.1100000000000003,0.030978244926167,-0.8767696396478999,False,False,False,0.0341,0.3234359268150034,6.107422216830006,34.9117679449769,37.52552540832377,0.32772384888377654,37.797489282739996,-0.2719638744162225,Normal (15-25)
2023-04-11,119.49110412597656,119.8815962149106,118.5799488250562,119.28655862413277,10516300,False,19.100000381469727,False,3.43,False,0.0049262240584986,0.0049141299194578,0.3182555998888882,118.80574645996094,125.1617935180664,-0.0131150608929069,0.02,0.0068529822256619,-0.865292634984639,False,False,False,0.034300000000000004,0.3182555998888882,6.075355292258525,34.278445584567706,36.89071334660034,0.3289746799828984,37.57957895799498,-0.6888656113946396,Normal (15-25)
2023-04-12,119.47248840332033,121.26689328717843,119.06339745718536,120.10470954784653,11821000,False,19.09000015258789,False,3.41,False,-0.0001557917034276,-0.0001558038402155,0.3029526866098725,118.56997451782226,124.98427490234376,-0.0379701871779308,-0.02,-0.0005235721823093,-0.8486865042805722,False,False,False,0.0341,0.3029526866098725,5.449083207284794,33.69935183637695,35.96101210330813,0.32889869200223415,37.60217734699727,-1.6411652436891444,Normal (15-25)
2023-04-13,119.9280776977539,119.9745537010394,117.919820654687,119.43531289368852,12450200,False,17.799999237060547,False,3.45,False,0.003813340631992,0.0038060882798831,0.2510430937226025,118.6503406524658,124.80055435180664,0.0135844526415063,0.04,-0.0675746938300819,-0.7950481180175315,False,False,False,0.0345,0.2510430937226025,3.6020530764861576,31.349248034196734,32.65060393803751,0.32960349080470513,37.39870079670056,-4.748096858663047,Normal (15-25)
2023-04-14,128.98382568359375,129.34642652580754,125.42289218861391,125.65532898969498,43931300,True,17.06999969482422,False,3.52,False,0.0755098235515989,0.0727948036231236,0.3610792117034725,119.06864128112792,124.80477493286132,0.0693596771281885,0.0699999999999998,-0.0410112119958089,-0.6186383687468321,True,False,False,0.0352,0.3610792117034725,11.404196532953407,30.202799496021555,36.53521012189991,0.20552158416747987,24.68476063848939,11.850449483410518,Normal (15-25)
2023-04-17,130.0065460205078,130.22038389324814,127.98899640224876,130.11811113901308,16050500,False,16.950000762939453,False,3.6,False,0.0079290587908507,0.0078977889888364,0.3263886294664666,119.76593704223632,124.84144271850586,0.1201606016289844,0.08,-0.0070298145301754,-0.4953765823576398,False,False,False,0.036000000000000004,0.3263886294664666,10.14101850878452,27.824651899786176,33.390955210435806,0.20583423578320553,24.122293980765498,9.268661229670307,Normal (15-25)
2023-04-18,131.46624755859375,131.8195560320996,129.26275124856613,130.41564287639508,13760100,False,16.829999923706055,False,3.58,False,0.0112279079997685,0.0111653429217897,0.3265219355732105,120.47487106323244,124.8676365661621,0.1208881790783338,-0.02,-0.0070796952113285,-0.4900452789444155,False,False,False,0.0358,0.3265219355732105,10.728489624467215,27.01498145698828,33.05637990882801,0.20077628348394305,23.09195333409575,9.964426574732265,Normal (15-25)
2023-04-19,131.2988739013672,131.55920192925032,130.53647454341413,131.30816626421534,9158100,False,16.459999084472656,False,3.6,False,-0.0012731302546075,-0.0012739413734431,0.3177790853891129,121.01814918518066,124.87516952514648,0.0902205735857135,0.02,-0.0219846013613006,-0.4414712904194176,False,False,False,0.036000000000000004,0.3177790853891129,10.231185131278643,26.652253793821856,32.35488294973107,0.23225670706821538,25.492272157030236,6.862610792700835,Normal (15-25)
2023-04-20,130.91769409179688,131.49413278576523,130.01583822017926,130.08092733043537,10586200,False,17.170000076293945,False,3.54,False,-0.0029031460685386,-0.0029073683710403,0.2986080954632776,121.69781036376952,124.84316055297852,0.1158600887907514,-0.06,0.0431349350736636,-0.3497346142276474,False,False,False,0.0354,0.2986080954632776,9.104269912992883,25.98458324285538,30.918766373891348,0.23407378822965272,25.827102001112124,5.091664372779224,Normal (15-25)
2023-04-21,130.66664123535156,131.19660385164096,129.0302915712904,129.922854961478,11842500,False,16.770000457763672,False,3.57,False,-0.0019176388507826,-0.0019194798741521,0.2983403576828456,122.38060150146484,124.82476486206056,0.1167056425305808,0.0299999999999998,-0.0232964249710482,-0.3271624412618666,False,False,False,0.035699999999999996,0.2983403576828456,9.006848050801757,26.089003974659036,30.948246021850117,0.23410864704862935,25.906858166487197,5.04138785536292,Normal (15-25)
2023-04-24,130.8433074951172,131.18732357463173,130.20177971600685,130.59228598862495,7567500,False,16.889999389648438,False,3.52,False,0.0013520379654314,0.0013511247851118,0.288574102552401,123.16124839782717,124.85086227416993,0.1354932556911572,-0.0499999999999998,0.0071555711752655,-0.4058195974504375,False,False,False,0.0352,0.288574102552401,8.57502713524839,25.556973363434082,30.14148167558499,0.23560470417320425,25.988258821978047,4.153222853606945,Normal (15-25)
2023-04-25,127.99829864501952,130.1274277329189,127.96111499825328,129.79271816475563,10629300,False,18.76000022888184,False,3.4,False,-0.0217436329344077,-0.0219835092845393,0.2927274494419326,123.63451538085936,124.8086196899414,0.0798540738520856,-0.1200000000000001,0.1107164539259539,-0.4614175166963083,False,False,False,0.034,0.2927274494419326,7.689671390019804,27.624982585241895,31.497720721446115,0.2253136371771001,26.622581815686466,4.875138905759648,Normal (15-25)
2023-04-26,125.72968292236328,128.1284318863963,124.5860980839009,127.9517776863872,14416100,False,18.84000015258789,False,3.43,False,-0.0177237959150365,-0.0178827432868222,0.3027420264048252,123.97636222839355,124.6927766418457,0.0575050806910639,0.0300000000000002,0.0042643882052244,-0.4644894531284677,False,False,False,0.034300000000000004,0.3027420264048252,7.3793216172898966,29.48751164420443,33.074784128477084,0.21837238001207612,27.35679596251748,5.7179881659596035,Normal (15-25)
2023-04-27,127.4218521118164,128.22143524314188,126.12950411678274,126.44561474881895,9041100,False,17.030000686645508,False,3.53,False,0.0134587883316148,0.0133690233615238,0.3049822423762233,124.39082565307618,124.59915313720704,0.069580195794465,0.0999999999999996,-0.0960721577114084,-0.4745878350317664,False,False,False,0.0353,0.3049822423762233,8.107476751531358,28.41759955749272,32.53528383614591,0.21290168022244796,25.981940844116863,6.5533429920290445,Normal (15-25)
2023-04-28,128.52825927734375,128.60264075648055,126.13880214058032,126.96627658910433,9887300,False,15.779999732971191,False,3.44,False,0.0086830252989607,0.0086455446421814,0.3044731758550142,124.87859878540038,124.51658782958984,0.0821354967064043,-0.0899999999999998,-0.0733999356003863,-0.465940157990424,False,False,False,0.0344,0.3044731758550142,8.449561480330324,27.809134688628134,32.188940527886786,0.21329774505556098,25.511081343614926,6.67785918427186,Normal (15-25)
2023-05-01,131.28028869628906,133.29783821644935,130.93628680641368,132.26581836000824,20415800,False,16.079999923706055,False,3.59,False,0.0214118625306116,0.0211858491551646,0.3094566771820054,125.43201713562011,124.52559417724608,0.0920737880953519,0.1499999999999999,0.0190114192529442,-0.4234098742890195,False,False,False,0.0359,0.3094566771820054,9.804523358746515,26.258219524902515,31.676906980501023,0.19827933856793784,22.990369694348722,8.686537286152301,Normal (15-25)
2023-05-02,129.1604766845703,132.4052994535761,128.7048954586178,131.46624572118586,14113400,False,17.780000686645508,False,3.44,False,-0.016147222349753,-0.0162790093326038,0.3176161642023027,125.88636360168456,124.48445495605468,0.0756780283487141,-0.1499999999999999,0.1057214409829203,-0.4752657522611249,False,False,False,0.0344,0.3176161642023027,9.317476093588041,28.059392273120878,33.02840695373369,0.19517333440560342,23.98511066316734,9.043296290566353,Normal (15-25)
2023-05-03,126.42700958251952,128.92803160871594,126.22246408088758,128.71419374312444,12930900,False,18.34000015258789,False,3.38,False,-0.0211633401503026,-0.0213904942432201,0.3243509880100119,126.28429527282717,124.43680160522462,0.067179391503815,-0.06,0.0314960317387948,-0.4821006042234397,False,False,False,0.0338,0.3243509880100119,8.599184346135218,30.09859683888658,34.47044425808508,0.1864936336104773,25.140885274525335,9.329558983559746,Normal (15-25)
2023-05-04,124.69766998291016,126.18527093974366,122.54995656425722,125.47866828799552,17089200,False,20.09000015258789,False,3.37,False,-0.0136785612925584,-0.0137729747609666,0.3299860154109301,126.58692779541016,124.37430313110352,0.0510147874354383,-0.0099999999999997,0.0954198465343558,-0.5083789483130151,False,False,False,0.0337,0.3299860154109301,8.240268032526174,31.443694505780655,35.51574614123109,0.19148695940237223,26.54386675767903,8.97187938355206,Normal (15-25)
2023-05-05,127.13365173339844,128.1935630947966,126.3619597669778,126.85472470422673,11261400,False,17.190000534057617,False,3.44,False,0.0195351023866134,0.0193467414220957,0.3349353371056952,127.01786727905274,124.34004501342774,0.072723281477123,0.0699999999999998,-0.144350403011655,-0.531738865601212,False,False,False,0.0344,0.3349353371056952,9.3803047450902,30.10236677770753,35.00814989523028,0.18499249527775377,24.548581178486764,10.459568716743519,Normal (15-25)
2023-05-08,127.44044494628906,128.27721168217766,126.89188336179542,127.83093703549144,7484900,False,16.979999542236328,False,3.52,False,0.0024131550435912,0.0024102480606868,0.3349648642574528,127.44462203979492,124.28867538452148,0.0717805820690216,0.08,-0.0122164622045953,-0.5341283335127428,False,False,False,0.0352,0.3349648642574528,9.528452407875555,29.83489104512826,34.85711087961559,0.1849367050147847,24.273168488653447,10.583942390962143,Normal (15-25)
2023-05-09,126.8267822265625,127.32883932696264,125.7110887470415,126.38049348530426,7343600,False,17.709999084472656,False,3.53,False,-0.0048152901536493,-0.0048269210156191,0.3362655764315491,127.81140594482422,124.20233932495115,0.0613909977168853,0.0099999999999997,0.0429917292059116,-0.5403459441746907,False,False,False,0.0353,0.3362655764315491,9.362610849424577,30.254098693792272,35.140055123133706,0.18620291981313575,24.714820808139027,10.425234314994679,Normal (15-25)
2023-05-10,126.89188385009766,128.36088601235872,125.39499040898734,128.25861326097296,8133400,False,16.940000534057617,False,3.43,False,0.0005133113242505,0.0005131796250593,0.3361856389600024,128.1823757171631,124.09534881591796,0.0621012883043887,-0.0999999999999996,-0.0434781812659798,-0.5305990160625158,False,False,False,0.034300000000000004,0.3361856389600024,9.34503680464433,30.31779214778237,35.18838170632501,0.1862215134968728,24.779247922292512,10.409133784032498,Normal (15-25)
2023-05-11,126.4920883178711,127.19869096486416,125.42287070396289,125.51585108319456,7057300,False,16.93000030517578,False,3.39,False,-0.0031506785154112,-0.0031556523530215,0.3369317433358291,128.51057624816897,123.9951222229004,0.0547328927981318,-0.04,-0.0005903322648502,-0.5421859897657072,False,False,False,0.0339,0.3369317433358291,9.216033825985782,30.637365641502356,35.403476766684896,0.18539699606689986,25.028783672725353,10.374693093959543,Normal (15-25)
2023-05-12,124.67909240722656,127.36606097216954,123.77723658077858,127.20800566679816,9988600,False,17.030000686645508,False,3.46,False,-0.0143328799038285,-0.0144365877747051,0.2052453387358362,128.2953395843506,123.8859422302246,-0.0333742099333214,0.0699999999999998,0.0059066969679353,-0.704611351183638,False,False,False,0.0346,0.2052453387358362,3.011916141585349,26.103024750937152,27.191457124212164,0.1754672251557461,25.673119613843273,1.518337510368891,Normal (15-25)
2023-05-15,125.72968292236328,126.13877387252892,124.54891444607372,124.83713374637767,7639500,False,17.1200008392334,False,3.5,False,0.0084263567760445,0.0083910532134246,0.2055594365282916,128.08149642944335,123.74998840332032,-0.0328972903985148,0.04,0.0052848002911982,-0.6962393285019665,False,False,False,0.035,0.2055594365282916,3.2756853114189326,25.282451275345878,26.524130721763804,0.17499082536132735,24.872665807043774,1.6514649147200302,Normal (15-25)
2023-05-16,124.88362884521484,126.3898145056844,124.5489193443534,125.94353990014044,6477200,False,17.989999771118164,False,3.54,False,-0.0067291514420733,-0.0067518942656601,0.2005276851819615,127.75236549377442,123.61261123657226,-0.0500707887813187,0.04,0.0508176921283214,-0.7089962083057033,False,False,False,0.0354,0.2005276851819615,2.903675742621342,25.679085868263982,26.71941034361043,0.17320725730874967,25.331917943973394,1.3874923996370363,Normal (15-25)
2023-05-17,128.7234649658203,128.8536289739523,125.94353060925548,126.3526073585183,12711500,False,16.8700008392334,False,3.57,False,0.0307473137681215,0.030284086507003,0.2327298642322885,127.62359504699708,123.62952194213868,-0.0196148592826587,0.0299999999999998,-0.0622567507578768,-0.7142039440663472,False,False,False,0.035699999999999996,0.2327298642322885,5.24260076121746,24.22318034011201,26.64156478829289,0.14348046324906485,21.17163082804257,5.469933960250319,Normal (15-25)
2023-05-18,129.69973754882812,129.91357543771105,128.08197227429838,128.55615243737296,10999600,False,16.049999237060547,False,3.65,False,0.0075842627703273,0.0075556468454941,0.2344962108574468,127.56269721984864,123.68108642578125,-0.0093032233069637,0.08,-0.0486070872187409,-0.7226900993977728,False,False,False,0.0365,0.2344962108574468,5.655796374777346,23.56684230060391,26.272182387264934,0.14177346282018705,20.316340576290106,5.955841810974828,Normal (15-25)
2023-05-19,129.40220642089844,130.62018715038363,128.42598322593338,129.96935277131868,13492200,False,16.809999465942383,False,3.7,False,-0.0022939994602354,-0.0022966347079398,0.2345330890606588,127.49947547912598,123.86433898925782,-0.0096767989327565,0.0500000000000002,0.0473520414335562,-0.7223365883670956,False,False,False,0.037000000000000005,0.2345330890606588,5.580486499285406,23.709917435382266,26.361308957086433,0.14307288283766606,20.532143163172258,5.829165793914175,Normal (15-25)
2023-05-22,128.3329620361328,131.68934887505054,127.98896022676163,131.0943114331809,11402500,False,17.209999084472656,False,3.72,False,-0.0082629532705783,-0.00829728069702,0.2360681647674869,127.37395820617677,123.96513717651368,-0.0191858911781028,0.02,0.0237953379677784,-0.7248533936306245,False,False,False,0.037200000000000004,0.2360681647674869,5.322727989461747,24.467870522840798,26.92789021056733,0.1390665157014006,21.07733554709164,5.850554663475691,Normal (15-25)
2023-05-23,126.99415588378906,129.26274112947746,126.87329840506368,127.87741281159326,9514900,False,18.530000686645508,False,3.7,False,-0.0104322859154984,-0.0104870836538361,0.2259982973667081,127.32375106811524,124.0834390258789,-0.0078449695961605,-0.02,0.0766996904354162,-0.696749146019571,False,False,False,0.037000000000000005,0.2259982973667081,4.4861377590655955,24.96816026076263,26.901342584497797,0.15232648517970782,22.67574208611301,4.225600498384786,Normal (15-25)
2023-05-24,125.83197784423828,126.77103155998756,125.59024868871114,125.88776040422024,8578000,False,20.030000686645508,False,3.73,False,-0.0091514293036781,-0.0091935608725323,0.2191771057543891,127.32886581420898,124.1163200378418,0.0008136099566731,0.0299999999999998,0.0809498081174409,-0.7316196144378899,False,False,False,0.0373,0.2191771057543891,3.90038282390724,25.47445872639973,27.055229466686075,0.14940953809281884,23.371335095049805,3.6838943716362706,Normal (15-25)
2023-05-25,126.1387710571289,126.69662491977871,125.12535025390105,125.34849463632358,8472500,False,19.13999938964844,False,3.83,False,0.0024381180217192,0.0024351506342239,0.2137116173265359,127.26471176147462,124.27268035888672,-0.0100695526977708,0.1,-0.0444334132045463,-0.7103822313188302,False,False,False,0.0383,0.2137116173265359,3.7882415674883774,24.918154073076934,26.4490007160973,0.1494105766047956,23.023296720040584,3.425703996056715,Normal (15-25)
2023-05-26,127.3195571899414,127.9331936183434,126.10159088275203,126.5478654730383,8579900,False,17.950000762939453,False,3.8,False,0.0093610086963484,0.009317465979352,0.2141078334158937,127.20427665710449,124.40671524047852,-0.0094041737918052,-0.0300000000000002,-0.0621733889580257,-0.7137043479718844,False,False,False,0.038,0.2141078334158937,4.107506629410537,24.127142860193914,25.861014631192045,0.1463883628159981,22.055206776119164,3.8058078550728816,Normal (15-25)
2023-05-30,127.80299377441406,128.04472282079553,126.46415619209624,127.18935751805016,7399900,False,17.459999084472656,False,3.69,False,0.0037970331906782,0.0037898426562036,0.1989129360756103,127.03041191101076,124.6415625,-0.0264875630333168,-0.1099999999999998,-0.0272981424869062,-0.7909210085381657,False,False,False,0.0369,0.1989129360756103,3.576250052979997,23.28251859203756,24.73296966730202,0.14706501554623222,21.86223634527992,2.8707333220220974,Normal (15-25)
2023-05-31,126.17595672607422,127.2265610650918,124.9579763828472,127.12428833968532,14219900,False,17.940000534057617,False,3.64,False,-0.0127308210886807,-0.0128125524035968,0.1958696432625081,126.88118591308594,124.81933029174805,-0.023107068316144,-0.0499999999999998,0.0274914933994372,-0.7701196628008042,False,False,False,0.0364,0.1958696432625081,3.046738101958553,24.414872978762745,25.551891998441643,0.18191774490521984,24.778815456764626,0.7730765416770176,Normal (15-25)
2023-06-01,127.91462707519533,128.51895710691062,125.93426091276513,126.92909726996506,12248100,False,15.649999618530272,False,3.61,False,0.0137797278834645,0.0136856506867881,0.1874816631722388,126.95556678771972,124.9689566040039,0.0117666114035928,-0.0300000000000002,-0.1276477618370171,-0.800370252306403,False,False,False,0.0361,0.1874816631722388,3.1236991205036304,22.836604320723026,24.046329983122188,0.18210336999955082,23.727902870648414,0.3184271124737741,Normal (15-25)
2023-06-02,130.60157775878906,131.54061723322627,129.55095898404744,129.7555044833213,12922500,False,14.600000381469728,False,3.69,False,0.0210058125879082,0.0207882322005134,0.1926745333464556,127.25076217651367,125.2344987487793,0.0473457745977774,0.08,-0.0670926046424499,-0.7854472713608859,False,False,False,0.0369,0.1926745333464556,4.0678020511781625,21.0399398168975,22.839718215504284,0.17062994863246916,21.376504917513117,1.4632132979911674,Low (<15)
2023-06-05,129.3185272216797,130.26687328356348,128.42597790551957,130.26687328356348,8511900,False,14.729999542236328,False,3.69,False,-0.0098241580165215,-0.0098727334606104,0.1860858306580418,127.36000595092771,125.480652923584,0.0171856582304656,0.0,0.0089040518746557,-0.7524267327785088,False,False,False,0.0369,0.1860858306580418,3.4399650705483538,21.665603884242245,23.07841771626997,0.16800790455866382,21.96712770323108,1.111290013038893,Low (<15)
2023-06-06,129.5509796142578,130.25759661038836,128.5003748590288,128.93734301871834,9329500,False,13.960000038146973,False,3.7,False,0.0017975180940597,0.0017959044917739,0.1860330099911164,127.46553268432618,125.76706512451172,0.0165609486757383,0.0100000000000002,-0.0522742381546912,-0.7421047027848524,False,False,False,0.037000000000000005,0.1860330099911164,3.501106662316527,21.485190748548334,22.93759521405677,0.17354312835756233,22.151517758671503,0.7860774553852679,Low (<15)
2023-06-07,130.80612182617188,131.3453768468258,129.076791651942,129.74621069918032,9281400,False,13.9399995803833,False,3.79,False,0.0096884038673523,0.009641772231429,0.1872570286015326,127.66449966430665,126.01252838134764,0.0313761772533243,0.0899999999999998,-0.0014326975436259,-0.7230989262379952,False,False,False,0.0379,0.1872570286015326,3.922035187674986,20.549846051724046,22.276695950876036,0.1725755849536556,21.29444897395143,0.9822469769246069,Low (<15)
2023-06-08,130.8433074951172,130.99207043832266,129.6811236016028,130.7875249381189,7368100,False,13.649999618530272,False,3.73,False,0.0002842807999057,0.0002842403997755,0.1872766074916711,127.8620708465576,126.2515396118164,0.0311400818171121,-0.06,-0.0208034412182568,-0.7316325910907368,False,False,False,0.0373,0.1872766074916711,3.9136319710932668,20.591792406939405,22.312284989016806,0.17305850942122739,21.361309485865878,0.9509755031509286,Low (<15)
2023-06-09,131.1036376953125,131.83814587263618,130.3598513407576,130.49001537148624,7249100,False,13.829999923706056,False,3.75,False,0.0019896332886955,0.0019876565898866,0.1864340987315988,128.0926483154297,126.49096069335936,0.0364572159315823,0.02,0.0131868359125395,-0.7281283282360306,False,False,False,0.0375,0.1864340987315988,3.956847883040176,20.351774970368766,22.105833312306274,0.1796983017115896,21.64538218430669,0.4604511279995833,Low (<15)
2023-06-12,131.09432983398438,131.39185569008666,129.94143842180847,131.15941893506186,7596600,False,15.010000228881836,False,3.73,False,-7.099620950068442e-05,-7.099872985085706e-05,0.17662281237033,128.41341018676758,126.73739135742188,0.0514539952360606,-0.02,0.0853217868174487,-0.7157962058565015,False,False,False,0.0373,0.17662281237033,3.5225304026222872,19.955449707480724,21.461581838507502,0.17960362488952644,21.66176889360633,-0.2001870550988265,Normal (15-25)
2023-06-13,132.0426788330078,132.83295530635525,130.29474985485163,130.61086044419062,7701600,False,14.609999656677246,False,3.84,False,0.0072340962437078,0.0072080556806842,0.176148572513805,128.72905998229982,126.97400650024414,0.0502108632099449,0.1099999999999998,-0.0266489384480433,-0.7292594642056119,False,False,False,0.0384,0.176148572513805,3.800579604281687,19.148119532749618,20.845345446847542,0.1790325988421426,21.047563189477593,-0.20221774263005088,Low (<15)
2023-06-14,131.54991149902344,133.5209706496138,130.81540340563754,132.95382439764776,9068700,False,13.880000114440918,False,3.83,False,-0.0037318792555516,-0.003738860090107,0.1743757284751755,129.06237411499023,127.20353378295898,0.0533799563277506,-0.0099999999999997,-0.0499657467070983,-0.6788758402181855,False,False,False,0.0383,0.1743757284751755,3.5818680876409488,19.4252622383612,20.98192377883111,0.1777274298574259,21.21092438592525,-0.2290006070941395,Low (<15)
2023-06-15,133.03750610351562,133.32572542805949,130.1924823122168,130.71313840646567,9343100,False,14.5,False,3.72,False,0.0113082144072991,0.0112447545146735,0.1438236085886449,129.278076171875,127.49491638183594,0.033514022783964,-0.1099999999999998,0.0446685792829373,-0.616215915710596,False,False,False,0.037200000000000004,0.1438236085886449,2.636833023682783,17.185780202206374,18.253491331635054,0.1904376879232915,21.51788761201895,-3.2643962803838953,Low (<15)
2023-06-16,133.195556640625,133.8556832851755,132.4889539932474,133.00031770567188,13813500,False,13.539999961853027,False,3.77,False,0.0011880148819567,0.0011873097506925,0.1421280774178661,129.45286712646484,127.78592712402344,0.0269531701286658,0.0499999999999998,-0.0662068991825498,-0.58637553654806,False,False,False,0.0377,0.1421280774178661,2.6205298974256728,16.942823351449377,18.00723462248989,0.19033458164130101,21.40308315527796,-3.3958485327880723,Low (<15)
2023-06-20,132.516845703125,132.9538279509158,131.1315174934463,132.5912271694313,8428600,False,13.880000114440918,False,3.74,False,-0.0050955974404703,-0.005108624268933,0.143427619938301,129.60859909057618,128.065966796875,0.0240694449374052,-0.0299999999999998,0.0251107942057453,-0.5914368487620465,False,False,False,0.0374,0.143427619938301,2.500198829302075,17.528913647921456,18.512571660752137,0.18737840276979945,21.506486810828708,-2.993915150076571,Low (<15)
2023-06-21,132.3215789794922,133.90214579283753,131.73583392209747,132.8608196700457,9926500,False,13.199999809265137,False,3.72,False,-0.0014735237818009,-0.0014746104856225,0.1394377407551399,129.80802993774415,128.33429138183592,0.0310802219482502,-0.02,-0.0489913760496515,-0.5601751172054514,False,False,False,0.037200000000000004,0.1394377407551399,2.28921580578071,17.53760184059334,18.406633447177413,0.18810282900120068,21.665050254254517,-3.2584168070771042,Low (<15)
2023-06-22,129.77410888671875,132.58194925175235,129.18836364249506,132.312314633662,10075200,False,12.90999984741211,False,3.8,False,-0.0192521137702585,-0.0194398491537919,0.1524158803469081,129.94702758789063,128.53995147705078,0.0218904010470655,0.0799999999999996,-0.0219696943972282,-0.4227748982775188,False,False,False,0.038,0.1524158803469081,2.248401945851011,19.870016403345602,20.674818796206388,0.17181387756051802,21.817862653267476,-1.1430438570610875,Low (<15)
2023-06-23,129.0954132080078,129.40221732055474,127.95181385942702,128.80717963940447,9919500,False,13.4399995803833,False,3.74,False,-0.0052298234565677,-0.0052435468514606,0.1495163788051442,130.1101993560791,128.73240997314454,0.0259348650452684,-0.0599999999999996,0.0410534267417077,-0.386424099904032,False,False,False,0.0374,0.1495163788051442,1.9886766243668603,20.360026120390216,21.02845415051965,0.17360084841137552,22.384237194175356,-1.3557830436557055,Low (<15)
2023-06-26,129.41146850585938,130.1738535585867,128.01684820731813,129.11394269916784,8429700,False,14.25,False,3.72,False,0.0024482302662629,0.0024452382330071,0.1495173832696882,130.27383422851562,128.92207778930663,0.0259452143167642,-0.02,0.0602678902459905,-0.3547038040450063,False,False,False,0.037200000000000004,0.1495173832696882,2.046971247288674,20.13844601704608,20.838419702445353,0.18036500249351206,22.635630568410658,-1.7972108659653045,Low (<15)
2023-06-27,129.42079162597656,130.0158291939676,128.80715514394416,129.2348450460071,8154000,False,13.739999771118164,False,3.77,False,7.204245670666687e-05,7.203986177351219e-05,0.1464998861483449,130.37889595031737,128.9308171081543,0.0165036266415883,0.0499999999999998,-0.0357894897460937,-0.3206802483846379,False,False,False,0.0377,0.1464998861483449,1.9526596710506041,19.962782844065472,20.619466245127384,0.17887020983947988,22.48863431209502,-1.8691680669676352,Low (<15)
2023-06-28,128.8536376953125,129.43009050189633,128.26790671248017,129.3836003129569,7558600,False,13.43000030517578,False,3.71,False,-0.0043822474236066,-0.0043918776147327,0.147199711889644,130.4314281463623,128.9077589416504,0.0082208083697392,-0.06,-0.0225618246802311,-0.3082096732880437,False,False,False,0.0371,0.147199711889644,1.853910695427377,20.504822042944753,21.107193354332917,0.18577767150121963,23.30042552576636,-2.1932321714334435,Low (<15)
2023-06-29,133.35362243652344,133.4744941017453,130.02514023569887,130.22968573677505,15423200,False,13.539999961853027,False,3.85,False,0.034923226241013,0.0343272464211273,0.1833553901163919,130.79031143188476,128.945506439209,0.0568861603802364,0.1400000000000001,0.0081905922693727,-0.137531023498547,True,False,False,0.0385,0.1833553901163919,4.523340791877111,18.57569480417304,20.74792387762634,0.1533934828100991,18.594998137072555,2.152925740553787,Low (<15)
2023-06-30,135.22242736816406,135.74308350074216,133.56747858097697,134.44144316929692,14212800,False,13.59000015258789,False,3.81,False,0.0140139045156435,0.0139166176150577,0.1835426102137128,131.1557014465332,129.02397750854493,0.0571302943225782,-0.04,0.0036927762832887,-0.0090764176860272,False,False,False,0.0381,0.1835426102137128,5.126012988988691,17.410347314415205,20.033636581010292,0.1498171412807966,17.44507856285787,2.5885580181524226,Low (<15)
2023-07-03,136.31021118164062,137.11908654933129,135.7430649319183,135.91971913562398,8021600,False,13.56999969482422,False,3.86,False,0.0080444038363169,0.008012220103859,0.1719317435456176,131.44113311767578,129.1318278503418,0.0437102944758827,0.0499999999999998,-0.0014717040131791,0.1312892049313501,False,False,False,0.038599999999999995,0.1719317435456176,4.947831940974112,16.097256617769148,18.664368100755553,0.1527896608637675,17.146883130520038,1.5174849702355147,Low (<15)
2023-07-05,135.40216064453125,136.14169879641477,135.14004477164264,135.68300316098157,8934900,False,14.18000030517578,False,3.95,False,-0.0066616472033731,-0.0066839350125971,0.1693461722678452,131.74531478881835,129.2265382385254,0.0470437883384096,0.0900000000000003,0.0449521462100122,0.0948918923892872,False,False,False,0.0395,0.1693461722678452,4.5535951054365,16.460327465869383,18.74293371643074,0.15790839437737936,17.859291657890175,0.8836420585405662,Low (<15)
2023-07-06,134.06350708007812,134.2320040302401,132.40654898226205,133.8856396654107,9709500,False,15.4399995803833,False,4.05,False,-0.0098865007624765,-0.0099356967303486,0.1748454265252515,131.97094116210937,129.2909422302246,0.0348320597748972,0.0999999999999996,0.0888574928131429,-0.0265691050432304,False,False,False,0.0405,0.1748454265252515,4.423302840496497,17.493740280452627,19.64518268052993,0.1497410990541777,17.803833026585252,1.841349653944679,Normal (15-25)
2023-07-07,135.12132263183594,136.52552097664736,133.866908872023,134.71879262942724,8981500,False,14.829999923706056,False,4.06,False,0.007890406381253,0.007859439910191,0.1738793208049777,132.18670120239258,129.43340270996094,0.0329892878515161,0.0099999999999997,-0.0395077508585075,-0.0496159021226489,False,False,False,0.0406,0.1738793208049777,4.723823957366932,16.74640410909977,19.12981397857334,0.15085579416254172,17.368128487023846,1.7616854915494926,Low (<15)
2023-07-10,135.87960815429688,136.66597020322197,135.27112782587213,135.27112782587213,9100100,False,15.06999969482422,False,4.01,False,0.0056118864712939,0.0055961985017803,0.1743396617794077,132.43851623535156,129.6364012145996,0.0384910833851217,-0.0499999999999998,0.0161833966522495,-0.0495058297037979,False,False,False,0.0401,0.1743396617794077,4.981436907658569,16.335229338533267,18.913307784755183,0.1507573503085528,17.0611755820726,1.8521322026825828,Normal (15-25)
2023-07-11,138.00460815429688,138.37906960740568,136.4038300805188,136.99358365726889,11260900,False,14.84000015258789,False,3.99,False,0.0156388440389596,0.0155178174968081,0.1809893658001081,132.78356475830077,129.84805633544923,0.0526375208216751,-0.0199999999999995,-0.0152620800858624,-0.075023909511955,False,False,False,0.039900000000000005,0.1809893658001081,6.078163424905121,15.384719672376221,18.792698967850928,0.1477022911530871,15.988810040033389,2.803888927817539,Low (<15)
2023-07-12,138.68797302246094,140.29812147148584,137.61142675811843,138.03268337093755,11323200,False,13.539999961853027,False,3.86,False,0.0049517539834613,0.0049395343721092,0.1808735189809662,133.16324691772462,130.05125061035156,0.0579250315257191,-0.1300000000000003,-0.0876010901191373,-0.06980178622387,False,False,False,0.038599999999999995,0.1808735189809662,6.274082909834867,15.100507148925317,18.6707125977494,0.1582661882194793,16.72386046191876,1.946852135830639,Low (<15)
2023-07-13,139.3620147705078,139.83008093340652,138.3135511365733,139.20287398923173,11234900,False,13.609999656677246,False,3.76,False,0.004860131223763,0.0048483589139122,0.1803110870075489,133.52921371459962,130.21288513183595,0.0554315922865866,-0.1,0.0051698445362948,-0.0581669087129885,False,False,False,0.037599999999999995,0.1803110870075489,6.460961794640973,14.773260413120795,18.504529821178743,0.15828412952239918,16.58057959490793,1.9239502262708115,Low (<15)
2023-07-14,140.2045440673828,143.12527238693303,138.93140351809885,141.87085848397194,27028400,True,13.34000015258789,False,3.83,False,0.006045616506495,0.0060274150893753,0.1789760087202551,133.9619453430176,130.4337664794922,0.065789725509801,0.0700000000000002,-0.0198383182145702,-0.1002120153138598,False,False,False,0.0383,0.1789760087202551,6.764273869717101,14.15235727428825,18.157592815965593,0.15819344035570584,16.30455680557624,1.8530360103893528,Low (<15)
2023-07-17,143.58395385742188,143.93031818225228,140.7474745833013,140.7474745833013,17262400,False,13.479999542236328,False,3.81,False,0.0241034255524192,0.0238175230330408,0.1919115160995917,134.4892677307129,130.77690536499023,0.0792742442548504,-0.02,0.0104947067501552,-0.1068111161837255,False,False,False,0.0381,0.1919115160995917,8.945876559828733,13.061255794394114,18.877126376882075,0.1346551391817684,13.467332572919297,5.409793803962778,Low (<15)
2023-07-18,143.84608459472656,144.5388133160355,143.05973693495963,143.58396870813758,13491700,False,13.300000190734863,False,3.8,False,0.0018256269608301,0.0018239625293761,0.1918057446611766,135.02179412841798,131.15987365722657,0.0799615859772091,-0.0100000000000002,-0.0133530680722562,-0.1299274521158065,False,False,False,0.038,0.1918057446611766,9.057032142294617,12.93075765318514,18.850717898474983,0.16349955936654073,16.15831845352335,2.692399444951633,Low (<15)
2023-07-19,144.39842224121094,145.29711562742418,142.49807461798855,142.99422364567243,12510000,False,13.760000228881836,False,3.75,False,0.0038397822786802,0.0038324291316846,0.1888331796917265,135.61587295532226,131.5051690673828,0.089660876510025,-0.0499999999999998,0.0345864685376036,-0.106886050207627,False,False,False,0.0375,0.1888331796917265,9.122050813981765,12.528380898401252,18.545901145489182,0.16289391807640044,16.06426071031283,2.4816404351763524,Low (<15)
2023-07-20,146.1770477294922,146.58894821231368,144.5481867273733,144.6605180284174,9935900,False,13.989999771118164,False,3.85,False,0.0123174856115126,0.012242242625136,0.1895177728522751,136.30864639282223,131.87990112304686,0.1047105759835844,0.1,0.0167150827333248,-0.1336353616126388,False,False,False,0.0385,0.1895177728522751,10.093643985832259,11.617904537699218,18.549732101679847,0.15763541417938756,15.44997554854444,3.099756553135407,Low (<15)
2023-07-21,145.0536651611328,146.16766463887615,144.81027595893158,145.84938315501867,10636400,False,13.600000381469728,False,3.84,False,-0.0076850817950452,-0.0077147642084533,0.1736188555566397,137.07262420654297,132.24443878173827,0.1177396354749911,-0.0100000000000002,-0.0278770118676895,-0.1715763422523857,False,False,False,0.0384,0.1736188555566397,8.63192170328373,11.26812678890822,17.029508172727,0.15721673880807666,15.450141588917885,1.5793665838091133,Low (<15)
2023-07-24,147.90887451171875,148.64841259921064,144.84771848900857,145.07239533945494,14381400,False,13.90999984741211,False,3.86,False,0.0196838139002846,0.0194925928682029,0.1754497618639214,138.0132972717285,132.6647785949707,0.1457329957447624,0.02,0.0227940777387596,-0.0861634820103744,False,False,False,0.038599999999999995,0.1754497618639214,10.18634491527294,10.004231029204888,17.238494924583605,0.13719341009777794,13.48532341858905,3.7531715059945547,Low (<15)
2023-07-25,146.80426025390625,147.6467735305015,145.99918598070113,147.25359971580744,9944700,False,13.859999656677246,False,3.91,False,-0.0074682081211089,-0.0074962348140194,0.1821761125392345,138.8829368591309,133.0710220336914,0.1343991529410655,0.0500000000000002,-0.0035945500563154,-0.0492623950492484,False,False,False,0.0391,0.1821761125392345,10.031918588371823,10.856836850211096,17.838431386805425,0.15096975382453404,14.79254407017262,3.0458873166328058,Low (<15)
2023-07-26,147.6842498779297,148.14295991985267,146.29877785425592,146.70132223476946,8728600,False,13.1899995803833,False,3.86,False,0.0059943057681122,0.0059764113912618,0.1806599439465926,139.7961097717285,133.53112518310547,0.1411168794634956,-0.0500000000000002,-0.0483405550425943,-0.073523862291594,False,False,False,0.038599999999999995,0.1806599439465926,10.367452959295434,10.40479045546978,17.735217638745784,0.1516251750543118,14.889651493556212,2.845566145189572,Low (<15)
2023-07-27,146.0553436279297,148.6390632476469,145.6153603699145,147.69357490821167,10778400,False,14.40999984741211,False,4.01,False,-0.0110296544915682,-0.0110909321280417,0.1874725077361322,140.65619506835938,133.9376383972168,0.1334980233409659,0.1499999999999999,0.0924943370614841,-0.2588565976016579,False,False,False,0.0401,0.1874725077361322,10.01766677027139,11.430077539869146,18.322796113886376,0.14905967436977235,14.591203917059863,3.7315921968265133,Low (<15)
2023-07-28,146.88851928710938,147.53445284492707,146.4485359733566,147.234883659289,9103800,False,13.329999923706056,False,3.96,False,0.0057045202077794,0.0056883110468213,0.1541343613919655,141.33293991088868,134.3777362060547,0.1014962818653733,-0.0499999999999998,-0.0749479483096601,-0.3116571841537311,False,False,False,0.039599999999999996,0.1541343613919655,8.504913047993853,9.175406754618791,15.097047695908005,0.14576086421786721,14.279160112698522,0.8178875832094832,Low (<15)
2023-07-31,147.87144470214844,149.2007506770254,147.11316564135666,147.14124846387747,8892700,False,13.630000114440918,False,3.97,False,0.0066916422046425,0.0066693525479643,0.1505348681944627,141.96539077758788,134.76069580078126,0.093542303449009,0.0100000000000002,0.022505640844104,-0.3154022177727724,False,False,False,0.0397,0.1505348681944627,8.811499938477823,8.507288755635244,14.786001114672535,0.14329119619861772,14.075696488730244,0.7103046259422907,Low (<15)
2023-08-01,147.14126586914062,147.90890120016138,146.17705075722094,147.37529894065986,6853900,False,13.93000030517578,False,4.05,False,-0.0049379299328452,-0.0049501617921789,0.1535314334061521,142.5069435119629,135.1095263671875,0.079458865140096,0.0799999999999996,0.0220102852689643,-0.3280877871879746,False,False,False,0.0405,0.1535314334061521,8.659061085397056,8.95292903481645,15.036381721752935,0.14880593784966384,14.574386678254896,0.4619950434980389,Low (<15)
2023-08-02,145.47494506835938,145.74643141841656,144.1081999906907,145.6247296556844,8299400,False,16.09000015258789,False,4.08,False,-0.0113246327666038,-0.0113892446875893,0.1585846933753606,143.0105827331543,135.4309811401367,0.0743916077548572,0.0300000000000002,0.155061005031676,-0.4290867648518908,False,False,False,0.0408,0.1585846933753606,8.133234141434208,10.011839007854618,15.51304031530022,0.1453965625435558,14.2378255312431,1.2752147840571197,Normal (15-25)
2023-08-03,146.36427307128906,146.89786098978126,144.4920086983106,145.10048890583116,6084000,False,15.920000076293944,False,4.2,False,0.0061132726498833,0.0060946624064519,0.1504432960072945,143.62562103271483,135.79160736083983,0.0917532761832309,0.1200000000000001,-0.0105655733176984,-0.3623189201829809,False,False,False,0.042,0.1504432960072945,8.187144450902721,9.02420295737798,14.698248964986323,0.14593351688081163,14.259225561682221,0.43902340330410183,Normal (15-25)
2023-08-04,146.0553436279297,147.72165773027706,145.7557744802414,146.41106413550557,6209400,False,17.100000381469727,False,4.05,False,-0.0021106888783501,-0.0021129195214692,0.1515864559532499,144.17232208251954,136.17283111572266,0.0809200264112688,-0.1500000000000003,0.0741206218291978,-0.3777016564360694,False,False,False,0.0405,0.1515864559532499,8.001239553157461,9.356020247637929,14.830179610000332,0.14780116861287237,14.462447589786048,0.36773202021428375,Normal (15-25)
2023-08-07,146.7480926513672,147.6280592895261,146.59832234097993,146.59832234097993,7251800,False,15.770000457763672,False,4.09,False,0.0047430583930037,0.0047318455330649,0.1514908020469468,144.71574630737305,136.59115341186524,0.0799861336421334,0.04,-0.0777777715810636,-0.365089678656704,False,False,False,0.0409,0.1514908020469468,8.368401964824955,8.98878106915987,14.820707814272037,0.14744185207235927,14.425626730985329,0.39508108328670843,Normal (15-25)
2023-08-08,145.92430114746094,146.01790580284208,142.84441801525406,144.46393710846394,8623400,False,15.989999771118164,False,4.02,False,-0.0056136436870996,-0.0056294594017858,0.1483964199760121,145.11173095703126,136.98686401367186,0.0573871633642073,-0.0700000000000002,0.0139504950519,-0.3581518565280149,False,False,False,0.04019999999999999,0.1483964199760121,7.736142674780126,9.262168251233689,14.52713865805175,0.14747368092751795,14.437594441688681,0.08954421636306975,Normal (15-25)
2023-08-09,143.9677734375,145.58729252584976,143.66821854323672,145.40006893140463,6277800,False,15.960000038146973,False,4.0,False,-0.0134078264865823,-0.0134985229998774,0.1588642803495005,145.3757209777832,137.31982833862304,0.0380696343019157,-0.0199999999999995,-0.0018761559349974,-0.3224249023384734,False,False,False,0.04,0.1588642803495005,7.386829331883,10.85314331243707,15.646628357207186,0.14410916368326646,14.245060012298753,1.4015683449084335,Normal (15-25)
2023-08-10,143.75244140625,145.5123743058116,143.3124581813596,144.5200765762263,5995100,False,15.850000381469728,False,4.09,False,-0.0014956960582812,-0.0014968157282271,0.1589046761399517,145.59524230957032,137.63881729125976,0.031503754039234,0.0899999999999998,-0.0068922090485167,-0.3152541827912243,False,False,False,0.0409,0.1589046761399517,7.343048728569585,10.890087279679335,15.644352423786378,0.14472486586506614,14.300161007287464,1.344191416498914,Normal (15-25)
2023-08-11,144.5856170654297,144.65115317660656,142.88186387000218,143.25631104053193,5180700,False,14.84000015258789,False,4.16,False,0.0057959061496917,0.0057791745045444,0.1588144542983729,145.81429595947264,138.00701049804687,0.0312477247238243,0.0700000000000002,-0.0637224103831967,-0.3203558696690679,False,False,False,0.0416,0.1588144542983729,7.768190585916919,10.400485187338631,15.554304762020758,0.14363858917108333,14.099625870359581,1.4546788916611764,Low (<15)
2023-08-14,144.8851776123047,145.02559172184132,143.15332741205629,143.799260884411,5044300,False,14.81999969482422,False,4.19,False,0.0020718557831338,0.0020697124498818,0.1348293833617965,145.8793571472168,138.34642150878906,0.0090624594178185,0.0300000000000002,-0.0013477397276294,-0.3883023840700784,False,False,False,0.04190000000000001,0.1348293833617965,6.575970969322846,8.872444169356655,13.226626431410592,0.15387546160236898,15.057444778005639,-1.8308183465950467,Low (<15)
2023-08-15,141.1968231201172,143.48098800077395,140.63513807973655,143.0878141862051,10300300,False,16.459999084472656,False,4.21,False,-0.0254570864526741,-0.0257867245265966,0.1630576250313586,145.74689407348632,138.55832641601563,-0.0184173346259193,0.0199999999999995,0.1106612296504427,-0.5107674720790625,False,False,False,0.0421,0.1630576250313586,6.515400404173647,12.386516797858064,16.345648316931552,0.12788605710331255,13.170816240551662,3.1748320763798894,Normal (15-25)
2023-08-16,140.5977325439453,141.3185585176941,140.12029586070057,140.98155027009378,6978200,False,16.780000686645508,False,4.28,False,-0.0042429465687214,-0.0042519734091637,0.1624785479285159,145.55685958862304,138.78391052246093,-0.0263208533602724,0.0700000000000002,0.0194411676775074,-0.5257491563330842,False,False,False,0.042800000000000005,0.1624785479285159,6.27119543026879,12.626968921538136,16.378941823144043,0.14687039760381237,14.976333573210823,1.4026082499332198,Normal (15-25)
2023-08-17,139.1373291015625,141.59934699720856,138.9220084176471,141.2436264856294,9953900,False,17.889999389648438,False,4.3,False,-0.010387105225373,-0.0104414276991131,0.1571734084615918,145.20487365722656,138.97563751220704,-0.0481588507722294,0.0199999999999995,0.0661500987831502,-0.5767258519542837,False,False,False,0.043,0.1571734084615918,5.419186040423533,13.172988716447989,16.246908842158987,0.14235768165052645,14.96956749609183,1.277341346067157,Normal (15-25)
2023-08-18,139.4556427001953,139.95179172208907,138.02336129220063,138.21994109410372,8517500,False,17.299999237060547,False,4.26,False,0.0022877656247122,0.00228515267339,0.1567268521578942,144.9249725341797,139.1486279296875,-0.0385927680953042,-0.04,-0.0329793277091601,-0.6146002554748711,False,False,False,0.0426,0.1567268521578942,5.499061176655232,12.9993674033189,16.143979248830604,0.1423172404779942,14.892309726186463,1.251669522644141,Normal (15-25)
2023-08-21,139.93304443359375,140.5134561406489,138.56629935066977,140.09218520164686,8327000,False,17.1299991607666,False,4.34,False,0.0034233231739841,0.0034174769417695,0.1362961096771444,144.52618103027345,139.33042266845703,-0.0539239454323147,0.08,-0.0098265944387885,-0.73894385676898,False,False,False,0.0434,0.1362961096771444,4.649624573619178,11.568574569719473,14.18742883916188,0.1418186262050838,14.668792498707862,-0.48136365954598226,Normal (15-25)
2023-08-22,137.03103637695312,140.08282221486544,136.534887452353,139.72708740694694,9673300,False,16.969999313354492,False,4.34,False,-0.0207385472701395,-0.0209566110949773,0.1498751124797054,144.0375198364258,139.44897064208985,-0.066573162523007,0.0,-0.0093403301372344,-0.6431537605339829,False,False,False,0.0434,0.1498751124797054,4.3053785347616085,14.059501452752457,16.289911899232365,0.12009308737855,13.972338617015211,2.317573282217154,Normal (15-25)
2023-08-23,137.95782470703125,138.1637749740239,136.1698227115898,137.00297996106144,7858000,False,15.979999542236328,False,4.19,False,0.0067633461337084,0.0067405773128699,0.1505375760818106,143.55119857788085,139.58624053955077,-0.0658595969369647,-0.1499999999999994,-0.0583382328329905,-0.6477916118622029,False,False,False,0.04190000000000001,0.1505375760818106,4.594046543500895,13.65833120169684,16.110175534791356,0.12144360918737196,13.76833127198267,2.341844262808687,Normal (15-25)
2023-08-24,137.82675170898438,139.86752750903037,137.60208910349877,138.0795114244007,6534000,False,17.200000762939453,False,4.23,False,-0.0009500946997766,-0.0009505463258269,0.1479539571858384,143.1397689819336,139.70192199707031,-0.0563388624787829,0.04,0.0763455103661656,-0.5976867376961389,False,False,False,0.042300000000000004,0.1479539571858384,4.435691844965369,13.570504370447921,15.916592011026909,0.12608909415248384,14.157088013463031,1.7595039975638773,Normal (15-25)
2023-08-25,137.65826416015625,139.12798451368934,136.53490820324166,137.87357059987212,6695500,False,15.68000030517578,False,4.25,False,-0.0012224589692418,-0.0012232067817164,0.1446458894586297,142.67825622558593,139.82408905029297,-0.0628385061797212,0.0199999999999995,-0.0883721157175058,-0.5488211989053012,False,False,False,0.0425,0.1446458894586297,4.221027808219468,13.491692915266611,15.693341954776736,0.1275118651045742,14.325036230514572,1.3683057242621643,Normal (15-25)
2023-08-28,138.13568115234375,139.11862293308627,137.73315111613948,138.14505161734553,5094100,False,15.079999923706056,False,4.2,False,0.0034681317180642,0.0034621316180135,0.142153274771824,142.19146804809571,139.92605255126952,-0.0658393753399451,-0.0499999999999998,-0.0382653297061269,-0.5933785326692773,False,False,False,0.042,0.142153274771824,4.238683315330398,13.11482391204892,15.348583867452582,0.13168384258248747,14.496753918703055,0.8518299487495273,Normal (15-25)
2023-08-29,139.25900268554688,139.34326542853302,137.77991228921118,138.27607543171382,6337000,False,14.449999809265137,False,4.12,False,0.0081320157386726,0.0080991290683326,0.1476930815017174,141.797354888916,140.04732147216797,-0.0535693582424647,-0.08,-0.0417771961291953,-0.6075614526726357,False,False,False,0.0412,0.1476930815017174,4.8869035604818905,12.780703861882813,15.493068036460386,0.1298733198259141,13.984257198436318,1.5088108380240683,Low (<15)
2023-08-30,138.69735717773438,139.62411896057506,137.78930775518225,139.127970012283,6277300,False,13.880000114440918,False,4.12,False,-0.0040331001729254,-0.0040412550551175,0.1442791016073657,141.45847549438477,140.17093170166015,-0.0465893827108178,0.0,-0.0394463461832534,-0.5859763221199683,False,False,False,0.0412,0.1442791016073657,4.5076458459435145,12.950156593481097,15.381437083457921,0.13759263215243536,14.823597045407803,0.5578400380501183,Low (<15)
2023-08-31,136.98422241210938,138.87521339871287,136.637858079505,138.79095064722685,10933900,False,13.56999969482422,False,4.09,False,-0.0123516035235602,-0.0124285185841533,0.1448119866774455,140.98947296142578,140.2641845703125,-0.0640870238504923,-0.0300000000000002,-0.0223343239957303,-0.5621458125005405,False,False,False,0.0409,0.1448119866774455,3.938267085398664,14.0976481411072,16.077500810011976,0.1446786753356435,16.066982669767484,0.010518140244492713,Low (<15)
2023-09-01,137.44296264648438,138.62248430088263,136.39448466943944,136.75957572562794,7903500,False,13.09000015258789,False,4.18,False,0.0033488545344653,0.0033432596087008,0.1466745644837632,140.55885391235353,140.41756164550782,-0.0589665586175677,0.0899999999999998,-0.0353721114982344,-0.6177196457188088,False,False,False,0.0418,0.1466745644837632,4.218948137046226,13.80062245169313,15.984974871101283,0.14676174676455564,15.992029750577904,-0.007054879476621423,Low (<15)
2023-09-05,135.9263916015625,138.74415864513009,135.74852419936798,137.76121698537963,7854700,False,14.010000228881836,False,4.27,False,-0.0110341847681399,-0.0110955129397602,0.1463286737628147,140.01776885986328,140.5541812133789,-0.0737433846960726,0.0899999999999998,0.0702826635270941,-0.6148564555492503,False,False,False,0.042699999999999995,0.1463286737628147,3.7453373616983896,14.67924003588088,16.505726400123898,0.1439665640315348,16.325505603615728,0.1802207965081699,Low (<15)
2023-09-06,135.7017364501953,136.24468058187983,134.9060183286584,135.45833292470454,8629200,False,14.449999809265137,False,4.3,False,-0.001652770655648,-0.0016541379878668,0.1463465965877213,139.506640625,140.67998657226562,-0.0700538883303296,0.0300000000000002,0.0314061080082093,-0.5973924229896616,False,False,False,0.043,0.1463465965877213,3.687859675768422,14.798131067830198,16.582201765822575,0.14515971643585082,16.49221562394181,0.08998614188076459,Low (<15)
2023-09-07,134.54092407226562,135.9919318730385,134.2319987249338,134.92474171145767,8373700,False,14.399999618530272,False,4.27,False,-0.0085541453506434,-0.0085909420451037,0.1430012371257594,139.0352981567383,140.7823892211914,-0.0654788855877305,-0.0300000000000002,-0.003460220857775,-0.6094271245641119,False,False,False,0.042699999999999995,0.1430012371257594,3.1784877190231313,15.465949703364217,16.902607371471518,0.14285739192371438,16.89236889971052,0.010238471760999346,Low (<15)
2023-09-08,134.6439208984375,134.91539300149014,133.53927727068842,134.21329372186668,7107900,False,13.84000015258789,False,4.26,False,0.0007655427289658,0.0007652498505953,0.1436122954447488,138.57987213134766,140.8981948852539,-0.0633625447937364,-0.0099999999999997,-0.038888852831757,-0.6149529811995788,False,False,False,0.0426,0.1436122954447488,3.2318495586994445,15.433060501598234,16.90378368802353,0.15272640098724058,17.567185150636494,-0.6634014626129634,Low (<15)
2023-09-11,135.23367309570312,135.78598770305322,134.5128472530841,135.5051451671015,6854200,False,13.800000190734863,False,4.29,False,0.004380087814811,0.0043705231493905,0.1425160660637901,138.11227493286134,140.9357958984375,-0.0646810115662784,0.0300000000000002,-0.0028901706222559,-0.5784630332023256,False,False,False,0.0429,0.1425160660637901,3.363886764239723,14.945811096339256,16.516445501022382,0.1524919524690428,17.26116234973546,-0.7447168487130789,Low (<15)
2023-09-12,136.99362182617188,137.9110419287154,134.84988476128495,135.27114151468874,8363200,False,14.229999542236328,False,4.27,False,0.0130141309496434,0.0129301747740327,0.1529001315099007,137.7176971435547,140.97121978759765,-0.0544676544294245,-0.0200000000000004,0.0311593728665424,-0.4776834517794975,False,False,False,0.042699999999999995,0.1529001315099007,4.4127552488725215,14.304006705284678,16.59557321943565,0.14689660851507155,16.112712694901738,0.48286052453391193,Low (<15)
2023-09-13,137.0591278076172,138.26673213964824,136.506813201659,137.92972395420438,8325900,False,13.479999542236328,False,4.25,False,0.0004781681115668,0.0004780538256258,0.1274102284135929,137.51081237792968,140.9861981201172,-0.0293044504902212,-0.0199999999999995,-0.0527055533469211,-0.2773518457322936,False,False,False,0.0425,0.1274102284135929,3.1900064450810035,13.04600940443079,14.578800764243613,0.14736122086012096,16.138399625893506,-1.5595988616498921,Low (<15)
2023-09-14,139.71774291992188,140.3262231887897,138.0982380736045,138.39779297567569,10034900,False,12.81999969482422,False,4.29,False,0.0193975779273631,0.0192118429423306,0.1467209897293515,137.46681289672853,141.072509765625,-0.0062589176091327,0.04,-0.048961414675435,-0.3230782554239164,False,False,False,0.0429,0.1467209897293515,5.089486962727634,12.29061251778711,15.182713013139375,0.12939652240566857,13.687132614959351,1.4955803981800244,Low (<15)
2023-09-15,139.3058319091797,140.16707182842225,138.83776580409716,139.4088070236676,19863400,False,13.789999961853027,False,4.33,False,-0.0029481653663577,-0.0029525197663048,0.1422271515079849,137.47523803710936,141.17735626220704,0.0012110539184937,0.04,0.0756630491512744,-0.2569176057704043,False,False,False,0.0433,0.1422271515079849,4.719487371340733,12.265568421805,14.889778943592296,0.14050711625969853,14.742230146219143,0.14754879737315285,Low (<15)
2023-09-18,139.59605407714844,139.61478072408826,138.31355730457247,138.6973750034845,6512400,False,14.0,False,4.32,False,0.0020833454277633,0.0020811782731101,0.1421872669238524,137.48225860595704,141.26685089111328,0.0010068533207723,-0.0099999999999997,0.0152284292043429,-0.2438114854481948,False,False,False,0.0432,0.1421872669238524,4.820880255967616,12.097788223064214,14.806420581553004,0.14035620090632828,14.64803741508929,0.15838316646371453,Low (<15)
2023-09-19,139.41815185546875,140.1577042404797,137.80801772654655,139.95175402826723,7943400,False,14.109999656677246,False,4.37,False,-0.0012744072377673,-0.0012752199852588,0.1417029174108937,137.45651397705078,141.33762176513673,-0.003679563895784,0.0499999999999998,0.0078571183340889,-0.2461199945835263,False,False,False,0.0437,0.1417029174108937,4.752842312876119,12.131744264906132,14.788708879454315,0.14049415047008637,14.68456682575991,0.10414205369440488,Low (<15)
2023-09-20,138.82839965820312,140.65385448013163,138.6786150871108,140.0921694806569,7332000,False,15.140000343322754,False,4.35,False,-0.0042300962207346,-0.0042390683887818,0.1203998079012699,137.54638214111327,141.35409759521485,0.0131164685663305,-0.0200000000000004,0.0729979242882605,-0.3273749690673294,False,False,False,0.0435,0.1203998079012699,3.4517432816602422,11.435535158441084,13.2147996251181,0.14514714028964842,15.27412571327318,-2.05932608815508,Normal (15-25)
2023-09-21,137.74252319335938,139.34331591065376,137.26510080327012,138.15442374210164,8052400,False,17.540000915527344,False,4.49,False,-0.0078217170803466,-0.0078524671599574,0.1217476074412784,137.53561706542968,141.3351885986328,-0.0015606328537659,0.1400000000000005,0.1585205097609572,-0.3716593144587187,False,False,False,0.0449,0.1217476074412784,3.2249057003353343,12.068645440639045,13.665579195924751,0.14326267396375714,15.392790097697645,-1.727210901772894,Normal (15-25)
2023-09-22,136.42251586914062,138.08882972925824,135.91701086120517,137.88287954122202,7071700,False,17.200000762939453,False,4.44,False,-0.0095831504579435,-0.0096293643309566,0.1263630566343913,137.4654052734375,141.27639862060548,-0.010188412789476,-0.0499999999999998,-0.01938427222583,-0.3406013149450052,False,False,False,0.0444,0.1263630566343913,3.0223754170694193,13.227446764801755,14.645820585018662,0.15071689121298895,16.521130112763085,-1.8753095277444238,Normal (15-25)
2023-09-25,137.09657287597656,137.16210899360448,134.52220904350628,136.06683591353567,7044700,False,16.899999618530273,False,4.55,False,0.0049409512978231,0.0049287848573615,0.1277700662648625,137.43732070922852,141.21423919677736,-0.0040803310110477,0.1099999999999994,-0.0174419262268631,-0.382664606565928,False,False,False,0.0455,0.1277700662648625,3.3356963322563615,12.724487165198965,14.365793752850815,0.15610809699547368,16.637643316098,-2.2718495632471853,Normal (15-25)
2023-09-26,135.67364501953125,136.52552882591283,135.0183552777935,135.36473393604743,7468400,False,18.940000534057617,False,4.56,False,-0.0103790184290933,-0.0104332560561594,0.1319221498919488,137.3142189025879,141.05603302001953,-0.01782331771396,0.0099999999999997,0.1207101160695029,-0.4384320770590138,False,False,False,0.045599999999999995,0.1319221498919488,3.1038987277927674,13.868514384898688,15.314662630434375,0.1527329600938006,16.893156871785987,-1.5784942413516116,Normal (15-25)
2023-09-27,136.46932983398438,136.75952848555323,135.28043812455698,135.91701534975712,6717800,False,18.21999931335449,False,4.61,False,0.0058646969670386,0.0058475665755201,0.1301039916239111,137.17473526000975,140.9084979248047,-0.0200322621716723,0.0500000000000007,-0.0380148469060723,-0.4296079771555129,False,False,False,0.0461,0.1301039916239111,3.276003257227245,13.191620346208836,14.774197096983793,0.1513323350753634,16.435308408899164,-1.6611113119153718,Normal (15-25)
2023-09-28,138.16375732421875,139.36200547860716,136.68466663396703,136.9374263446685,8868100,False,17.34000015258789,False,4.59,False,0.0124161779961524,0.0123397294072168,0.137854688352561,137.14805526733397,140.78380462646484,-0.0038472243766825,-0.0200000000000004,-0.0482985287557939,-0.5018132657133437,False,False,False,0.045899999999999996,0.137854688352561,4.2030304613935385,12.491895087225657,14.734932756666803,0.14322399086912535,15.182262406080921,-0.4473296494141188,Normal (15-25)
2023-09-29,135.75791931152344,139.2590452079911,135.6081347051916,139.1092748859055,11917800,False,17.520000457763672,False,4.59,False,-0.0174129457629739,-0.0175663343424954,0.1447892463476635,137.08674011230468,140.57542205810546,-0.0089521484955885,0.0,0.010380640345549,-0.5193427426954476,False,False,False,0.045899999999999996,0.1447892463476635,3.743738485856703,14.383033108752585,16.22109828300193,0.18168894794040172,19.1702040820932,-2.949105799091271,Normal (15-25)
2023-10-02,134.58775329589844,136.3195895900525,133.52056297766828,135.58005131127518,9170600,False,17.610000610351562,False,4.69,False,-0.0086195046414921,-0.0086568674256819,0.1468856883874685,136.9439796447754,140.3661038208008,-0.0207737762313069,0.1000000000000005,0.0051369948765045,-0.4935188662783801,False,False,False,0.046900000000000004,0.1468856883874685,3.5201148624502707,15.15942680661739,16.82122204010343,0.18845981380301546,20.051879077541425,-3.2306570374379966,Normal (15-25)
2023-10-03,133.59542846679688,134.41921506435102,133.25842031372002,134.0541240888714,9431100,False,19.780000686645508,False,4.81,False,-0.0073730692785983,-0.0074003847023883,0.1441202160465148,136.82743148803712,140.07983489990235,-0.0171487163552337,0.1199999999999992,0.1232254401523627,-0.4870329286883967,False,False,False,0.0481,0.1441202160465148,3.1489513957309754,15.58608438671969,17.00063087253197,0.1933330969464989,20.712229240267718,-3.7115983677357463,Normal (15-25)
2023-10-04,134.19456481933594,134.3068961192718,132.86524444361987,134.044780229925,8128700,False,18.57999992370605,False,4.73,False,0.0044847069949549,0.0044746806621398,0.1452947492592085,136.7520729064941,139.82764099121093,-0.011106502173703,-0.0799999999999991,-0.0606673772134719,-0.4993923710597039,False,False,False,0.0473,0.1452947492592085,3.3453729698633623,15.311578484013381,16.857289276393516,0.1922803349422923,20.469679200529367,-3.612389924135851,Normal (15-25)
2023-10-05,134.76039123535156,134.94901072046437,132.8083061933225,133.9493763741643,8576200,False,18.489999771118164,False,4.72,False,0.0042164629899681,0.0042075986186885,0.1429802782093586,136.76304626464844,139.5691638183594,0.0016312297882543,-0.0100000000000006,-0.0048439264239746,-0.5287500069557748,False,False,False,0.0472,0.1429802782093586,3.402517347326608,14.830235529763826,16.429673286457096,0.2029658122644772,21.162347595979433,-4.732674309522338,Normal (15-25)
2023-10-06,136.83509826660156,137.57066825366812,134.04369376953446,134.76983853766583,10270600,False,17.450000762939453,False,4.78,False,0.0153955254376387,0.0152782168222537,0.1529403309111569,136.87260513305665,139.38475891113282,0.0162738677954639,0.0600000000000005,-0.0562465668497852,-0.5745299991265188,False,False,False,0.0478,0.1529403309111569,4.578032956630096,13.893001017510812,16.32070903865707,0.19916664002890366,20.22925943516696,-3.908550396509888,Normal (15-25)
2023-10-09,136.5238800048828,137.11798531189535,135.32621539355333,135.47710521963256,6964900,False,17.700000762939453,False,4.69,False,-0.0022744037579626,-0.0022769941426555,0.1527279798420999,136.93711547851564,139.17746612548828,0.0095405743232799,-0.0899999999999998,0.014326646938088,-0.5711702466077723,False,False,False,0.046900000000000004,0.1527279798420999,4.421384631534593,14.169160125242641,16.47362314951778,0.20118452612799007,20.531053239886234,-4.057430090368452,Normal (15-25)
2023-10-10,137.3537139892578,138.4099281416334,137.00479393684975,137.13681890719138,11288800,False,17.030000686645508,False,4.66,False,0.0060783064790226,0.0060599080905836,0.1470817665331189,136.95512008666992,138.96711151123046,0.0026285323235182,-0.0300000000000002,-0.0378531100234076,-0.6302892515805272,False,False,False,0.0466,0.1470817665331189,4.414246828852107,13.394244622944399,15.735018597764878,0.19980338946073453,20.22373082311242,-4.488712225347541,Normal (15-25)
2023-10-11,137.82525634765625,138.84374102392985,136.75963119469503,138.16475123974746,8698200,False,16.09000015258789,False,4.58,False,0.0034330513875679,0.0034271719191552,0.1475366435125699,136.99342651367186,138.78079132080077,0.0055897666379027,-0.08,-0.055196740819555,-0.6439607370899411,False,False,False,0.0458,0.1475366435125699,4.568030872147062,13.201928355131926,15.661347298361099,0.20026815023504058,20.198279371525352,-4.5369320731642535,Normal (15-25)
2023-10-12,137.50460815429688,138.58911237840664,136.86334810356874,137.96670276001075,10484400,False,16.690000534057617,False,4.7,False,-0.0023264835622766,-0.0023291940298809,0.1293044652812583,136.8827697753906,138.62138458251954,-0.0158400409237461,0.1200000000000001,0.0372902657414346,-0.6330838101594111,False,False,False,0.047,0.1293044652812583,3.6016010048310108,12.376923130306224,14.211646080661238,0.20035996390211178,20.21692543685682,-6.005279356195581,Normal (15-25)
2023-10-13,139.56988525390625,144.38881902981274,139.41899543795483,140.0414051365208,29427000,True,19.31999969482422,False,4.63,False,0.0150196937203144,0.0149080149856338,0.1405263128807576,136.89597244262694,138.48549682617187,0.0018954938289927,-0.0700000000000002,0.157579333529668,-0.3370330921067899,False,False,False,0.0463,0.1405263128807576,4.872903464900283,11.730727414505964,14.502104717884796,0.2001714436169688,19.831128590624004,-5.329023872739208,Normal (15-25)
2023-10-16,139.4284210205078,141.00329554327354,138.3627815883004,140.9372758593186,12663500,False,17.209999084472656,False,4.71,False,-0.0010135727570534,-0.0010140867692756,0.1403858239734357,136.88759078979493,138.35295837402344,-0.001200843804281,0.08,-0.1092132838344105,-0.3020496974716079,False,False,False,0.0471,0.1403858239734357,4.850296541716801,11.731801868268875,14.486508187126955,0.20065163896451005,19.863714120729988,-5.377205933603033,Normal (15-25)
2023-10-17,139.1266632080078,140.80527293299247,138.428808562367,139.164392858932,11482700,False,17.8799991607666,False,4.83,False,-0.0021642489407207,-0.0021665943120487,0.140526497138708,136.87301635742188,138.20052978515625,-0.0020907510505742,0.1200000000000001,0.0389308606586991,-0.3056362556136282,False,False,False,0.0483,0.140526497138708,4.800786583546653,11.805484474816126,14.518930638201164,0.21128707070436437,20.82603501797711,-6.307104379775945,Normal (15-25)
2023-10-18,137.59893798828125,139.07950296279404,137.0896884480104,138.24019813274663,9620300,False,19.21999931335449,False,4.91,False,-0.0109808226870392,-0.0110415569377533,0.1451458704117402,136.8115432739258,138.03402252197264,-0.0088559810020775,0.08,0.0749440836400148,-0.3267065900110598,False,False,False,0.049100000000000005,0.1451458704117402,4.513463675504376,12.89640625786717,15.33494703748127,0.20883850379130067,20.839326454868925,-5.504379417387655,Normal (15-25)
2023-10-19,137.01426696777344,138.64573642948045,136.62763152732992,137.19344685926188,11143600,False,21.39999961853028,False,4.98,False,-0.0042490954440186,-0.0042581485040434,0.1432664346155103,136.77513046264647,137.89495239257812,-0.0052870835287635,0.0700000000000002,0.1134235370997684,-0.2929976489985728,False,False,False,0.049800000000000004,0.1432664346155103,4.244521003438734,13.098735211864934,15.337444419692412,0.21067732699792216,21.087671013133036,-5.750226593440624,Normal (15-25)
2023-10-20,134.80755615234375,136.87281591727077,134.02483127766632,136.33529063565342,13332900,False,21.709999084472656,False,4.93,False,-0.0161057009920632,-0.0162368074071749,0.1505995689229494,136.69438247680665,137.7160546875,-0.0118379265072781,-0.0500000000000007,0.0144859566106698,-0.3046392360259082,False,False,False,0.0493,0.1505995689229494,3.85183052472091,14.933307880728492,16.81879347367037,0.20037757340927362,20.802893494436123,-3.9841000207657515,Normal (15-25)
2023-10-23,132.96861267089844,135.49595244442185,132.71398789413,134.7981121972243,10133400,False,20.3700008392334,False,4.86,False,-0.0136412493033191,-0.0137351460349074,0.1559589283901195,136.48798446655277,137.4837145996094,-0.0301098715925777,-0.0699999999999994,-0.0617226302048831,-0.206280538269945,False,False,False,0.048600000000000004,0.1559589283901195,3.517021749413871,16.49507454107352,18.106271645640888,0.18999627748451195,20.650179145592194,-2.543907499951306,Normal (15-25)
2023-10-24,133.12893676757812,133.6570367926189,132.36507677495513,133.1478015940857,8881400,False,18.96999931335449,False,4.83,False,0.0012057288818714,0.0012050025745643,0.1525778398856103,136.3607490539551,137.24858978271484,-0.0187560985155723,-0.0300000000000002,-0.0687285944133322,-0.1525858290742687,False,False,False,0.0483,0.1525778398856103,3.401056449907692,16.2653492371672,17.812462898959623,0.19103723841571366,20.691010975802342,-2.878548076842719,Normal (15-25)
2023-10-25,132.40277099609375,133.1383408268775,131.56346622047414,132.56310041145807,8242600,False,20.190000534057617,False,4.95,False,-0.005454605055189,-0.0054695357320581,0.1512035940217423,136.15742111206055,137.07270874023436,-0.0297983352218231,0.1200000000000001,0.0643121383691496,-0.1488393275790506,False,False,False,0.0495,0.1512035940217423,3.176761294822178,16.57908602936763,17.978879141656797,0.18787905638304278,20.646503393646825,-2.667624251990027,Normal (15-25)
2023-10-26,132.7422637939453,133.60043337964612,131.48801925860812,131.79922408824612,9109400,False,20.68000030517578,False,4.86,False,0.0025640913350792,0.002560809661369,0.1430278445701351,135.88634643554687,136.9155993652344,-0.0392396214120843,-0.0899999999999998,0.0242694283386275,-0.0876508674296815,False,False,False,0.048600000000000004,0.1430278445701351,2.884393223080977,16.083581929704522,17.323453360611314,0.18808178892074856,20.591665846928635,-3.2682124863173208,Normal (15-25)
2023-10-27,127.96106719970705,131.17683623137796,127.489547320212,131.0353716337426,17434700,False,21.270000457763672,False,4.84,False,-0.0360186458900541,-0.036683326768254,0.1801247964405812,135.49650382995603,136.69207412719726,-0.057432024233702,-0.0200000000000004,0.0285299876151465,-0.1076933724418332,True,False,False,0.0484,0.1801247964405812,3.1896378548899023,21.088488805856883,22.3737803587105,0.11334046317687343,18.992970940605453,3.3808094181050485,Normal (15-25)
2023-10-30,129.592529296875,130.17720937589277,128.29112975104002,128.6683543097979,9855500,False,19.75,False,4.88,False,0.0127496756073608,0.0126690827919083,0.1869533650290045,135.2467426300049,136.49481185913086,-0.0371149965483201,0.04,-0.0714621732510994,-0.1771745992094861,False,False,False,0.048799999999999996,0.1869533650290045,3.9241350010228118,20.17194376391943,21.911885583001364,0.11129208108832192,17.5914024441089,4.320483138892463,Normal (15-25)
2023-10-31,131.1391143798828,131.30886902920932,129.63968452745254,129.86601926333935,9672500,False,18.13999938964844,False,4.88,False,0.0119342148146892,0.0118635636285243,0.1918485522760215,135.1239269256592,136.31893325805663,-0.0183862136235039,0.0,-0.0815190182456485,-0.2035975149887033,False,False,False,0.048799999999999996,0.1918485522760215,4.60244594664551,19.33928848782199,21.53239680695479,0.10876109425527278,16.32741687119199,5.2049799357628,Normal (15-25)
2023-11-01,131.0259552001953,132.52538506399418,130.58272533258497,131.3182952427371,9432000,False,16.8700008392334,False,4.77,False,-0.000862894188531,-0.0008632666960264,0.1908098588480289,134.96549644470215,136.1988316345215,-0.0236120562960688,-0.1100000000000003,-0.0700109478029952,-0.1843520419486095,False,False,False,0.04769999999999999,0.1908098588480289,4.480631009898374,19.485254372127756,21.594879003442383,0.10835453812606288,16.51510626608603,5.079772737356354,Normal (15-25)
2023-11-02,133.36468505859375,133.42126514351625,131.29942562105097,132.1104404141124,10186200,False,15.65999984741211,False,4.67,False,0.017849363164917,0.0176919338637941,0.2016971319868744,134.89571113586425,136.10696884155274,-0.0103569466069617,-0.0999999999999996,-0.0717250107662871,-0.2416553350067104,False,False,False,0.0467,0.2016971319868744,5.721760522044313,18.584600992866555,21.5562641202747,0.09885929602810015,14.485624413424762,7.0706397068499385,Normal (15-25)
2023-11-03,134.8546905517578,135.58083522229103,133.77020054443747,134.0908306209058,9538700,False,14.90999984741211,False,4.57,False,0.0111724141402909,0.0111104637182175,0.1978184771305399,134.79669075012208,136.0475276184082,-0.0144729513109658,-0.0999999999999996,-0.0478927207731704,-0.2292400149623681,False,False,False,0.045700000000000005,0.1978184771305399,6.019757592679369,17.570136018740357,20.80356799679347,0.09672891424388286,13.459070936444816,7.344497060348653,Low (<15)
2023-11-06,135.87315368652344,135.97688862298904,134.65662448709557,135.01498415663912,7625100,False,14.890000343322754,False,4.67,False,0.0075523004101569,0.0075239245684465,0.1998162673787325,134.7641544342041,136.01182540893555,-0.0047663919186599,0.0999999999999996,-0.0013413483765277,-0.2232034524504325,False,False,False,0.0467,0.1998162673787325,6.544102822571588,16.956246330977038,20.60105617312779,0.09787052370891865,12.78150422605433,7.81955194707346,Low (<15)
2023-11-07,135.80715942382812,136.04291937904668,134.68495412429016,135.33563951339102,6297900,False,14.8100004196167,False,4.58,False,-0.0004857049454196,-0.0004858229382746,0.1984507756586923,134.68682670593262,135.96525497436522,-0.0112596486874074,-0.0899999999999998,-0.0053727281303878,-0.2137962178064793,False,False,False,0.0458,0.1984507756586923,6.409019072539266,17.014535393416537,20.558174321681122,0.11053696503236066,13.72256286281237,6.835611458868751,Low (<15)
2023-11-08,136.47671508789062,136.58987525429612,135.4393655970245,135.90146025925483,7618200,False,14.449999809265137,False,4.49,False,0.0049301941584165,0.0049180805498431,0.1989140415675658,134.61939964294433,135.90960922241212,-0.0097844277275567,-0.0899999999999998,-0.0243079405909213,-0.210481614402836,False,False,False,0.0449,0.1989140415675658,6.647329750137374,16.727725211200507,20.462210140148045,0.11055020944556994,13.439614793744228,7.022595346403817,Low (<15)
2023-11-09,136.07119750976562,137.3537321294573,135.5148075176755,137.15570184261244,7992500,False,15.289999961853027,False,4.62,False,-0.0029713316140694,-0.0029757547838255,0.1990093225767584,134.54772911071777,135.85708602905274,-0.0104244553238738,0.1299999999999999,0.058131499216304,-0.2127153931337909,False,False,False,0.0462,0.1990093225767584,6.55590616556524,16.846162851399313,20.506552057089976,0.1099542028859526,13.503279186345065,7.003272870744912,Normal (15-25)
2023-11-10,138.08932495117188,138.13647982386263,135.87318983117473,136.68420471665647,7983300,False,14.170000076293944,False,4.61,False,0.0148314079565692,0.0147224981621292,0.1988162488127999,134.47370109558105,135.879188079834,-0.0106080212077335,-0.0099999999999997,-0.0732504832147395,-0.4794749916154727,False,False,False,0.0461,0.1988162488127999,7.341161763282692,15.674093277241482,19.99757516942727,0.10340088417793838,12.016365755211112,7.98120941421616,Low (<15)
2023-11-13,137.47633361816406,137.91956345188186,136.89165357778936,137.40088871139884,6676300,False,14.760000228881836,False,4.63,False,-0.004439092835196,-0.0044489748634671,0.1993144284030333,134.37609672546387,135.8798554992676,-0.0140006419642134,0.0199999999999995,0.0416372723649414,-0.5201042993384533,False,False,False,0.0463,0.1993144284030333,7.127954703448637,16.031114431724404,20.16807502573541,0.0994524403131634,12.017861285786346,8.150213739949063,Low (<15)
2023-11-14,139.98483276367188,140.74869271323962,138.174198041455,138.32507347607216,9927700,False,14.15999984741211,False,4.44,False,0.0182467707676514,0.0180822961862385,0.2101056964960659,134.41900520324708,135.96102432250976,0.0061682608917388,-0.1899999999999995,-0.0406504317185353,-0.5311458704429083,False,False,False,0.0444,0.2101056964960659,8.66461455424161,15.389411484590056,20.752914101534344,0.08626094970164441,9.960671794076948,10.792242307457396,Low (<15)
2023-11-15,141.21078491210938,141.60685990157586,140.00369511859856,140.00369511859856,8365300,False,14.18000030517578,False,4.53,False,0.0087577498521371,0.0087196232016425,0.2076033013497751,134.59959754943847,136.07120529174804,0.0262490901211442,0.0899999999999998,0.0014124617216946,-0.4884457241983521,False,False,False,0.0453,0.2076033013497751,9.127051055763431,14.525051288942151,20.335276606391552,0.09837999842417604,10.414509267972676,9.920767338418877,Low (<15)
2023-11-16,142.82337951660156,142.89882442983355,141.5408447709493,141.5408447709493,8126200,False,14.31999969482422,False,4.45,False,0.0114197694283468,0.0113550560698528,0.2094126355718695,134.8900531768799,136.23685440063477,0.0423978661302071,-0.08,0.00987301739319,-0.4803556048898116,False,False,False,0.044500000000000005,0.2094126355718695,9.935070215305124,13.872346120954134,20.401986999945613,0.09577195113084686,9.771003542900715,10.630983457044898,Low (<15)
2023-11-17,144.11534118652344,144.15305644499725,142.90823707069305,143.53064675784515,7812400,False,13.800000190734863,False,4.44,False,0.0090458696208886,0.0090052008147749,0.1990899254396939,135.35544242858887,136.42628280639647,0.0690449801171464,-0.0099999999999997,-0.0363128153052478,-0.4622253213074723,False,False,False,0.0444,0.1990899254396939,9.97697097011001,12.666387775543825,19.369863113576752,0.09442946095399854,9.396328757151181,9.97353435642557,Low (<15)
2023-11-20,144.5585479736328,144.99235256315117,143.26658820100812,143.41747800515745,7019000,False,13.40999984741211,False,4.42,False,0.003075361605922,0.0030706423545458,0.1886601302817609,135.9349391937256,136.61278030395508,0.0871629407115786,-0.0200000000000004,-0.0282608940530736,-0.5649721036371347,False,False,False,0.044199999999999996,0.1886601302817609,9.595699845700736,11.880817212337845,18.36433269470713,0.09959848172574275,9.830531767558638,8.533800927148492,Low (<15)
2023-11-21,144.2567901611328,144.87919984297054,143.87958002103724,144.47368527220556,7083500,False,13.350000381469728,False,4.41,False,-0.0020874435772213,-0.0020896253242767,0.1897252603060425,136.49133186340333,136.7580436706543,0.0835870372267912,-0.0099999999999997,-0.0044742331562337,-0.6014432114363621,False,False,False,0.0441,0.1897252603060425,9.50165469454911,12.095932351203274,18.47548866452255,0.11255794313291388,11.099891091285503,7.375597573237048,Low (<15)
2023-11-22,144.59629821777344,145.11497299989654,144.19078361006055,144.6717431305955,5174500,False,12.850000381469728,False,4.42,False,0.0023534979272823,0.0023507327886843,0.1865123946841878,137.10100822448732,136.90878707885742,0.0920941996148965,0.0099999999999997,-0.0374531824503928,-0.5792290835055929,False,False,False,0.044199999999999996,0.1865123946841878,9.493252179427067,11.741488714621482,18.15720114266791,0.11243328171200281,11.04992736841751,7.107273774250398,Low (<15)
2023-11-24,144.79434204101562,145.6430865972685,144.5491568436877,144.84149691463753,3496900,False,12.460000038146973,False,4.47,False,0.0013696327339163,0.0013686956425531,0.1867232786508618,137.70361213684083,137.0103190612793,0.0907930745084975,0.0499999999999998,-0.0303502203692658,-0.5862799609495762,False,False,False,0.0447,0.1867232786508618,9.633888743432706,11.61690327593314,18.164948624826934,0.11335355916397727,11.109184286795015,7.055764338031919,Low (<15)
2023-11-27,144.46426391601562,144.78489398263042,144.01160885787445,144.69058425026378,6259100,False,12.6899995803833,False,4.39,False,-0.0022796341372682,-0.0022822364588144,0.1140874635953408,138.52877197265624,137.113487701416,0.1289704523216601,-0.08,0.0184590322256958,-0.6285461244631574,False,False,False,0.043899999999999995,0.1140874635953408,5.336883548542538,7.7571743247261935,11.228314843097731,0.11072137598075973,10.907641093598883,0.3206737494988481,Low (<15)
2023-11-28,144.79434204101562,145.10554693934364,144.0210567942755,144.4925767512003,6582700,False,12.6899995803833,False,4.34,False,0.002284842742783,0.0022822364588144,0.1120363933071586,139.2888626098633,137.21745346069335,0.1173046997895672,-0.0499999999999998,0.0,-0.6113775961896787,False,False,False,0.0434,0.1120363933071586,5.341650545477357,7.511261782756719,11.013207608661354,0.11041466825083132,10.85803830895488,0.15516929970647375,Low (<15)
2023-11-29,145.5299072265625,146.76528704849733,145.22812758688474,145.3884426243466,9126100,False,12.979999542236328,False,4.27,False,0.0050800685660667,0.0050672085525278,0.109497416171243,140.00840225219727,137.33968856811524,0.1097368463614336,-0.0700000000000002,0.0228526376235127,-0.5698799235074715,False,False,False,0.042699999999999995,0.109497416171243,5.496389823545101,7.047952089454654,10.730006986340499,0.11042196603449457,10.819292202830486,-0.08928521648998711,Low (<15)
2023-11-30,147.18966674804688,147.23682162015268,145.586501823976,146.08631181107492,9869800,False,12.920000076293944,False,4.37,False,0.0114049376730547,0.0113403916698775,0.1090837853736124,140.81658782958985,137.5069139099121,0.1233626690464109,0.1000000000000005,-0.0046224551662847,-0.6761714137411083,False,False,False,0.0437,0.1090837853736124,6.357546135553591,6.143916242233431,10.6721716676613,0.10971487419008424,10.733848890974649,-0.06167722331334957,Low (<15)
2023-12-01,147.90635681152344,148.86826142383205,146.94446658886,146.94446658886,8916000,False,12.630000114440918,False,4.22,False,0.0048691601748331,0.0048573441549681,0.0994611375630164,141.54367141723634,137.7101905822754,0.1090368994351151,-0.1500000000000003,-0.0224458173483393,-0.6078798955638702,False,False,False,0.042199999999999994,0.0994611375630164,6.0733514336178445,5.3750781752924155,9.777472888959297,0.11271530007479238,11.075282898987975,-1.2978100100286785,Low (<15)
2023-12-04,148.9908905029297,149.04747059896158,147.00107558446888,147.13310060509266,9607500,False,13.079999923706056,False,4.28,False,0.0073325698420674,0.0073058172490609,0.0973171703741369,142.25048141479493,137.96155807495117,0.104825422781615,0.0600000000000005,0.0356294382571396,-0.524596460797393,False,False,False,0.042800000000000005,0.0973171703741369,6.5832899151881605,4.73920533920964,9.699068589688059,0.11659893096620275,11.577082137902165,-1.8780135482141063,Low (<15)
2023-12-05,148.9719696044922,149.4717794508536,148.02892998650574,148.30240514427905,9135600,False,12.850000381469728,False,4.18,False,-0.0001269936596367,-0.0001270017240143,0.0984719461974034,142.90542221069336,138.1990660095215,0.0964047389978846,-0.1000000000000005,-0.0175840629646701,-0.5061797234213626,False,False,False,0.0418,0.0984719461974034,6.562603401843603,4.880791294102693,9.796261715363858,0.11584667991014554,11.492239210185803,-1.6959774948219444,Low (<15)
2023-12-06,147.40655517578125,150.15080456532945,147.11421512755064,149.79244482122945,9366000,False,12.970000267028809,False,4.12,False,-0.0105081139281905,-0.0105637140016267,0.1110071221633862,143.48539199829102,138.4337242126465,0.0854107824739462,-0.0599999999999996,0.0093385122176437,-0.5001142003275,False,False,False,0.0412,0.1110071221633862,6.405992833625774,6.33988408269451,10.880481680270425,0.10148345435179076,9.947697659566124,0.9327840207043003,Low (<15)
2023-12-07,147.85919189453125,148.34957657978003,147.25564704716516,147.76489655598155,8130900,False,13.0600004196167,False,4.14,False,0.0030706688600803,0.0030659639854037,0.1110254594383486,144.05451583862305,138.66152145385743,0.0834023356974142,0.0199999999999995,0.0069391018299884,-0.5018640318769588,False,False,False,0.0414,0.1110254594383486,6.65522923029468,6.118122042132612,10.906437273312182,0.10396216779182327,10.214237387007062,0.6921998863051204,Low (<15)
2023-12-08,149.49066162109375,149.73584676995327,148.0383723826528,148.3024223551613,7369400,False,12.350000381469728,False,4.23,False,0.011033941858185,0.0109735120348133,0.1104293956657338,144.72548904418946,138.8880595397949,0.098620901093819,0.0900000000000007,-0.0543644728433944,-0.4915567819033836,False,False,False,0.042300000000000004,0.1104293956657338,7.574817570069726,5.314347621917598,11.047549630543177,0.11085486477429722,11.088903890775576,-0.0413542602323993,Low (<15)
2023-12-11,150.0376434326172,150.22624852159782,149.14174407807883,149.4906786018212,8093900,False,12.630000114440918,False,4.23,False,0.0036589697683582,0.0036522920226313,0.1038062431651015,145.32290496826172,139.1736540222168,0.086526011229834,0.0,0.0226720424552624,-0.3879284542331412,False,False,False,0.042300000000000004,0.1038062431651015,7.510173717431684,4.715319304960346,10.508546905645723,0.11105403968195801,11.208261663072406,-0.6997147574266833,Low (<15)
2023-12-12,151.37672424316406,151.49930960914045,149.83013983774387,150.16019507185587,10223000,False,12.06999969482422,False,4.2,False,0.008924965628031,0.0088853735200585,0.0998562663929726,146.0179244995117,139.50943344116212,0.1011111531647903,-0.0300000000000002,-0.0443389085148465,-0.3303228983918766,False,False,False,0.042,0.0998562663929726,8.06221028570414,4.002257633895603,10.455106242623332,0.11300732840428457,11.698229810759269,-1.2431235681359372,Low (<15)
2023-12-13,151.88595581054688,152.8007053745427,150.6694410568931,151.3767207575305,12379100,False,12.1899995803833,False,4.04,False,0.0033640017640017,0.0033583561677218,0.0864398068343743,146.61298065185548,139.8752439880371,0.0850172323094957,-0.1600000000000001,0.0099419957409392,-0.2307123650967014,False,False,False,0.0404,0.0864398068343743,7.496859159020531,3.1697158228983042,9.308045710247432,0.11913602166647835,12.371314698114032,-3.0632689878666,Low (<15)
2023-12-14,154.64910888671875,155.45068411871856,152.49897919789595,152.61213937426157,13643000,False,12.479999542236328,False,3.92,False,0.0181922881640121,0.0180287884680347,0.0987850661187817,147.28489685058594,140.28433486938476,0.0951649973688162,-0.1200000000000001,0.0237899894861119,-0.0705976525520121,False,False,False,0.0392,0.0987850661187817,9.873813169061535,3.0201306722276655,11.43694577379774,0.10851221318538273,12.285414888188463,-0.8484691143907224,Low (<15)
2023-12-15,155.81846618652344,155.8656210556817,153.14023653822656,153.79093631953123,20309300,False,12.279999732971191,False,3.91,False,0.0075613581495723,0.0075329143734404,0.0961530067881047,147.93465118408204,140.7054963684082,0.0909871108911222,-0.0099999999999997,-0.0160256263302152,-0.1210937604931133,False,False,False,0.0391,0.0961530067881047,10.543130812478836,2.561446172572147,11.770741468270101,0.10868443999664253,12.811455620757307,-1.0407141524872063,Low (<15)
2023-12-18,156.76150512695312,157.61024959807705,156.19568986918287,156.46916508532496,8469600,False,12.5600004196167,False,3.95,False,0.0060521641850896,0.0060339233999132,0.094804423060569,148.56695938110352,141.10402450561523,0.0877502966465049,0.04,0.0228013593431699,-0.057164641063198,False,False,False,0.0395,0.094804423060569,11.199749755959772,2.2390572423222466,12.201063186033108,0.10706784405761038,13.167406695390964,-0.9663435093578556,Low (<15)
2023-12-19,158.85507202148438,158.87393684903017,156.12026200288022,156.54462708995365,10345700,False,12.529999732971191,False,3.93,False,0.0133551084039145,0.0132667150756395,0.100020757158574,149.2817855834961,141.55064834594725,0.0988978116358723,-0.02,-0.002388589621275,-0.0630372463217812,False,False,False,0.0393,0.100020757158574,12.995370266984906,2.018168049929912,13.815889874675314,0.1137382306097434,14.82204300710193,-1.0061531324266166,Low (<15)
2023-12-20,157.0632781982422,159.76037254396363,156.9689684644074,158.42125778345093,10734700,False,13.670000076293944,False,3.86,False,-0.0112794247010247,-0.0113435198384433,0.1128484877808803,149.92210998535157,141.94483963012695,0.0887756342200924,-0.0700000000000002,0.0909816733932546,-0.3747339529927057,False,False,False,0.038599999999999995,0.1128484877808803,12.225794260539885,3.1001085643606885,13.733803991928145,0.1046349306368349,13.067924957895347,0.6658790340327982,Low (<15)
2023-12-21,157.95916748046875,158.5155575124074,156.24282812678547,157.3367577550905,7601700,False,13.649999618530272,False,3.89,False,0.0057040021862766,0.0056877959634883,0.1127142395592022,150.59025344848632,142.3475178527832,0.0924150163413572,0.0300000000000002,-0.0014630912693524,-0.4108044484407961,False,False,False,0.038900000000000004,0.1127142395592022,12.892057497861558,2.8478258297269576,14.212436981598284,0.10697184846881488,13.763661859152993,0.4487751224452907,Low (<15)
2023-12-22,157.8648681640625,158.64759298134297,157.7045531132431,157.95917790673107,6576300,False,13.029999732971191,False,3.9,False,-0.0005969853976212,-0.0005971636643556,0.1136401935978884,151.24377975463867,142.7547230529785,0.0902695916070008,0.0099999999999997,-0.0454212383066598,-0.3629304097611331,False,False,False,0.039,0.1136401935978884,12.880034670442754,2.913503562094448,14.242264609382003,0.11063061449887207,14.00380496693337,0.2384596424486336,Low (<15)
2023-12-26,158.79844665527344,159.15680632823958,157.6573623432536,157.9214266846687,4683600,False,12.989999771118164,False,3.89,False,0.0059137824778132,0.0058963647024371,0.1109864927034772,151.96048889160156,143.13929428100585,0.0992230351693828,-0.0099999999999997,-0.0030698359687461,-0.3496234422461208,False,False,False,0.038900000000000004,0.1109864927034772,13.424249519010786,2.5600678218375066,14.549660742950122,0.11891217334368465,15.160659783846894,-0.6109990408967718,Low (<15)
2023-12-27,159.7509307861328,159.8169504768574,158.03460589267718,158.27979105184372,6428600,False,12.43000030517578,False,3.79,False,0.0059980695713419,0.0059801527605393,0.1106683456401644,152.70831832885742,143.54574447631836,0.103295394932493,-0.1,-0.0431100443271355,-0.3463932235394014,False,False,False,0.0379,0.1106683456401644,14.018181879393737,2.3678015768841902,15.01269369173756,0.11925864097659927,15.65208499399617,-0.6393913022586091,Low (<15)
2023-12-28,160.5996856689453,160.93918058278578,159.3737310139855,159.7038007098136,6320100,False,12.470000267028809,False,3.84,False,0.0053129886544998,0.0052989245233313,0.1106750582867749,153.46180725097656,143.9752049255371,0.1035510757175295,0.0499999999999998,0.0032180177691849,-0.351148690091755,False,False,False,0.0384,0.1106750582867749,14.721866722200232,2.1700862727577785,15.586396577166333,0.11839660623921863,16.134128436642033,-0.5477318594757001,Low (<15)
2023-12-29,160.41107177734375,160.96746179209865,159.96784193110983,160.3167620438129,6435100,False,12.449999809265137,False,3.88,False,-0.0011744349985239,-0.001175125187748,0.1099674954101231,154.1228775024414,144.43144760131835,0.0898256332893852,0.04,-0.0016038859130222,-0.3482836757048811,False,False,False,0.0388,0.1099674954101231,14.587997172735996,2.162758584616334,15.451557546465395,0.13628816448212286,17.41582161867265,-1.9642640722072535,Low (<15)
2024-01-02,162.27828979492188,162.3631599230326,159.2888553688662,159.45859562508764,9977400,False,13.199999809265137,False,3.95,False,0.0116402066072465,0.011572980582604,0.1129904444010682,154.84147415161132,144.93672805786133,0.0971691365619433,0.0700000000000002,0.0602409647783175,-0.2277373335636919,False,False,False,0.0395,0.1129904444010682,16.26236517087412,1.9119431315948816,16.957258553374526,0.1388616651756354,18.749479073323922,-1.792220519949396,Low (<15)
2024-01-03,161.5709991455078,162.24054929758722,160.6656746705868,162.07080905271448,9852300,False,14.039999961853027,False,3.91,False,-0.0043585044574224,-0.0043680304273736,0.1168920718270969,155.47047958374023,145.4719969177246,0.0844354215221685,-0.04,0.0636363761155731,-0.3271617732836094,False,False,False,0.0391,0.1168920718270969,15.830803961628021,2.2290709416780956,16.702902554276523,0.13850550386673574,18.270936767518354,-1.5680342132418303,Low (<15)
2024-01-04,162.6432342529297,164.4840152154625,161.81772058185263,161.9126118704199,11972500,False,14.130000114440918,False,3.99,False,0.0066363091959111,0.0066143858360515,0.1161211123837495,156.1540428161621,146.06548934936524,0.0917707182413813,0.08,0.0064102672957566,-0.3506518652007727,False,False,False,0.039900000000000005,0.1161211123837495,16.730721227862773,1.9660949754844523,17.445194414322955,0.13806961741013563,18.94675809575555,-1.501563681432593,Low (<15)
2024-01-05,163.45924377441406,164.5124733318374,162.70015693042274,162.70015693042274,10066000,False,13.350000381469728,False,4.05,False,0.0050171747090037,0.0050046306277095,0.101839262877214,156.95667724609376,146.67209548950194,0.1089007783913686,0.0599999999999996,-0.0552016791687089,-0.3608999490508017,False,False,False,0.0405,0.101839262877214,16.90341430565681,1.255118003955726,17.276230961525062,0.13743498510125476,19.467519858316997,-2.191288896791935,Low (<15)
2024-01-08,163.2220001220703,163.54460726616028,160.82139873382036,163.2220001220703,11229900,False,13.079999923706056,False,4.01,False,-0.0014513933067692,-0.0014524475982859,0.1043286841108548,157.7248176574707,147.28848007202149,0.1039016109224879,-0.04,-0.0202247528126248,-0.3189930627357094,False,False,False,0.0401,0.1043286841108548,16.7504111435219,1.3915246935228467,17.18542177458943,0.13754093752116514,19.28882509144079,-2.1034033168513595,Low (<15)
2024-01-09,161.93157958984375,163.00377577413855,161.40022316605578,162.8424721796584,9923600,False,12.760000228881836,False,4.02,False,-0.0079059227999992,-0.0079373403068051,0.1111773389449769,158.3468635559082,147.87226638793945,0.0832220409879738,0.0099999999999997,-0.0244648086154998,-0.1770414421751204,False,False,False,0.04019999999999999,0.1111773389449769,15.988717082851693,1.876122260179816,16.67001946577455,0.13354336168364916,18.202204680076385,-1.5321852143018333,Low (<15)
2024-01-10,162.273193359375,162.3301223453623,160.3090564725397,161.3053571624542,9670200,False,12.6899995803833,False,4.04,False,0.0021096179657884,0.002107395846474,0.1113814311848002,158.9586410522461,148.5585089111328,0.0815498673987962,0.0200000000000004,-0.0054859441412932,-0.1739687686590007,False,False,False,0.0404,0.1113814311848002,16.292755896302822,1.8175998541878258,16.93896422631987,0.13466095200585054,18.51081338496956,-1.5718491586496874,Low (<15)
2024-01-11,161.58998107910156,161.64691005258496,160.0148785803073,161.61844556584327,11919500,False,12.4399995803833,False,3.98,False,-0.004210259662299,-0.0042191477617547,0.1133428350495786,159.46930389404298,149.19845794677735,0.0674691362691362,-0.06,-0.0197005522668779,-0.0943988629507761,False,False,False,0.0398,0.1133428350495786,15.766517410349095,2.045301229070027,16.5406483544281,0.13319144596573118,17.936219743888007,-1.3955713894599064,Low (<15)
2024-01-12,160.40391540527344,167.29259640908697,160.26157849064393,164.9109759460637,19436500,False,12.699999809265137,False,3.96,False,-0.0073399703738286,-0.0073670405003319,0.1194586518378994,159.89520187377929,149.78375396728515,0.0560812851278451,-0.02,0.0209003406472643,-0.1257416790560985,False,False,False,0.039599999999999996,0.1194586518378994,15.10611439846933,2.572480358046832,16.190092787593283,0.12946958623910335,16.939374503487965,-0.7492817158946821,Low (<15)
2024-01-16,159.39813232421875,159.49300912270533,155.8968555922771,156.43769533094127,17206400,False,13.84000015258789,False,4.07,False,-0.0062703150263726,-0.0062900560163862,0.1086076483447502,160.1326530456543,150.35119750976563,0.0307083789340079,0.1100000000000003,0.0897638079089639,-0.3133473119765141,False,False,False,0.0407,0.1086076483447502,13.95482642635315,2.2453051401681563,14.880431241837814,0.13181137396701628,16.63842948757275,-1.757998245734937,Low (<15)
2024-01-17,158.54412841796875,160.4228711492247,157.9748242847424,158.78134209307314,11107500,False,14.789999961853027,False,4.1,False,-0.0053576782475276,-0.0053720820760512,0.1087824126988411,160.26893615722656,150.85478637695311,0.0174925494914226,0.0299999999999993,0.0686416039589059,-0.342287241575515,False,False,False,0.040999999999999995,0.1087824126988411,13.349651625705874,2.4312671895116864,14.400270028897864,0.13204122860894887,16.224306290324126,-1.8240362614262615,Low (<15)
2024-01-18,158.85728454589844,158.9616591633274,156.788787827513,158.57262518214884,9382300,False,14.130000114440918,False,4.14,False,0.0019751985207809,0.0019732503810693,0.1071669006517334,160.37372512817382,151.33483825683595,0.0133692223562669,0.04,-0.0446247362484386,-0.3593431247573828,False,False,False,0.0414,0.1071669006517334,13.552074378736677,2.270167772720626,14.502519483312355,0.14815377718765524,17.750467698529143,-3.2479482152167876,Low (<15)
2024-01-19,161.5994415283203,161.8461530163083,158.53464490339175,158.98060777035218,13115700,False,13.300000190734863,False,4.15,False,0.0172617641693957,0.0171144725114802,0.1139734497547772,160.5109436035156,151.84936401367187,0.0172759325334275,0.0100000000000006,-0.0587402630561758,-0.4696949642656168,False,False,False,0.0415,0.1139734497547772,15.99072273739452,2.0154218498382725,16.744612440607753,0.1418231326020596,18.723382436925405,-1.9787699963176522,Low (<15)
2024-01-22,161.40969848632812,163.1840524158629,161.03016233915122,161.7418034738899,12837500,False,13.1899995803833,False,4.11,False,-0.0011741565453302,-0.0011748464071834,0.1049613675693664,160.72826461791993,152.36141479492187,0.0276730521478099,-0.04,-0.0082707224642141,-0.3543275653341887,False,False,False,0.041100000000000005,0.1049613675693664,15.41442296096136,1.6820676834652488,16.006826636753683,0.1412236521293619,18.536467167383982,-2.5296405306302994,Low (<15)
2024-01-23,160.3470001220703,161.0681246579549,159.82512701395376,160.99221452601276,8360800,False,12.550000190734863,False,4.14,False,-0.0065838569443076,-0.0066056261331983,0.1072943438122332,160.84765625,152.83882049560546,0.0151167715029696,0.0299999999999993,-0.0485215625480588,-0.2741303699676644,False,False,False,0.0414,0.1072943438122332,14.705219968992893,1.9679069063282029,15.459455424373077,0.13731253180780909,17.647876008967508,-2.1884205845944305,Low (<15)
2024-01-24,161.77975463867188,162.26366540807356,160.22363323770475,160.69806067066273,9967100,False,13.140000343322754,False,4.18,False,0.0089353372093698,0.0088956533013936,0.110954038513105,161.04340057373048,153.3529916381836,0.0247989721851273,0.04,0.0470119636351449,-0.2114563354616954,False,False,False,0.0418,0.110954038513105,16.03910195253158,1.8444764378090142,16.703288958545915,0.13932475289469,18.665122196909387,-1.9618332383634716,Low (<15)
2024-01-25,164.09500122070312,164.14244687077485,162.16882655050438,163.49721788223468,8873500,False,13.449999809265137,False,4.14,False,0.0143111020733233,0.0142096648918415,0.1193249124953022,161.30822830200196,153.87310516357422,0.0333539444307517,-0.04,0.0235920439758521,-0.1483462620612764,False,False,False,0.0414,0.1193249124953022,18.20289261901698,1.8038973629675716,18.81264844536199,0.13370949303331037,19.71388347297101,-0.9012350276090189,Low (<15)
2024-01-26,163.4687042236328,164.2088098113454,162.9942768223619,163.78182804587664,7443000,False,13.260000228881836,False,4.15,False,-0.0038166732222876,-0.0038239753052282,0.1196870920817251,161.49411697387694,154.39295257568358,0.0232723115865733,0.0100000000000006,-0.0141263630541034,-0.1027577375685063,False,False,False,0.0415,0.1196870920817251,17.72235208369753,1.9208388375907788,18.39706793279065,0.1334460654352104,19.286585695947345,-0.8895177631566931,Low (<15)
2024-01-29,163.89569091796875,164.00006552852224,162.5388354591491,163.4307613169015,6971200,False,13.600000381469728,False,4.08,False,0.0026120393892141,0.0026086339431459,0.1188303405328487,161.65891723632814,154.87116973876954,0.0205231114575012,-0.0700000000000002,0.0256410367058164,-0.0968244144627918,False,False,False,0.0408,0.1188303405328487,17.952065776030935,1.8341665616537206,18.580269028340844,0.13376437240622902,19.529263395205547,-0.948994366864703,Low (<15)
2024-01-30,167.25465393066406,167.71958355620103,163.99059082342822,163.99059082342822,10822100,False,13.3100004196167,False,4.06,False,0.0204945169325805,0.0202873303308201,0.1369760875135824,162.0010963439941,155.3920471191406,0.0426627793050311,-0.0200000000000004,-0.0213235260087315,-0.1538638033378095,False,False,False,0.0406,0.1369760875135824,21.397451914013686,2.0267523055110566,22.069427852627104,0.11762551110794445,21.035073978195793,1.0343538744313108,Low (<15)
2024-01-31,165.4423370361328,169.18082757038678,165.42335588463555,167.18822653609234,11521800,False,14.350000381469728,False,3.99,False,-0.0108356739375548,-0.0108948074076947,0.1394821618144144,162.1592987060547,155.84442626953123,0.0194976619805982,-0.0699999999999994,0.0781367339643539,-0.3402514857676275,False,False,False,0.039900000000000005,0.1394821618144144,19.959201926746232,2.4599380504762927,20.87135062853324,0.10907415559246172,19.112876241914115,1.758474386619124,Low (<15)
2024-02-01,164.8445281982422,165.89775752773647,162.6621594234444,164.75913474734716,9354800,False,13.880000114440918,False,3.87,False,-0.0036133969611421,-0.0036199410489556,0.1391269567878926,162.3229751586914,156.25901000976563,0.0202606226986705,-0.1200000000000001,-0.032752630978026,-0.2851608609949396,False,False,False,0.0387,0.1391269567878926,19.337928414052797,2.5957686602448753,20.334552973080534,0.10952934066577759,18.542739083574983,1.7918138895055513,Low (<15)
2024-02-02,165.7934112548828,166.82767409091414,164.39859340512308,164.4365557087008,8607600,False,13.850000381469728,False,4.03,False,0.0057562302310665,0.0057397264406212,0.1386917977557802,162.48048400878906,156.68370727539062,0.0193686323099935,0.1600000000000001,-0.0021613640290951,-0.292506484776279,False,False,False,0.0403,0.1386917977557802,20.25014073863788,2.35024650913984,21.100137967753493,0.11022884697203462,19.489481646280183,1.6106563214733107,Low (<15)
2024-02-05,165.5751953125,166.13501628029312,164.07600269490123,164.96792869965805,7820200,False,13.670000076293944,False,4.17,False,-0.0013161918844128,-0.0013170588257421,0.1380768123942781,162.58628158569337,157.11007537841795,0.0129448264241702,0.1399999999999996,-0.01299641156809,-0.268421172642959,False,False,False,0.0417,0.1380768123942781,20.20671912070324,2.3184510446263573,21.041190257230795,0.11122286304332794,19.52148218215283,1.5197080750779648,Low (<15)
2024-02-06,166.14451599121094,166.87512391545872,164.87303928994038,165.67957182983469,6764800,False,13.0600004196167,False,4.09,False,0.0034384418368731,0.0034325439116554,0.1381670885499689,162.7324073791504,157.54103973388672,0.0179051590285312,-0.08,-0.044623237254774,-0.2857328720727631,False,False,False,0.0409,0.1381670885499689,20.577922628353974,2.2485906494224857,21.370778850235634,0.11130480693806998,19.885746644961678,1.4850322052739564,Low (<15)
2024-02-07,166.45758056640625,166.8750789697446,165.06277741470677,166.70429206567405,7225500,False,12.829999923706056,False,4.09,False,0.0018842907533094,0.0018825177044316,0.1341821324250925,162.9587074279785,157.97430450439452,0.0279500823003542,0.0,-0.017611063439567,-0.3307869013445916,False,False,False,0.0409,0.1341821324250925,20.66814160045078,2.032955127295562,21.35330099749596,0.12005907058393579,20.56647286058471,0.7868281369112502,Low (<15)
2024-02-08,165.85983276367188,166.34374353104843,164.69274533742478,166.04960084038564,6060300,False,12.789999961853027,False,4.15,False,-0.0035909917752042,-0.0035974548634058,0.1353106393293604,163.13803939819337,158.40221588134764,0.0221024762626924,0.0600000000000005,-0.0031176899525245,-0.324334503337537,False,False,False,0.0415,0.1353106393293604,20.29745983324527,2.1598872939999048,21.05045901654273,0.11735718315654138,20.030663793718094,1.0197952228246372,Low (<15)
2024-02-09,166.05909729003906,166.14450523792445,164.78763514943896,166.04961395288615,6296700,False,12.93000030517578,False,4.17,False,0.0012014031549827,0.0012006820477149,0.1338344521974197,163.36149520874022,158.82751098632812,0.0276571367920996,0.0199999999999995,0.0109460784785231,-0.3471863320011452,False,False,False,0.0417,0.1338344521974197,20.421367913078768,2.060342437025472,21.123421009250052,0.11762778170501906,20.2198420775073,0.9035789317427536,Low (<15)
2024-02-12,166.7991943359375,167.76703037532326,164.81609109548293,165.84085611158963,8539300,False,13.93000030517578,False,4.17,False,0.0044568292732904,0.0044469270205699,0.1301177139691481,163.68125915527344,159.25289672851562,0.0398698430428325,0.0,0.0773395186695942,-0.2841167433589378,False,False,False,0.0417,0.1301177139691481,20.88122201703534,1.7971444118534095,21.452293524033898,0.11871070611925663,20.850707217846754,0.6015863061871443,Low (<15)
2024-02-13,165.34747314453125,167.21671872127277,163.791351466665,166.35327164321183,8397600,False,15.850000381469728,False,4.31,False,-0.0087034064953721,-0.008741502341172,0.1324320078393999,163.97872619628907,159.61605285644532,0.0373237799813828,0.1399999999999996,0.1378320196863571,-0.336425909096798,False,False,False,0.0431,0.1324320078393999,19.94649192483749,2.0794192855504683,20.66506687086444,0.10973359419961465,19.425023347790198,1.2400435230742417,Normal (15-25)
2024-02-14,167.02691650390625,167.09334329239704,165.49925963075256,166.11602396443158,7056700,False,14.380000114440918,False,4.27,False,0.010157054882278,0.0101058186477579,0.1326572178324868,164.40286560058593,159.99846405029297,0.0535042714642473,-0.04,-0.0927444941103844,-0.3515246936080551,False,False,False,0.042699999999999995,0.1326572178324868,21.28453966861099,1.834182775375016,21.867742761507884,0.1339464652856375,21.94016488318796,-0.07242212168007711,Low (<15)
2024-02-15,170.67054748535156,170.9931691950975,167.14080565948487,167.14080565948487,8723400,False,14.010000228881836,False,4.24,False,0.021814633579493,0.0215800991855603,0.1490173224619113,164.9935287475586,160.43205718994142,0.0743639989391857,-0.0299999999999993,-0.0257301726435672,-0.3736956988811487,False,False,False,0.0424,0.1490173224619113,24.905999398119903,1.9390521317285767,25.49519694695466,0.12052850541755529,24.169950947757496,1.3252459991971648,Low (<15)
2024-02-16,169.87350463867188,170.77491396724415,169.04800544533634,170.42384226035486,8152600,False,14.239999771118164,False,4.3,False,-0.004670066736313,-0.0046810055679768,0.1426143922416191,165.40723190307617,160.850087890625,0.0512010625290528,0.0599999999999996,0.0164168121683667,-0.3170085643985442,False,False,False,0.043,0.1426143922416191,24.0698774913416,1.7953787621094328,24.604750225552355,0.12160638057180959,23.61645133395587,0.9882988915964859,Low (<15)
2024-02-20,170.5376739501953,171.23034839812226,169.28519310769673,170.02529871425853,9668000,False,15.420000076293944,False,4.27,False,0.0039097875382989,0.0039021641830073,0.1419997625585482,165.86363067626954,161.31271026611327,0.0565515923111668,-0.0300000000000002,0.082865191302115,-0.2982787086644238,False,False,False,0.042699999999999995,0.1419997625585482,24.572094224576347,1.691834914540486,25.057775800614788,0.12185188339907409,24.14565714937597,0.9121186512388171,Normal (15-25)
2024-02-21,171.64784240722656,171.73325035019496,169.38957763277347,170.7464331647667,7024000,False,15.34000015258789,False,4.32,False,0.0065098135286838,0.006488716202868,0.1380855472393875,166.42867279052734,161.78848327636717,0.0704774163317869,0.0500000000000007,-0.0051880624714808,-0.387565061345026,False,False,False,0.0432,0.1380855472393875,25.44685442616425,1.4101476141206568,25.81186923898538,0.12592649318364052,25.299521817970962,0.5123474210144181,Normal (15-25)
2024-02-22,173.7068634033203,174.03895391200567,171.97045729976963,172.52079484720994,9296500,False,14.539999961853027,False,4.33,False,0.0119956124540663,0.0119242353361781,0.140111285076572,167.02502822875977,162.2728073120117,0.0737243593383307,0.0099999999999997,-0.0521512505069892,-0.4541985081809449,False,False,False,0.0433,0.140111285076572,27.313257364915458,1.250585071601403,27.607854892444877,0.12764751988452608,27.135190976216347,0.4726639162285302,Low (<15)
2024-02-23,174.57980346679688,175.72790969059875,173.8207167154575,174.40900207051712,7105800,False,13.75,False,4.26,False,0.0050253631110115,0.0050127781189728,0.1344590226249106,167.54926834106445,162.7636505126953,0.0638947083585561,-0.0700000000000002,-0.0543328723470194,-0.4950073409099861,False,False,False,0.0426,0.1344590226249106,27.83012460657251,1.0152023548984523,28.042978334433425,0.1403746861283597,28.26827625613538,-0.22529792170195506,Low (<15)
2024-02-26,173.98202514648438,175.02577126846347,173.14702824890108,174.3520779572995,7145400,False,13.739999771118164,False,4.28,False,-0.0034240977962046,-0.0034299734354066,0.1341967727261991,168.07493438720704,163.21575653076172,0.0643139674519523,0.0200000000000004,-0.0007272893732244,-0.50784685195947,False,False,False,0.042800000000000005,0.1341967727261991,27.3178837228983,1.058226603420854,27.546780434483257,0.14545296080155445,28.004662690671474,-0.457882256188217,Low (<15)
2024-02-27,174.06741333007812,174.15280678882112,172.91930710908773,173.9345742347972,5717100,False,13.43000030517578,False,4.31,False,0.0004907873875008,0.0004906669907621,0.1345214784789774,168.5835205078125,163.65938568115234,0.0620621710988142,0.0299999999999993,-0.0225618246802311,-0.497913118659692,False,False,False,0.0431,0.1345214784789774,27.44074575817305,1.0545588324884925,27.667915382118938,0.14523984721753394,28.100588034132905,-0.43267265201396654,Low (<15)
2024-02-28,174.9498748779297,175.7279283839972,173.60250262820136,174.04845112073724,6131600,False,13.84000015258789,False,4.27,False,0.0050696539402133,0.0050568465125892,0.1181347907589567,168.9682815551758,164.06540100097655,0.0460090094142056,-0.04,0.0305286551076324,-0.5035718775980184,False,False,False,0.042699999999999995,0.1181347907589567,27.775347907169788,0.5845035291056071,27.866208612401124,0.15584600099440615,29.253069165327325,-1.3868605529262013,Low (<15)
2024-02-29,176.5439453125,176.89501700223315,174.44698403277337,176.1644091332413,9643000,False,13.399999618530272,False,4.25,False,0.0091115837360991,0.009070323697159,0.1096840152834793,169.52336196899415,164.4799105834961,0.0671025837476086,-0.0199999999999995,-0.0317919457519185,-0.444686639102637,False,False,False,0.0425,0.1096840152834793,29.066586527289132,0.347133033487661,29.105337103292968,0.15466732968477126,30.48908763711485,-1.3837505338218818,Low (<15)
2024-03-01,175.81333923339844,176.90453118689683,175.63306894251502,176.20237326408164,6311800,False,13.109999656677246,False,4.19,False,-0.0041383808309501,-0.0041469676273783,0.110136212190083,170.07180252075196,164.860947265625,0.0665403404956526,-0.0599999999999996,-0.021641788814083,-0.4547480104437759,False,False,False,0.04190000000000001,0.110136212190083,28.311347872819084,0.39195514810887033,28.35914785009148,0.15673413035180123,29.90707879821672,-1.547930948125238,Low (<15)
2024-03-04,177.13221740722656,177.99567880021087,174.84548820991387,175.26298666271404,7063600,False,13.489999771118164,False,4.22,False,0.0075015819594739,0.0074735850205689,0.1108352424099927,170.63874282836915,165.22649017333984,0.0683911746945842,0.0299999999999993,0.0289855167347297,-0.4298275391789508,False,False,False,0.042199999999999994,0.1108352424099927,29.59403201327416,0.34298875478351487,29.63163388569411,0.15661508098818774,31.02689792019612,-1.3952640345020093,Low (<15)
2024-03-05,178.90660095214844,179.61824215364595,176.82860632723535,176.82860632723535,6617800,False,14.460000038146973,False,4.13,False,0.0100172829702829,0.0099674425585272,0.1118222807882998,171.30531311035156,165.66335662841797,0.0805157174327184,-0.0899999999999998,0.0719051359144986,-0.3583768621538656,False,False,False,0.041299999999999996,0.1118222807882998,31.151003562477854,0.2959217578754849,31.179731361525384,0.1558191247351829,32.385356943166705,-1.2056255816413213,Low (<15)
2024-03-06,179.83644104003906,180.34883071700543,178.03362279204532,179.57076286619525,7572900,False,14.5,False,4.11,False,0.0051973492478307,0.0051838896442595,0.1118996663937419,171.98990936279296,166.1009020996094,0.0824097320765762,-0.0199999999999995,0.0027662490835065,-0.3700527278181503,False,False,False,0.041100000000000005,0.1118996663937419,32.00133975869605,0.2666218043000752,32.025195452069994,0.15951554071733115,33.296717047024536,-1.2715215949545424,Low (<15)
2024-03-07,178.26136779785156,180.75686085108097,177.08479697238374,180.19703992745505,7618300,False,14.4399995803833,False,4.09,False,-0.0087583652850248,-0.0087969451960784,0.1205959340687831,172.58009872436523,166.50883209228516,0.070911683272582,-0.0200000000000004,-0.0041379599735654,-0.3328879900013469,False,False,False,0.0409,0.1205959340687831,30.634665028893636,0.46754022849220256,30.69508134870522,0.15627567216647453,31.807902401530203,-1.1128210528249838,Low (<15)
2024-03-08,178.5934600830078,180.7189001480093,178.3088007338345,178.80220930717653,6172200,False,14.739999771118164,False,4.09,False,0.0018629515147265,0.0018612183727259,0.1178909517593504,173.21678009033204,166.90473236083983,0.0767734243255848,0.0,0.0207756370812095,-0.3537115454280126,False,False,False,0.0409,0.1178909517593504,30.896245738855015,0.40467695481634625,30.94400879217775,0.15646586622532507,32.09648045556592,-1.152471663388166,Low (<15)
2024-03-11,178.65985107421875,178.80218797100855,176.6957293082124,177.70151300734722,5762600,False,15.220000267028809,False,4.1,False,0.0003717436863595,0.0003716746067947,0.1181635668094369,173.84681777954103,167.28291076660156,0.0758811410504731,0.0099999999999997,0.0325644846244277,-0.3607812918149092,False,False,False,0.040999999999999995,0.1181635668094369,30.97626950597106,0.4054406016244876,31.024103148119863,0.16000036013405405,32.306882276091834,-1.2827791279719705,Normal (15-25)
2024-03-12,180.13059997558594,180.4342404750596,178.2993170776544,179.28611974419184,5708400,False,13.84000015258789,False,4.16,False,0.0082321175827926,0.0081984185196257,0.119243528162628,174.51338806152344,167.67352905273438,0.0799248802892818,0.0600000000000005,-0.0906701767562002,-0.4046394029039881,False,False,False,0.0416,0.119243528162628,32.450413076732076,0.35634886418241063,32.48823404876106,0.16323294116564346,33.75173952208908,-1.2635054733280242,Low (<15)
2024-03-13,181.5918731689453,181.92396372942363,180.1306283720305,180.62403702226987,7795500,False,13.75,False,4.19,False,0.008112298485418,0.0080795706714498,0.1103157251127447,175.32560806274415,168.0971450805664,0.098244017374337,0.0300000000000002,-0.0065029011268515,-0.235745870627053,False,False,False,0.04190000000000001,0.1103157251127447,33.758842445831675,0.19399918393254545,33.772543548194975,0.16161450459100016,34.981464208571744,-1.2089206603767693,Low (<15)
2024-03-14,178.35626220703125,181.8290747228508,177.5307630516754,181.25975597395745,10310900,False,14.399999618530272,False,4.29,False,-0.0178180383595899,-0.0179786908068763,0.1341464309263579,175.8920753479004,168.4187045288086,0.067829460905243,0.0999999999999996,0.0472726995294743,-0.2874488938385665,False,False,False,0.0429,0.1341464309263579,31.263695104804214,0.7161716255908939,31.380512948001368,0.285095923786297,40.09869108958278,-8.718178141581411,Low (<15)
2024-03-15,180.5670928955078,181.1743594608808,176.9424601771041,176.9424601771041,17214200,False,14.40999984741211,False,4.31,False,0.012395587691282,0.0123193914131177,0.1203841979505223,176.3869026184082,168.79862640380858,0.0579862522032728,0.0199999999999995,0.0006944603574134,-0.2408582602310312,False,False,False,0.0431,0.1203841979505223,33.08186208889117,0.34568744945654384,33.11745841498595,0.2807727262608375,41.219169960512055,-8.101711545526108,Low (<15)
2024-03-18,182.806381225586,182.84432904958828,180.17804920335632,180.8802070135972,9013800,False,14.329999923706056,False,4.34,False,0.012401419849928,0.0123251521472795,0.1214872543772045,177.0335464477539,169.2018893432617,0.0761323940094298,0.0300000000000002,-0.0055516949724617,-0.2309512262802281,False,False,False,0.0434,0.1214872543772045,35.24890530908718,0.2819193700330338,35.27350179615959,0.2777110215312567,42.54017587465879,-7.2666740784992,Low (<15)
2024-03-19,183.87860107421875,184.0114401929125,182.5407265496524,182.8538504319401,8478700,False,13.81999969482422,False,4.3,False,0.0058653305286409,0.0058481964429413,0.1217294061037839,177.7005928039551,169.6102764892578,0.0782286213656202,-0.04,-0.0355896881784447,-0.2698027401107185,False,False,False,0.043,0.1217294061037839,36.21238571060789,0.25533703404941477,36.23295828853712,0.2757963090608805,43.12104944201472,-6.888091153477603,Low (<15)
2024-03-20,186.2886657714844,186.5068983228866,183.7077795412809,184.2581170660835,9367000,False,13.039999961853027,False,4.27,False,0.013106825281387,0.0130216740811429,0.1258587331198805,178.43263397216796,170.0716098022461,0.0852957028700842,-0.0300000000000002,-0.0564399240372859,-0.3269596099968311,False,False,False,0.042699999999999995,0.1258587331198805,38.50781007458269,0.2393145387889044,38.525600293045855,0.27158058825286,44.54371311913845,-6.018112826092597,Low (<15)
2024-03-21,188.8790435791016,189.2301152395076,186.2886739000261,186.4689586375457,11203800,False,12.920000076293944,False,4.27,False,0.0139051820296718,0.0138093919502891,0.1276116861426332,179.19124298095704,170.61055908203124,0.0873435849253339,0.0,-0.0092024452385068,-0.2779878542332771,False,False,False,0.042699999999999995,0.1276116861426332,40.9962023636553,0.19698710748821302,41.008592798644884,0.28351260501766856,47.22611002935514,-6.217517230710257,Low (<15)
2024-03-22,186.5638427734375,190.2264232070592,186.4879326452657,188.83160536845347,8108800,False,13.0600004196167,False,4.22,False,-0.0122575843343599,-0.0123333281148109,0.1402928471125923,179.79044494628906,171.0963720703125,0.068645049820553,-0.0499999999999998,0.0108359398216748,-0.291687466979147,False,False,False,0.042199999999999994,0.1402928471125923,38.89068277651714,0.42523062398225786,38.93573784267954,0.2919854184693055,46.07194441328881,-7.136206570609268,Low (<15)
2024-03-25,184.85592651367188,186.8674943550588,184.419446870424,186.54488715000187,8620000,False,13.1899995803833,False,4.25,False,-0.0091545941291513,-0.0091967549332808,0.1453528002634414,180.33414001464843,171.5616909790039,0.0625001425177813,0.0300000000000002,0.0099539936133032,-0.3022913540214355,False,False,False,0.0425,0.1453528002634414,37.42349028946393,0.5834859326486868,37.49991635821102,0.29574768225734915,45.17000283344535,-7.670086475234335,Low (<15)
2024-03-26,185.7193603515625,186.60180291274617,184.13477445009167,184.6376663748181,5961500,False,13.239999771118164,False,4.24,False,0.0046708474765984,0.0046599729176466,0.1451239877476899,180.91673736572267,172.06799987792968,0.0669392782863336,-0.0099999999999997,0.003790765149775,-0.3137017097108595,False,False,False,0.0424,0.1451239877476899,38.20846897484293,0.5392927993182468,38.27508846946243,0.29579877329480275,45.76359023496998,-7.48850176550755,Low (<15)
2024-03-27,189.31553649902344,189.3914466295502,186.3361326481388,186.4499906047404,8725800,False,12.779999732971191,False,4.2,False,0.0193634963024504,0.0191784092797532,0.1559233810087678,181.63502044677733,172.66634796142577,0.0821130145484088,-0.04,-0.0347432058987206,-0.3747196805956238,False,False,False,0.042,0.1559233810087678,41.69713210161859,0.5721227383486642,41.766668288397895,0.286806507685521,47.69789675080271,-5.9312284624048175,Low (<15)
2024-03-28,190.05563354492188,190.45415085331143,188.38563970590693,189.28706341600085,8628300,False,13.010000228881836,False,4.2,False,0.0039093307373758,0.0039017091610196,0.1547502517677297,182.31060485839845,173.29657806396483,0.0765344187165686,0.0,0.0179969092892282,-0.3578018354966326,False,False,False,0.042,0.1547502517677297,42.36844452206239,0.5203830296638321,42.42764056054467,0.2862570288051853,48.211798957904804,-5.784158397360137,Low (<15)
2024-04-01,188.7651824951172,190.66289215811688,188.4141108405425,189.7614829638672,7309000,False,13.649999618530272,False,4.33,False,-0.0067898595044786,-0.0068130154772486,0.1568129220872903,182.9581970214844,173.89473602294922,0.0736681489481563,0.1299999999999999,0.0491928807370545,-0.4377720249950432,False,False,False,0.0433,0.1568129220872903,41.375290965027034,0.6011024715575033,41.45086534127512,0.285551928028743,47.329587429538485,-5.878722088263366,Low (<15)
2024-04-02,188.6892852783203,189.5622300456081,187.9491796173942,188.2433223187396,7014700,False,14.609999656677246,False,4.36,False,-0.0004020721183517,-0.000402152971019,0.1567189038936793,183.53605041503903,174.4365328979492,0.0652454310133998,0.0300000000000002,0.0703296750897888,-0.4573727880923441,False,False,False,0.0436,0.1567189038936793,41.34322912107396,0.600103262716674,41.418638006119835,0.2865588481682935,47.36680961975803,-5.948171613638195,Low (<15)
2024-04-03,188.15792846679688,189.353480421599,187.5886097387711,188.8600718225351,9353400,False,14.329999923706056,False,4.36,False,-0.0028160412539571,-0.0028200137577048,0.1559459938694309,183.99861679077148,174.9714974975586,0.0517103754999115,0.0,-0.0191649376831587,-0.5501786392635916,False,False,False,0.0436,0.1559459938694309,40.83476140453155,0.6107548644152896,40.912871820826005,0.28661447285838526,46.98036740596345,-6.0674955851374435,Low (<15)
2024-04-04,186.7263336181641,190.5725228336972,186.6309033886029,190.06669747224808,9243800,False,16.350000381469727,False,4.31,False,-0.0076084747546814,-0.0076375668570216,0.1596649398638721,184.3431114196777,175.49908416748048,0.0383119935997346,-0.0500000000000007,0.1409630473494973,-0.5547657489401938,False,False,False,0.0431,0.1596649398638721,39.51682767864497,0.7632636400590886,39.63003242405967,0.28565305415217257,45.83237618407007,-6.2023437600104,Normal (15-25)
2024-04-05,188.44422912597656,189.08366842916283,186.21096089165496,187.21307291356743,6532300,False,16.030000686645508,False,4.39,False,0.0092000708980093,0.0091580080364569,0.1564129813007904,184.852254486084,176.03237365722657,0.0571232087687803,0.08,-0.0195718463215994,-0.5955186219026815,False,False,False,0.043899999999999995,0.1564129813007904,41.149870912201436,0.6030837081423268,41.22608506341653,0.2835457820445506,47.01759233784967,-5.791507274433144,Normal (15-25)
2024-04-08,189.42726135253903,189.90445619693176,188.60648563767035,188.60648563767035,8001000,False,15.1899995803833,False,4.42,False,0.0052165684835341,0.0052030093245745,0.1565915769435618,185.39394454956056,176.5390188598633,0.0606618028705856,0.0300000000000002,-0.0524018134922481,-0.5883543836167491,False,False,False,0.044199999999999996,0.1565915769435618,42.109638593553626,0.5593982599080292,42.17633575574111,0.28453918855467153,47.83904289571732,-5.662707139976213,Normal (15-25)
2024-04-09,188.15792846679688,189.80903317635733,186.02010480291608,189.0359798291268,7351500,False,14.979999542236328,False,4.36,False,-0.0067008986809973,-0.0067234505040099,0.1601355477869407,185.86884841918945,177.03280334472657,0.0531629089326421,-0.0599999999999996,-0.0138248876858543,-0.5565862928942591,False,False,False,0.0436,0.1601355477869407,40.914617187091324,0.690610646975049,41.00941644173575,0.28390959464523313,46.802757881798556,-5.793341440062804,Low (<15)
2024-04-10,186.55455017089844,188.0815794697576,185.3233793400209,186.63090309212447,7681400,False,15.800000190734863,False,4.55,False,-0.0085214495555066,-0.008557964696037,0.1633875513936024,186.19004592895507,177.48598052978517,0.0356627369041304,0.1899999999999995,0.0547396978342042,-0.5835183855351815,False,False,False,0.0455,0.1633875513936024,39.755321853745755,0.8251848059840654,39.88283125132551,0.29244009532448434,46.38207519722535,-6.499243945899835,Normal (15-25)
2024-04-11,186.516357421875,187.60437557468177,184.4262563759214,187.0603664982784,10137700,False,14.90999984741211,False,4.56,False,-0.0002047269765784,-0.0002047479360066,0.1617878576781075,186.4362701416016,177.87121459960937,0.0271184176196483,0.0099999999999997,-0.0563291349733432,-0.5432795252898167,False,False,False,0.045599999999999995,0.1617878576781075,39.69888953345472,0.7917335534202294,39.81848586410682,0.29431675895331266,46.492634937859386,-6.674149073752567,Low (<15)
2024-04-12,174.45286560058594,180.3128170621153,174.21426820465587,179.7306533963621,31532300,True,17.309999465942383,False,4.5,False,-0.0646779295287386,-0.0668643486092414,0.2787769099091835,186.2411003112793,178.05142517089843,-0.021885391396655,-0.0599999999999996,0.1609657708311,-0.7241034421266452,True,False,False,0.045,0.2787769099091835,34.118093682280914,7.082613420159362,37.340977103226294,0.1525950929189768,28.95990928610183,8.381067817124464,Normal (15-25)
2024-04-15,174.54832458496094,178.90989232756837,173.88979338856458,176.0848925222756,14766600,False,19.229999542236328,False,4.63,False,0.0005471906927201,0.0005470410384834,0.27438916272173,185.94016189575197,178.2455010986328,-0.0333325868741203,0.1299999999999999,0.1109185520237343,-0.6724852609854038,False,False,False,0.0463,0.27438916272173,34.09627716104798,6.7812380083375885,37.13421323339149,0.15285505785393985,29.19797999133906,7.936233242052431,Normal (15-25)
2024-04-16,172.5536346435547,174.80599457830863,171.45607791641797,174.55784397352923,16451800,False,18.39999961853028,False,4.67,False,-0.0114277232173336,-0.0114935214089551,0.2713430040156039,185.4275245666504,178.38070556640625,-0.0560852772933524,0.04,-0.043161723529065,-0.6266392368530057,False,False,False,0.0467,0.2713430040156039,32.47017184596608,7.046609752753255,35.727214069676386,0.14473497610358627,27.24766312794633,8.479550941730057,Normal (15-25)
2024-04-17,171.86648559570312,174.09975382543902,171.02661806472688,173.0976418055842,9017100,False,18.209999084472656,False,4.59,False,-0.0039822345630158,-0.0039901847724917,0.2694463408708184,184.8269187927246,178.5065313720703,-0.0653263370960016,-0.08,-0.0103261161954739,-0.615813810541859,False,False,False,0.045899999999999996,0.2694463408708184,31.779803165170463,7.142135292067756,35.12182853000269,0.14078545974833753,26.418747770544133,8.703080759458555,Normal (15-25)
2024-04-18,172.98313903808594,174.9969019564357,171.76152134535386,172.839986403325,9557700,False,18.0,False,4.64,False,0.0064972146169883,0.0064761986989353,0.2651174496783736,184.1616424560547,178.64330383300782,-0.0714242419327862,0.0499999999999998,-0.0115320755096423,-0.5979138719688881,False,False,False,0.0464,0.2651174496783736,32.44802292108916,6.647801456828454,35.4575354123721,0.14145874757478147,27.423805158533987,8.033730253838115,Normal (15-25)
2024-04-19,177.3256072998047,177.40196022253804,173.1358371435667,174.08067361637623,13402300,False,18.709999084472656,False,4.62,False,0.0251034192457488,0.02479350432575,0.2775892756531319,183.58397064208984,178.86066436767578,-0.0611684391257433,-0.0199999999999995,0.0394443935818142,-0.5207816060884471,False,False,False,0.0462,0.2775892756531319,36.38331994512892,6.369282754986216,39.10545709176247,0.12420865049024529,30.620838754973665,8.484618336788802,Normal (15-25)
2024-04-22,180.7709503173828,181.45811204263345,177.49738618697634,177.5069394038577,11529700,False,16.940000534057617,False,4.62,False,0.0194294725394796,0.0192431301592741,0.2862292689281252,183.2943260192871,179.15888671875,-0.0310504563474797,0.0,-0.0946017443626682,-0.5753555415809869,False,False,False,0.0462,0.2862292689281252,39.50395674241382,6.123925027304189,42.00319248014366,0.2102354141277014,37.02255804685701,4.980634433286653,Normal (15-25)
2024-04-23,183.3764038085937,183.4622953712603,181.8302974292818,182.4124756254026,9144400,False,15.6899995803833,False,4.61,False,0.0144130098704269,0.0143101298063061,0.2899804336102632,183.2203498840332,179.5052328491211,-0.008003653077191,-0.0099999999999997,-0.0737899004879727,-0.600014733656976,False,False,False,0.0461,0.2899804336102632,41.745813638165004,5.8346572026514,44.03234065392763,0.21563487501353357,39.34942982744155,4.682910826486086,Normal (15-25)
2024-04-24,184.2735595703125,184.4167121959437,181.4962821304213,181.8398629947669,6964900,False,15.970000267028809,False,4.65,False,0.004892427504769,0.00488049847345,0.290031255831573,183.1480598449707,179.8547201538086,-0.0077848684085123,0.04,0.0178458058721417,-0.5970472493333645,False,False,False,0.04650000000000001,0.290031255831573,42.51147234515204,5.666536899223555,44.690379254351,0.21712122976501766,40.184438618089544,4.505940636261457,Normal (15-25)
2024-04-25,184.55032348632807,185.0943325814848,182.46020780549333,183.4814117295957,9802300,False,15.369999885559082,False,4.7,False,0.0015019187595926,0.0015007920076645,0.2808122397070294,182.90979919433596,180.23877716064453,-0.0251707445718273,0.0499999999999998,-0.0375704678420368,-0.5807832813318301,False,False,False,0.047,0.2808122397070294,42.36638706521586,5.179487309490927,44.28850167665626,0.21913970443360856,40.563302951565326,3.7251987250909337,Normal (15-25)
2024-04-26,184.6648712158203,185.9819191199223,184.2544760656584,184.74122414056745,6413700,False,15.029999732971191,False,4.67,False,0.000620685606659,0.0006204930610173,0.2802730057880789,182.6402610778809,180.5915362548828,-0.0283641280637303,-0.0300000000000002,-0.0221210250565674,-0.5829148134957507,False,False,False,0.0467,0.2802730057880789,42.40285015959721,5.146981156786307,44.307247264670615,0.22840035865801905,41.112372275745194,3.19487498892542,Normal (15-25)
2024-04-29,184.4644317626953,185.3997295490782,183.65319472901305,184.6553067815528,5387800,False,14.670000076293944,False,4.63,False,-0.0010854227542321,-0.0010860122521181,0.2795175451554864,182.42522354125973,180.86741394042969,-0.022783601698015,-0.04,-0.0239520733914265,-0.5768223572820853,False,False,False,0.0463,0.2795175451554864,42.16256496811539,5.159793041354071,44.078071503362494,0.22991480835269035,40.99676625084117,3.081305252521325,Low (<15)
2024-04-30,182.9947052001953,186.0964720452048,182.8992603952158,184.01589471187933,8153700,False,15.649999618530272,False,4.69,False,-0.0079675336239928,-0.0079994440312,0.2805907869003069,182.1404945373535,181.12983795166016,-0.0301796684942941,0.0600000000000005,0.0668029677668484,-0.5958060118520737,False,False,False,0.046900000000000004,0.2805907869003069,41.08652865388923,5.433732309014076,43.16855934054249,0.22938492327640514,39.888249549493686,3.2803097910488006,Normal (15-25)
2024-05-01,183.1092071533203,185.59062618122607,182.08800319125083,183.50051042268325,7445300,False,15.390000343322754,False,4.63,False,0.000625711836852,0.0006255161608209,0.2806228855646973,181.8880584716797,181.38126861572263,-0.0268323602125938,-0.0600000000000005,-0.0166133726226848,-0.5995735277172582,False,False,False,0.0463,0.2806228855646973,41.11643425283225,5.43767523044156,43.19997638627223,0.22989776073897236,39.945165685409805,3.2548107008624285,Normal (15-25)
2024-05-02,182.91830444335932,184.67437771831507,180.87591139115835,184.26399720243225,6501700,False,14.68000030517578,False,4.58,False,-0.0010425620476917,-0.0010431058935315,0.2796021553563039,181.69765701293943,181.6066778564453,-0.0203936375818943,-0.0499999999999998,-0.0461338546009209,-0.6238938850578826,False,False,False,0.0458,0.2796021553563039,40.86234750860268,5.441719149077578,42.953202353256124,0.2352182174369647,40.06030593613531,2.8928964171208165,Low (<15)
2024-05-03,181.8207550048828,183.74862604851333,179.86426800149363,183.2428007323514,8922800,False,13.489999771118164,False,4.5,False,-0.0060002165546881,-0.006018290187446,0.2775337242378968,181.3664833068848,181.76895568847652,-0.0351481929259075,-0.08,-0.0810627049944987,-0.5828778167516888,False,False,False,0.045,0.2775337242378968,39.80069878017244,5.56701640322688,41.98199143870626,0.23432609276329247,39.10291420657599,2.879077232130271,Low (<15)
2024-05-06,183.2428131103516,183.4336881281088,181.1622506599864,182.98512382682264,7911100,False,13.489999771118164,False,4.49,False,0.0078212088902094,0.007790781784151,0.2785391382704997,181.0572608947754,181.9422158813477,-0.0326481426064525,-0.0099999999999997,0.0,-0.5715613182267341,False,False,False,0.0449,0.2785391382704997,40.97874605091663,5.370097171679745,43.02864222009768,0.2403231163981329,40.52364635317789,2.504995866919792,Low (<15)
2024-05-07,183.00424194335932,184.13041490362048,182.9087971393772,182.9565195413683,7688800,False,13.229999542236328,False,4.47,False,-0.0013019401030947,-0.0013027883634467,0.2778625854172348,180.79957656860356,182.1226602172852,-0.0273902171725225,-0.0200000000000004,-0.0192735532463456,-0.5749194076531907,False,False,False,0.0447,0.2778625854172348,40.73394908849443,5.3870625880255965,42.79787994612879,0.24353260958631623,40.52281896720881,2.2750609789199743,Low (<15)
2024-05-08,186.7263336181641,187.6807232907595,182.2884274657276,182.2884274657276,9227600,False,13.0,False,4.48,False,0.0203388273150342,0.0201347557775993,0.2865771070775226,180.8081657409668,182.3758386230469,0.0009208215350859,0.0100000000000006,-0.0173846976715352,-0.5588841873096307,False,False,False,0.044800000000000006,0.2865771070775226,44.162826580824685,5.165227052229227,46.04533688018535,0.23340498423197054,42.81185940231791,3.2334774778674458,Low (<15)
2024-05-09,188.49197387695312,188.57786545857687,186.2014443233279,186.26824403253585,7977300,False,12.6899995803833,False,4.45,False,0.0094557646186079,0.0094113387107277,0.2884394716522367,180.9069465637207,182.6466806030273,0.0105921887087336,-0.0300000000000002,-0.0238461861243615,-0.5719366287497019,False,False,False,0.044500000000000005,0.2884394716522367,45.66267541533881,4.983134418984562,47.42706043035446,0.23736637373376057,44.39811116103908,3.028949269315376,Low (<15)
2024-05-10,189.7040557861328,190.24805037411755,189.2268609083632,189.4845356571197,7529800,False,12.550000190734863,False,4.5,False,0.0064304165543458,0.0064098296336668,0.1536613722336804,181.66950607299805,182.9098828125,0.0874229846155971,0.0499999999999998,-0.0110322611724001,-0.0817036123400796,False,False,False,0.045,0.1536613722336804,42.427683215189575,0.49225760601055946,42.481787018573336,0.2364852686812944,45.386195713426986,-2.9044086948536503,Low (<15)
2024-05-13,189.66583251953125,190.73475872572587,189.007301395376,189.7326467786561,7049200,False,13.600000381469728,False,4.48,False,-0.0002014889267557,-0.0002015092283766,0.1539229910039644,182.42538146972657,183.18693267822263,0.0866092984307729,-0.0199999999999995,0.0836653525718698,-0.0848449994925663,False,False,False,0.044800000000000006,0.1539229910039644,42.36900828326864,0.49960842661670224,42.42446096109362,0.255011662242092,46.31400532399411,-3.8895443629004873,Low (<15)
2024-05-14,192.3190460205078,192.38586028369684,189.1218495488788,189.9235333301681,8596200,False,13.420000076293944,False,4.45,False,0.0139888849020992,0.0138919434739016,0.1459161007864617,183.4136520385742,183.49066925048828,0.1145464795208903,-0.0300000000000002,-0.0132353161858024,-0.1464748404525198,False,False,False,0.044500000000000005,0.1459161007864617,44.72030028048715,0.30182710346609376,44.743980115033885,0.25286669421809393,48.28600070722655,-3.5420205921926637,Low (<15)
2024-05-15,192.89170837402344,193.44525616341704,190.65843990714103,192.79626357615743,8370000,False,12.449999809265137,False,4.36,False,0.0029776684388012,0.0029732439650367,0.1419700978663215,184.46491317749025,183.7703713989258,0.1223346291479994,-0.0899999999999998,-0.0722801983244608,-0.117895846784168,False,False,False,0.0436,0.1419700978663215,45.09692009036047,0.24815567596913723,45.11398790426592,0.25680338038130657,48.856853025204366,-3.742865120938447,Low (<15)
2024-05-16,193.2352600097656,195.15357782872616,192.7771570875777,192.99666261404684,8497900,False,12.420000076293944,False,4.38,False,0.0017810596351606,0.0017794754292132,0.1426592022549439,185.4775192260742,184.03834777832031,0.1170756935288399,0.0199999999999995,-0.0024096171430354,-0.1252773887801171,False,False,False,0.0438,0.1426592022549439,45.459675377161346,0.24655431220127344,45.47647489297299,0.2566017579709916,49.14558981413583,-3.669114921162844,Low (<15)
2024-05-17,195.449462890625,195.6976135361828,193.5597753367388,194.51416504960696,9260500,False,11.989999771118164,False,4.42,False,0.0114585861852929,0.011393433816931,0.1250374735679802,186.3837120056152,184.38210968017577,0.1022066461059867,0.04,-0.0346216024584831,-0.3406851550370641,False,False,False,0.044199999999999996,0.1250374735679802,47.513073712720484,0.07932706286086089,47.51549782512709,0.2535871610777857,50.85429081002762,-3.338792984900529,Low (<15)
2024-05-20,186.6595458984375,196.48976306989653,186.4877481736679,195.06771712380632,17373300,False,12.149999618530272,False,4.44,False,-0.0449728377974945,-0.0460154968090111,0.2075692681155783,186.678141784668,184.5434313964844,0.032574899732042,0.0200000000000004,0.0133444412399006,-0.249777221065291,True,False,False,0.0444,0.2075692681155783,40.931709253757475,2.056742078046085,41.440400345338176,0.19797708140596224,41.026468600918925,0.4139317444192514,Low (<15)
2024-05-21,190.4198455810547,190.7825037806312,187.6330292793257,188.0147793513531,14420800,False,11.859999656677246,False,4.41,False,0.0201452310650278,0.019945000557712,0.2131527866850766,187.03031387329105,184.7786312866211,0.038409749707017,-0.0300000000000002,-0.0238683103669188,-0.1993527402559961,False,False,False,0.0441,0.2131527866850766,44.38547352758381,1.8798609827601958,44.81239241227653,0.18677931984543122,43.850486501978075,0.9619059102984551,Low (<15)
2024-05-22,189.2650146484375,191.7750641608121,188.6732977083887,189.92354585608183,9425300,False,12.289999961853027,False,4.43,False,-0.0060646563864878,-0.0060831211076759,0.2147053689783286,187.27988662719727,184.9613195800781,0.0270872017112169,0.0199999999999995,0.0362563505584663,-0.2398645356259144,False,False,False,0.0443,0.2147053689783286,43.43908626340584,2.033005265404519,43.92463088377151,0.19039225739949478,42.97470247879133,0.9499284049801844,Low (<15)
2024-05-23,187.9384002685547,189.25546259056452,187.12717783768824,188.7878064390088,8069400,False,12.770000457763672,False,4.47,False,-0.0070092953119044,-0.0070339758185461,0.2167807374208423,187.44929046630855,185.08825012207032,0.01835855238952,0.04,0.0390561836778291,-0.2687225094847986,False,False,False,0.0447,0.2167807374208423,42.393147459930404,2.225739512629776,42.95585882158196,0.19457170665582849,42.02067067352876,0.9351881480532,Low (<15)
2024-05-24,191.5555877685547,191.60329560943487,188.5492510886156,188.7305874850261,7356200,False,11.93000030517578,False,4.46,False,0.0192466653692444,0.019063791060409,0.2262251221005213,187.7938262939453,185.3522366333008,0.0373147123617307,-0.0099999999999997,-0.0657791795204834,-0.3335148123251432,False,False,False,0.0446,0.2262251221005213,45.865509300878244,2.1785650185883156,46.38994867301911,0.18222963558497948,44.79549178437222,1.5944568886468957,Low (<15)
2024-05-28,190.40072631835932,191.2692243545398,189.59904254472963,190.74430715889065,6910200,False,12.920000076293944,False,4.54,False,-0.0060288580649011,-0.006047105005459,0.2277746531979517,188.0906410217285,185.54890930175785,0.0321812421990423,0.08,0.0829840524554434,-0.3572692629145884,False,False,False,0.0454,0.2277746531979517,45.00082411273192,2.3274243687460547,45.58521468683381,0.18139926993259886,43.83505932705704,1.7501553597767696,Low (<15)
2024-05-29,189.0741424560547,189.91401004508248,187.90978586684105,188.9691590074262,6120000,False,14.279999732971191,False,4.61,False,-0.0069673256397485,-0.0069917107852088,0.227239574371806,188.39461288452148,185.6742645263672,0.0332219298323877,0.0700000000000002,0.1052631307001787,-0.3509724955514381,False,False,False,0.0461,0.227239574371806,43.90942178332777,2.4317493306289,44.54069982948893,0.1825699212336796,42.77338629701287,1.7673135324760594,Low (<15)
2024-05-30,190.2384796142578,190.7347662809771,189.35088971872463,189.5035955489197,6829100,False,14.470000267028809,False,4.55,False,0.006158098315711,0.0061392147133443,0.2277297179029511,188.7510765075684,185.801462097168,0.0389345384198405,-0.0600000000000005,0.0133053597766479,-0.3463788118844779,False,False,False,0.0455,0.2277297179029511,44.869518834175025,2.3402956363705343,45.45957535897281,0.18934937860500548,43.9463757100561,1.5131996489167108,Low (<15)
2024-05-31,193.3879852294922,194.0274245665969,189.3031985702233,190.20986585230213,14417900,False,12.920000076293944,False,4.51,False,0.0165555655281757,0.0164200161713855,0.2331044488077447,189.274560546875,185.94344848632807,0.0572369223407862,-0.04,-0.1071181867402365,-0.4156115773760648,False,False,False,0.0451,0.2331044488077447,47.76539319640516,2.2165421919300456,48.292981776872466,0.18851967328012806,46.68795245747851,1.6050293193939567,Low (<15)
2024-06-03,192.6149444580078,193.1875695647281,190.1048947798636,193.082586110738,6444300,False,13.109999656677246,False,4.41,False,-0.0039973567673659,-0.004005367553034,0.2321979205904686,189.81427001953125,186.01816650390623,0.0593672017962696,-0.0999999999999996,0.014705849788029,-0.4960044719157447,False,False,False,0.0441,0.2321979205904686,46.93210019035989,2.2819433247275143,47.48799877351138,0.19547887644327772,46.076305721497,1.4116930520143782,Low (<15)
2024-06-04,190.07623291015625,192.7676039624625,189.2363654167245,191.0306224934816,6848300,False,13.15999984741211,False,4.33,False,-0.013180241829081,-0.0132678720598925,0.2382901898170222,190.15594100952148,186.08841430664063,0.0372916115170611,-0.08,0.003813897181103,-0.4872527741411269,False,False,False,0.0433,0.2382901898170222,44.83296613655064,2.7779215725934634,45.5943841469281,0.18763645251726457,43.47316954849575,2.1212145984323527,Low (<15)
2024-06-05,188.26290893554688,190.70615882571187,187.9384199292547,190.6488832103386,8351600,False,12.630000114440918,False,4.29,False,-0.0095399827050786,-0.0095857798420927,0.2415489642250892,190.41887435913085,186.15655395507807,0.0287352191203038,-0.04,-0.0402735364070246,-0.4497289029401444,False,False,False,0.0429,0.2415489642250892,43.34988041360417,3.1238667292544093,44.26892947502479,0.19123807615924968,41.95961807357289,2.3093114014519003,Low (<15)
2024-06-06,187.92886352539065,188.9882365858564,186.4209261786032,188.2628911546147,7640300,False,12.579999923706056,False,4.28,False,-0.0017743559368382,-0.0017759319709064,0.2312435187796638,190.4790008544922,186.2007440185547,0.0064400659720851,-0.0099999999999997,-0.0039588432527163,-0.4482872765341306,False,False,False,0.042800000000000005,0.2312435187796638,42.665735803061594,2.780445071928039,43.445990173557256,0.19068314322545887,41.63749128948202,1.8084988840752345,Low (<15)
2024-06-07,190.8302154541016,191.755974617706,188.024307437637,188.42514935958465,6964500,False,12.220000267028809,False,4.43,False,0.0154385647541519,0.0153206026741827,0.2352829582989395,190.5959129333496,186.23103759765624,0.0124049927912308,0.1499999999999994,-0.0286168250286595,-0.4536510590628583,False,False,False,0.0443,0.2352829582989395,45.49976575993868,2.564531549772571,46.17144622215464,0.18797261358910944,44.277855408860106,1.8935908132945372,Low (<15)
2024-06-10,190.5057373046875,191.67963261173605,189.38910305220256,190.15261775965763,6070800,False,12.739999771118164,False,4.47,False,-0.0017003499610476,-0.0017017971968134,0.2344352961857746,190.63599700927733,186.2400396728516,0.0042259587715851,0.04,0.0425531499776137,-0.4501693540459593,False,False,False,0.0447,0.2344352961857746,45.23608379283763,2.5604662526812803,45.908043041694036,0.18749801564851185,44.024612641929274,1.8834303997647623,Low (<15)
2024-06-11,185.4951629638672,188.9118794743479,184.76983211155977,188.88324895141668,9235300,False,12.850000381469728,False,4.39,False,-0.0263014353883032,-0.0266535051571894,0.2527868121194725,190.4274635314941,186.17463928222656,-0.0219895671258267,-0.08,0.0086342709833431,-0.4609843643023923,False,False,False,0.043899999999999995,0.2527868121194725,41.58085318999012,3.9152132344865826,42.88019003561483,0.15441160968348303,38.48285694690031,4.397333088714518,Low (<15)
2024-06-12,182.79428100585932,187.7475665002572,182.58431408049444,187.0604046650324,12751300,False,12.039999961853027,False,4.31,False,-0.0145603902271778,-0.0146674330363157,0.2506548278325319,189.9512252807617,186.05673919677736,-0.0495258541040849,-0.08,-0.0630350502389679,-0.3894002533373893,False,False,False,0.0431,0.2506548278325319,39.16738879897582,4.255319641269271,40.66899657666879,0.15072158240006364,35.844346348751344,4.824650227917445,Low (<15)
2024-06-13,184.82711791992188,185.70515472071864,182.1739156454097,183.54823918155475,8587800,False,11.9399995803833,False,4.24,False,0.0111208999694982,0.0110595174282363,0.2546146728394797,189.54799575805663,185.99012298583983,-0.0418089015960398,-0.0699999999999994,-0.0083056795503789,-0.3837215392893883,False,False,False,0.0424,0.2546146728394797,40.93480461000965,4.137321942075577,42.35071165956304,0.16643383936693157,38.03716652041663,4.313545139146406,Low (<15)
2024-06-14,184.941635131836,185.97237775666235,182.68927485451107,182.7179053805204,6874000,False,12.65999984741211,False,4.2,False,0.0006195909626405,0.0006193990954087,0.2544186318542976,189.13331451416016,185.9544290161133,-0.0429198319059911,-0.04,0.0603015320211339,-0.3595849539554235,False,False,False,0.042,0.2544186318542976,40.97637653567513,4.124534743698984,42.38540546945121,0.17152047343873214,38.25659490561968,4.128810563831529,Low (<15)
2024-06-17,186.08688354492188,186.65952314056108,183.85361533502265,184.6552991186537,8725400,False,12.75,False,4.28,False,0.0061924856037394,0.0061733909531174,0.2513737688397221,188.665185546875,185.9072821044922,-0.0479028144014009,0.08,0.0071090168777756,-0.333319645877807,False,False,False,0.042800000000000005,0.2513737688397221,41.891318987320645,3.805586238577778,43.13453745439437,0.1751154438056406,39.48115141522428,3.653386039170087,Low (<15)
2024-06-18,188.0147705078125,188.930991025547,185.27567673463204,185.72424105772285,9023000,False,12.300000190734863,False,4.22,False,0.0103601442840286,0.010306845793202,0.1979339217753323,188.73294677734376,185.87903228759765,0.0072604087985534,-0.0600000000000005,-0.0352941026874616,-0.4162069121140688,False,False,False,0.042199999999999994,0.1979339217753323,41.550451623404555,1.6674875467704702,41.918621722149986,0.2195481632169283,42.868453868501824,-0.949832146351838,Low (<15)
2024-06-20,189.6085968017578,190.35301959036525,187.16536154039684,187.43258948693125,8731100,False,13.279999732971191,False,4.25,False,0.0084771334169146,0.0084414042997585,0.1865285856678789,188.6923843383789,185.90804565429687,-0.0042603163384645,0.0300000000000002,0.0796747582959003,-0.3232210640766637,False,False,False,0.0425,0.1865285856678789,42.69984907742705,1.216631523246182,42.924035674490845,0.2192571868510695,44.20814563366428,-1.2841099591734348,Low (<15)
2024-06-21,187.34669494628903,188.17700929825324,185.36156268713376,187.7379982056773,20972100,False,13.199999809265137,False,4.25,False,-0.011929321210228,-0.012001046556324,0.1901230170043215,188.5964683532715,185.9238885498047,-0.010135627578672,0.0,-0.0060240907616461,-0.2936161028272649,False,False,False,0.0425,0.1901230170043215,40.763687406555164,1.4902786356147768,41.07715714844045,0.21203338904871444,41.99835829707409,-0.9212011486336422,Low (<15)
2024-06-24,189.8090362548828,190.14306392636604,188.11022368178232,188.7878322423663,9785900,False,13.329999923706056,False,4.25,False,0.0131432332409158,0.0130576103757573,0.1943005246201296,188.69000015258788,185.98974212646485,0.0099534527465119,0.0,0.0098484936605582,-0.2645706894953207,False,False,False,0.0425,0.1943005246201296,43.08755505384494,1.4085142976305178,43.366987708068244,0.20940925581868114,43.950232832748114,-0.5832451246798698,Low (<15)
2024-06-25,189.03598022460932,190.9447596786857,188.721029867147,189.05505753391145,6862500,False,12.84000015258789,False,4.23,False,-0.0040728094169097,-0.004081125893814,0.1817951068516468,188.56401977539065,186.2814044189453,-0.0131534014397409,-0.0199999999999995,-0.0367591728374094,-0.1566480705230353,False,False,False,0.042300000000000004,0.1817951068516468,42.03462096071598,1.139586840467551,42.238981539762314,0.21184772638498445,43.376866079381756,-1.1378845396194421,Low (<15)
2024-06-26,188.42514038085932,188.9118884193973,187.3275981156472,188.44423225132732,7758600,False,12.550000190734863,False,4.32,False,-0.0032313416896836,-0.0032365737483278,0.1809562288857826,188.4652404785156,186.55894073486328,-0.0103759369814415,0.0899999999999998,-0.02258566654258,-0.1187579359689338,False,False,False,0.0432,0.1809562288857826,41.57587753465677,1.1482648433247888,41.783873307029154,0.21085252212114122,42.92419430473595,-1.1403209977067945,Low (<15)
2024-06-27,190.0857696533203,190.7443007892504,187.919301243349,188.4346797683504,7913500,False,12.239999771118164,False,4.29,False,0.0088132043797573,0.0087745947777526,0.1820952638648317,188.5158218383789,186.9095834350586,0.0053504259446832,-0.0300000000000002,-0.0247012282793078,-0.0749027569284792,False,False,False,0.0429,0.1820952638648317,43.074793594704744,1.0679008615931913,43.2571525145742,0.21575089050917468,44.49938698394002,-1.242234469365819,Low (<15)
2024-06-28,193.0348663330078,193.3593699170051,190.2098808173549,190.8874893872689,15307600,False,12.4399995803833,False,4.36,False,0.0155145579022883,0.0153954376345017,0.1889664742725506,188.6556411743164,187.33295104980468,0.0146993748290049,0.0700000000000002,0.0163398540036792,-0.0474351800563732,False,False,False,0.0436,0.1889664742725506,46.02358494329974,1.0349595909151788,46.19107030238311,0.2137059050870234,47.0202740591764,-0.8292037567932908,Low (<15)
2024-07-01,196.07937622070312,197.64457486806845,193.41663515800704,193.58841832722447,10205800,False,12.220000267028809,False,4.48,False,0.0157718133802997,0.01564873080185,0.1881181936875338,188.79021072387692,187.79487579345704,0.0139170537818937,0.1200000000000001,-0.0176848328597543,0.1241217592792222,False,False,False,0.044800000000000006,0.1881181936875338,48.96948682441911,0.834251353246648,49.0847850953187,0.2182152895822887,49.986740804422766,-0.9019557091040653,Low (<15)
2024-07-02,199.30519104003903,199.33382156432344,195.43037141669657,195.92664354617932,7802900,False,12.029999732971191,False,4.43,False,0.0164515763029815,0.0163177152761794,0.1951350188154643,189.1247230529785,188.23446746826173,0.0347337876656281,-0.0500000000000007,-0.0155483248695389,0.107970517586106,False,False,False,0.0443,0.1951350188154643,52.03690060674276,0.8218750155877075,52.14564712734969,0.2170939141227127,52.74749462169558,-0.6018474943458898,Low (<15)
2024-07-03,199.1715850830078,200.78450597577336,198.1790116584609,199.9923607921085,5560900,False,12.09000015258789,False,4.36,False,-0.0006703586411072,-0.0006705834319269,0.187309640499255,189.5794906616211,188.60248016357423,0.0478510755058507,-0.0699999999999994,0.0049875661636344,0.1241023765877103,False,False,False,0.0436,0.187309640499255,51.67244399580741,0.688432521235848,51.75480756392867,0.23352745084472368,53.104129212734165,-1.3493216488054927,Low (<15)
2024-07-05,196.532455444336,199.00842649532183,196.2733529220472,198.64375880499992,8093100,False,12.479999542236328,False,4.28,False,-0.0132505328888754,-0.0133391044837909,0.1908774594719817,189.99296798706052,188.86560119628905,0.0439255217904883,-0.08,0.0322580136250003,-0.0027361757203185,False,False,False,0.042800000000000005,0.1908774594719817,49.18021108294991,0.8894747556978722,49.30746934483065,0.2767108662282787,52.76096248479881,-3.4534931399681597,Low (<15)
2024-07-08,196.89712524414065,198.55736401431693,195.7455146211485,196.7723624234459,8707000,False,12.369999885559082,False,4.28,False,0.0018555194814018,0.0018538001316583,0.1903038554100369,190.44138107299804,189.1180725097656,0.0477215769334884,0.0,-0.0088140753775648,-0.004213723850374,False,False,False,0.042800000000000005,0.1903038554100369,49.50590360480027,0.8588960606329152,49.625878048185584,0.2853713929440207,53.52512361387161,-3.899245565686023,Low (<15)
2024-07-09,199.2579345703125,201.30203861673223,197.16582905485703,197.33857869799743,9058900,False,12.510000228881836,False,4.3,False,0.0119900649806063,0.0119187536042451,0.1875443301030476,190.8627670288086,189.4122247314453,0.044163441812169,0.0199999999999995,0.0113177319820505,0.059696596076483,False,False,False,0.043,0.1875443301030476,51.67662693923373,0.6944408289340327,51.760136922918036,0.30084229982930344,56.29295151376197,-4.532814590843934,Low (<15)
2024-07-10,199.4210968017578,199.5842403090124,197.2906104118053,197.8280277635907,8328500,False,12.850000381469728,False,4.28,False,0.0008188493562233,0.0008185142819936,0.1870567163182226,191.3085350036621,189.7073492431641,0.0467983779554703,-0.0199999999999995,0.0271782690941071,0.0783887536859265,False,False,False,0.042800000000000005,0.1870567163182226,51.79356389405757,0.6807135003490572,51.87434511808701,0.3007882988940773,56.39931832219692,-4.524973204109912,Low (<15)
2024-07-11,199.0852203369141,199.7090198924808,197.0986942703721,197.89522885627903,10658100,False,12.920000076293944,False,4.2,False,-0.0016842574342954,-0.001685677390453,0.1546373946375068,191.9880378723145,189.99976501464843,0.0732636752134292,-0.08,0.0054474469063174,0.1285851483256719,False,False,False,0.042,0.1546373946375068,50.9188517169014,0.24916069458614665,50.93473786087789,0.3089861283051257,56.526171859162154,-5.591433998284266,Low (<15)
2024-07-12,196.6764068603516,199.08519330986303,193.9509249213505,195.774307219416,15443400,False,12.460000038146973,False,4.18,False,-0.0120994088485626,-0.0121732025399074,0.1510112302970571,192.68214416503903,190.2733990478516,0.0759439834665685,-0.0200000000000004,-0.0356037179125868,0.0352892308662542,False,False,False,0.0418,0.1510112302970571,48.5528114696466,0.26522635161069186,48.570976866292916,0.30762243976218706,54.55202762422321,-5.981050757930291,Low (<15)
2024-07-15,201.58038330078125,203.07747876015205,198.38465354242032,198.83570341075963,10719700,False,13.119999885559082,False,4.23,False,0.0249342385226292,0.0246284529932902,0.167105416490204,193.51980743408205,190.6428225708008,0.0906428968292298,0.0500000000000007,0.0529694899993165,0.2005007202248926,False,False,False,0.042300000000000004,0.167105416490204,53.475035763347165,0.32450433617036367,53.498849261683034,0.29396884854138544,57.71666051710147,-4.217811255418432,Low (<15)
2024-07-16,205.0064239501953,205.121595275812,199.68981390311083,201.5323940342005,11557000,False,13.1899995803833,False,4.17,False,0.016995903040337,0.0168530885827304,0.1722237396381531,194.523046875,191.0845849609375,0.1084925457918446,-0.0600000000000005,0.0053353426398474,0.2530936855839212,False,False,False,0.0417,0.1722237396381531,56.716619416499356,0.30524956796107894,56.73735425656746,0.28869439515912126,60.223418539585985,-3.4860642830185284,Low (<15)
2024-07-17,208.12535095214844,208.7875310762265,204.670519141144,205.17914727979343,11572500,False,14.479999542236328,False,4.16,False,0.0152138013134204,0.0150992320000041,0.1758391470521988,195.6249702453613,191.6106768798828,0.1184310628852378,-0.0099999999999997,0.0978013648894702,0.3190931834074216,False,False,False,0.0416,0.1758391470521988,59.72238763551661,0.2783097859618966,59.73959799443798,0.2859509793681407,62.73208871898122,-2.992490724543238,Low (<15)
2024-07-18,201.51318359375,207.9046426279673,200.8030312411865,206.93537311360464,12415100,False,15.93000030517578,False,4.2,False,-0.0317701199212329,-0.03228574047912,0.219185954085105,196.2998908996582,191.9760842895508,0.0717944289668273,0.04,0.1001381774018694,-0.0495577619167071,False,False,False,0.042,0.219185954085105,54.29569436419774,1.2539576594542545,54.50199701085341,0.2627870827492432,56.120691778993994,-1.6186947681405854,Normal (15-25)
2024-07-19,201.3212432861328,203.78762269683403,200.49591964655664,202.6839842457076,8095900,False,16.520000457763672,False,4.25,False,-0.000952495038757,-0.0009529489504117,0.2189379053356475,196.88552322387696,192.34242431640624,0.0617727607394351,0.0499999999999998,0.037037045906157,-0.0977425589340741,False,False,False,0.0425,0.2189379053356475,54.17900012893841,1.2528859638440082,54.385271954050125,0.2655906853384063,56.139732734776466,-1.7544607807263404,Normal (15-25)
2024-07-22,201.80108642578125,203.61487723988253,201.25407758649305,201.97383607849395,7663200,False,14.90999984741211,False,4.26,False,0.0023834699797002,0.0023806340205166,0.2116881491463674,197.6082427978516,192.6439193725586,0.0771531704022649,0.0099999999999997,-0.0974576613643454,-0.0960759398329394,False,False,False,0.0426,0.2116881491463674,54.467339002230176,1.0580576591571518,54.625211792960265,0.26638611707748094,56.59333254744761,-1.9681207544873445,Low (<15)
2024-07-23,201.8490753173828,202.95269915898984,200.9085949784075,202.5112554797567,5557300,False,14.720000267028809,False,4.25,False,0.0002378029397736,0.0002377746691363,0.2090802566801166,198.21024475097656,192.9110614013672,0.0634323807762882,-0.0099999999999997,-0.0127430974062873,-0.0941699096119868,False,False,False,0.0425,0.2090802566801166,54.4421091602147,1.0003192791683375,54.586680544263366,0.26709966116583916,56.65440805825039,-2.0677275139870233,Low (<15)
2024-07-24,200.1792449951172,203.4805398970385,199.6802229423339,201.10054238495405,7119000,False,18.040000915527344,False,4.28,False,-0.0082726676832183,-0.0083070760961637,0.2115250865760263,198.76740798950195,193.12056518554687,0.0589478508655738,0.0300000000000002,0.2255435182249945,-0.2302925787317631,False,False,False,0.042800000000000005,0.2115250865760263,52.99582967129035,1.142291730669557,53.17657576693312,0.2648617888134382,55.17689387606054,-2.00031810912742,Normal (15-25)
2024-07-25,200.25601196289065,201.71472666285024,199.66101627259545,200.2368143021804,6403800,False,18.459999084472656,False,4.27,False,0.0003834911445257,0.0003834176305908,0.2105102160241659,199.35895156860352,193.33236877441405,0.0627881797413967,-0.0100000000000006,0.0232814937710903,-0.2508778066346856,False,False,False,0.042699999999999995,0.2105102160241659,53.0300855761686,1.1159209244911974,53.20428410000154,0.26632898831226726,55.29771402059118,-2.0934299205896423,Normal (15-25)
2024-07-26,203.6820831298828,204.5649852156185,200.20803848586087,200.8030488593653,8027800,False,16.389999389648438,False,4.2,False,0.0171084559879632,0.0169637544364675,0.2154794870578645,200.03876724243165,193.5596295166016,0.0715272558348767,-0.0699999999999994,-0.1121343335583027,-0.310249739443282,False,False,False,0.042,0.2154794870578645,56.20883991700893,1.0481548444021502,56.361670058860796,0.2613581313737219,57.917464148590874,-1.5557940897300782,Normal (15-25)
2024-07-29,202.34811401367188,204.99682004630137,202.0602076823259,204.0755227146991,6533600,False,16.600000381469727,False,4.17,False,-0.0065492707837256,-0.0065708113591759,0.2134515081080421,200.50442962646488,193.74875762939453,0.0482464533873254,-0.0300000000000002,0.0128127516559837,-0.3106406814394448,False,False,False,0.0417,0.2134515081080421,54.89243565230217,1.0781531318909199,55.05433601103715,0.2597585550064292,56.668384984080944,-1.6140489730437935,Normal (15-25)
2024-07-30,206.5131225585937,207.08892060425245,204.37304460068856,204.6321471316488,8850700,False,17.690000534057617,False,4.15,False,0.0205833820849965,0.0203744070195785,0.2180693040982016,201.02611694335937,194.0143148803711,0.0532118499099394,-0.0199999999999995,0.0656626582855164,-0.2315104554474207,False,False,False,0.0415,0.2180693040982016,58.82190210342176,0.9673114985005409,58.953120704575966,0.25078647697990225,59.93033120515477,-0.9772105005788063,Normal (15-25)
2024-07-31,204.2194976806641,207.66473846208044,204.09473484474648,206.119656172624,9071600,False,16.360000610351562,False,4.09,False,-0.0111064364797393,-0.0111685734539783,0.2169330511697984,201.27183227539064,194.18971557617184,0.024657193397626,-0.0600000000000005,-0.0751837130329915,-0.1331819276665846,False,False,False,0.0409,0.2169330511697984,56.591874241805925,1.0644521885211446,56.747862027306866,0.24679626527738133,57.689788101466085,-0.9419260741592197,Normal (15-25)
2024-08-01,199.5746459960937,205.207951245614,198.0583529785628,204.6033494115887,10918600,False,18.59000015258789,False,3.99,False,-0.0227444085276983,-0.0230070526858387,0.2331471125614713,201.29198532104493,194.448017578125,0.0020236868272043,-0.0999999999999996,0.1363080353936738,-0.2411867799456768,False,False,False,0.039900000000000005,0.2331471125614713,52.63179982138901,1.7863162806200812,52.993980180728585,0.22851279841130837,52.82390395690539,0.17007622382319454,Normal (15-25)
2024-08-02,191.1103057861328,196.41732477251185,188.9510299533684,195.6591854788261,18041700,False,23.38999938964844,False,3.8,False,-0.042411901410195,-0.043337553188826,0.2747360959607859,201.0208778381348,194.46182678222652,-0.0275890801137366,-0.1900000000000004,0.2582032919667485,-0.4771759158303794,True,False,False,0.038,0.2747360959607859,46.52341791994378,4.2214480224477136,47.90313299143496,0.14919859516395365,42.76797702312792,5.135155968307039,Normal (15-25)
2024-08-05,187.041244506836,188.26003972022244,183.2025323392783,186.2255269573448,13927000,False,38.56999969482422,True,3.78,False,-0.0212916894385091,-0.0215216271574881,0.2834104044534423,200.52808380126956,194.4173513793945,-0.0500559910414333,-0.02,0.6489953271180455,-0.4661251107114082,False,False,False,0.0378,0.2834104044534423,43.5156014988316,5.217864026971597,45.436757062782064,0.14604765220820254,38.900312683561864,6.5364443792202,High (>25)
2024-08-06,192.2619171142578,194.4307991057657,186.17756115587804,187.5211047088707,10605800,False,27.709999084472656,False,3.9,False,0.0279118791215646,0.0275294426598772,0.299329477506991,200.1782829284668,194.5038217163086,-0.0351103581954774,0.1200000000000001,-0.2815660019776688,-0.5452472739193408,False,False,False,0.039,0.299329477506991,48.653259487088434,5.0818658583274186,50.42034478083872,0.12668753066783928,43.71922801573134,6.701116765107379,High (>25)
2024-08-07,192.3194732666016,197.4537566355557,192.1275405873984,195.30407255531497,9204400,False,27.850000381469727,False,3.96,False,0.000299363249923,0.0002993184496861,0.2992791172128082,199.82320175170895,194.51909942626952,-0.0356111948487368,0.06,0.0050523746525679,-0.5450721351178333,False,False,False,0.039599999999999996,0.2992791172128082,48.76528804301827,5.051132215824321,50.51543375435222,0.1333372603791418,43.91865923295602,6.596774521396206,High (>25)
2024-08-08,195.83192443847656,196.6476567379348,193.65345089893853,194.30603966721048,7761200,False,23.790000915527344,False,3.99,False,0.0182636272459308,0.0180988504629033,0.3075047255487161,199.6605369567871,194.62772338867188,-0.0163412225826303,0.0300000000000002,-0.1457809483063327,-0.5710074426540426,False,False,False,0.039900000000000005,0.3075047255487161,52.08681937200096,4.897860074867612,53.715221561873534,0.15663116315632597,47.58260809128638,6.1326134705871524,Normal (15-25)
2024-08-09,197.5017547607422,198.14473732678184,194.7186795008032,195.265703043516,5540200,False,20.3700008392334,False,3.94,False,0.0085268544802061,0.0084907061986143,0.3060263354751579,199.70180435180663,194.79627563476564,0.0041964764028692,-0.0500000000000002,-0.1437578791374391,-0.5981738181488016,False,False,False,0.0394,0.3060263354751579,53.37413416717895,4.625886260984569,54.85790887918044,0.16823553596053983,49.26929318457311,5.588615694607334,Normal (15-25)
2024-08-12,197.87600708007807,198.78769824177664,195.4480229371176,198.08713740933769,6936000,False,20.709999084472656,False,3.9,False,0.0018949316161229,0.0018931384980747,0.2921274139025717,199.51658554077147,194.94902618408204,-0.0183766701900542,-0.04,0.0166911257354691,-0.6323619037078202,False,False,False,0.039,0.2921274139025717,53.0781119622886,4.021924514389628,54.29176808349186,0.2602044943880179,52.605681078655174,1.6860870048366863,Normal (15-25)
2024-08-13,199.5554351806641,199.6993810156932,197.1178449883329,199.3538963680999,6387800,False,18.1200008392334,False,3.85,False,0.0084872750636533,0.0084514606465101,0.286778640566946,199.24403610229493,195.07237518310544,-0.0265893559065031,-0.0499999999999998,-0.1250602781137306,-0.6477417884504914,False,False,False,0.0385,0.286778640566946,54.25275161580534,3.6279637288012268,55.28592598257521,0.2600496353908697,53.94319776070469,1.3427282218705159,Normal (15-25)
2024-08-14,201.76275634765625,202.26177848391828,198.76855031244577,199.3635607726469,6999800,False,16.190000534057617,False,3.83,False,0.0110611929211239,0.0110004653294154,0.2839934944766437,198.9259063720703,195.25533142089844,-0.0305709735761842,-0.02,-0.1065121531891404,-0.6905041214115134,False,False,False,0.0383,0.2839934944766437,56.03947521743976,3.287072044913913,56.91919917950339,0.25680585631579467,55.6446012307698,1.274597948733586,Normal (15-25)
2024-08-15,203.0198974609375,205.2655406172805,202.58804526064463,204.4114277256701,7001000,False,15.229999542236328,False,3.92,False,0.0062307887542687,0.0062114576471594,0.261211807108846,199.0012420654297,195.5142047119141,0.0074769989750398,0.0899999999999998,-0.059295920948354,-0.7175546031208805,False,False,False,0.0392,0.261211807108846,56.477505098463766,2.367044777631712,57.01353595527822,0.2578201734136414,56.87099801247364,0.1425379428045801,Normal (15-25)
2024-08-16,205.3423309326172,205.45748762244867,203.0582922941184,203.15426596466205,7931200,False,14.800000190734863,False,3.89,False,0.0114394377138651,0.0113745020950131,0.2639854044968133,199.2022964477539,195.8557931518555,0.0199734890409419,-0.0299999999999998,-0.0282337074475266,-0.7156677322116597,False,False,False,0.038900000000000004,0.2639854044968133,58.60065847533892,2.2645284557717424,59.09271446887512,0.26251490165145336,59.032891313851266,0.0598231550238566,Low (<15)
2024-08-19,206.7626495361328,206.8394255435169,205.19838414670025,205.37111918066995,6090800,False,14.649999618530272,False,3.86,False,0.0069168329640794,0.0068930214122472,0.2647620891286082,199.45037460327148,196.2324688720703,0.0245864043560357,-0.0300000000000002,-0.0101351736669905,-0.7192355461328703,False,False,False,0.038599999999999995,0.2647620891286082,59.860454784913046,2.1800066270177965,60.31986932281185,0.2624199777001988,60.227694266094844,0.09217505671700366,Low (<15)
2024-08-20,205.87013244628903,207.290451812223,205.0639917823852,206.33077379457384,5640000,False,15.880000114440918,False,3.82,False,-0.0043166262951559,-0.0043259698244861,0.2655080089797868,199.6514274597168,196.53326721191405,0.0199211075036316,-0.04,0.083959080405358,-0.7218828324528449,False,False,False,0.0382,0.2655080089797868,59.03251791659562,2.2817712752851413,59.528427321777734,0.2633576489816635,59.44100861836312,0.08741870341461322,Normal (15-25)
2024-08-21,205.9469146728516,206.3307800341097,204.257871938856,205.7837565186157,5202300,False,16.270000457763672,False,3.79,False,0.0003729643812349,0.0003728948473086,0.2632148628264839,199.9398109436035,196.8420907592773,0.0288125258833655,-0.0299999999999998,0.024559215397492,-0.7176537969036656,False,False,False,0.0379,0.2632148628264839,58.993273173198375,2.2108325664408426,59.46610206866009,0.2692140968154356,59.71313937077986,-0.2470373021197645,Normal (15-25)
2024-08-22,207.89505004882807,208.05819355178016,205.6973792260983,205.92770721801395,5247100,False,17.549999237060547,False,3.86,False,0.0094594054932608,0.0094149454741091,0.2646476758751102,200.3217628479004,197.29008850097657,0.0381463608061514,0.0699999999999998,0.0786723259547352,-0.702563063772635,False,False,False,0.038599999999999995,0.2646476758751102,60.87614008541601,2.08937133582498,61.30304401610036,0.26686291753099456,61.38905590872228,-0.08601189262191866,Normal (15-25)
2024-08-23,209.50732421875,210.35184563489813,207.77030919614816,208.82596096633333,7214000,False,15.859999656677246,False,3.81,False,0.0077552311589104,0.0077253139308743,0.2596032666966553,200.6130249023437,197.8243493652344,0.0285996735665383,-0.0499999999999998,-0.0962962765727367,-0.6968253916641146,False,False,False,0.0381,0.2596032666966553,62.12769811674559,1.8379651254814373,62.47469630282208,0.26500512685927125,62.67077614143021,-0.19607983860812794,Normal (15-25)
2024-08-26,210.3326416015625,210.82207214735465,209.2578068452228,210.17908959536388,5105200,False,16.149999618530273,False,3.82,False,0.003939324727143,0.0039315859046554,0.2579333271787583,201.0122512817383,198.3344598388672,0.0394593625288306,0.0099999999999997,0.0182849916854148,-0.7011739234811186,False,False,False,0.0382,0.2579333271787583,62.84614484915201,1.735663543504975,63.16188271645618,0.2643592709418862,63.38755278783654,-0.22567007138036388,Normal (15-25)
2024-08-27,211.3018951416016,211.5322231334125,210.3518232928703,210.65891263842732,5185200,False,15.43000030517578,False,3.83,False,0.0046081936339446,0.0045976084163582,0.2487914718423177,201.25168991088867,198.8616650390625,0.0231887084156077,0.0100000000000002,-0.044582001879949,-0.7482148953117056,False,False,False,0.0383,0.2487914718423177,63.512927676790014,1.4410782867173868,63.748131386461914,0.2637834582747897,64.23853313668016,-0.49040175021824695,Normal (15-25)
2024-08-28,212.3671417236328,213.25005838467985,210.3518266760892,210.40940501408693,6506400,False,17.110000610351562,False,3.84,False,0.0050413489255141,0.0050286838741472,0.2447111411853688,201.6590721130371,199.38727020263676,0.0398965041805612,0.0099999999999997,0.1088788251424888,-0.7739548633323924,False,False,False,0.0384,0.2447111411853688,64.41156605901563,1.2845677684100512,64.60653147043459,0.26236352691490067,65.1515676768588,-0.5450362064242142,Normal (15-25)
2024-08-29,213.2500457763672,213.98898726168144,210.1118947493113,213.19245279825017,6416100,False,15.649999618530272,False,3.87,False,0.0041574418978778,0.0041488236147276,0.2264795289909692,202.3428421020508,199.8919757080078,0.0685227309912961,0.0300000000000002,-0.0853302711712347,-0.7808404443830439,False,False,False,0.0387,0.2264795289909692,64.89624770292386,0.8633809527800071,64.99972252369581,0.26212690542812284,65.9717641175788,-0.9720415938829916,Normal (15-25)
2024-08-30,215.7356414794922,216.38821556365377,212.98135535356383,213.52837890369267,8574100,False,15.0,False,3.91,False,0.0116557803965566,0.0115883750571747,0.1496587876312507,203.5741088867188,200.4145166015625,0.1288540437003802,0.04,-0.0415335229631983,-0.8722205898779092,False,False,False,0.0391,0.1496587876312507,66.5658808842943,0.046952504463535605,66.56665173781333,0.2572819555636802,68.11892630923101,-1.5522745714176835,Normal (15-25)
2024-09-03,211.4170684814453,215.06384784728323,210.39981213405105,213.336424500989,8956100,False,20.71999931335449,False,3.84,False,-0.0200178930492456,-0.0202209656977185,0.1466013540948505,204.7929000854492,200.8959240722656,0.1303232559154536,-0.0700000000000002,0.3813332875569659,-0.8737902223034797,False,False,False,0.0384,0.1466013540948505,62.25893117684154,0.06012532315876151,62.26017377224179,0.2556680624990875,64.08050616297047,-1.820332390728673,Normal (15-25)
2024-09-04,210.48619079589844,213.1157139537024,208.4516779932841,212.12723207920712,7389500,False,21.31999969482422,False,3.77,False,-0.0044030394150913,-0.0044127613409809,0.126589205065195,205.7041137695313,201.30946716308597,0.0947887858145628,-0.0699999999999998,0.0289575483278619,-0.8244286901199277,False,False,False,0.0377,0.126589205065195,61.20542869294101,0.017141612446815946,61.20556862668814,0.25606435993248194,63.1732758257586,-1.9677071990704604,Normal (15-25)
2024-09-05,208.854736328125,211.8969139547451,207.31924560820755,211.27311444323647,8067900,False,19.89999961853028,False,3.73,False,-0.0077508859921143,-0.0077810802315447,0.133240613607907,206.53087692260743,201.70584228515625,0.0859781008166631,-0.04,-0.066604132111628,-0.7387274340985458,False,False,False,0.0373,0.133240613607907,59.57119868953751,0.03458428379655076,59.571689311638366,0.25674986027081537,61.697023106987395,-2.1253337953490288,Normal (15-25)
2024-09-06,203.89321899414065,209.9199963918961,202.57845001745773,208.82596392525963,7777000,False,22.3799991607666,False,3.72,False,-0.0237558286740956,-0.0240425483188899,0.1558417899050538,206.93394165039064,202.01520385742188,0.0411643534565615,-0.0099999999999997,0.1246230949636313,-0.6950458197238762,False,False,False,0.037200000000000004,0.1558417899050538,54.86591788252974,0.19100536532885082,54.875632038759655,0.27689478131283674,58.22488730160465,-3.3492552628449985,Normal (15-25)
2024-09-09,208.0677795410156,209.3537445138377,205.54382177933104,206.513105906515,8935100,False,19.450000762939453,False,3.7,False,0.0204742490577625,0.0202674692970244,0.167729068607743,207.4622428894043,202.37484405517577,0.0534983843210574,-0.02,-0.1309203980205504,-0.7149915775666019,False,False,False,0.037000000000000005,0.167729068607743,58.9473986709539,0.22297584713398244,58.95939853652936,0.2663538937834755,61.327678951384094,-2.3682804148547305,Normal (15-25)
2024-09-10,197.2714080810547,209.82399812562028,192.52100489184315,209.78561744862617,28406900,True,19.07999992370605,False,3.65,False,-0.0518887233947371,-0.0532834032303552,0.2562731219620244,207.43201293945316,202.4595748901367,-0.0030554436990367,-0.0500000000000002,-0.0190231786488364,-0.4358370415032075,True,False,False,0.0365,0.2562731219620244,50.908258387251465,2.803853342328374,51.63519085067547,0.18155589381941653,48.93199552212244,2.7031953285530292,Normal (15-25)
2024-09-11,198.8740692138672,199.3251190484655,193.6918138354718,196.97391086092543,13658700,False,17.690000534057617,False,3.65,False,0.0081241430190126,0.0080913198228399,0.2561163084003731,207.39794464111327,202.51546875,-0.0034144194878983,0.0,-0.0728511213420615,-0.4318551035503691,False,False,False,0.0365,0.2561163084003731,52.30730281264577,2.637146964130366,52.96211586111547,0.18438468145478765,50.47286430265216,2.489251558463309,Normal (15-25)
2024-09-12,198.26950073242188,200.3615919553569,196.62844474311245,199.27715101962823,9054400,False,17.06999969482422,False,3.68,False,-0.0030399563092117,-0.0030445863622128,0.2528769496919685,207.2232818603516,202.49475494384765,-0.017313679087607,0.0300000000000002,-0.035048096128643,-0.4061201644571968,False,False,False,0.0368,0.2528769496919685,51.70223074383544,2.5793391642549217,52.33926922700041,0.18427606656519052,49.9527619578852,2.3865072691152065,Normal (15-25)
2024-09-13,196.0814208984375,199.46908315177689,194.8338365384953,198.51899663631963,10226700,False,16.559999465942383,False,3.66,False,-0.0110358871430121,-0.011097234310015,0.2539802982704064,206.87635803222656,202.43295166015625,-0.0341763376362408,-0.02,-0.0298769910954639,-0.3809574802638658,False,False,False,0.0366,0.2539802982704064,49.801126548334025,2.8448408582174345,50.55171857799086,0.22975613322539756,49.44695751708171,1.104761060909155,Normal (15-25)
2024-09-16,199.47869873046875,199.8145919368192,197.3002252528709,197.53055327809923,8634900,False,17.139999389648438,False,3.63,False,0.0173258527833235,0.0171774716307268,0.2588062733099736,206.58317642211915,202.4918765258789,-0.0285553990524856,-0.0300000000000002,0.0350241511117734,-0.3468554328648967,False,False,False,0.0363,0.2588062733099736,52.90630695518898,2.6743742369367993,53.57131736171176,0.22640857217658836,52.22240451609338,1.3489128456183863,Normal (15-25)
2024-09-17,200.8126373291016,201.4652113916493,199.2867527032692,199.35392255393128,7573300,False,17.610000610351562,False,3.65,False,0.0066871230217679,0.0066648633947532,0.2587105886302023,206.2856758117676,202.5701867675781,-0.0287770166438664,0.02,0.0274213090688311,-0.3383640004274014,False,False,False,0.0365,0.2587105886302023,54.10350648873349,2.5394290106842483,54.712196278530605,0.226112732284552,53.41094798898685,1.3012482895437572,Normal (15-25)
2024-09-18,199.1619873046875,202.81835838288768,198.36545275492745,200.58230673818105,8259900,False,18.229999542236328,False,3.7,False,-0.0082198513319106,-0.0082538205860872,0.2596773407947053,205.9502685546875,202.5682678222656,-0.0325843533585508,0.0500000000000002,0.0352072067232249,-0.338776735954758,False,False,False,0.037000000000000005,0.2596773407947053,52.74356716487621,2.719830384515994,53.42656500126122,0.22199314028067446,51.8727467472001,1.5538182540611203,Normal (15-25)
2024-09-19,201.9929962158203,203.36534319975965,198.97960825636804,201.32122462808044,11635200,False,16.329999923706055,False,3.73,False,0.0142146046514479,0.0141145244441476,0.2656001530747143,205.75257263183596,202.6197058105469,-0.0191987263480597,0.0299999999999998,-0.1042237886034085,-0.3716387208144772,False,False,False,0.0373,0.2656001530747143,55.475162011326304,2.6422573761146317,56.1133747257065,0.21878061197720886,54.324462378887496,1.7889123468190036,Normal (15-25)
2024-09-20,202.57846069335932,202.89515624559212,201.0525759227596,201.4652305055459,20885000,False,16.149999618530273,False,3.73,False,0.0028984394929885,0.0028942471161879,0.2632384291236761,205.4867431640625,202.68957061767577,-0.0255734292577914,0.0,-0.0110226764247853,-0.4031898316500403,False,False,False,0.0373,0.2632384291236761,55.91502079761351,2.510135312917619,56.50358293885007,0.21878174644200585,54.85096081519768,1.6526221236523924,Normal (15-25)
2024-09-23,202.9143218994141,203.25980657066543,201.52279170592425,202.4920612297152,7223500,False,15.890000343322754,False,3.75,False,0.0016579314745763,0.0016565586233752,0.2613823188666163,205.1570930480957,202.81432891845705,-0.0314690779614561,0.02,-0.0160990267089047,-0.3898005487215853,False,False,False,0.0375,0.2613823188666163,56.17775360962585,2.415843298788573,56.73201800024307,0.22443910116451296,55.35129460375737,1.3807233964857062,Normal (15-25)
2024-09-24,203.05825805664065,204.36342068093103,201.8874497623424,202.6359974070873,7323200,False,15.390000343322754,False,3.74,False,0.0007093444951504,0.0007090930292543,0.2607470257981415,204.7933738708496,202.8438864135742,-0.0345851385193072,-0.0099999999999997,-0.031466330345934,-0.394491776953168,False,False,False,0.0374,0.2607470257981415,56.272963406710375,2.3848805207355284,56.816077962349844,0.22438443903847397,55.46590730692821,1.3501706554216355,Normal (15-25)
2024-09-25,201.7147216796875,203.682064513432,200.1984286785804,203.14463253149492,8976500,False,15.40999984741211,False,3.79,False,-0.0066165069562371,-0.0066384930729131,0.2602301747124698,204.31401519775392,202.77805236816403,-0.0453719236899856,0.0499999999999998,0.0012995129072905,-0.3876979296376679,False,False,False,0.0379,0.2602301747124698,55.12499430738043,2.477276533999131,55.706061999599314,0.2227036699676175,54.273848405485865,1.432213594113449,Normal (15-25)
2024-09-26,201.3212432861328,203.16382323049552,200.5822871493728,202.61681440246963,7807500,False,15.369999885559082,False,3.79,False,-0.0019506677067403,-0.0019525727367815,0.2588333140297554,203.7617202758789,202.64197021484372,-0.0520132179952524,0.0,-0.0025957146170734,-0.4239430778565096,False,False,False,0.0379,0.2588333140297554,54.730567326660434,2.4672658832760703,55.310152536526125,0.22214079245014873,53.904590916445215,1.4055616200809098,Normal (15-25)
2024-09-27,202.01223754882807,203.87401538274105,200.8894159429532,202.1561834046356,7032500,False,16.959999084472656,False,3.75,False,0.0034322968178432,0.0034264199307616,0.2585971896776541,203.199829864502,202.6519512939453,-0.0526977998369297,-0.04,0.103448224512185,-0.3863926753223676,False,False,False,0.0375,0.2585971896776541,55.286361645832784,2.405760095731118,55.84152908092712,0.2290736971301515,54.698591827647704,1.1429372532794133,Normal (15-25)
2024-09-30,202.3577117919922,202.453685453256,196.9835089187661,197.99117378793656,8663800,False,16.729999542236328,False,3.81,False,0.0017101649254323,0.00170870425848,0.2537015444987941,202.53093338012692,202.6726806640625,-0.0620107535118239,0.06,-0.0135612944959943,-0.3761179785394316,False,False,False,0.0381,0.2537015444987941,55.51376337290991,2.2089825798216474,56.00072846730765,0.2324104954966425,55.193273990936156,0.8074544763714968,Normal (15-25)
2024-10-01,198.6917266845703,200.6590695133516,197.8760091706532,200.47672835038065,8540100,False,19.26000022888184,False,3.74,False,-0.0181163597619161,-0.0182824702777199,0.2521017328804524,201.8946662902832,202.6104934692383,-0.0601907021428207,-0.0699999999999998,0.1512253888745367,-0.3737773802070465,False,False,False,0.0374,0.2521017328804524,52.12173953691334,2.4996239629005537,52.72712323355113,0.22513586478362782,51.62125672745496,1.10586650609617,Normal (15-25)
2024-10-02,198.93165588378903,200.5247249559692,197.39617979497947,198.7301316943292,5810900,False,18.89999961853028,False,3.79,False,0.0012075449905351,0.0012068164944852,0.2524672384452319,201.31693954467767,202.5521450805664,-0.054894503380098,0.0499999999999998,-0.0186916202530317,-0.3754374010744776,False,False,False,0.0379,0.2524672384452319,52.407189944822576,2.4784421502859395,53.00330008533532,0.22508506660225963,51.89094353806892,1.1123565472664012,Normal (15-25)
2024-10-03,196.9547119140625,198.16391556637384,196.10059907948147,197.85681157736644,7251300,False,20.489999771118164,False,3.85,False,-0.0099378048251979,-0.0099875144179181,0.2531662858291816,200.7219383239746,202.4876544189453,-0.0569775175956113,0.06,0.0841269938984015,-0.4126458373950352,False,False,False,0.0385,0.2531662858291816,50.76586596625437,2.681904995952621,51.44712507123295,0.22610445925557585,50.2782337648263,1.1688913064066568,Normal (15-25)
2024-10-04,203.94537353515625,204.3798721393061,199.78381659479555,202.09150201972523,10211700,False,19.209999084472656,False,3.98,False,0.0354937515998297,0.0348783676487481,0.2745894004947773,200.72454605102536,202.56144165039063,0.0002557934063374,0.1299999999999999,-0.0624695315248242,-0.3815441033339637,True,False,False,0.0398,0.2745894004947773,57.809687858855725,2.7085514831217274,58.45891192859635,0.19505313968699142,55.83970858582731,2.6192033427690404,Normal (15-25)
2024-10-07,203.66534423828125,205.98269458084312,202.46806055788844,203.7619060275273,6718900,False,22.63999938964844,False,4.03,False,-0.0013730603054191,-0.0013740038164842,0.2638913691287926,200.50442428588863,202.56110687255855,-0.0211586595120389,0.0500000000000002,0.1785528614599589,-0.2543339857408391,False,False,False,0.0403,0.2638913691287926,57.274328674053464,2.3747167323718266,57.80924291699658,0.20380712488947827,55.83515520595058,1.9740877110460033,Normal (15-25)
2024-10-08,203.49154663085932,204.05157258412177,201.20317665741183,203.32740337902976,6021800,False,21.420000076293945,False,4.04,False,-0.000853348948845,-0.0008537132583294,0.1829693181194178,200.8154312133789,202.58397552490237,0.031530867094784,0.0099999999999997,-0.0538868969189243,-0.4481313035176584,False,False,False,0.0404,0.1829693181194178,55.23080084764081,0.48657704300870286,55.27605152376026,0.20446582308408415,55.70349149229275,-0.42743996853248944,Normal (15-25)
2024-10-09,206.069580078125,206.8613454534999,202.1687285781039,202.47769976692013,7024000,False,20.86000061035156,False,4.06,False,0.0126689952970984,0.0125894150062163,0.185802735258154,201.1752067565918,202.57510467529295,0.0361812421936207,0.0199999999999995,-0.0261437658238924,-0.445096448500642,False,False,False,0.0406,0.185802735258154,57.7392405034436,0.4475477651512936,57.777667217107116,0.4306380091344058,69.86926412285241,-12.091596905745298,Normal (15-25)
2024-10-10,205.50958251953125,207.4117350068248,204.1867713494914,207.4117350068248,7927100,False,20.93000030517578,False,4.09,False,-0.002717516861933,-0.0027212160140725,0.1856938360271472,201.53721084594727,202.6009063720703,0.0365163666643835,0.0300000000000002,0.0033556899700897,-0.4625169413029752,False,False,False,0.0409,0.1856938360271472,57.24806773509911,0.46027233663079503,57.288504880701666,0.46707737923118653,72.3194672048808,-15.030962324179129,Normal (15-25)
2024-10-11,214.63412475585932,216.8935442355541,207.74969842677683,208.24212826127743,18320700,False,20.459999084472656,False,4.08,False,0.0443995950186941,0.0434421700782021,0.232896710023476,202.4648460388184,202.9020959472656,0.0946173470817075,-0.0099999999999997,-0.0224558630602073,-0.4750585726891254,True,False,False,0.0408,0.232896710023476,66.59412991946584,0.9063360291767282,66.70427953441599,0.4447445273039065,77.20942670924153,-10.505147174825538,Normal (15-25)
2024-10-14,213.85202026367188,215.99556259342347,211.34157550325287,215.51278305488955,9048900,False,19.700000762939453,False,4.0425,False,-0.0036438962959738,-0.0036505514581477,0.2296083202785466,203.1835121154785,203.3569302368164,0.0720544179638149,-0.0374999999999996,-0.037145569674535,-0.4744951946137874,False,False,False,0.040425,0.2296083202785466,65.75016949892262,0.8804790394218589,65.85612824894888,0.44454203282704846,76.57759303074609,-10.72146478179721,Normal (15-25)
2024-10-15,214.7306365966797,217.6852443827513,214.1802757018522,215.9569004873874,9235800,False,20.63999938964844,False,4.03,False,0.0041085248197538,0.0041001078779235,0.2293281590003638,203.87941207885743,203.9107180786133,0.0693083834398757,-0.0125000000000001,0.0477156644824783,-0.4739961329381877,False,False,False,0.0403,0.2293281590003638,66.55172744672527,0.8416640331582634,66.64962002251492,0.44464657239336025,77.23294211796964,-10.583322095454719,Normal (15-25)
2024-10-16,215.9375915527344,215.9762074260548,213.4271325223828,214.67271175254336,6382500,False,19.57999992370605,False,4.02,False,0.0056207860004704,0.0056050483273607,0.2252094449285403,204.71819229125973,204.3842315673828,0.0842309542853816,-0.0100000000000006,-0.0513565647910828,-0.4645951751267387,False,False,False,0.04019999999999999,0.2252094449285403,67.60196178929758,0.7271486171240129,67.67864643848098,0.44472141285635336,78.13973747889314,-10.461091040412157,Normal (15-25)
2024-10-17,216.69073486328125,218.0714918044211,215.61896385393163,216.54590691604216,6470200,False,19.11000061035156,False,4.09,False,0.0034877823038186,0.0034817140967493,0.2220451656724275,205.4530792236328,204.8716567993164,0.0727636052873688,0.0700000000000002,-0.0240040508266524,-0.4363951002568346,False,False,False,0.0409,0.2220451656724275,68.35775920238581,0.6463206775679593,68.42073029295027,0.4447302513499107,78.77167297007037,-10.350942677120102,Normal (15-25)
2024-10-18,217.60801696777344,218.13907733966104,215.4162087479307,217.2507648690765,7000500,False,18.030000686645508,False,4.08,False,0.0042331394790411,0.0042242049493157,0.2220390365799967,206.2045570373535,205.30717864990237,0.0741912848136612,-0.0099999999999997,-0.0565149078603919,-0.4299364267291446,False,False,False,0.0408,0.2220390365799967,69.21173735615722,0.6185419275965032,69.26993956358402,0.44625721183446726,79.56815653377906,-10.298216970195043,Normal (15-25)
2024-10-21,215.3196563720703,217.92666271781536,215.22309457904748,217.46319852448005,5870000,False,18.3700008392334,False,4.19,False,-0.0105159755949709,-0.0105716591885679,0.2276409634050721,206.82482376098636,205.6635366821289,0.0611358249951703,0.1100000000000003,0.0188574675340817,-0.4303654605045827,False,False,False,0.04190000000000001,0.2276409634050721,67.29150443442578,0.7756507733376266,67.37682109320738,0.44335225295153297,77.72096927764667,-10.344148184439291,Normal (15-25)
2024-10-22,216.4010772705078,217.5211292408237,213.4850997132088,215.3389712158381,9586800,False,18.200000762939453,False,4.2,False,0.0050223974747982,0.0050098273072842,0.2275632263568882,207.4919647216797,206.0340380859375,0.0657093158464174,0.0099999999999997,-0.0092542225654596,-0.4411167327617801,False,False,False,0.042,0.2275632263568882,68.32187283705525,0.7351203389401384,68.39942688448782,0.44561668671232496,78.70770145515087,-10.308274570663045,Normal (15-25)
2024-10-23,215.7155303955078,217.0576567581256,214.86583379761672,215.95692013506684,6180500,False,19.239999771118164,False,4.24,False,-0.0031679457590825,-0.0031729743222006,0.2258966263206968,208.1920051574707,206.3572399902344,0.0694089583508579,0.04,0.0571428002517699,-0.4610761280751753,False,False,False,0.0424,0.2258966263206968,67.7026234446189,0.7281085487508641,67.77940550566852,0.4475599377955001,78.35837200872692,-10.578966503058396,Normal (15-25)
2024-10-24,217.23146057128903,217.3087070595921,214.02581233964892,214.18995560232,6002200,False,19.07999992370605,False,4.21,False,0.0070274503323974,0.0070028728806783,0.2252941068918772,208.9875160217285,206.66661407470704,0.079029003722888,-0.0300000000000002,-0.0083160004841733,-0.4703595295227067,False,False,False,0.0421,0.2252941068918772,69.08262234303126,0.6702284845507185,69.1489838274365,0.4497034336372734,79.63264233735084,-10.483658509914349,Normal (15-25)
2024-10-25,214.6534118652344,217.84940969268465,213.2726696126605,217.25076784703845,6369700,False,20.32999992370605,False,4.25,False,-0.0118677501834896,-0.0119387341026108,0.2321606375135066,209.6195747375488,206.89928436279297,0.0625762798818108,0.04,0.0655136270963465,-0.51433844803128,False,False,False,0.0425,0.2321606375135066,66.82692906182743,0.8756948392424331,66.93098150599913,0.44713335330572684,77.53618978942241,-10.60520828342328,Normal (15-25)
2024-10-28,217.73355102539065,217.868728693903,215.27137266803004,215.6576051018232,6843000,False,19.799999237060547,False,4.28,False,0.0143493603637199,0.0142473826776509,0.2354405368730416,210.38836669921875,207.14710876464844,0.0759834606610081,0.0300000000000002,-0.0260698813888086,-0.528265656937652,False,False,False,0.042800000000000005,0.2354405368730416,69.81772051872801,0.8141636435543687,69.90795667213352,0.4460071428889392,79.82050977132725,-9.91255309919373,Normal (15-25)
2024-10-29,215.2230987548828,218.9405068594728,215.13620197943288,217.4535524575936,6580000,False,19.34000015258789,False,4.28,False,-0.0115299284776515,-0.0115969134890454,0.2283742008491578,211.2149353027344,207.31631774902343,0.083201109307166,0.0,-0.0232322778887614,-0.3959129942290356,False,False,False,0.042800000000000005,0.2283742008491578,67.33489611140294,0.783974156644323,67.42165645229593,0.44233749695177366,77.65359198336816,-10.231935531072224,Normal (15-25)
2024-10-30,216.6810913085937,218.5156474524891,213.94855766414204,214.87548602178532,7110900,False,20.350000381469727,False,4.29,False,0.0067743312039727,0.006751488526887,0.2282937380421853,212.1024070739746,207.53253692626956,0.0892237856561826,0.0099999999999997,0.0522233826738975,-0.387191690840675,False,False,False,0.0429,0.2282937380421853,68.7198257436506,0.7301189265261439,68.79626664177235,0.44290362521920196,78.81051038077206,-10.01424373899971,Normal (15-25)
2024-10-31,214.27685546875,217.9170170912808,214.18030840692387,216.96110835965536,7829900,False,23.15999984741211,False,4.28,False,-0.0110957344054523,-0.0111577512413846,0.2292916756947516,212.968514251709,207.6991357421875,0.0879498814034247,-0.0099999999999997,0.1380835092514842,-0.409149882866286,False,False,False,0.042800000000000005,0.2292916756947516,66.46218417134028,0.8357129038309683,66.55905084563726,0.43919152155760305,76.71779226303964,-10.158741417402382,Normal (15-25)
2024-11-01,215.26171875,218.36115478761525,215.0299792936343,215.86036059570225,6923500,False,21.8799991607666,False,4.37,False,0.0045962186587791,0.0045856883000252,0.1976215595033212,213.5343315124512,207.84646911621093,0.0554871386327036,0.0899999999999998,-0.0552677329481301,-0.3337393758229522,False,False,False,0.0437,0.1976215595033212,67.06666361706164,0.3487253942610522,67.08987145160367,0.44484448821376243,77.93481554261652,-10.844944091012849,Normal (15-25)
2024-11-04,212.2105407714844,216.0534611932713,211.6215492339804,214.98169019005127,8229600,False,21.979999542236328,False,4.31,False,-0.0141742711905926,-0.0142756856302554,0.2062231937036217,213.9615913391113,207.9005334472656,0.0419570475534885,-0.0600000000000005,0.0045704015221827,-0.3553711782835185,False,False,False,0.0431,0.2062231937036217,64.18509063772936,0.5342373267687659,64.23312549607402,0.4409891097062679,75.3205125967792,-11.087387100705172,Normal (15-25)
2024-11-05,213.86167907714844,214.31549300886093,212.42299079009572,212.45195638290625,5600700,False,20.489999771118164,False,4.26,False,0.0077806611286195,0.0077505478845913,0.2068395887526338,214.48009796142577,207.9711141967773,0.0509609987146093,-0.0499999999999998,-0.0677888899977003,-0.3904659633142902,False,False,False,0.0426,0.2068395887526338,65.69139652744852,0.49928583320835607,65.73380461554291,0.44265449048962924,76.63217811572235,-10.898373500179446,Normal (15-25)
2024-11-06,238.551010131836,239.4586379717928,226.68429620853013,226.9063706587553,23987800,False,16.270000457763672,False,4.42,False,0.1154453250401212,0.1092537198300844,0.4510152071795473,216.1041694641113,208.51609649658204,0.1576236048105528,0.1600000000000001,-0.2059540927522519,-0.7254449559546825,True,True,False,0.044199999999999996,0.4510152071795473,95.39054456326416,5.847907364241788,97.00731576952778,0.2108618983563773,89.68761869251145,7.319697077016329,Normal (15-25)
2024-11-07,228.2388458251953,236.1467765550335,227.1187938261944,236.07918035167896,16451100,False,15.199999809265137,False,4.31,False,-0.0432283405588665,-0.0441905163737721,0.4850718825057289,217.24063262939453,208.83353057861328,0.1105995303333551,-0.1100000000000003,-0.0657652500549227,-0.5944894586654028,True,True,False,0.0431,0.4850718825057289,87.777232026929,8.467215962062017,90.65468717646812,0.13414393417290174,79.31335248002176,11.341334696446353,Normal (15-25)
2024-11-08,228.8181610107422,231.0968807735096,227.65949319124,231.0968807735096,9502100,False,14.9399995803833,False,4.3,False,0.0025381971392834,0.0025349813573008,0.463012456869961,217.94983444213867,209.1448928833008,0.066084721015434,-0.0099999999999997,-0.0171052784305532,-0.613435905810608,False,True,False,0.043,0.463012456869961,87.26906378627164,7.407442494156204,89.64639249198538,0.14667163808574707,79.8712170104557,9.775175481529686,Low (<15)
2024-11-11,231.0485992431641,233.76183232238972,230.7685936247478,231.734152593889,9017100,False,14.970000267028809,False,4.3975,False,0.0097476451282081,0.0097004433251754,0.4626782424372301,218.80966339111328,209.4511520385742,0.0804134511251726,0.0975000000000001,0.0020080781451226,-0.6180293041835047,False,True,False,0.043975,0.4626782424372301,89.28953908072336,7.1088217337932775,91.50708312430855,0.1444182862730776,82.18685128643936,9.320231837869187,Low (<15)
2024-11-12,231.309310913086,233.1438818469388,230.5368607690037,232.26521962387952,6861000,False,14.710000038146973,False,4.43,False,0.0011283845510245,0.001127748403678,0.4628118881452863,219.6385971069336,209.84899688720705,0.0772068419260796,0.0324999999999997,-0.0173680844518407,-0.6299992360940008,False,True,False,0.0443,0.4628118881452863,89.55732069879022,7.075250949928591,91.75680761334642,0.14459157475189638,82.48807352500828,9.26873408833815,Low (<15)
2024-11-13,232.8542022705078,235.68328295062503,232.03347126141185,232.29417630585863,11472600,False,14.020000457763672,False,4.44,False,0.0066788982740186,0.0066566932481804,0.462872979259656,220.48442764282223,210.29635711669923,0.0783402769111749,0.0100000000000006,-0.0469068374299079,-0.6317602310866971,False,True,False,0.0444,0.462872979259656,90.91246504163911,6.906734502801612,93.02219484323638,0.1462824519013695,84.01160701723889,9.01058782599749,Low (<15)
2024-11-14,233.5397491455078,235.87640014281013,232.7479984317867,234.07080953881768,10172200,False,14.3100004196167,False,4.43,False,0.0029441035133375,0.0029397781280972,0.4628874975920944,221.3268783569336,210.7900573730469,0.0777560438514239,-0.0100000000000006,0.020684732695029,-0.6293518983247501,False,True,False,0.0443,0.4628874975920944,91.49845634788753,6.8373168111108065,93.57146142071777,0.14772107357962172,84.66733777853874,8.90412364217903,Low (<15)
2024-11-15,236.8612518310547,237.93302280132795,233.14385889927163,233.14385889927163,11518800,False,16.139999389648438,False,4.43,False,0.0142224297906452,0.0141222398812694,0.4642718236368345,222.28954010009767,211.4494180297852,0.0884766799107983,0.0,0.1278825238553527,-0.54594054331795,False,True,False,0.0443,0.4642718236368345,94.4573202293161,6.551174376137034,96.37745072453401,0.13739851128153324,87.90774326498224,8.46970745955177,Normal (15-25)
2024-11-18,236.59092712402344,239.39104240803505,234.32185751806605,239.22689914149407,9051400,False,15.579999923706056,False,4.42,False,-0.0011412787230562,-0.0011419304775543,0.4613981957894822,223.3531036376953,212.0198809814453,0.0987892657379898,-0.0099999999999997,-0.0346963746666274,-0.5352132641839346,False,True,False,0.044199999999999996,0.4613981957894822,94.08971900250023,6.462022823607562,95.97476972443906,0.1381017078882961,87.62947935806406,8.345290366374996,Normal (15-25)
2024-11-19,234.7177276611328,236.70677679200912,233.2307733224933,233.90666165823853,6792700,False,16.350000381469727,False,4.39,False,-0.0079174611032681,-0.0079489706255736,0.4637084600117653,224.26893615722656,212.76880737304688,0.0846421405182222,-0.0300000000000002,0.0494223659521371,-0.5417100756976947,False,True,False,0.043899999999999995,0.4637084600117653,92.51509870638417,6.760521762455113,94.54430346898275,0.17956068259062624,85.80149094310907,8.742812525873674,Normal (15-25)
2024-11-20,232.4872894287109,236.1853820806055,230.42099380614764,235.9826082126915,9015300,False,17.15999984741211,False,4.41,False,-0.0095026407022908,-0.0095480788766571,0.4656309374750393,225.1075241088867,213.44107177734372,0.0777494276951344,0.0200000000000004,0.0495412505837244,-0.5481649900982376,False,True,False,0.0441,0.4656309374750393,90.67869275611923,7.074476981333323,92.86609410690515,0.1840743104584836,83.67316130861796,9.192932798287188,Normal (15-25)
2024-11-21,236.3302154541016,237.03508413180523,233.771489998293,234.8529113632746,8783500,False,16.8700008392334,False,4.43,False,0.0165296177474212,0.016394490648924,0.4676301421835904,226.06246185302732,214.2022860717773,0.0879189176033041,0.0199999999999995,-0.0168997092515968,-0.5490550707148528,False,True,False,0.0443,0.4676301421835904,94.13345779496565,6.746118205274087,96.14111381039862,0.1887208631636075,87.45287521323684,8.688238597161785,Normal (15-25)
2024-11-22,239.9897003173828,240.5690268965465,234.65981033615955,235.21983634263424,7997300,False,15.239999771118164,False,4.41,False,0.0154846254265441,0.0153659620187633,0.4649153580385703,227.32927627563475,215.08045166015623,0.1180334765331159,-0.0199999999999995,-0.0966212796103989,-0.5375009228854618,False,True,False,0.0441,0.4649153580385703,97.20822019469752,6.274378938071045,98.98726308870681,0.17905165580350177,90.96446249969779,8.022800589009023,Normal (15-25)
2024-11-25,241.66973876953125,245.55128980408412,240.4821054076885,240.9938504633305,10295400,False,14.600000381469728,False,4.27,False,0.0070004606444635,0.0069760711786876,0.4638917405583621,228.5260856628418,215.9242724609375,0.1099333916680085,-0.1400000000000005,-0.04199471123755,-0.5349568129862411,False,True,False,0.042699999999999995,0.4638917405583621,98.48747955775139,6.113373188103264,100.18939579893292,0.18815182304593842,92.41943146610475,7.769964332828167,Low (<15)
2024-11-26,241.3607635498047,242.3552880551951,239.7868978011776,241.86285831172583,6212100,False,14.100000381469728,False,4.3,False,-0.001278501898085,-0.0012793198789044,0.4602800162802454,229.83296890258788,216.73523498535155,0.1214445147669303,0.0300000000000002,-0.0342465744476691,-0.5390220869472173,False,True,False,0.043,0.4602800162802454,98.10386263516085,5.988503105684767,99.75746329440116,0.18900208008844752,92.16343866816982,7.594024626231345,Low (<15)
2024-11-27,241.1869506835937,242.5387419809446,240.2020912154385,240.76211714435047,5472300,False,14.100000381469728,False,4.25,False,-0.0007201372072851,-0.0007203966306382,0.4609084893810868,231.0582618713379,217.5757342529297,0.1130964369202809,-0.0499999999999998,0.0,-0.552366939817748,False,True,False,0.0425,0.4609084893810868,97.91806780043922,6.044379431800696,99.59597576356563,0.19048301547783192,91.92650915855094,7.669466605014691,Low (<15)
2024-11-29,241.119384765625,243.09878358106323,240.8586797210085,241.25456243074825,5494800,False,13.510000228881836,False,4.18,False,-0.0002801391940037,-0.0002801784403175,0.457249377608635,232.40038833618163,218.3582620239258,0.1252703155371333,-0.0700000000000002,-0.0418439813209702,-0.5552248763067985,False,True,False,0.0418,0.457249377608635,97.63093827570052,5.923925965903376,99.26166793787365,0.19153876093007058,91.7635495767959,7.498118361077758,Low (<15)
2024-12-02,237.76889038085932,241.63112616369568,236.5909072884335,240.95523784835137,8899700,False,13.34000015258789,False,4.19,False,-0.0138955828376156,-0.0139930302274747,0.462836552130521,233.5257469177246,219.06207061767577,0.1045572420472897,0.0100000000000006,-0.0125832770846677,-0.5584858289707835,False,True,False,0.04190000000000001,0.462836552130521,94.9211105950218,6.473043398805839,96.80344644903555,,,,Low (<15)
2024-12-03,236.3881683349609,240.4628138790036,236.2047097622973,239.68071342355267,6657700,False,13.300000190734863,False,4.23,False,-0.0058069920067624,-0.00582391814328,0.4590885835233327,234.73462829589843,219.7315475463867,0.1139322649835372,0.04,-0.0029984978557341,-0.5555675572023707,False,True,False,0.042300000000000004,0.4590885835233327,93.60087192933533,6.444201417164649,95.48248609655577,,,,Low (<15)
2024-12-04,235.01705932617188,236.89991119978995,233.88735704195787,236.2722889974968,7346300,False,13.449999809265137,False,4.19,False,-0.0058002438042761,-0.0058171305481852,0.4608338870953752,235.7923973083496,220.37072357177732,0.0989208554815088,-0.04,0.0112781666450476,-0.564559715798687,False,True,False,0.04190000000000001,0.4608338870953752,92.42989743007047,6.670284827911992,94.42019728613121,,,,Low (<15)
2024-12-05,237.02542114257807,238.66686850941545,236.19503980642355,236.93852436784667,6572500,False,13.539999961853027,False,4.17,False,0.0085456001456425,0.0085092932011723,0.2085058392090128,235.71611785888672,221.07693756103515,-0.0063952317301644,-0.0200000000000004,0.0066914612538429,0.1405260933812185,False,False,False,0.0417,0.2085058392090128,87.83892831647711,0.1459796252459198,87.84340843315171,,,,Low (<15)
2024-12-06,238.84066772460932,239.2075848483384,236.4074549916763,237.23783629630563,5519700,False,12.770000457763672,False,4.15,False,0.0076584468167206,0.0076292697853752,0.1344296256446037,236.24620895385743,221.8273260498047,0.0464505586727941,-0.0199999999999995,-0.0568685012007914,-0.1595793276619166,False,False,False,0.0415,0.1344296256446037,89.43859002335913,0.0009786628094444715,89.43859061105985,,,,Low (<15)
2024-12-09,235.41294860839844,239.33311597717807,235.3646677094542,238.6186117125457,7076500,False,14.1899995803833,False,4.2,False,-0.0143514885838587,-0.0144554672273237,0.1468398290900616,236.57594833374023,222.49534027099608,0.0288210846924281,0.0499999999999998,0.1111980479026784,-0.3241375699621296,False,False,False,0.042,0.1468398290900616,86.16576415668791,0.004996094311407989,86.16577597795832,,,,Low (<15)
2024-12-10,234.4956512451172,239.4200078686549,233.87769409575165,235.49017580217017,9108300,False,14.18000030517578,False,4.22,False,-0.003896545915183,-0.0039041572285391,0.1445990339231418,236.7483009338379,223.1380990600586,0.0149191642504842,0.0199999999999995,-0.0007046705780981,-0.3325355064744505,False,False,False,0.042199999999999994,0.1445990339231418,85.29785222905522,0.0044923575239443625,85.29786206205523,,,,Low (<15)
2024-12-11,235.142578125,235.85709707692163,233.8390676036829,235.59639202600604,7884400,False,13.579999923706056,False,4.26,False,0.0027588011822299,0.0027550026748623,0.1447668420929213,236.9399642944336,223.8671160888672,0.0165720402554585,0.04,-0.0423131430576005,-0.3358127812664915,False,False,False,0.0426,0.1447668420929213,85.98710584003385,0.004209056867484323,85.98711452391207,,,,Low (<15)
2024-12-12,233.21145629882807,235.692949917877,232.73832710066324,234.63082916006212,6113800,False,13.920000076293944,False,4.32,False,-0.0082125570008225,-0.0082464658267952,0.1464705905191074,236.9578269958496,224.552712097168,0.0015342391283332,0.0600000000000005,0.0250368302281329,-0.329847767927239,False,False,False,0.0432,0.1464705905191074,84.18838481910566,0.005914221262361324,84.18840114553485,,,,Low (<15)
2024-12-13,231.6762084960937,234.3604611019865,230.9037584171961,233.7328537003409,10392700,False,13.8100004196167,False,4.4,False,-0.0065830719772493,-0.0066048359640899,0.147928487727566,236.8646499633789,225.24714202880855,-0.0079795437660293,0.08,-0.0079022741432721,-0.3286389970657868,False,False,False,0.044000000000000004,0.147928487727566,82.80514244338798,0.007681470998431972,82.80516892521199,,,,Low (<15)
2024-12-16,231.32861328125,232.38106899290696,229.33956421642745,232.32313781366128,9032000,False,14.6899995803833,False,4.39,False,-0.0015003492033131,-0.0015014758542332,0.1375356405179466,236.58801803588867,225.79480682373048,-0.0233581411355155,-0.0100000000000006,0.0637218779165704,-0.6580076218357348,False,False,False,0.043899999999999995,0.1375356405179466,82.4466679191695,0.003151844642977339,82.44667323437878,,,,Low (<15)
2024-12-17,230.150634765625,230.7879072165109,228.4802218867217,230.43064038196303,8083600,False,15.869999885559082,False,4.4,False,-0.0050922300484843,-0.0051052396359184,0.1382472392329032,236.2660034179688,226.3245126342773,-0.0272212144256164,0.0100000000000006,0.0803267759620312,-0.6536438934240432,False,False,False,0.044000000000000004,0.1382472392329032,81.31088456324446,0.0038623651632439387,81.31089233332872,,,,Normal (15-25)
2024-12-18,222.4358062744141,230.8361807627836,221.62474030815744,230.7685845656322,11322400,False,27.6200008392334,False,4.5,False,-0.0335207786807424,-0.0340954794585367,0.1784294941946204,235.6519073486328,226.70339782714845,-0.0523263475200748,0.0999999999999996,0.7403907396600702,-0.7589575974375046,True,False,False,0.045,0.1784294941946204,74.01865618182603,0.10531360646210763,74.02154200193321,,,,High (>25)
2024-12-19,224.9366149902344,228.21950946148152,224.27037697069505,224.27037697069505,11790800,False,24.09000015258789,False,4.57,False,0.0112428334165548,0.0111801025091408,0.1829591059012933,235.27437362670895,227.0807385253906,-0.0324777946227973,0.0700000000000002,-0.1278059587033482,-0.7761135068084516,False,False,False,0.045700000000000005,0.1829591059012933,76.56313355839652,0.106232909081442,76.56599425238319,,,,Normal (15-25)
2024-12-20,229.41680908203125,230.97135955828864,223.613790447508,223.93242666437249,32348400,True,18.36000061035156,False,4.52,False,0.0199175847471135,0.0197218247642073,0.1877410690657244,234.92870330810547,227.55888305664064,-0.0292531632435845,-0.0500000000000007,-0.2378580118697417,-0.8336688910951852,False,False,False,0.0452,0.1877410690657244,80.85914850722219,0.09690310687574155,80.86149924926085,,,,Normal (15-25)
2024-12-23,230.1795959472656,230.40167037895355,226.79048935961865,227.93950685968343,8611500,False,16.780000686645508,False,4.59,False,0.003324895278103,0.003319380035486,0.1779275767204303,234.4381980895996,227.8697924804688,-0.0408771891341316,0.0700000000000002,-0.0860566378639023,-0.844921817262932,False,False,False,0.045899999999999996,0.1779275767204303,81.66522188368734,0.0574325522208301,81.66616554797785,,,,Normal (15-25)
2024-12-24,233.964584350586,234.1383926210489,230.836182814854,231.1837698892596,3729100,False,14.270000457763672,False,4.59,False,0.0164436312773244,0.0163098988126179,0.1871964033909592,234.05294036865237,228.27204376220703,-0.031882992294262,0.0,-0.149582844229526,-0.8478224847621083,False,False,False,0.045899999999999996,0.1871964033909592,85.3742174376309,0.06861044979782394,85.37546243625245,,,,Low (<15)
2024-12-26,234.76600646972656,234.8818688310357,232.4969370056862,233.11489415476905,4451800,False,14.729999542236328,False,4.58,False,0.0034253992815411,0.0034195459642462,0.1880304725089127,233.72320251464845,228.672751159668,-0.027323235902497,-0.0099999999999997,0.032235393813347,-0.8429548944678154,False,False,False,0.0458,0.1880304725089127,86.14188540390495,0.06764134850485459,86.14309223014469,,,,Low (<15)
2024-12-27,232.86387634277344,235.0074186310496,231.7727898921543,234.3604958299229,5730200,False,15.949999809265137,False,4.62,False,-0.0081022382906121,-0.0081352398015546,0.1895394274754151,233.30704879760745,229.01127685546876,-0.0345088086947916,0.04,0.0828241890660361,-0.8435406867182336,False,False,False,0.0462,0.1895394274754151,84.35505051336821,0.08182677169840247,84.35675451796335,,,,Normal (15-25)
2024-12-30,231.0775604248047,232.5451993283752,228.9436687971356,230.54650008911693,5723800,False,17.399999618530273,False,4.55,False,-0.0076710735302684,-0.0077006475549141,0.1906247800741619,232.8049575805664,229.29901336669923,-0.041646690292368,-0.0700000000000002,0.0909090800379102,-0.8452135057492455,False,False,False,0.0455,0.1906247800741619,82.5254704639645,0.09771707289875153,82.52782127278121,,,,Normal (15-25)
