Spot,Volatility,Chooser_Price
105.0,0.1,40.74745999894208
106.5,0.1,39.28294541126644
108.0,0.1,37.81901498019329
109.5,0.1,36.355973821211116
111.0,0.1,34.89425597210494
112.5,0.1,33.43446595052917
114.0,0.1,31.97742965288376
115.5,0.1,30.524255913917884
117.0,0.1,29.076410074677437
118.5,0.1,27.63580066507809
120.0,0.1,26.204879545377352
121.5,0.1,24.78675430164431
123.0,0.1,23.38530916946568
124.5,0.1,22.005327285288203
126.0,0.1,20.65260296078791
127.5,0.1,19.334028616142223
129.0,0.1,18.05763795421156
130.5,0.1,16.832585980780436
132.0,0.1,15.669048491582078
133.5,0.1,14.578029125018064
135.0,0.1,13.571070820195542
136.5,0.1,12.659879572669087
138.0,0.1,11.85588015355975
139.5,0.1,11.169734007362823
141.0,0.1,10.610856974639141
142.5,0.1,10.18697736473538
144.0,0.1,9.903772575915712
145.5,0.1,9.764615189563656
147.0,0.1,9.77044836744224
148.5,0.1,9.91979717765054
150.0,0.1,10.208909134698713
151.5,0.1,10.632005600817141
153.0,0.1,11.181617155878902
154.5,0.1,11.848971368797686
156.0,0.1,12.624400688136568
157.5,0.1,13.497740923741189
159.0,0.1,14.458696117804994
160.5,0.1,15.497152415354856
162.0,0.1,16.60343076681767
163.5,0.1,17.76847502662341
165.0,0.1,18.983977613858496
166.5,0.1,20.24244902860017
168.0,0.1,21.537240092922907
169.5,0.1,22.862526938555106
171.0,0.1,24.2132687567876
172.5,0.1,25.585147483920295
174.0,0.1,26.974497241276058
175.5,0.1,28.378229765811962
177.0,0.1,29.793760475453553
178.5,0.1,31.218938362543792
180.0,0.1,32.65198168470125
181.5,0.1,34.091420457761146
183.0,0.1,35.536046045168746
184.5,0.1,36.984867653293925
186.0,0.1,38.43707524195288
187.5,0.1,39.89200820046543
189.0,0.1,41.349129081379644
190.5,0.1,42.80800169234002
192.0,0.1,44.26827289464454
193.5,0.1,45.72965752524904
195.0,0.1,47.19192593403031
105.0,0.11,40.75058174453474
106.5,0.11,39.28772336145786
108.0,0.11,37.826167706246736
109.5,0.11,36.36645866486064
111.0,0.11,34.90932156515798
112.5,0.11,33.45570878029912
114.0,0.11,32.00685322453683
115.5,0.11,30.56433034814443
117.0,0.11,29.13012880529292
118.5,0.11,27.706729125083154
120.0,0.11,26.29718836921082
121.5,0.11,24.905226907415646
123.0,0.11,23.53531121647912
124.5,0.11,22.19272429889557
126.0,0.11,20.883613351217477
127.5,0.11,19.61500319403333
129.0,0.11,18.394764186707206
130.5,0.11,17.231525229789856
132.0,0.11,16.134526096868207
133.5,0.11,15.113408511349114
135.0,0.11,14.17795155160667
136.5,0.11,13.337763342186955
138.0,0.11,12.601946663550157
139.5,0.11,11.978760226555785
141.0,0.11,11.475299252494844
142.5,0.11,11.097218341595678
144.0,0.11,10.848516451625692
145.5,0.11,10.731398559162677
147.0,0.11,10.746221939511615
148.5,0.11,10.891527834272964
150.0,0.11,11.164152447979976
151.5,0.11,11.559405477048841
153.0,0.11,12.07130025835745
154.5,0.11,12.692817396916872
156.0,0.11,13.416183390512622
157.5,0.11,14.233147085185715
159.0,0.11,15.13523938137435
160.5,0.11,16.11400499891324
162.0,0.11,17.1611988276181
163.5,0.11,18.268943022224438
165.0,0.11,19.429844224607017
166.5,0.11,20.637072904021178
168.0,0.11,21.884408700537847
169.5,0.11,23.166256836626673
171.0,0.11,24.477641197555794
172.5,0.11,25.814179688780467
174.0,0.11,27.17204709401461
175.5,0.11,28.547930017462452
177.0,0.11,29.938977719546635
178.5,0.11,31.34275184631021
180.0,0.11,32.75717728123789
181.5,0.11,34.18049566184682
183.0,0.11,35.611222527219674
184.5,0.11,37.04810860442539
186.0,0.11,38.49010539675949
187.5,0.11,39.936334992364685
189.0,0.11,41.38606385151649
190.5,0.11,42.83868023705076
192.0,0.11,44.29367490836341
193.5,0.11,45.75062469048916
195.0,0.11,47.20917854395522
105.0,0.12000000000000001,40.75779213704402
106.5,0.12000000000000001,39.2980555138643
108.0,0.12000000000000001,37.84070757402105
109.5,0.12000000000000001,36.38657224562763
111.0,0.12000000000000001,34.93669856364755
112.5,0.12000000000000001,33.49240639305732
114.0,0.12000000000000001,32.055337968691646
115.5,0.12000000000000001,30.627514864214096
117.0,0.12000000000000001,29.211399242812348
118.5,0.12000000000000001,27.809957197404614
120.0,0.12000000000000001,26.426720715856863
121.5,0.12000000000000001,25.06584344023837
123.0,0.12000000000000001,23.732144132785308
124.5,0.12000000000000001,22.43113086647608
126.0,0.12000000000000001,21.168998682525466
127.5,0.12000000000000001,19.952594012774874
129.0,0.12000000000000001,18.789340667165227
130.5,0.12000000000000001,17.68712461458316
132.0,0.12000000000000001,16.65413796641146
133.5,0.12000000000000001,15.698686192865338
135.0,0.12000000000000001,14.828966249280773
136.5,0.12000000000000001,14.052826510743309
138.0,0.12000000000000001,13.377521788718585
139.5,0.12000000000000001,12.809477911514053
141.0,0.12000000000000001,12.354080219278416
142.5,0.12000000000000001,12.015498855106785
144.0,0.12000000000000001,11.796561096953347
145.5,0.12000000000000001,11.698677478867143
147.0,0.12000000000000001,11.721824490977255
148.5,0.12000000000000001,11.864582650741406
150.0,0.12000000000000001,12.124225099082802
151.5,0.12000000000000001,12.496848913273382
153.0,0.12000000000000001,12.977539255118328
154.5,0.12000000000000001,13.560555379577533
156.0,0.12000000000000001,14.239527392544407
157.5,0.12000000000000001,15.007653349647791
159.0,0.12000000000000001,15.85788764713834
160.5,0.12000000000000001,16.783113453392122
162.0,0.12000000000000001,17.77629394325794
163.5,0.12000000000000001,18.830599125742456
165.0,0.12000000000000001,19.93950693423315
166.5,0.12000000000000001,21.09687886016147
168.0,0.12000000000000001,22.2970116866961
169.5,0.12000000000000001,23.534667794156586
171.0,0.12000000000000001,24.805087075249187
172.5,0.12000000000000001,26.103983754426906
174.0,0.12000000000000001,27.427531406508596
175.5,0.12000000000000001,28.77233927711658
177.0,0.12000000000000001,30.13542268307596
178.5,0.12000000000000001,31.514169870444864
180.0,0.12000000000000001,32.906307277946524
181.5,0.12000000000000001,34.30986473031163
183.0,0.12000000000000001,35.72314169479572
184.5,0.12000000000000001,37.14467539065829
186.0,0.12000000000000001,38.573211253321645
187.5,0.12000000000000001,40.007676023669234
189.0,0.12000000000000001,41.44715355546129
190.5,0.12000000000000001,42.8908633043104
192.0,0.12000000000000001,44.33814137279151
193.5,0.12000000000000001,45.78842393037522
195.0,0.12000000000000001,47.241232796573264
105.0,0.13,40.771634602685545
106.5,0.13,39.31691660402492
108.0,0.13,37.8660255287505
109.5,0.13,36.42008067675394
111.0,0.13,34.980458288179626
112.5,0.13,33.54883399656524
114.0,0.13,32.127228404534385
115.5,0.13,30.718054485264453
117.0,0.13,29.324164752106803
118.5,0.13,27.9488952997226
120.0,0.13,26.596103006532108
121.5,0.13,25.270191532301723
123.0,0.13,23.97612138884641
124.5,0.13,22.719399435063938
126.0,0.13,21.506043739747977
127.5,0.13,20.342520895801368
129.0,0.13,19.235654512139586
130.5,0.13,18.192505633264087
132.0,0.13,17.220228055059984
133.5,0.13,16.325903690891103
135.0,0.13,15.516365055413885
136.5,0.13,14.79801335756647
138.0,0.13,14.176641463765295
139.5,0.13,13.657271016324056
141.0,0.13,13.244012264074366
142.5,0.13,12.93995375872869
144.0,0.13,12.747087138284499
145.5,0.13,12.666269952684136
147.0,0.13,12.697227104175301
148.5,0.13,12.838589188000794
150.0,0.13,13.087964013063436
151.5,0.13,13.442035996918507
153.0,0.13,13.896687050066802
154.5,0.13,14.447132019720652
156.0,0.13,15.088061729964911
157.5,0.13,15.81378706876061
159.0,0.13,16.61837833889706
160.5,0.13,17.49579510109769
162.0,0.13,18.440002882135076
163.5,0.13,19.445074296616752
165.0,0.13,20.50527325184898
166.5,0.13,21.615121905335645
168.0,0.13,22.769450880686776
169.5,0.13,23.963433897896937
171.0,0.13,25.19260843446905
172.5,0.13,26.4528843157096
174.0,0.13,27.740542257044403
175.5,0.13,29.05222437594414
177.0,0.13,30.384918586035685
178.5,0.13,31.73593861081182
180.0,0.13,33.10290113601693
181.5,0.13,34.48370138131374
183.0,0.13,35.876488131621876
184.5,0.13,37.27963904024517
186.0,0.13,38.691736808821695
187.5,0.13,40.11154666866373
189.0,0.13,41.53799543647486
190.5,0.13,42.97015229463794
192.0,0.13,44.40721135045739
193.5,0.13,45.84847595706111
195.0,0.13,47.29334472769566
105.0,0.14,40.7949113588442
106.5,0.14,39.34741193118131
108.0,0.14,37.90548099303858
109.5,0.14,36.470526929784754
111.0,0.14,35.044233835291955
112.5,0.14,33.62859777848162
114.0,0.14,32.2259633281143
115.5,0.14,30.83905853616951
117.0,0.14,29.47102604264706
118.5,0.14,28.125447495113757
120.0,0.14,26.806358156632083
121.5,0.14,25.51824848480706
123.0,0.14,24.266049665530716
124.5,0.14,23.05510061220197
126.0,0.14,21.891094792016112
127.5,0.14,20.78000637138814
129.0,0.14,19.727996499735294
130.5,0.14,18.74130196106157
132.0,0.14,17.826109784872052
133.5,0.14,16.988422589170888
135.0,0.14,16.233920310769975
136.5,0.14,15.567824473062865
138.0,0.14,14.99477119931637
139.5,0.14,14.51869879501958
141.0,0.14,14.142754933710522
142.5,0.14,13.869227361827896
144.0,0.14,13.699500691301818
145.5,0.14,13.634040390075995
147.0,0.14,13.672403628398445
148.5,0.14,13.813275300129128
150.0,0.14,14.05452640151027
151.5,0.14,14.393291077105204
153.0,0.14,14.826058067817062
154.5,0.14,15.348772025146086
156.0,0.14,15.956940170725762
157.5,0.14,16.645740042998032
159.0,0.14,17.410124532810993
160.5,0.14,18.244921009211225
162.0,0.14,19.14492201733194
163.5,0.14,20.10496573765467
165.0,0.14,21.120005083233504
166.5,0.14,22.185164941724445
168.0,0.14,23.29578761600118
169.5,0.14,24.44746696505492
171.0,0.14,25.636072089616064
172.5,0.14,26.857761646303707
174.0,0.14,28.10899001802374
175.5,0.14,29.386506628913505
177.0,0.14,30.687349683879102
178.5,0.14,32.008835551067826
180.0,0.14,33.34854490544477
181.5,0.14,34.7043066267233
183.0,0.14,36.07418030707652
184.5,0.14,37.45643808304261
186.0,0.14,38.849546369308314
187.5,0.14,40.25214794497796
189.0,0.14,41.663044728991025
190.5,0.14,43.08118148241751
192.0,0.14,44.50563059203449
193.5,0.14,45.935578021506174
195.0,0.14,47.370310462602504
105.0,0.15000000000000002,40.830421495374694
106.5,0.15000000000000002,39.392506149430666
108.0,0.15000000000000002,37.962138015107406
109.5,0.15000000000000002,36.540991492768036
111.0,0.15000000000000002,35.13102229453183
112.5,0.15000000000000002,33.73449548518096
114.0,0.15000000000000002,32.35401130425119
115.5,0.15000000000000002,30.992526918993832
117.0,0.15000000000000002,29.653371998346664
118.5,0.15000000000000002,28.340255863804458
120.0,0.15000000000000002,27.05726400698771
121.5,0.15000000000000002,25.80884199505244
123.0,0.15000000000000002,24.59976522384614
124.5,0.15000000000000002,23.435093612105977
126.0,0.15000000000000002,22.320111122032895
127.5,0.15000000000000002,21.260250885849622
129.0,0.15000000000000002,20.26100764322009
130.5,0.15000000000000002,19.327840072327962
132.0,0.15000000000000002,18.466066351201356
133.5,0.15000000000000002,17.68075684879173
135.0,0.15000000000000002,16.976628167798452
136.5,0.15000000000000002,16.357942815782216
138.0,0.15000000000000002,15.828418564501067
139.5,0.15000000000000002,15.391151090032833
141.0,0.15000000000000002,15.04855280896958
142.5,0.15000000000000002,14.802309994989589
144.0,0.15000000000000002,14.653359340683298
145.5,0.15000000000000002,14.601884189302073
147.0,0.15000000000000002,14.647329764023747
148.5,0.15000000000000002,14.788435923341645
150.0,0.15000000000000002,15.023285312638505
151.5,0.15000000000000002,15.349364291562077
153.0,0.15000000000000002,15.763633707039595
154.5,0.15000000000000002,16.26260645107879
156.0,0.15000000000000002,16.842428777275035
157.5,0.15000000000000002,17.498962527296506
159.0,0.15000000000000002,18.22786570952527
160.5,0.15000000000000002,19.02466924445223
162.0,0.15000000000000002,19.884848113107523
163.5,0.15000000000000002,20.80388558562987
165.0,0.15000000000000002,21.777329640773697
166.5,0.15000000000000002,22.80084109241038
168.0,0.15000000000000002,23.870233300069717
169.5,0.15000000000000002,24.981503646933568
171.0,0.15000000000000002,26.130857215147053
172.5,0.15000000000000002,27.314723273975098
174.0,0.15000000000000002,28.529765323844973
175.5,0.15000000000000002,29.772885513981603
177.0,0.15000000000000002,31.041224280181275
178.5,0.15000000000000002,32.332156040266995
180.0,0.15000000000000002,33.64328174614187
181.5,0.15000000000000002,34.972419031064774
183.0,0.15000000000000002,36.31759061607612
184.5,0.15000000000000002,37.677011556751516
186.0,0.15000000000000002,39.04907582592964
187.5,0.15000000000000002,40.432342643929694
189.0,0.15000000000000002,41.82552288816774
190.5,0.15000000000000002,43.22746584115189
192.0,0.15000000000000002,44.63714647091607
193.5,0.15000000000000002,46.05365338166507
195.0,0.15000000000000002,47.47617752483308
105.0,0.16,40.880766973268535
106.5,0.16,39.45484338671411
108.0,0.16,38.03861061003777
109.5,0.16,36.633973848779405
111.0,0.16,35.24311313041482
112.5,0.16,33.86850223837185
114.0,0.16,32.512923684379196
115.5,0.16,31.1794781353109
117.0,0.16,29.871586676573408
118.5,0.16,28.59298438160606
120.0,0.16,27.347703878505946
121.5,0.16,26.140047959571504
123.0,0.16,24.974550753196066
124.5,0.16,23.855927542326334
126.0,0.16,22.78901393102016
127.5,0.16,21.778695684735737
129.0,0.16,20.829831152516327
130.5,0.16,19.9471686741982
132.0,0.16,19.135261744012126
133.5,0.16,18.398384914915553
135.0,0.16,17.740453470115874
136.5,0.16,17.16494975797335
138.0,0.16,16.674858795764727
139.5,0.16,16.272615320353722
141.0,0.16,15.960063932336107
142.5,0.16,15.738433382993236
144.0,0.16,15.608325430719734
145.5,0.16,15.569718084432516
147.0,0.16,15.62198249049756
148.5,0.16,15.763912235127616
150.0,0.16,15.993763446346165
151.5,0.16,16.309303800401636
153.0,0.16,16.70786837066098
154.5,0.16,17.18642019882909
156.0,0.16,17.741613509031442
157.5,0.16,18.36985761050379
159.0,0.16,19.06737972706709
160.5,0.16,19.830285232607196
162.0,0.16,20.6546140428761
163.5,0.16,21.536392197778387
165.0,0.16,22.47167794967982
166.5,0.16,23.45660193962745
168.0,0.16,24.487401285072483
169.5,0.16,25.560447613086332
171.0,0.16,26.67226924827664
172.5,0.16,27.81956790325337
174.0,0.16,28.999230322225063
175.5,0.16,30.2083353974123
177.0,0.16,31.444157316879433
178.5,0.16,32.70416531530028
180.0,0.16,33.986020590605214
181.5,0.16,35.28757092400351
183.0,0.16,36.60684350290801
184.5,0.16,37.94203639981494
186.0,0.16,39.291509108724014
187.5,0.16,40.65377248717875
189.0,0.16,42.02747839885165
190.5,0.16,43.41140930063531
192.0,0.16,44.80446797074736
193.5,0.16,46.20566753130533
195.0,0.16,47.61412188066281
105.0,0.17,40.948230449945775
106.5,0.17,39.53664780294493
108.0,0.17,38.136993288132345
109.5,0.17,36.75136011273856
111.0,0.17,35.382099796370674
112.5,0.17,34.03183221020876
114.0,0.17,32.703450718290576
115.5,0.17,31.400121248407032
117.0,0.17,30.125274225658266
118.5,0.17,28.882588498563713
120.0,0.17,27.675966671120435
121.5,0.17,26.509501611148682
123.0,0.17,25.387434314812857
124.5,0.17,24.31410374265862
126.0,0.17,23.293889673787074
127.5,0.17,22.331150021218235
129.0,0.17,21.430154384646166
130.5,0.17,20.595015863007525
132.0,0.17,19.829623291664525
133.5,0.17,19.137576098631715
135.0,0.17,18.522123890661277
136.5,0.17,17.98611269069064
138.0,0.17,17.531939467693533
139.5,0.17,17.161516248291868
141.0,0.17,16.87624470000661
142.5,0.17,16.677001653641227
144.0,0.17,16.564135611427204
145.5,0.17,16.537473890480612
147.0,0.17,16.59633969661498
148.5,0.17,16.739578126035024
150.0,0.17,16.965589861477582
151.5,0.17,17.272371169676582
153.0,0.17,17.657558718768342
154.5,0.17,18.11847771362541
156.0,0.17,18.652191887138745
157.5,0.17,19.2555539769066
159.0,0.17,19.925255448959692
160.5,0.17,20.657874391840636
162.0,0.17,21.449920684498693
163.5,0.17,22.29787772978039
165.0,0.17,23.19824023271364
166.5,0.17,24.147547681730526
168.0,0.17,25.142413355521487
169.5,0.17,26.179548824106902
171.0,0.17,27.25578403727082
172.5,0.17,28.368083195483134
174.0,0.17,29.51355667781126
175.5,0.17,30.689469359053522
177.0,0.17,31.893245686122565
178.5,0.17,33.12247190379555
180.0,0.17,34.374895824858136
181.5,0.17,35.64842453206717
183.0,0.17,36.9411203818726
184.5,0.17,38.25119565497794
186.0,0.17,39.5770061688537
187.5,0.17,40.91704413426074
189.0,0.17,42.269930503389205
190.5,0.17,43.63440702277304
192.0,0.17,45.009328170795236
193.5,0.17,46.393653128173035
195.0,0.17,47.78643790087712
105.0,0.18,41.034711753195445
106.5,0.18,39.639684447056766
108.0,0.18,38.25885115168155
109.5,0.18,36.89444692449812
111.0,0.18,35.54894123948098
112.5,0.18,34.225040136275545
114.0,0.18,32.92568322614083
115.5,0.18,31.654034807080258
117.0,0.18,30.41346850947885
118.5,0.18,29.207545119359803
120.0,0.18,28.03998349789767
121.5,0.18,26.91462481752384
123.0,0.18,25.835390648143886
124.5,0.18,24.80623573146088
126.0,0.18,23.83109655721629
127.5,0.18,22.91383708427712
129.0,0.18,22.05819311725645
130.5,0.18,21.26771694553384
132.0,0.18,20.545723871011035
133.5,0.18,19.895242193816564
135.0,0.18,19.31896809653679
136.5,0.18,18.819226676765297
138.0,0.18,18.397940137524827
139.5,0.18,18.05660387031818
141.0,0.18,17.79627087210341
142.5,0.18,17.61754464112058
144.0,0.18,17.520580411833286
145.5,0.18,17.50509432892638
147.0,0.18,17.570379934436012
148.5,0.18,17.71533115791397
150.0,0.18,17.938470861324905
151.5,0.18,18.237983899581362
153.0,0.18,18.611753613110096
154.5,0.18,19.057400667342343
156.0,0.18,19.57232319057757
157.5,0.18,20.153737230179136
159.0,0.18,20.79871664074039
160.5,0.18,21.504231629734765
162.0,0.18,22.267185309432215
163.5,0.18,23.084447732241582
165.0,0.18,23.95288701456239
166.5,0.18,24.869397277035805
168.0,0.18,25.830923243064138
169.5,0.18,26.834481439890116
171.0,0.18,27.877178035585203
172.5,0.18,28.95622342003488
174.0,0.18,30.06894369820399
175.5,0.18,31.21278931000499
177.0,0.18,32.38534102383827
178.5,0.18,33.584313571546545
180.0,0.18,34.80755720255613
181.5,0.18,36.053057435949306
183.0,0.18,37.318933282708315
184.5,0.18,38.60343419796888
186.0,0.18,39.90493600628115
187.5,0.18,41.22193602293359
189.0,0.18,42.55304757253312
190.5,0.18,43.89699408325439
192.0,0.18,45.252602912306024
193.5,0.18,46.61879903588197
195.0,0.18,47.99459871567396
105.0,0.19,41.14170744788506
106.5,0.19,39.76526189256745
108.0,0.19,38.40524866004822
109.5,0.19,37.06399874369539
111.0,0.19,35.744048980892515
112.5,0.19,34.448137749258066
114.0,0.19,33.1791957717581
115.5,0.19,31.940331647851238
117.0,0.19,30.73481190787704
118.5,0.19,29.566035596507497
120.0,0.19,28.437503616617363
121.5,0.19,27.352783294141215
123.0,0.19,26.315468843554534
124.5,0.19,25.3291386092789
126.0,0.19,24.397310118863565
127.5,0.19,23.523394099948575
129.0,0.19,22.710648678489836
130.5,0.19,21.962134987594354
132.0,0.19,21.28067537500465
133.5,0.19,20.66881530638656
135.0,0.19,20.12878992741226
136.5,0.19,19.66249607859705
138.0,0.19,19.27147036275342
139.5,0.19,18.956873656247943
141.0,0.19,18.719482242437998
142.5,0.19,18.559685538521798
144.0,0.19,18.47749019419727
145.5,0.19,18.472530169097098
147.0,0.19,18.544082251293673
148.5,0.19,18.691086364745548
150.0,0.19,18.912169931067897
151.5,0.19,19.205675500459662
153.0,0.19,19.569690846562235
154.5,0.19,20.002080727824094
156.0,0.19,20.500519550079613
157.5,0.19,21.062524217405162
159.0,0.19,21.68548652648084
160.5,0.19,22.36670453919877
162.0,0.19,23.103412454828316
163.5,0.19,23.892808592726496
165.0,0.19,24.732081185882794
166.5,0.19,25.618431771574432
168.0,0.19,26.549096045724333
169.5,0.19,27.521362120435782
171.0,0.19,28.532586188415408
172.5,0.19,29.58020565290218
174.0,0.19,30.661749827054503
175.5,0.19,31.774848342651126
177.0,0.19,32.917237434882935
178.5,0.19,34.086764288635564
180.0,0.19,35.28138964281798
181.5,0.19,36.49918885393831
183.0,0.19,37.73835161923534
184.5,0.19,38.997180554240536
186.0,0.19,40.27408881061318
187.5,0.19,41.56759690835131
189.0,0.19,42.876328942833595
190.5,0.19,44.19900831229963
192.0,0.19,45.53445309594207
193.5,0.19,46.88157119726226
195.0,0.19,48.23935535215157
105.0,0.2,41.27032013759895
106.5,0.2,39.914261887754606
108.0,0.2,38.57680113920722
109.5,0.2,37.26032182170219
111.0,0.2,35.96738288695702
112.5,0.2,34.700709116991376
114.0,0.2,33.46317759602118
115.5,0.2,32.25779974015014
117.0,0.2,31.08769894098213
118.5,0.2,29.956084050190896
120.0,0.2,28.86621910250042
121.5,0.2,27.821389834833532
123.0,0.2,26.82486770058549
124.5,0.2,25.879872192330932
126.0,0.2,24.98953236778728
127.5,0.2,24.156848518640775
129.0,0.2,23.384654928246384
130.5,0.2,22.675584632830756
132.0,0.2,22.032037034304707
133.5,0.2,21.456149115538686
135.0,0.2,20.949770886727578
136.5,0.2,20.51444555094524
138.0,0.2,20.151394725278017
139.5,0.2,19.861508898145576
141.0,0.2,19.645343150283068
142.5,0.2,19.50311802238099
144.0,0.2,19.434725281585518
145.5,0.2,19.439738225884327
147.0,0.2,19.51742607256469
148.5,0.2,19.66677190598465
150.0,0.2,19.88649361127638
151.5,0.2,20.17506719374701
153.0,0.2,20.53075187726381
154.5,0.2,20.95161638675937
156.0,0.2,21.43556584764452
157.5,0.2,21.9803687755634
159.0,0.2,22.583683680624898
160.5,0.2,23.243084868083375
162.0,0.2,23.956087079645673
163.5,0.2,24.720168683614116
165.0,0.2,25.532793185703696
166.5,0.2,26.391428893716416
168.0,0.2,27.29356662679035
169.5,0.2,28.236735412519973
171.0,0.2,29.218516162059267
172.5,0.2,30.236553353887963
174.0,0.2,31.28856479104396
175.5,0.2,32.372349524343484
177.0,0.2,33.48579405566591
178.5,0.2,34.62687695116108
180.0,0.2,35.79367200475661
181.5,0.2,36.984350098170566
183.0,0.2,38.19717990540003
184.5,0.2,39.43052758798465
186.0,0.2,40.6828556228565
187.5,0.2,41.95272089787769
189.0,0.2,43.23877220177512
190.5,0.2,44.53974722561094
192.0,0.2,45.85446918259996
193.5,0.2,47.18184314239339
195.0,0.2,48.52085216519087
105.0,0.21000000000000002,41.421286936256145
106.5,0.21000000000000002,40.08718474750423
108.0,0.21000000000000002,38.77373732913951
109.5,0.21000000000000002,37.48334318789522
111.0,0.21000000000000002,36.21854473741314
112.5,0.21000000000000002,34.98201570405646
114.0,0.21000000000000002,33.77654489503524
115.5,0.21000000000000002,32.60501641281907
117.0,0.21000000000000002,31.470386530978338
118.5,0.21000000000000002,30.375657575114076
120.0,0.21000000000000002,29.323849271622237
121.5,0.21000000000000002,28.31796813048374
123.0,0.21000000000000002,27.36097551087234
124.5,0.21000000000000002,26.45575507621494
126.0,0.21000000000000002,25.605080375987853
127.5,0.21000000000000002,24.811583294120418
129.0,0.21000000000000002,24.077724079031714
130.5,0.21000000000000002,23.405763620080144
132.0,0.21000000000000002,22.797738562725662
133.5,0.21000000000000002,22.255439764078613
135.0,0.21000000000000002,21.780394486400155
136.5,0.21000000000000002,21.373852613494044
138.0,0.21000000000000002,21.036777058748804
139.5,0.21000000000000002,20.769838418567453
141.0,0.21000000000000002,20.573413815298093
142.5,0.21000000000000002,20.44758977316888
144.0,0.21000000000000002,20.39216888202239
145.5,0.21000000000000002,20.406679928922074
147.0,0.21000000000000002,20.490391118282545
148.5,0.21000000000000002,20.64232595759648
150.0,0.21000000000000002,20.861281357963556
151.5,0.21000000000000002,21.145847485745115
153.0,0.21000000000000002,21.494428902569222
154.5,0.21000000000000002,21.905266544025757
156.0,0.21000000000000002,22.376460110903736
157.5,0.21000000000000002,22.905990478784602
159.0,0.21000000000000002,23.491741770220074
160.5,0.21000000000000002,24.13152277664942
162.0,0.21000000000000002,24.823087462817142
163.5,0.21000000000000002,25.564154333078662
165.0,0.21000000000000002,26.35242448517042
166.5,0.21000000000000002,27.185598221545064
168.0,0.21000000000000002,28.0613901302354
169.5,0.21000000000000002,28.97754258565864
171.0,0.21000000000000002,29.93183765426125
172.5,0.21000000000000002,30.9221074201082
174.0,0.21000000000000002,31.946242771283103
175.5,0.21000000000000002,33.00220070929367
177.0,0.21000000000000002,34.088010260706255
178.5,0.21000000000000002,35.20177708319414
180.0,0.21000000000000002,36.34168686739716
181.5,0.21000000000000002,37.506007641813056
183.0,0.21000000000000002,38.69309109077862
184.5,0.21000000000000002,39.901372995856995
186.0,0.21000000000000002,41.129372909040356
187.5,0.21000000000000002,42.37569316250238
189.0,0.21000000000000002,43.63901731456086
190.5,0.21000000000000002,44.91810812539006
192.0,0.21000000000000002,46.21180514915751
193.5,0.21000000000000002,47.51902202192771
195.0,0.21000000000000002,48.83874351711361
105.0,0.22,41.59501900850019
106.5,0.22,40.284202158287975
108.0,0.22,38.99596476807369
109.5,0.22,37.732687089761264
111.0,0.22,36.49686331170559
112.5,0.22,35.291086852787174
114.0,0.22,34.118032749230764
115.5,0.22,32.980437334115194
117.0,0.22,31.881075507708392
118.5,0.22,30.822735986426288
120.0,0.22,29.808194995016798
121.5,0.22,28.840188926962178
123.0,0.22,27.921386539488214
124.5,0.22,27.054361270457232
126.0,0.22,26.241564264384362
127.5,0.22,25.485298674493798
129.0,0.22,24.787695768695883
130.5,0.22,24.150693311987126
132.0,0.22,23.57601662901192
133.5,0.22,23.065162671737095
135.0,0.22,22.619387331927435
136.5,0.22,22.239696149910237
138.0,0.22,21.92683848335861
139.5,0.22,21.681305115548398
141.0,0.22,21.50332920439221
142.5,0.22,21.39289040364836
144.0,0.22,21.349721927647728
145.5,0.22,21.373320281725455
147.0,0.22,21.462957342825423
148.5,0.22,21.617694448516918
150.0,0.22,21.83639813755559
151.5,0.22,22.117757180427077
153.0,0.22,22.4603005430281
154.5,0.22,22.862415939591735
156.0,0.22,23.3223686508205
157.5,0.22,23.838320308593786
159.0,0.22,24.408347378181812
160.5,0.22,25.03045910131867
162.0,0.22,25.702614697521092
163.5,0.22,26.422739655594114
165.0,0.22,27.18874098135892
166.5,0.22,27.998521300473385
168.0,0.22,28.84999174611974
169.5,0.22,29.741083589814487
171.0,0.22,30.669758599283913
172.5,0.22,31.634018130023996
174.0,0.22,32.63191097671357
175.5,0.22,33.66154002707181
177.0,0.22,34.72106777412119
178.5,0.22,35.80872075328439
180.0,0.22,36.92279297850921
181.5,0.22,38.061648456913616
183.0,0.22,39.22372286453709
184.5,0.22,40.4075244669489
186.0,0.22,41.61163436797265
187.5,0.22,42.83470616791108
189.0,0.22,44.07546510965509
190.5,0.22,45.33270678717452
192.0,0.22,46.605295486338136
193.5,0.22,47.89216222299647
195.0,0.22,49.192302537951264
105.0,0.23,41.791646162920074
106.5,0.23,40.50521153195719
108.0,0.23,39.24313266586209
109.5,0.23,38.00774449699014
111.0,0.23,36.80146802693746
112.5,0.23,35.626794559731735
114.0,0.23,34.486267719282765
115.5,0.23,33.38246351079005
117.0,0.23,32.31796875413971
118.5,0.23,31.295358275013815
120.0,0.23,30.31717128404578
121.5,0.23,29.385887404156026
123.0,0.23,28.503902820275957
124.5,0.23,27.673507023869675
126.0,0.23,26.896860607593993
127.5,0.23,26.175974534365423
129.0,0.23,25.512691261816805
130.5,0.23,24.908668049849723
132.0,0.23,24.365362718177305
133.5,0.23,23.88402205501324
135.0,0.23,23.465673009972647
136.5,0.23,23.11111673626921
138.0,0.23,22.820925481656438
139.5,0.23,22.5954422662018
141.0,0.23,22.43478322950053
142.5,0.23,22.338842481537753
144.0,0.23,22.30729925094166
145.5,0.23,22.339627092298613
147.0,0.23,22.43510489065595
148.5,0.23,22.592829386145265
150.0,0.23,22.81172893438624
151.5,0.23,23.090578218341417
153.0,0.23,23.428013633789153
154.5,0.23,23.822549082671202
156.0,0.23,24.272591925285404
157.5,0.23,24.776458862666793
159.0,0.23,25.33239154356475
160.5,0.23,25.938571715281103
162.0,0.23,26.593135763435416
163.5,0.23,27.29418851173277
165.0,0.23,28.039816178363452
166.5,0.23,28.82809841022867
168.0,0.23,29.657119339310945
169.5,0.23,30.524977626864548
171.0,0.23,31.429795480439157
172.5,0.23,32.36972664592293
174.0,0.23,33.342963391718726
175.5,0.23,34.34774251484945
177.0,0.23,35.382350409265655
178.5,0.23,36.44512724500952
180.0,0.23,37.53447031329284
181.5,0.23,38.64883659714482
183.0,0.23,39.786744630240364
184.5,0.23,40.94677570803049
186.0,0.23,42.1275745155404
187.5,0.23,43.32784923537539
189.0,0.23,44.54637119774913
190.5,0.23,45.781974131907106
192.0,0.23,47.0335530753024
193.5,0.23,48.3000629934503
195.0,0.23,49.58051715965909
105.0,0.24000000000000002,42.01106223803977
106.5,0.24000000000000002,40.74988805762834
108.0,0.24000000000000002,39.5146891330548
109.5,0.24000000000000002,38.307733571963084
111.0,0.24000000000000002,37.131350348896845
112.5,0.24000000000000002,35.987913287845295
114.0,0.24000000000000002,34.87982344332056
115.5,0.24000000000000002,33.80949015985371
117.0,0.24000000000000002,32.77931113357936
118.5,0.24000000000000002,31.791651832806757
120.0,0.24000000000000002,30.848824655999834
121.5,0.24000000000000002,29.953068214861784
123.0,0.24000000000000002,29.10652712726375
124.5,0.24000000000000002,28.311232690130904
126.0,0.24000000000000002,27.56908477712337
127.5,0.24000000000000002,26.881835271432255
129.0,0.24000000000000002,26.251073301924734
130.5,0.24000000000000002,25.6782125030862
132.0,0.24000000000000002,25.16448046765012
133.5,0.24000000000000002,24.71091050740261
135.0,0.24000000000000002,24.318335784225702
136.5,0.24000000000000002,23.98738582165619
138.0,0.24000000000000002,23.718485358542495
139.5,0.24000000000000002,23.511855461972438
141.0,0.24000000000000002,23.367516777457016
142.5,0.24000000000000002,23.28529476104533
144.0,0.24000000000000002,23.264826711012546
145.5,0.24000000000000002,23.305570396150678
147.0,0.24000000000000002,23.406814063429735
148.5,0.24000000000000002,23.567687599621927
150.0,0.24000000000000002,23.78717461897078
151.5,0.24000000000000002,24.064125251605144
153.0,0.24000000000000002,24.397269414511364
154.5,0.24000000000000002,24.78523035781439
156.0,0.24000000000000002,25.22653829316669
157.5,0.24000000000000002,25.719643927511743
159.0,0.24000000000000002,26.26293174369104
160.5,0.24000000000000002,26.854732888675112
162.0,0.24000000000000002,27.49333755003307
163.5,0.24000000000000002,28.177006721105165
165.0,0.24000000000000002,28.903983274761202
166.5,0.24000000000000002,29.672502284246654
168.0,0.24000000000000002,30.480800547140507
169.5,0.24000000000000002,31.327125284644527
171.0,0.24000000000000002,32.20974200313159
172.5,0.24000000000000002,33.12694151800021
174.0,0.24000000000000002,34.07704615135659
175.5,0.24000000000000002,35.05841512488046
177.0,0.24000000000000002,36.06944917744962
178.5,0.24000000000000002,37.10859444377751
180.0,0.24000000000000002,38.17434563553833
181.5,0.24000000000000002,39.26524857033405
183.0,0.24000000000000002,40.379902096507806
184.5,0.24000000000000002,41.51695946336974
186.0,0.24000000000000002,42.67512918699223
187.5,0.24000000000000002,43.85317546149708
189.0,0.24000000000000002,45.049918164812645
190.5,0.24000000000000002,46.264232506356734
192.0,0.24000000000000002,47.49504836210498
193.5,0.24000000000000002,48.74134934014939
195.0,0.24000000000000002,50.00217161722269
105.0,0.25,42.252968461337396
106.5,0.25,41.01773217101487
108.0,0.25,39.8099312461244
109.5,0.25,38.6317505438019
111.0,0.25,37.48541350805958
112.5,0.25,36.37316649505989
114.0,0.25,35.297262018033805
115.5,0.25,34.25994118610751
117.0,0.25,33.263415636215555
118.5,0.25,32.30984927282276
120.0,0.25,31.401340136045544
121.5,0.25,30.539902715075073
123.0,0.25,29.72745101106498
124.5,0.25,28.96578263270443
126.0,0.25,28.256564179660014
127.5,0.25,27.60131813524554
129.0,0.25,27.001411451492693
130.5,0.25,26.458045968721727
132.0,0.25,25.97225076920004
133.5,0.25,25.544876521914563
135.0,0.25,25.176591834115534
136.5,0.25,24.86788158622163
138.0,0.25,24.619047190816342
139.5,0.25,24.430208684533746
141.0,0.25,24.301308534147196
142.5,0.25,24.232117015458304
144.0,0.25,24.2222390057827
145.5,0.25,24.271122017917143
147.0,0.25,24.378065295289645
148.5,0.25,24.542229784254925
150.0,0.25,24.762648799828327
151.5,0.25,25.03823920510614
153.0,0.25,25.367812931707
154.5,0.25,25.750088678279262
156.0,0.25,26.183703635925365
157.5,0.25,26.667225102798657
159.0,0.25,27.199161864637635
160.5,0.25,27.777975233181138
162.0,0.25,28.40208964984209
163.5,0.25,29.069902777356333
165.0,0.25,29.779795017062263
166.5,0.25,30.53013840374952
168.0,0.25,31.31930484344112
169.5,0.25,32.14567367189028
171.0,0.25,33.00763852286528
172.5,0.25,33.90361350540291
174.0,0.25,34.83203869809441
175.5,0.25,35.79138497612905
177.0,0.25,36.78015819328509
178.5,0.25,37.796902746372915
180.0,0.25,38.84020455386254
181.5,0.25,39.90869348364804
183.0,0.25,41.0010452671963
184.5,0.25,42.115982938791774
186.0,0.25,43.25227783931235
187.5,0.25,44.408750224053165
189.0,0.25,45.58426951363958
190.5,0.25,46.777754226134014
192.0,0.25,47.98817162711783
193.5,0.25,49.21453713290535
195.0,0.25,50.45591350018326
105.0,0.26,42.51691309073029
106.5,0.26,41.308111315084204
108.0,0.26,40.128047525117644
109.5,0.26,38.97881136243902
111.0,0.26,37.86251173737665
112.5,0.26,36.78126190775207
114.0,0.26,35.73716390353118
115.5,0.26,34.732292550617984
117.0,0.26,33.768679358235175
118.5,0.26,32.84829653777567
120.0,0.26,31.973041416880847
121.5,0.26,31.144721501266318
123.0,0.26,30.365040419176374
124.5,0.26,29.635584960203776
126.0,0.26,28.957813392588918
127.5,0.26,28.33304521213093
129.0,0.26,27.762452442635944
130.5,0.26,27.247052573520914
132.0,0.26,26.787703185835024
133.5,0.26,26.38509828452523
135.0,0.26,26.03976632308976
136.5,0.26,25.752069877546102
138.0,0.26,25.522206900438313
139.5,0.26,25.350213462833068
141.0,0.26,25.235967873167887
142.5,0.26,25.179196046541513
144.0,0.26,25.17947798658585
145.5,0.26,25.236255234316296
147.0,0.26,25.34883913414059
148.5,0.26,25.51641976623538
150.0,0.26,25.738075396462953
151.5,0.26,26.01278229953082
153.0,0.26,26.33942481781604
154.5,0.26,26.716805526795504
156.0,0.26,27.143655387952528
157.5,0.26,27.618643781009027
159.0,0.26,28.140388319000245
160.5,0.26,28.70746436176151
162.0,0.26,29.31841415553675
163.5,0.26,29.971755538406768
165.0,0.26,30.665990162852367
166.5,0.26,31.399611197846493
168.0,0.26,32.171110483262765
169.5,0.26,32.9789851190011
171.0,0.26,33.821743479979865
172.5,0.26,34.69791065599378
174.0,0.26,35.606033322358776
175.5,0.26,36.54468405326765
177.0,0.26,37.51246509487981
178.5,0.26,38.50801161939951
180.0,0.26,39.52999448480988
181.5,0.26,40.57712252757604
183.0,0.26,41.648144417574365
184.5,0.26,42.7418501058119
186.0,0.26,43.85707189623708
187.5,0.26,44.99268517317878
189.0,0.26,46.14760881575275
190.5,0.26,47.32080533000515
192.0,0.26,48.51128072868538
193.5,0.26,49.71808418741073
195.0,0.26,50.94030750465543
105.0,0.27,42.802326486108306
106.5,0.27,41.62029566113305
108.0,0.27,40.468153085226604
109.5,0.27,39.34788501738921
111.0,0.27,38.26148052275016
112.5,0.27,37.21091756924362
114.0,0.27,36.19814880793703
115.5,0.27,35.22508726131874
117.0,0.27,34.29359214555102
118.5,0.27,33.40545504833267
120.0,0.27,32.56238667400145
121.5,0.27,31.76600435243827
123.0,0.27,31.01782048894678
124.5,0.27,30.319232109397436
126.0,0.27,29.671511629430526
127.5,0.27,29.075798949304545
129.0,0.27,28.53309494792478
130.5,0.27,28.044256421521265
132.0,0.27,27.60999248510691
133.5,0.27,27.230862428892824
135.0,0.27,26.907274997814202
136.5,0.27,26.639489040662042
138.0,0.27,26.427615456344597
139.5,0.27,26.271620348730753
141.0,0.27,26.17132928846228
142.5,0.27,26.126432570076147
144.0,0.27,26.13649134568658
145.5,0.27,26.200944512196966
147.0,0.27,26.319116227353202
148.5,0.27,26.49022393067093
150.0,0.27,26.7133867481037
151.5,0.27,26.98763416397626
153.0,0.27,27.311914849893853
154.5,0.27,27.68510554775674
156.0,0.27,28.106019912372233
157.5,0.27,28.57341722819603
159.0,0.27,29.086010924192607
160.5,0.27,29.642476820459564
162.0,0.27,30.241461049903904
163.5,0.27,30.881587607718835
165.0,0.27,31.56146549053828
166.5,0.27,32.27969539581953
168.0,0.27,33.03487596013195
169.5,0.27,33.8256095225351
171.0,0.27,34.65050740606792
172.5,0.27,35.50819471651165
174.0,0.27,36.397314663019756
175.5,0.27,37.31653240993525
177.0,0.27,38.26453847315267
178.5,0.27,39.2400516777588
180.0,0.27,40.24182169643204
181.5,0.27,41.268631190247405
183.0,0.27,42.31929757515357
184.5,0.27,43.392674438522
186.0,0.27,44.48765263085854
187.5,0.27,45.603161058066874
189.0,0.27,46.73816719960879
190.5,0.27,47.89167737757311
192.0,0.27,49.062736801073626
193.5,0.27,50.25042940960934
195.0,0.27,51.45387753805876
105.0,0.28,43.10855134418967
106.5,0.28,41.95348796725716
108.0,0.28,40.82931810714704
109.5,0.28,39.73791962451885
111.0,0.28,38.68115938301119
112.5,0.28,37.66088051545729
114.0,0.28,36.678889633492844
115.5,0.28,35.73694417293582
117.0,0.28,34.83674006286011
118.5,0.28,33.97989989728144
120.0,0.28,33.167961775345844
121.5,0.28,32.402368959447486
123.0,0.28,31.684460481498032
124.5,0.28,31.015462806316094
126.0,0.28,30.396482638530312
127.5,0.28,29.82850093617829
129.0,0.28,29.312368170989608
130.5,0.28,28.848800852749658
132.0,0.28,28.43837931366798
133.5,0.28,28.081546728745415
135.0,0.28,27.77860933009846
136.5,0.28,27.529737757303344
138.0,0.28,27.334969472243728
139.5,0.28,27.194212155768277
141.0,0.28,27.10724799471026
142.5,0.28,27.073738761437724
144.0,0.28,27.093231583996236
145.5,0.28,27.165165302924244
147.0,0.28,27.288877310789005
148.5,0.28,27.463610772201257
150.0,0.28,27.68852212529981
151.5,0.28,27.962688770224688
153.0,0.28,28.285116855687235
154.5,0.28,28.654749081177197
156.0,0.28,29.070472439400785
157.5,0.28,29.53112583102471
159.0,0.28,30.03550749151934
160.5,0.28,30.582382177691905
162.0,0.28,31.17048806922512
163.5,0.28,31.798543348070865
165.0,0.28,32.465252425783106
166.5,0.28,33.169311795728774
168.0,0.28,33.909415493521706
169.5,0.28,34.68426015493615
171.0,0.28,35.49254966594148
172.5,0.28,36.332999404337464
174.0,0.28,37.20434007675783
175.5,0.28,38.10532115855102
177.0,0.28,39.03471394725636
178.5,0.28,39.99131424309171
180.0,0.28,40.97394467208335
181.5,0.28,41.98145666922955
183.0,0.28,43.01273214043294
184.5,0.28,44.06668482289837
186.0,0.28,45.14226136430884
187.5,0.28,46.23844214140371
189.0,0.28,47.35424183862147
190.5,0.28,48.48870980727766
192.0,0.28,49.64093022535126
193.5,0.28,50.8100220773953
195.0,0.28,51.99513897338324
105.0,0.29000000000000004,43.43486821187247
106.5,0.29000000000000004,42.30684804464637
108.0,0.29000000000000004,41.21059044724743
109.5,0.29000000000000004,40.147862422280255
111.0,0.29000000000000004,39.12040858692184
112.5,0.29000000000000004,38.1299396764547
114.0,0.29000000000000004,37.17812118470165
115.5,0.29000000000000004,36.266562302013035
117.0,0.29000000000000004,35.39680530331123
118.5,0.29000000000000004,34.57031552729743
120.0,0.29000000000000004,33.78847207379211
121.5,0.29000000000000004,33.05255932985937
123.0,0.29000000000000004,32.363759417441585
124.5,0.29000000000000004,31.723145636279806
126.0,0.29000000000000004,31.13167695647123
127.5,0.29000000000000004,30.59019359564392
129.0,0.29000000000000004,30.09941369686569
130.5,0.29000000000000004,29.659931105471376
132.0,0.29000000000000004,29.272214226318784
133.5,0.29000000000000004,28.936605927847562
135.0,0.29000000000000004,28.65332444591792
136.5,0.29000000000000004,28.42246522888311
138.0,0.29000000000000004,28.24400365577379
139.5,0.29000000000000004,28.117798551862542
141.0,0.29000000000000004,28.0435964201974
142.5,0.29000000000000004,28.021036303868506
144.0,0.29000000000000004,28.04965519169145
145.5,0.29000000000000004,28.12889387951661
147.0,0.29000000000000004,28.258103200343704
148.5,0.29000000000000004,28.43655053866819
150.0,0.29000000000000004,28.663426547826223
151.5,0.29000000000000004,28.93785199336201
153.0,0.29000000000000004,29.258884650431476
154.5,0.29000000000000004,29.625526188816732
156.0,0.29000000000000004,30.036728985085063
157.5,0.29000000000000004,30.491402807646516
159.0,0.29000000000000004,30.98842132680081
160.5,0.29000000000000004,31.52662840820608
162.0,0.29000000000000004,32.10484415443826
163.5,0.29000000000000004,32.72187066535645
165.0,0.29000000000000004,33.376497493771154
166.5,0.29000000000000004,34.06750677837115
168.0,0.29000000000000004,34.793678040955406
169.5,0.29000000000000004,35.55379263970779
171.0,0.29000000000000004,36.346637874520674
172.5,0.29000000000000004,37.17101074421347
174.0,0.29000000000000004,38.025721358894806
175.5,0.29000000000000004,38.90959601369483
177.0,0.29000000000000004,39.82147993265402
178.5,0.29000000000000004,40.76023969371794
180.0,0.29000000000000004,41.72476534757022
181.5,0.29000000000000004,42.713972244470284
183.0,0.29000000000000004,43.726802584363455
184.5,0.29000000000000004,44.762226706340506
186.0,0.29000000000000004,45.81924413405598
187.5,0.29000000000000004,46.896884394009916
189.0,0.29000000000000004,47.99420762367515
190.5,0.29000000000000004,49.110304986347074
192.0,0.29000000000000004,50.244298909321785
193.5,0.29000000000000004,51.39534316160703
195.0,0.29000000000000004,52.5626227868511
105.0,0.30000000000000004,43.7805166208175
106.5,0.30000000000000004,42.67951244531241
108.0,0.30000000000000004,41.611013251836084
109.5,0.30000000000000004,40.576674754315775
111.0,0.30000000000000004,39.57812104324879
112.5,0.30000000000000004,38.61693433413522
114.0,0.30000000000000004,37.69464499173369
115.5,0.30000000000000004,36.812721961117674
117.0,0.30000000000000004,35.9725637264487
118.5,0.30000000000000004,35.17548990610689
120.0,0.30000000000000004,34.42273357880506
121.5,0.30000000000000004,33.715434420025744
123.0,0.30000000000000004,33.05463271204158
124.5,0.30000000000000004,32.44126427435563
126.0,0.30000000000000004,31.876156345051342
127.5,0.30000000000000004,31.360024427646433
129.0,0.30000000000000004,30.893470102928173
130.5,0.30000000000000004,30.476979791183876
132.0,0.30000000000000004,30.110924437444456
133.5,0.30000000000000004,29.79556008099462
135.0,0.30000000000000004,29.531029260580148
136.5,0.30000000000000004,29.317363198517146
138.0,0.30000000000000004,29.154484700297925
139.5,0.30000000000000004,29.042211701265686
141.0,0.30000000000000004,28.98026138843686
142.5,0.30000000000000004,28.968254823498164
144.0,0.30000000000000004,29.005721992288944
145.5,0.30000000000000004,29.092107206567185
147.0,0.30000000000000004,29.226774785420197
148.5,0.30000000000000004,29.409014946170473
150.0,0.30000000000000004,29.63804983790267
151.5,0.30000000000000004,29.913039654654618
153.0,0.30000000000000004,30.233088769736128
154.5,0.30000000000000004,30.5972518374358
156.0,0.30000000000000004,31.004539813423353
157.5,0.30000000000000004,31.45392585034535
159.0,0.30000000000000004,31.94435103034522
160.5,0.30000000000000004,32.474729901427295
162.0,0.30000000000000004,33.0439557896552
163.5,0.30000000000000004,33.650905864060434
165.0,0.30000000000000004,34.29444593579261
166.5,0.30000000000000004,34.97343497742111
168.0,0.30000000000000004,35.68672935237088
169.5,0.30000000000000004,36.433186748224365
171.0,0.30000000000000004,37.21166981102782
172.5,0.30000000000000004,38.021049480803846
174.0,0.30000000000000004,38.86020803118887
175.5,0.30000000000000004,39.72804181849441
177.0,0.30000000000000004,40.62346374754125
178.5,0.30000000000000004,41.545405463353006
180.0,0.30000000000000004,42.49281927923417
181.5,0.30000000000000004,43.46467985292264
183.0,0.30000000000000004,44.459985623406915
184.5,0.30000000000000004,45.47776002167189
186.0,0.30000000000000004,46.51705246908807
187.5,0.30000000000000004,47.576939177425274
189.0,0.30000000000000004,48.656523764562806
190.5,0.30000000000000004,49.75493769991284
192.0,0.30000000000000004,50.87134059338667
193.5,0.30000000000000004,52.004920341438805
195.0,0.30000000000000004,53.15489314333354
105.0,0.31,44.14471230323028
106.5,0.31,43.070610029019406
108.0,0.31,42.02963840434625
109.5,0.31,41.02334299982115
111.0,0.31,40.0532304103596
112.5,0.31,39.12075921457941
114.0,0.31,38.2273313050091
115.5,0.31,37.374283693436354
117.0,0.31,36.56288088496917
118.5,0.31,35.79430790221897
120.0,0.31,35.06966402785104
121.5,0.31,34.389957319965035
123.0,0.31,33.75609994074796
124.5,0.31,33.16890432491491
126.0,0.31,32.62908020093671
127.5,0.31,32.137232465203255
129.0,0.31,31.693859897311484
130.5,0.31,31.299354693774056
132.0,0.31,30.954002787743445
133.5,0.31,30.6579849139301
135.0,0.31,30.411378370805096
136.5,0.31,30.21415942643059
138.0,0.31,30.066206309835056
139.5,0.31,29.96730272669797
141.0,0.31,29.91714183615708
142.5,0.31,29.915330624718095
144.0,0.31,29.961394613427053
145.5,0.31,30.054782835551705
147.0,0.31,30.19487302389485
148.5,0.31,30.38097694941245
150.0,0.31,30.61234585591898
151.5,0.31,30.888175939216396
153.0,0.31,31.207613822876628
154.5,0.31,31.56976198704335
156.0,0.31,31.97368411089895
157.5,0.31,32.4184102937931
159.0,0.31,32.90294212436896
160.5,0.31,33.426257571295466
162.0,0.31,33.98731567335814
163.5,0.31,34.58506101063866
165.0,0.31,35.21842794228197
166.5,0.31,35.886344599886584
168.0,0.31,36.58773662883378
169.5,0.31,37.32153067288475
171.0,0.31,38.08665760010946
172.5,0.31,38.88205547066957
174.0,0.31,39.7066722491565
175.5,0.31,40.55946826609762
177.0,0.31,41.439418434889674
178.5,0.31,42.34551423181948
180.0,0.31,43.27676544799306
181.5,0.31,44.23220172293926
183.0,0.31,45.21087387038916
184.5,0.31,46.21185500728775
186.0,0.31,47.23424149747146
187.5,0.31,48.27715372167703
189.0,0.31,49.33973668563578
190.5,0.31,50.42116047798252
192.0,0.31,51.52062058957394
193.5,0.31,52.63733810559035
195.0,0.31,53.77055978149786
105.0,0.32,44.52666099151076
106.5,0.32,43.47927405054464
108.0,0.32,42.46553655717379
109.5,0.32,41.48688627900006
111.0,0.32,40.54471628855672
112.5,0.32,39.64036707253631
114.0,0.32,38.7751190721895
115.5,0.32,37.950185735984846
117.0,0.32,37.166707154971505
118.5,0.32,36.42574433983931
120.0,0.32,35.728274186752174
121.5,0.32,35.07518516694584
123.0,0.32,34.46727376311871
124.5,0.32,33.90524166404469
126.0,0.32,33.38969371782967
127.5,0.32,32.9211366339844
129.0,0.32,32.499978415146145
130.5,0.32,32.1265284909525
132.0,0.32,31.800998519320427
133.5,0.32,31.523503814252813
135.0,0.32,31.29406535429172
136.5,0.32,31.112612321840107
138.0,0.32,30.9789851207508
139.5,0.32,30.892938817767643
141.0,0.32,30.854146952533004
142.5,0.32,30.862205660862912
144.0,0.32,30.916638056748408
145.5,0.32,31.016898819973097
147.0,0.32,31.162378938249212
148.5,0.32,31.352410555271085
150.0,0.32,31.586271878974394
151.5,0.32,31.863192107483858
153.0,0.32,32.18235633364822
154.5,0.32,32.54291039262492
156.0,0.32,32.94396562061543
157.5,0.32,33.38460349650947
159.0,0.32,33.86388014181206
160.5,0.32,34.38083065776115
162.0,0.32,34.93447328195153
163.5,0.32,35.52381335003452
165.0,0.32,36.147847051134285
166.5,0.32,36.80556496849322
168.0,0.32,37.49595539951715
169.5,0.32,38.21800745182472
171.0,0.32,38.97071391411462
172.5,0.32,39.75307390264516
174.0,0.32,40.564095285877194
175.5,0.32,41.40279689137181
177.0,0.32,42.268210500361576
178.5,0.32,43.15938263654534
180.0,0.32,44.07537615659459
181.5,0.32,45.015271650626396
183.0,0.32,45.978168661496866
184.5,0.32,46.963186732221864
186.0,0.32,47.96946629114692
187.5,0.32,48.996169384680975
189.0,0.32,50.04248026749187
190.5,0.32,51.10760586004934
192.0,0.32,52.19077608330241
193.5,0.32,53.29124408010946
195.0,0.32,54.408286332805325
105.0,0.33,44.92556929982919
106.5,0.33,43.90465135780238
108.0,0.33,42.91780440522098
109.5,0.33,41.966361627261605
111.0,0.33,41.05160719353685
112.5,0.33,40.17476943952127
114.0,0.33,39.33701451274694
115.5,0.33,38.53944054504832
117.0,0.33,37.78307240209744
118.5,0.33,37.06885705107246
120.0,0.33,36.397659576801004
121.5,0.33,35.77025986635258
123.0,0.33,35.18734997202719
124.5,0.33,34.64953215317963
126.0,0.33,34.157317588474434
127.5,0.33,33.711125742105644
129.0,0.33,33.31128436031743
130.5,0.33,32.95803006828733
132.0,0.33,32.651509532108406
133.5,0.33,32.391781146239296
135.0,0.33,32.178817203364666
136.5,0.33,32.012506501086506
138.0,0.33,31.892657338210647
139.5,0.33,31.819000852529573
141.0,0.33,31.791194651876157
142.5,0.33,31.808826690751893
144.0,0.33,31.8714193459418
145.5,0.33,31.9784336461372
147.0,0.33,32.12927361261872
148.5,0.33,32.32329067042747
150.0,0.33,32.559788092099524
151.5,0.33,32.83802543889036
153.0,0.33,33.15722296740389
154.5,0.33,33.516565972612895
156.0,0.33,33.91520904135592
157.5,0.33,34.3522801934794
159.0,0.33,34.826884890818356
160.5,0.33,35.33810989714548
162.0,0.33,35.885026975033625
163.5,0.33,36.466696408252766
165.0,0.33,37.08217034083775
166.5,0.33,37.73049592630876
168.0,0.33,38.41071828268776
169.5,0.33,39.12188325093541
171.0,0.33,39.8630399562199
172.5,0.33,40.63324317303697
174.0,0.33,41.431555496619495
175.5,0.33,42.25704932432127
177.0,0.33,43.10880865173344
178.5,0.33,43.98593068920562
180.0,0.33,44.88752730520477
181.5,0.33,45.81272630356496
183.0,0.33,46.76067254216832
184.5,0.33,47.73052890096651
186.0,0.33,48.721477107509905
187.5,0.33,49.73271842831115
189.0,0.33,50.76347423444125
190.5,0.33,51.81298644975106
192.0,0.33,52.880517890032365
193.5,0.33,53.96535250130353
195.0,0.33,55.06679550521491
105.0,0.33999999999999997,45.34065315338645
106.5,0.33999999999999997,44.34590922474756
108.0,0.33999999999999997,43.385569760558916
109.5,0.33999999999999997,42.46086720854295
111.0,0.33999999999999997,41.57298186752307
112.5,0.33999999999999997,40.72303605472153
114.0,0.33999999999999997,39.9120887511537
115.5,0.33999999999999997,39.14113076982733
117.0,0.33999999999999997,38.41108048230737
118.5,0.33999999999999997,37.72278013001002
120.0,0.33999999999999997,37.07699273753548
121.5,0.33999999999999997,36.47439963661288
123.0,0.33999999999999997,35.91559860096032
124.5,0.33999999999999997,35.40110258467794
126.0,0.33999999999999997,34.93133904978812
127.5,0.33999999999999997,34.50664986228347
129.0,0.33999999999999997,34.127291730581305
130.5,0.33999999999999997,33.79343715564306
132.0,0.33999999999999997,33.505175858190974
133.5,0.33999999999999997,33.26251664544013
135.0,0.33999999999999997,33.0653896775206
136.5,0.33999999999999997,32.91364909226134
138.0,0.33999999999999997,32.80707594618596
139.5,0.33999999999999997,32.74538142938022
141.0,0.33999999999999997,32.728210312262206
142.5,0.33999999999999997,32.755144583159904
144.0,0.33999999999999997,32.82570723690735
145.5,0.33999999999999997,32.93936617634256
147.0,0.33999999999999997,33.095538190569144
148.5,0.33999999999999997,33.293592976059436
150.0,0.33999999999999997,33.53285716907931
151.5,0.33999999999999997,33.81261836044577
153.0,0.33999999999999997,34.132129066239244
154.5,0.33999999999999997,34.4906106307394
156.0,0.33999999999999997,34.88725704049904
157.5,0.33999999999999997,35.321238631075
159.0,0.33999999999999997,35.791705670476155
160.5,0.33999999999999997,36.29779180583747
162.0,0.33999999999999997,36.83861736216436
163.5,0.33999999999999997,37.41329248420315
165.0,0.33999999999999997,38.0209201145631
166.5,0.33999999999999997,38.66059880313783
168.0,0.33999999999999997,39.33142534464397
169.5,0.33999999999999997,40.03249724270912
171.0,0.33999999999999997,40.76291500039774
172.5,0.33999999999999997,41.521784238370635
174.0,0.33999999999999997,42.30821764302513
175.5,0.33999999999999997,43.12133674797448
177.0,0.33999999999999997,43.96027355309564
178.5,0.33999999999999997,44.82417198611414
180.0,0.33999999999999997,45.71218921231107
181.5,0.33999999999999997,46.6234967984398
183.0,0.33999999999999997,47.557281737335046
184.5,0.33999999999999997,48.5127473399949
186.0,0.33999999999999997,49.48911400212634
187.5,0.33999999999999997,50.485619852274795
189.0,0.33999999999999997,51.50152128871554
190.5,0.33999999999999997,52.5360934122805
192.0,0.33999999999999997,53.588630362233076
193.5,0.33999999999999997,54.65844556219361
195.0,0.33999999999999997,55.74487188296943
105.0,0.35,45.771144184583235
106.5,0.35,44.802240271681505
108.0,0.35,43.86799489526425
109.5,0.35,42.969544029744185
111.0,0.35,42.10796936613701
112.5,0.35,41.28429337575469
114.0,0.35,40.49947485030914
115.5,0.35,39.75440494949312
117.0,0.35,39.049903778988764
118.5,0.35,38.386717513889025
120.0,0.35,37.76551607485143
121.5,0.35,37.186891357059544
123.0,0.35,36.651356005345285
124.5,0.35,36.159342722704665
126.0,0.35,35.71120409397129
127.5,0.35,35.30721290164011
129.0,0.35,34.94756290676593
130.5,0.35,34.632370064507725
132.0,0.35,34.361674141227425
133.5,0.35,34.13544069806354
135.0,0.35,33.95356340454444
136.5,0.35,33.81586664504212
138.0,0.35,33.722108380644585
139.5,0.35,33.67198322929314
141.0,0.35,33.66512572772946
142.5,0.35,33.70111373987487
144.0,0.35,33.779471977661956
145.5,0.35,33.899675602002375
147.0,0.35,34.06115387345365
148.5,0.35,34.263293824189475
150.0,0.35,34.505443925040616
151.5,0.35,34.786917723612945
153.0,0.35,35.1069974317656
154.5,0.35,35.46493744301719
156.0,0.35,35.85996776270608
157.5,0.35,36.29129733594151
159.0,0.35,36.75811726051924
160.5,0.35,37.259603874026894
162.0,0.35,37.79492170630983
163.5,0.35,38.3632262903005
165.0,0.35,38.96366682592676
166.5,0.35,39.59538869339562
168.0,0.35,40.2575358136039
169.5,0.35,40.94925285474807
171.0,0.35,41.66968728539739
172.5,0.35,42.41799127535933
174.0,0.35,43.193323446605056
175.5,0.35,43.99485047734478
177.0,0.35,44.82174856304902
178.5,0.35,45.673204738813446
180.0,0.35,46.548418067961904
181.5,0.35,47.446600702191986
183.0,0.35,48.36697881888218
184.5,0.35,49.30879344142493
186.0,0.35,50.271301148614114
187.5,0.35,51.25377467922188
189.0,0.35,52.25550343794316
190.5,0.35,53.275793908880686
192.0,0.35,54.313969982690885
193.5,0.35,55.369373203421006
195.0,0.35,56.44136294094149
105.0,0.36,46.216294463380216
106.5,0.36,45.272865856333304
108.0,0.36,44.364278536513325
109.5,0.36,43.4915765259276
111.0,0.36,42.655748262184886
112.5,0.36,41.857722469786935
114.0,0.36,41.098364495314755
115.5,0.36,40.3784731265209
117.0,0.36,39.69877790828595
118.5,0.36,39.05993696162397
120.0,0.36,38.46253530553501
121.5,0.36,37.90708367558736
123.0,0.36,37.39401782772843
124.5,0.36,36.9236983110206
126.0,0.36,36.49641068880398
127.5,0.36,36.11236618421161
129.0,0.36,35.77170272300962
130.5,0.36,35.47448634438418
132.0,0.36,35.22071294853265
133.5,0.36,35.01031034870083
135.0,0.36,34.84314059460884
136.5,0.36,34.71900253397754
138.0,0.36,34.63763457906389
139.5,0.36,34.59871764568657
141.0,0.36,34.60187823312545
142.5,0.36,34.646691614461275
144.0,0.36,34.73268510834205
145.5,0.36,34.859341404766965
147.0,0.36,35.02610191923691
148.5,0.36,35.23237015148196
150.0,0.36,35.477515026912855
151.5,0.36,35.76087420091835
153.0,0.36,36.081757308115776
154.5,0.36,36.43944914063314
156.0,0.36,36.833212741434245
157.5,0.36,37.26229240057546
159.0,0.36,37.7259165440882
160.5,0.36,38.22330050690356
162.0,0.36,38.753649182860734
163.5,0.36,39.31615954636698
165.0,0.36,39.91002304169603
166.5,0.36,40.53442783721924
168.0,0.36,41.18856094306109
169.5,0.36,41.87161019175876
171.0,0.36,42.58276608247982
172.5,0.36,43.321223490225535
174.0,0.36,44.08618324221168
175.5,0.36,44.87685356429085
177.0,0.36,45.69245140085198
178.5,0.36,46.53220361212321
180.0,0.36,47.39534805320581
181.5,0.36,48.28113453949713
183.0,0.36,49.18882570341559
184.5,0.36,50.1176977475354
186.0,0.36,51.06704109937031
187.5,0.36,52.03616097312849
189.0,0.36,53.024377843791434
190.5,0.36,54.03102783886375
192.0,0.36,55.05546305309153
193.5,0.36,56.097051791371136
195.0,0.36,57.15517874496295
105.0,0.37,46.67537987722285
106.5,0.37,45.75703825551152
108.0,0.37,44.87365682596432
109.5,0.37,44.02619230901393
111.0,0.37,43.21554522952604
112.5,0.37,42.44255651010596
114.0,0.37,41.70800450824502
115.5,0.37,41.012602508491995
117.0,0.37,40.356996674814596
118.5,0.37,39.7417644626493
120.0,0.37,39.16741348490129
121.5,0.37,38.63438082139439
123.0,0.37,38.143032757030404
124.5,0.37,37.69366493021298
126.0,0.37,37.28650286993476
127.5,0.37,36.9217028973177
129.0,0.37,36.59935336531663
130.5,0.37,36.31947620873092
132.0,0.37,36.08202877558353
133.5,0.37,35.8869059102927
135.0,0.37,35.73394225883945
136.5,0.37,35.62291476628227
138.0,0.37,35.55354533745103
139.5,0.37,35.52550363242121
141.0,0.37,35.53840996938443
142.5,0.37,35.59183830875455
144.0,0.37,35.68531929373995
145.5,0.37,35.81834332413383
147.0,0.37,35.990363641696774
148.5,0.37,36.20079940719172
150.0,0.37,36.4490387508574
151.5,0.37,36.73444177984659
153.0,0.37,37.05634352788289
154.5,0.37,37.41405683409417
156.0,0.37,37.80687513963534
157.5,0.37,38.23407519231285
159.0,0.37,38.694919650949686
160.5,0.37,39.188659582681254
162.0,0.37,39.7145368477337
163.5,0.37,40.271786367511936
165.0,0.37,40.85963827300236
166.5,0.37,41.47731993158183
168.0,0.37,42.124057851312436
169.5,0.37,42.79907946269838
171.0,0.37,43.50161477868334
172.5,0.37,44.23089793438143
174.0,0.37,44.98616860866144
175.5,0.37,45.7666733302509
177.0,0.37,46.57166667149436
178.5,0.37,47.40041233329479
180.0,0.37,48.252184125095596
181.5,0.37,49.12626684402387
183.0,0.37,50.021957057522116
184.5,0.37,50.93856379394831
186.0,0.37,51.87540914573006
187.5,0.37,52.831828789718266
189.0,0.37,53.807172429410144
190.5,0.37,54.80080416369719
192.0,0.37,55.81210278675378
193.5,0.37,56.84046202361078
195.0,0.37,57.885290705867945
105.0,0.38,47.147702427176895
106.5,0.38,46.25404190084971
108.0,0.38,45.39540349435855
109.5,0.38,44.57266130968975
111.0,0.38,43.78663320814411
112.5,0.38,43.03807804488069
114.0,0.38,42.32769332225624
115.5,0.38,41.65611326621095
117.0,0.38,41.023907324894225
118.5,0.38,40.43157908405988
120.0,0.38,39.8795655895307
121.5,0.38,39.368237063263216
123.0,0.38,38.89789699626227
124.5,0.38,38.46878259879546
126.0,0.38,38.08106558604631
127.5,0.38,37.7348532755019
129.0,0.38,37.43018997097984
130.5,0.38,37.167058607234964
132.0,0.38,36.945382628515674
133.5,0.38,36.765028074233726
135.0,0.38,36.62580584503173
136.5,0.38,36.52747412294363
138.0,0.38,36.46974092000995
139.5,0.38,36.45226673059259
141.0,0.38,36.47466726370228
142.5,0.38,36.53651623286578
144.0,0.38,36.63734818239608
145.5,0.38,36.77666133034903
147.0,0.38,36.95392040993305
148.5,0.38,37.168559492658844
150.0,0.38,37.41998477804774
151.5,0.38,37.707577336248264
153.0,0.38,38.030695791414814
154.5,0.38,38.38867893517432
156.0,0.38,38.78084826092701
157.5,0.38,39.20651041109079
159.0,0.38,39.66495953069448
160.5,0.38,40.15547952194841
162.0,0.38,40.67734619556744
163.5,0.38,41.22982931568619
165.0,0.38,41.81219453619082
166.5,0.38,42.423705227193864
168.0,0.38,43.0636241911968
169.5,0.38,43.73121526922681
171.0,0.38,44.42574483789425
172.5,0.38,45.14648319890457
174.0,0.38,45.8927058630715
175.5,0.38,46.663694731325776
177.0,0.38,47.458739175592754
178.5,0.38,48.277137022734635
180.0,0.38,49.11819544501625
181.5,0.38,49.98123176076564
183.0,0.38,50.86557414906581
184.5,0.38,51.77056228243308
186.0,0.38,52.69554788151959
187.5,0.38,53.63989519592214
189.0,0.38,54.602981415192566
190.5,0.38,55.58419701412966
192.0,0.38,56.582946036392876
193.5,0.38,57.598646320415355
195.0,0.38,58.630729671513706
105.0,0.39,47.63259166295736
106.5,0.39,46.76319388361678
108.0,0.39,45.92882945136545
109.5,0.39,45.130294491251355
111.0,0.39,44.368329302660825
112.5,0.39,43.64361616003228
114.0,0.39,42.956777504285824
115.5,0.39,42.30837452386251
117.0,0.39,41.698906120092744
118.5,0.39,41.12880824783106
120.0,0.39,40.59845361893649
121.5,0.39,40.10815175325165
123.0,0.39,39.65814935924507
124.5,0.39,39.24863102442599
126.0,0.39,38.87972019400398
127.5,0.39,38.55148041503094
129.0,0.39,38.26391682240522
130.5,0.39,38.01697784261111
132.0,0.39,37.81055709088102
133.5,0.39,37.64449543757182
135.0,0.39,37.5185832199075
136.5,0.39,37.432562575827426
138.0,0.39,37.38612987745786
139.5,0.39,37.37893824266699
141.0,0.39,37.410600104237695
142.5,0.39,37.48068981737099
144.0,0.39,37.588746287493024
145.5,0.39,37.73427560165028
147.0,0.39,37.91675364812692
148.5,0.39,38.135628710279306
150.0,0.39,38.39032402194205
151.5,0.39,38.68024027310324
153.0,0.39,39.00475805585627
154.5,0.39,39.363240241908784
156.0,0.39,39.755034284147655
157.5,0.39,40.179474435925286
159.0,0.39,40.63588388283106
160.5,0.39,41.12357678274874
162.0,0.39,41.64186021096393
163.5,0.39,42.19003600798031
165.0,0.39,42.76740252852594
166.5,0.39,43.37325629098134
168.0,0.39,44.00689352714254
169.5,0.39,44.66761163284357
171.0,0.39,45.354710520509244
172.5,0.39,46.067493875191595
174.0,0.39,46.80527031606334
175.5,0.39,47.56735446570819
177.0,0.39,48.35306792985555
178.5,0.39,49.16174019046847
180.0,0.39,49.99270941530569
181.5,0.39,50.8453231872485
183.0,0.39,51.71893915681365
184.5,0.39,52.612925621365385
186.0,0.39,53.52666203460409
187.5,0.39,54.45953944993615
189.0,0.39,55.41096090133932
190.5,0.39,56.38034172531627
192.0,0.39,57.36710982749206
193.5,0.39,58.37070589735405
195.0,0.39,59.39058357456086
105.0,0.4,48.12940544095109
106.5,0.4,47.28384390244859
108.0,0.4,46.47328194883842
109.5,0.4,45.69844227327151
111.0,0.4,44.959992528330446
112.5,0.4,44.25854362398263
114.0,0.4,43.59464838660164
115.5,0.4,42.96880057390409
117.0,0.4,42.38143423725674
118.5,0.4,41.83292341979674
120.0,0.4,41.32358217619186
121.5,0.4,40.85366489764513
123.0,0.4,40.42336692391633
124.5,0.4,40.032825422675835
126.0,0.4,39.682120515407505
127.5,0.4,39.37127662832023
129.0,0.4,39.10026404627642
130.5,0.4,38.86900064758696
132.0,0.4,38.67735379761595
133.5,0.4,38.52514237946442
135.0,0.4,38.41213894052538
136.5,0.4,38.33807193440032
138.0,0.4,38.30262803850601
139.5,0.4,38.30545452866035
141.0,0.4,38.34616169298786
142.5,0.4,38.42432526860805
144.0,0.4,38.53948888574389
145.5,0.4,38.69116650509106
147.0,0.4,38.87884483550674
148.5,0.4,39.10198572029324
150.0,0.4,39.36002848155562
151.5,0.4,39.65239221328735
153.0,0.4,39.97847801498246
154.5,0.4,40.33767115866923
156.0,0.4,40.72934318331181
157.5,0.4,41.152853911520296
159.0,0.4,41.60755338444643
160.5,0.4,42.09278371162006
162.0,0.4,42.60788083329342
163.5,0.4,43.152176193613414
165.0,0.4,43.724998323629386
166.5,0.4,44.325674333771076
168.0,0.4,44.953531315997
169.5,0.4,45.60789765632161
171.0,0.4,46.28810425887879
172.5,0.4,46.99348568307847
174.0,0.4,47.72338119575543
175.5,0.4,48.47713574051053
177.0,0.4,49.254100826692664
178.5,0.4,50.05363534068259
180.0,0.4,50.875106282309034
181.5,0.4,51.71788942936233
183.0,0.4,52.58136993327257
184.5,0.4,53.464942849092274
186.0,0.4,54.368013602965874
187.5,0.4,55.289998400291005
189.0,0.4,56.23032457777347
190.5,0.4,57.18843090255789
192.0,0.4,58.16376782157795
193.5,0.4,59.1557976642177
195.0,0.4,60.16399480131048
105.0,0.41000000000000003,48.63753015613527
106.5,0.41000000000000003,47.81537379352372
108.0,0.41000000000000003,47.028143441592164
109.5,0.41000000000000003,46.276492770525095
111.0,0.41000000000000003,45.561021488901645
112.5,0.41000000000000003,44.882274076180835
114.0,0.41000000000000003,44.24073884613143
115.5,0.41000000000000003,43.63684733307822
117.0,0.41000000000000003,43.07097399012708
118.5,0.41000000000000003,42.543436186181644
120.0,0.41000000000000003,42.054494486572295
121.5,0.41000000000000003,41.604353200481015
123.0,0.41000000000000003,41.193161177045326
124.5,0.41000000000000003,40.8210128310497
126.0,0.41000000000000003,40.487949378440035
127.5,0.41000000000000003,40.193960261504
129.0,0.41000000000000003,39.938984743423504
130.5,0.41000000000000003,39.72291365199971
132.0,0.41000000000000003,39.54559125264835
133.5,0.41000000000000003,39.406817231239366
135.0,0.41000000000000003,39.30634876798514
136.5,0.41000000000000003,39.243902684338735
138.0,0.41000000000000003,39.21915764572777
139.5,0.41000000000000003,39.2317564038964
141.0,0.41000000000000003,39.28130806363902
142.5,0.41000000000000003,39.36739035976399
144.0,0.41000000000000003,39.489551931209974
145.5,0.41000000000000003,39.6473145803336
147.0,0.41000000000000003,39.84017550648303
148.5,0.41000000000000003,40.06760950405677
150.0,0.41000000000000003,40.329071116308185
151.5,0.41000000000000003,40.6239967371884
153.0,0.41000000000000003,40.95180665451362
154.5,0.41000000000000003,41.31190702869405
156.0,0.41000000000000003,41.70369180216333
157.5,0.41000000000000003,42.12654453550089
159.0,0.41000000000000003,42.579840167035535
160.5,0.41000000000000003,43.062946693464504
162.0,0.41000000000000003,43.575226769707214
163.5,0.41000000000000003,44.116039226847576
165.0,0.41000000000000003,44.684740507594185
166.5,0.41000000000000003,45.28068601921195
168.0,0.41000000000000003,45.903231404349725
169.5,0.41000000000000003,46.551733730608845
171.0,0.41000000000000003,47.22555260007033
172.5,0.41000000000000003,47.92405118032509
174.0,0.41000000000000003,48.64659715883368
175.5,0.41000000000000003,49.39256362268629
177.0,0.41000000000000003,50.16132986603574
178.5,0.41000000000000003,50.95228212764742
180.0,0.41000000000000003,51.76481426114426
181.5,0.41000000000000003,52.598328340632456
183.0,0.41000000000000003,53.4522352044716
184.5,0.41000000000000003,54.32595494000681
186.0,0.41000000000000003,55.21891731211137
187.5,0.41000000000000003,56.13056213840086
189.0,0.41000000000000003,57.06033961396968
190.5,0.41000000000000003,58.0077105884816
192.0,0.41000000000000003,58.972146798406996
193.5,0.41000000000000003,59.95313105714995
195.0,0.41000000000000003,60.950157405750794
105.0,0.42000000000000004,49.15638057065816
106.5,0.42000000000000004,48.357196754355066
108.0,0.42000000000000004,47.59283024233419
109.5,0.42000000000000004,46.863869927008594
111.0,0.42000000000000004,46.17085204786426
112.5,0.42000000000000004,45.51425930185799
114.0,0.42000000000000004,44.8945202549539
115.5,0.42000000000000004,44.31200904456131
117.0,0.42000000000000004,43.767045360519205
118.5,0.42000000000000004,43.25989469048157
120.0,0.42000000000000004,42.790768814089304
121.5,0.42000000000000004,42.35982652915362
123.0,0.42000000000000004,41.967174592208366
124.5,0.42000000000000004,41.61286885519448
126.0,0.42000000000000004,41.29691557969848
127.5,0.42000000000000004,41.019272910055605
129.0,0.42000000000000004,40.77985248672391
130.5,0.42000000000000004,40.57852118161449
132.0,0.42000000000000004,40.415102937501686
133.5,0.42000000000000004,40.289380694212596
135.0,0.42000000000000004,40.20109838498688
136.5,0.42000000000000004,40.14996298718191
138.0,0.42000000000000004,40.13564661235861
139.5,0.42000000000000004,40.15778862170045
141.0,0.42000000000000004,40.21599775367377
142.5,0.42000000000000004,40.309854251819935
144.0,0.42000000000000004,40.43891198156378
145.5,0.42000000000000004,40.602700525915154
147.0,0.42000000000000004,40.80072725092474
148.5,0.42000000000000004,41.03247933271703
150.0,0.42000000000000004,41.297425738861605
151.5,0.42000000000000004,41.59501915774588
153.0,0.42000000000000004,41.92469787047732
154.5,0.42000000000000004,42.28588756066627
156.0,0.42000000000000004,42.678003058217186
157.5,0.42000000000000004,43.100450013985025
159.0,0.42000000000000004,43.55262650283487
160.5,0.42000000000000004,44.033924553273984
162.0,0.42000000000000004,44.54373160240629
163.5,0.42000000000000004,45.0814318754923
165.0,0.42000000000000004,45.64640768988193
166.5,0.42000000000000004,46.238040683524616
168.0,0.42000000000000004,46.85571296865399
169.5,0.42000000000000004,47.49880821159314
171.0,0.42000000000000004,48.16671263993369
172.5,0.42000000000000004,48.85881597861153
174.0,0.42000000000000004,49.57451231663204
175.5,0.42000000000000004,50.31320090639703
177.0,0.42000000000000004,51.07428689774785
178.5,0.42000000000000004,51.857182008977745
180.0,0.42000000000000004,52.66130513717096
181.5,0.42000000000000004,53.48608291031159
183.0,0.42000000000000004,54.33095018366264
184.5,0.42000000000000004,55.195350482957245
186.0,0.42000000000000004,56.07873639696097
187.5,0.42000000000000004,56.98056992197117
189.0,0.42000000000000004,57.90032276080467
190.5,0.42000000000000004,58.83747657880289
192.0,0.42000000000000004,59.79152321934545
193.5,0.42000000000000004,60.76196488131871
195.0,0.42000000000000004,61.74831426092978
105.0,0.43000000000000005,49.68539933827908
106.5,0.43000000000000005,48.908756349156405
108.0,0.43000000000000005,48.16679104536785
109.5,0.43000000000000005,47.460031604807824
111.0,0.43000000000000005,46.78895503706903
112.5,0.43000000000000005,46.15398662094251
114.0,0.43000000000000005,45.5554996141285
115.5,0.43000000000000005,44.993815223508946
117.0,0.43000000000000005,44.46920282271736
118.5,0.43000000000000005,43.98188040242155
120.0,0.43000000000000005,43.532015237696186
121.5,0.43000000000000005,43.11972475609032
123.0,0.43000000000000005,42.74507758947121
124.5,0.43000000000000005,42.40809479243256
126.0,0.43000000000000005,42.1087512099671
127.5,0.43000000000000005,41.84697697720624
129.0,0.43000000000000005,41.62265913429279
130.5,0.43000000000000005,41.43564333986359
132.0,0.43000000000000005,41.28573566715012
133.5,0.43000000000000005,41.17270446734153
135.0,0.43000000000000005,41.09628228557437
136.5,0.43000000000000005,41.05616781569942
138.0,0.43000000000000005,41.052027880814514
139.5,0.43000000000000005,41.08349942742521
141.0,0.43000000000000005,41.15019152199068
142.5,0.43000000000000005,41.25168733951793
144.0,0.43000000000000005,41.38754613477451
145.5,0.43000000000000005,41.55730518758429
147.0,0.43000000000000005,41.76048171455129
148.5,0.43000000000000005,41.99657474041007
150.0,0.43000000000000005,42.26506692302635
151.5,0.43000000000000005,42.56542632686174
153.0,0.43000000000000005,42.89710814046804
154.5,0.43000000000000005,43.25955633428984
156.0,0.43000000000000005,43.65220525572105
157.5,0.43000000000000005,44.07448115898737
159.0,0.43000000000000005,44.52580366800705
160.5,0.43000000000000005,45.00558717091838
162.0,0.43000000000000005,45.513242145454164
163.5,0.43000000000000005,46.048176414792614
165.0,0.43000000000000005,46.60979633392008
166.5,0.43000000000000005,47.197507906907695
168.0,0.43000000000000005,47.81071783582921
169.5,0.43000000000000005,48.44883450233859
171.0,0.43000000000000005,49.111268883177694
172.5,0.43000000000000005,49.79743540110658
174.0,0.43000000000000005,50.50675271293708
175.5,0.43000000000000005,51.238644436510434
177.0,0.43000000000000005,51.99253981859225
178.5,0.43000000000000005,52.767874345766856
180.0,0.43000000000000005,53.564090300494854
181.5,0.43000000000000005,54.380637264564626
183.0,0.43000000000000005,55.21697257220974
184.5,0.43000000000000005,56.07256171519328
186.0,0.43000000000000005,56.94687870216925
187.5,0.43000000000000005,57.83940637463133
189.0,0.43000000000000005,58.749636681740455
190.5,0.43000000000000005,59.6770709163012
192.0,0.43000000000000005,60.62121991411678
193.5,0.43000000000000005,61.58160421891279
195.0,0.43000000000000005,62.557754214966025
105.0,0.44000000000000006,50.22405630429887
106.5,0.44000000000000006,49.46952536488058
108.0,0.44000000000000006,48.74950537615369
109.5,0.44000000000000006,48.06446767191093
111.0,0.44000000000000006,47.41483403335232
112.5,0.44000000000000006,46.800976408319585
114.0,0.44000000000000006,46.22321687507673
115.5,0.44000000000000006,45.681827838125756
117.0,0.44000000000000006,45.177032442359426
118.5,0.44000000000000006,44.709005190920855
120.0,0.44000000000000006,44.27787275145328
121.5,0.44000000000000006,43.88371493496392
123.0,0.44000000000000006,43.52656583127411
124.5,0.44000000000000006,43.20641508496701
126.0,0.44000000000000006,42.92320929584915
127.5,0.44000000000000006,42.676853528200766
129.0,0.44000000000000006,42.46721291347456
130.5,0.44000000000000006,42.294114331600454
132.0,0.44000000000000006,42.157348156643096
133.5,0.44000000000000006,42.056670053225545
135.0,0.44000000000000006,41.991802810857195
136.5,0.44000000000000006,41.96243820407602
138.0,0.44000000000000006,41.96823886711562
139.5,0.44000000000000006,42.00884017263317
141.0,0.44000000000000006,42.08385210486236
142.5,0.44000000000000006,42.19286111838809
144.0,0.44000000000000006,42.335431974561246
145.5,0.44000000000000006,42.511109548376666
147.0,0.44000000000000006,42.71942059942218
148.5,0.44000000000000006,42.95987550126237
150.0,0.44000000000000006,43.2319699243464
151.5,0.44000000000000006,43.53518646822032
153.0,0.44000000000000006,43.86899623947786
154.5,0.44000000000000006,44.23286037249971
156.0,0.44000000000000006,44.626231490607225
157.5,0.44000000000000006,45.04855510579219
159.0,0.44000000000000006,45.49927095567908
160.5,0.44000000000000006,45.977814276833186
162.0,0.44000000000000006,46.48361701394299
163.5,0.44000000000000006,47.01610896478421
165.0,0.44000000000000006,47.574718861213725
166.5,0.44000000000000006,48.15887538674775
168.0,0.44000000000000006,48.76800813154972
169.5,0.44000000000000006,49.40154848589361
171.0,0.44000000000000006,50.05893047337746
172.5,0.44000000000000006,50.73959152534202
174.0,0.44000000000000006,51.44297319810343
175.5,0.44000000000000006,52.168521834738684
177.0,0.44000000000000006,52.915689173266834
178.5,0.44000000000000006,53.68393290315543
180.0,0.44000000000000006,54.47271717214582
181.5,0.44000000000000006,55.281513045439276
183.0,0.44000000000000006,56.10979891931671
184.5,0.44000000000000006,56.95706089128233
186.0,0.44000000000000006,57.822793088825364
187.5,0.44000000000000006,58.706497958886345
189.0,0.44000000000000006,59.607686520096365
190.5,0.44000000000000006,60.52587857983111
192.0,0.44000000000000006,61.46060291808626
193.5,0.44000000000000006,62.41139744014028
195.0,0.44000000000000006,63.37780929992123
105.0,0.45000000000000007,50.77184764449865
106.5,0.45000000000000007,50.03900457178763
108.0,0.45000000000000007,49.34048200992994
109.5,0.45000000000000007,48.67669812092166
111.0,0.45000000000000007,48.04802322369375
112.5,0.45000000000000007,47.45477975474702
114.0,0.45000000000000007,46.897242447176396
115.5,0.45000000000000007,46.37563871514798
117.0,0.45000000000000007,45.89014923005937
118.5,0.45000000000000007,45.44090867400067
120.0,0.45000000000000007,45.02800665573375
121.5,0.45000000000000007,44.65148877419354
123.0,0.45000000000000007,44.311357814477375
124.5,0.45000000000000007,44.00757506140343
126.0,0.45000000000000007,43.74006171596889
127.5,0.45000000000000007,43.5087004004082
129.0,0.45000000000000007,43.313336738018734
130.5,0.45000000000000007,43.153780994475
132.0,0.45000000000000007,43.02980976797099
133.5,0.45000000000000007,42.94116771620574
135.0,0.45000000000000007,42.88756930894057
136.5,0.45000000000000007,42.86870059559956
138.0,0.45000000000000007,42.88422097814331
139.5,0.45000000000000007,42.93376498021486
141.0,0.45000000000000007,43.01694400432171
142.5,0.45000000000000007,43.13334806957482
144.0,0.45000000000000007,43.28254752325044
145.5,0.45000000000000007,43.46409472015911
147.0,0.45000000000000007,43.67752566450737
148.5,0.45000000000000007,43.922361609603044
150.0,0.45000000000000007,44.198110611393886
151.5,0.45000000000000007,44.50426903243323
153.0,0.45000000000000007,44.84032299343312
154.5,0.45000000000000007,45.205749770099686
156.0,0.45000000000000007,45.60001913343956
157.5,0.45000000000000007,46.022594632186795
159.0,0.45000000000000007,46.47293481642079
160.5,0.45000000000000007,46.95049440183449
162.0,0.45000000000000007,47.454725374463045
163.5,0.45000000000000007,47.98507803600266
165.0,0.45000000000000007,48.541001990134845
166.5,0.45000000000000007,49.12194707052712
168.0,0.45000000000000007,49.72736421140681
169.5,0.45000000000000007,50.3567062618025
171.0,0.45000000000000007,51.0094287447197
172.5,0.45000000000000007,51.684990562664865
174.0,0.45000000000000007,52.38285465105566
175.5,0.45000000000000007,53.1024885811602
177.0,0.45000000000000007,53.84336511428975
178.5,0.45000000000000007,54.60496270903781
180.0,0.45000000000000007,55.38676598340516
181.5,0.45000000000000007,56.188266133688444
183.0,0.45000000000000007,57.00896131202696
184.5,0.45000000000000007,57.84835696451549
186.0,0.45000000000000007,58.705966131785495
187.5,0.45000000000000007,59.58130971394781
189.0,0.45000000000000007,60.47391670176876
190.5,0.45000000000000007,61.38332437592459
192.0,0.45000000000000007,62.30907847614423
193.5,0.45000000000000007,63.25073334201223
195.0,0.45000000000000007,64.20785202715787
105.0,0.45999999999999996,51.328294893410224
106.5,0.45999999999999996,50.61672143016208
108.0,0.45999999999999996,49.939257391653285
109.5,0.45999999999999996,49.29627124126334
111.0,0.45999999999999996,48.688085371847194
112.5,0.45999999999999996,48.1149762720418
114.0,0.45999999999999996,47.57717488645889
115.5,0.45999999999999996,47.07486715673904
117.0,0.45999999999999996,46.608194729899175
118.5,0.45999999999999996,46.17725582005485
120.0,0.45999999999999996,45.782106209423645
121.5,0.45999999999999996,45.422760374499134
123.0,0.45999999999999996,45.09919272340791
124.5,0.45999999999999996,44.811338930710804
126.0,0.45999999999999996,44.55909735626196
127.5,0.45999999999999996,44.34233053518642
129.0,0.45999999999999996,44.16086672655638
130.5,0.45999999999999996,44.01450150892933
132.0,0.45999999999999996,43.90299941154015
133.5,0.45999999999999996,43.82609557060759
135.0,0.45999999999999996,43.78349740090444
136.5,0.45999999999999996,43.77488627344755
138.0,0.45999999999999996,43.79991919087652
139.5,0.45999999999999996,43.858230452798885
141.0,0.45999999999999996,43.949433304082845
142.5,0.45999999999999996,44.07312155976544
144.0,0.45999999999999996,44.22887120091322
145.5,0.45999999999999996,44.41624193641739
147.0,0.45999999999999996,44.634778726325166
148.5,0.45999999999999996,44.88401326289815
150.0,0.45999999999999996,45.16346540614846
151.5,0.45999999999999996,45.47264457112995
153.0,0.45999999999999996,45.811051064754956
154.5,0.45999999999999996,46.17817737036813
156.0,0.45999999999999996,46.5735093787343
157.5,0.45999999999999996,46.996527564491714
159.0,0.45999999999999996,47.44670810748124
160.5,0.45999999999999996,47.923523958692265
162.0,0.45999999999999996,48.42644585086214
163.5,0.45999999999999996,48.954943254036294
165.0,0.45999999999999996,49.50848527663338
166.5,0.45999999999999996,50.086541512774915
168.0,0.45999999999999996,50.68858283682489
169.5,0.45999999999999996,51.314082146247955
171.0,0.45999999999999996,51.962515054036174
172.5,0.45999999999999996,52.633360532073795
174.0,0.45999999999999996,53.326101506908685
175.5,0.45999999999999996,54.04022540948308
177.0,0.45999999999999996,54.77522468043979
178.5,0.45999999999999996,55.53059723267233
180.0,0.45999999999999996,56.305846872821846
181.5,0.45999999999999996,57.10048368344982
183.0,0.45999999999999996,57.914024367626396
184.5,0.45999999999999996,58.74599255767786
186.0,0.45999999999999996,59.595919089828875
187.5,0.45999999999999996,60.46334224646244
189.0,0.45999999999999996,61.347807967695985
190.5,0.45999999999999996,62.24887003394718
192.0,0.45999999999999996,63.16609022112713
193.5,0.45999999999999996,64.09903843006296
195.0,0.45999999999999996,65.04729279170832
105.0,0.47,51.89294390150364
106.5,0.47,51.20222877501017
108.0,0.47,50.545394080942486
109.5,0.47,49.9227618602912
111.0,0.47,49.33460989374119
112.5,0.47,48.781172042100735
114.0,0.47,48.26263875783758
115.5,0.47,47.77915775486321
117.0,0.47,47.33083482340296
118.5,0.47,46.91773477664772
120.0,0.47,46.539882515886845
121.5,0.47,46.19726420095496
123.0,0.47,45.88982851307081
124.5,0.47,45.617487997490926
126.0,0.47,45.380120473825755
127.5,0.47,45.17757050236243
129.0,0.47,45.009650895286185
130.5,0.47,44.87614426228756
132.0,0.47,44.77680458066622
133.5,0.47,44.71135878069023
135.0,0.47,44.679508337628576
136.5,0.47,44.680930862539576
138.0,0.47,44.715281684559656
139.5,0.47,44.78219541809145
141.0,0.47,44.881287508928935
142.5,0.47,45.01215575398
144.0,0.47,45.17438178984716
145.5,0.47,45.367532546101856
147.0,0.47,45.591161659636775
148.5,0.47,45.844810847000666
150.0,0.47,46.12801123210928
151.5,0.47,46.44028462718646
153.0,0.47,46.7811447652162
154.5,0.47,47.15009848258613
156.0,0.47,47.54664685096659
157.5,0.47,47.970286257808965
159.0,0.47,48.420509435151864
160.5,0.47,48.89680643670428
162.0,0.47,49.398665563424736
163.5,0.47,49.925574238042245
165.0,0.47,50.47701982916428
166.5,0.47,51.05249042579473
168.0,0.47,51.65147556323875
169.5,0.47,52.273466901506254
171.0,0.47,52.91795885743959
172.5,0.47,53.58444919188833
174.0,0.47,54.27243955333283
175.5,0.47,54.981435979424056
177.0,0.47,55.710949357956046
178.5,0.47,56.460495848826696
180.0,0.47,57.22959726856586
181.5,0.47,58.01778143902805
183.0,0.47,58.82458250184982
184.5,0.47,59.649541200271116
186.0,0.47,60.4922051299084
187.5,0.47,61.35212896005118
189.0,0.47,62.22887462702934
190.5,0.47,63.12201150117254
192.0,0.47,64.03111652884814
193.5,0.47,64.95577435103107
195.0,0.47,65.89557739981623
105.0,0.48,52.46536375217403
106.5,0.48,51.79510350278044
108.0,0.48,51.158479239017666
109.5,0.48,50.555769663268535
111.0,0.48,49.987211044792105
112.5,0.48,49.452997706498174
114.0,0.48,48.95328266178416
115.5,0.48,48.48817838893395
117.0,0.48,48.05775773046825
118.5,0.48,47.66205490485724
120.0,0.48,47.30106661815122
121.5,0.48,46.97475326332985
123.0,0.48,46.68304019550603
124.5,0.48,46.42581907153213
126.0,0.48,46.20294924302865
127.5,0.48,46.01425919237869
129.0,0.48,45.859548001792575
130.5,0.48,45.73858684613816
132.0,0.48,45.65112050084015
133.5,0.48,45.59686885677226
135.0,0.48,45.575528434689396
136.5,0.48,45.58677389236729
138.0,0.48,45.630259518227746
139.5,0.48,45.70562070582785
141.0,0.48,45.812475404170385
142.5,0.48,45.9504255393547
144.0,0.48,46.119058403623825
145.5,0.48,46.31794800837515
147.0,0.48,46.546656398187984
148.5,0.48,46.80473492337764
150.0,0.48,47.09172546901486
151.5,0.48,47.40716163874971
153.0,0.48,47.750569892148974
154.5,0.48,48.12147063460082
156.0,0.48,48.519379259153226
157.5,0.48,48.94380713994253
159.0,0.48,49.39426257712784
160.5,0.48,49.8702516934848
162.0,0.48,50.37127928302346
163.5,0.48,50.89684961218351
165.0,0.48,51.446467174328596
166.5,0.48,52.0196373984068
168.0,0.48,52.61586731277207
169.5,0.48,53.23466616527189
171.0,0.48,53.87554600079709
172.5,0.48,54.53802219756911
174.0,0.48,55.22161396350113
175.5,0.48,55.925844794020456
177.0,0.48,56.65024289277666
178.5,0.48,57.39434155668748
180.0,0.48,58.15767952679051
181.5,0.48,58.9398013063781
183.0,0.48,59.74025744789195
184.5,0.48,60.558604810046766
186.0,0.48,61.39440678664046
187.5,0.48,62.247233508487604
189.0,0.48,63.116662019890455
190.5,0.48,64.00227643103317
192.0,0.48,64.90366804765414
193.5,0.48,65.82043547931606
195.0,0.48,66.75218472755664
105.0,0.49,53.04514566239223
106.5,0.49,52.394945277983695
108.0,0.49,51.778123169441386
109.5,0.49,51.19491759804288
111.0,0.49,50.64552621926478
112.5,0.49,50.13010669150789
114.0,0.49,49.648777415548246
115.5,0.49,49.20161839271176
117.0,0.49,48.78867218981259
118.5,0.49,48.40994499904662
120.0,0.49,48.06540778128037
121.5,0.49,47.75499748150411
123.0,0.49,47.4786183056178
124.5,0.49,47.23614304817167
126.0,0.49,47.02741446118501
127.5,0.49,46.85224665470062
129.0,0.49,46.71042652029188
130.5,0.49,46.60171516931736
132.0,0.49,46.5258493783013
133.5,0.49,46.48254303440735
135.0,0.49,46.47148857455609
136.5,0.49,46.49235841231196
138.0,0.49,46.54480634722695
139.5,0.49,46.628468951873785
141.0,0.49,46.742966932327
142.5,0.49,46.8879064583529
144.0,0.49,47.06288046004959
145.5,0.49,47.26746988813281
147.0,0.49,47.50124493549044
148.5,0.49,47.76376621803129
150.0,0.49,48.0545859132271
151.5,0.49,48.37324885509584
153.0,0.49,48.71929358469381
154.5,0.49,49.0922533554819
156.0,0.49,49.49165709319844
157.5,0.49,49.917030310119074
159.0,0.49,50.36789597380465
160.5,0.49,50.84377533063849
162.0,0.49,51.34418868463217
163.5,0.49,51.868656132137005
165.0,0.49,52.416698253237804
166.5,0.49,52.987836760725266
168.0,0.49,53.58159510764937
169.5,0.49,54.19749905454326
171.0,0.49,54.83507719748208
172.5,0.49,55.49386145820267
174.0,0.49,56.173387537557744
175.5,0.49,56.87319533361676
177.0,0.49,57.59282932575225
178.5,0.49,58.33183892606939
180.0,0.49,59.08977879954491
181.5,0.49,59.86620915424614
183.0,0.49,60.660696002993355
184.5,0.49,61.47281139782144
186.0,0.49,62.30213363857872
187.5,0.49,63.14824745698234
189.0,0.49,64.01074417742387
190.5,0.49,64.88922185579305
192.0,0.49,65.78328539755475
193.5,0.49,66.69254665628316
195.0,0.49,67.61662451382139
105.0,0.5,53.63190188524577
106.5,0.5,53.001375272725106
108.0,0.5,52.40395792046782
109.5,0.5,51.83985036717962
111.0,0.5,51.309214359674655
112.5,0.5,50.81217356217982
114.0,0.5,50.348814378681325
115.5,0.5,49.919186876905734
117.0,0.5,49.523305802692015
118.5,0.5,49.161151673759335
120.0,0.5,48.83267194220271
121.5,0.5,48.53778221543518
123.0,0.5,48.27636752573703
124.5,0.5,48.04828363905248
126.0,0.5,47.85335839418569
127.5,0.5,47.69139306408347
129.0,0.5,47.5621637314386
130.5,0.5,47.46542267140442
132.0,0.5,47.40089973476766
133.5,0.5,47.36830372547736
135.0,0.5,47.3673237669726
136.5,0.5,47.39763065227969
138.0,0.5,47.45887817336448
139.5,0.5,47.55070442571953
141.0,0.5,47.67273308463945
142.5,0.5,47.82457465008848
144.0,0.5,48.005827657492375
145.5,0.5,48.216079852187136
147.0,0.5,48.45490932563587
148.5,0.5,48.72188561187639
150.0,0.5,49.01657074298837
151.5,0.5,49.33852026267211
153.0,0.5,49.68728419730651
154.5,0.5,50.062407984110045
156.0,0.5,50.46343335625757
157.5,0.5,50.88989918501652
159.0,0.5,51.341342279153075
160.5,0.5,51.81729814202778
162.0,0.5,52.31730168694914
163.5,0.5,52.840887911485225
165.0,0.5,53.38759253154846
166.5,0.5,53.95695257616757
168.0,0.5,54.54850694394608
169.5,0.5,55.16179692227699
171.0,0.5,55.79636667044315
172.5,0.5,56.45176366777997
174.0,0.5,57.12753912811337
175.5,0.5,57.82324838171429
177.0,0.5,58.538451226029494
178.5,0.5,59.272712246458546
180.0,0.5,60.025601108452236
181.5,0.5,60.79669282220349
183.0,0.5,61.58556798119549
184.5,0.5,62.391812975857306
186.0,0.5,63.21502018356068
187.5,0.5,64.05478813617052
189.0,0.5,64.9107216663368
190.5,0.5,65.78243203368837
192.0,0.5,66.66953703206013
193.5,0.5,67.57166107885286
195.0,0.5,68.48843528759205
105.0,0.51,54.22526462808717
106.5,0.51,53.61403494834683
108.0,0.51,53.03563595375108
109.5,0.51,52.490233008040605
111.0,0.51,51.977954472745736
112.5,0.51,51.498892498390965
114.0,0.51,51.05310391263466
115.5,0.51,50.6406111945975
117.0,0.51,50.26140352488782
118.5,0.51,49.91543790115393
120.0,0.51,49.60264030937482
121.5,0.51,49.32290694152816
123.0,0.51,49.07610545073906
124.5,0.51,48.86207623550585
126.0,0.51,48.680633745110484
127.5,0.51,48.5315677988454
129.0,0.51,48.41464491221844
130.5,0.51,48.32960962382624
132.0,0.51,48.27618581711168
133.5,0.51,48.25407803173465
135.0,0.51,48.26297275978832
136.5,0.51,48.30253972257826
138.0,0.51,48.37243312414907
139.5,0.51,48.472292878191496
141.0,0.51,48.601745805387196
142.5,0.51,48.760406798650905
144.0,0.51,48.94787995411109
145.5,0.51,49.163759666022514
147.0,0.51,49.40763168413777
148.5,0.51,49.67907413237242
150.0,0.51,49.97765848788181
151.5,0.51,50.302950519930306
153.0,0.51,50.65451118817161
154.5,0.51,51.03189750017876
156.0,0.51,51.43466332825707
157.5,0.51,51.86236018575366
159.0,0.51,52.31453796323356
160.5,0.51,52.79074562503589
162.0,0.51,53.29053186684626
163.5,0.51,53.81344573503266
165.0,0.51,54.35903720858389
166.5,0.51,54.926857744573184
168.0,0.51,55.51646078813547
169.5,0.51,56.127402248004714
171.0,0.51,56.75924093870326
172.5,0.51,57.41153899051134
174.0,0.51,58.08386222837079
175.5,0.51,58.77578052089851
177.0,0.51,59.48686810069375
178.5,0.51,60.21670385713102
180.0,0.51,60.96487160282751
181.5,0.51,61.730960314968556
183.0,0.51,62.514564352663854
184.5,0.51,63.31528365149143
186.0,0.51,64.1327238963683
187.5,0.51,64.9664966738645
189.0,0.51,65.81621960505325
190.5,0.51,66.6815164599627
192.0,0.51,67.56201725466632
193.5,0.51,68.45735833201951
195.0,0.51,69.36718242701689
105.0,0.52,54.82488499641845
106.5,0.52,54.232584885408144
108.0,0.52,53.67282888184446
109.5,0.52,53.14574955964756
111.0,0.52,52.65144424745612
112.5,0.52,52.189975885441726
114.0,0.52,51.76137396444375
115.5,0.52,51.365635537376996
117.0,0.52,51.00272629318723
118.5,0.52,50.672581684003916
120.0,0.52,50.375108096557405
121.5,0.52,50.11018405937858
123.0,0.52,49.87766147777526
124.5,0.52,49.67736688907216
126.0,0.52,49.50910273110402
127.5,0.52,49.37264861745979
129.0,0.52,49.26776261347938
130.5,0.52,49.194182507506966
132.0,0.52,49.151627072393026
133.5,0.52,49.13979731271541
135.0,0.52,49.15837769365079
136.5,0.52,49.20703734787165
138.0,0.52,49.28543125726674
139.5,0.52,49.39320140668706
141.0,0.52,49.52997790730008
142.5,0.52,49.69538008749214
144.0,0.52,49.88901754959764
145.5,0.52,50.11049119104429
147.0,0.52,50.35939418879572
148.5,0.52,50.63531294624154
150.0,0.52,50.93782800193074
151.5,0.52,51.266514899772154
153.0,0.52,51.62094502052936
154.5,0.52,52.000686374626014
156.0,0.52,52.40530435644361
157.5,0.52,52.834362460445554
159.0,0.52,53.287422959594
160.5,0.52,53.76404754664493
162.0,0.52,54.263797939009415
163.5,0.52,54.78623644796007
165.0,0.52,55.33092651303667
166.5,0.52,55.897433202572415
168.0,0.52,56.48532368131412
169.5,0.52,57.09416764615637
171.0,0.52,57.72353773104112
172.5,0.52,58.3730098821053
174.0,0.52,59.04216370417307
175.5,0.52,59.73058277970519
177.0,0.52,60.43785496132124
178.5,0.52,61.16357263901203
180.0,0.52,61.90733298315319
181.5,0.52,62.66873816442379
183.0,0.52,63.447395551717726
184.5,0.52,64.24291788912191
186.0,0.52,65.05492345301371
187.5,0.52,65.88303619030866
189.0,0.52,66.72688583886507
190.5,0.52,67.5861080310266
192.0,0.52,68.46034438125459
193.5,0.52,69.34924255877547
195.0,0.52,70.25245634613698
105.0,0.53,55.430431970792085
106.5,0.53,54.85670366592568
108.0,0.53,54.31522627518621
109.5,0.53,53.806101814004435
111.0,0.53,53.32939877009002
112.5,0.53,52.885153011682874
114.0,0.53,52.47336876490822
115.5,0.53,52.094019650905835
117.0,0.53,51.74704977377313
118.5,0.53,51.43237485077256
120.0,0.53,51.14988337669337
121.5,0.53,50.899437814719015
123.0,0.53,50.680875806628464
124.5,0.53,50.494011395645046
126.0,0.53,50.33863625573298
127.5,0.53,50.21452092162834
129.0,0.53,50.12141601436838
130.5,0.53,50.05905345755316
132.0,0.53,50.02714768002741
133.5,0.53,50.02539680111174
135.0,0.53,50.05348379493276
136.5,0.53,50.11107763080647
138.0,0.53,50.197834387010346
139.5,0.53,50.31339833564269
141.0,0.53,50.45740299660669
142.5,0.53,50.629472159076435
144.0,0.53,50.82922086909811
145.5,0.53,51.05625638225476
147.0,0.53,51.31017908057865
148.5,0.53,51.59058335312737
150.0,0.53,51.897058439855094
151.5,0.53,52.22918923860463
153.0,0.53,52.58655707522226
154.5,0.53,52.96874043695691
156.0,0.53,53.37531566944671
157.5,0.53,53.8058576377241
159.0,0.53,54.259940351780756
160.5,0.53,54.73713755733367
162.0,0.53,55.23702329251758
163.5,0.53,55.75917241130293
165.0,0.53,56.303161074499926
166.5,0.53,56.86856720926242
168.0,0.53,57.45497093804561
169.5,0.53,58.06195497800726
171.0,0.53,58.689105011866715
172.5,0.53,59.33601003125503
174.0,0.53,60.00226265360075
175.5,0.53,60.68745941360392
177.0,0.53,61.3912010303487
178.5,0.53,62.113092651105006
180.0,0.53,62.852744072857405
181.5,0.53,63.609769942591335
183.0,0.53,64.38378993734975
184.5,0.53,65.17442892505527
186.0,0.53,65.98131710707474
187.5,0.53,66.80409014347845
189.0,0.53,67.64238926192375
190.5,0.53,68.49586135106682
192.0,0.53,69.36415903937953
193.5,0.53,70.24694076022183
195.0,0.53,71.14387080399028
105.0,0.54,56.0415914217687
106.5,0.54,55.486086810028205
108.0,0.54,54.96253453798471
109.5,0.54,54.47100814875076
111.0,0.54,54.01154933088101
112.5,0.54,53.58416886575806
114.0,0.54,53.188847632168844
115.5,0.54,52.82553765945978
117.0,0.54,52.49416322106568
118.5,0.54,52.19462196063249
120.0,0.54,51.926786043409926
121.5,0.54,51.6905033260477
123.0,0.54,51.48559853840207
124.5,0.54,51.31187447142821
126.0,0.54,51.169113165701326
127.5,0.54,51.05707709557079
129.0,0.54,50.97551034439951
130.5,0.54,50.924139766778026
132.0,0.54,50.90267613402261
133.5,0.54,50.910815259671466
135.0,0.54,50.94823910207481
136.5,0.54,51.01461684154286
138.0,0.54,51.109605929857466
139.5,0.54,51.23285311027817
141.0,0.54,51.38399540647639
142.5,0.54,51.562661079112004
144.0,0.54,51.76847054903102
145.5,0.54,52.00103728630059
147.0,0.54,52.25996866452316
148.5,0.54,52.5448667800721
150.0,0.54,52.855329236076415
151.5,0.54,53.190949891150865
153.0,0.54,53.551319573015746
154.5,0.54,53.9360267572891
156.0,0.54,54.34465821185115
157.5,0.54,54.77679960728937
159.0,0.54,55.232036094024195
160.5,0.54,55.70995284679747
162.0,0.54,56.21013557727454
163.5,0.54,56.732171015570756
165.0,0.54,57.27564736156166
166.5,0.54,57.84015470687776
168.0,0.54,58.42528542851611
169.5,0.54,59.030634555026126
171.0,0.54,59.65580010624538
172.5,0.54,60.30038340757266
174.0,0.54,60.96398937977159
175.5,0.54,61.64622680530066
177.0,0.54,62.346708572160566
178.5,0.54,63.065051896244896
180.0,0.54,63.8008785231671
181.5,0.54,64.55381491052566
183.0,0.54,65.32349239155113
184.5,0.54,66.10954732106063
186.0,0.54,66.91162120462549
187.5,0.54,67.72936081183461
189.0,0.54,68.56241827451285
190.5,0.54,69.41045117072908
192.0,0.54,70.27312259540292
193.5,0.54,71.15010121829238
195.0,0.54,72.04106133011925
105.0,0.55,56.65806516621129
106.5,0.55,56.120445767834504
108.0,0.55,55.614475851486134
109.5,0.55,55.14020243749762
111.0,0.55,54.69764231669585
112.5,0.55,54.28678302627105
114.0,0.55,53.90758387212937
115.5,0.55,53.5599769898277
117.0,0.55,53.24386843661454
118.5,0.55,52.959139307537576
120.0,0.55,52.70564686903288
121.5,0.55,52.48322570386384
123.0,0.55,52.29168886173663
124.5,0.55,52.130829010368416
126.0,0.55,52.00041958223
127.5,0.55,51.90021591261686
129.0,0.55,51.82995636512162
130.5,0.55,51.78936344098504
132.0,0.55,51.77814486918892
133.5,0.55,51.79599467452252
135.0,0.55,51.8425942212028
136.5,0.55,51.91761322995805
138.0,0.55,52.0207107667932
139.5,0.55,52.15153620194346
141.0,0.55,52.309730137792975
142.5,0.55,52.49492530478223
144.0,0.55,52.70674742455971
145.5,0.55,52.944816039842465
147.0,0.55,53.20874531064446
148.5,0.55,53.49814477670654
150.0,0.55,53.8126200861208
151.5,0.55,54.15177369028577
153.0,0.55,54.51520550545612
154.5,0.55,54.90251354126613
156.0,0.55,55.31329449670565
157.5,0.55,55.74714432411692
159.0,0.55,56.20365876185626
160.5,0.55,56.68243383633303
162.0,0.55,57.183066334191395
163.5,0.55,57.70515424545068
165.0,0.55,58.24829717845617
166.5,0.55,58.8120967475251
168.0,0.55,59.39615693419436
169.5,0.55,60.00008442299599
171.0,0.55,60.62348891269627
172.5,0.55,61.265983403941746
174.0,0.55,61.92718446425638
175.5,0.55,62.60671247133173
177.0,0.55,63.30419183554621
178.5,0.55,64.01925120263822
180.0,0.55,64.75152363744766
181.5,0.55,65.5006467896231
183.0,0.55,66.2662630421758
184.5,0.55,67.0480196437427
186.0,0.55,67.84556882539835
187.5,0.55,68.65856790283603
189.0,0.55,69.48667936471281
190.5,0.55,70.32957094793082
192.0,0.55,71.18691570060193
193.5,0.55,72.05839203341783
195.0,0.55,72.94368376012201
105.0,0.56,57.27957006682985
106.5,0.56,56.75950696635133
108.0,0.56,56.27078718245069
109.5,0.56,55.813433033884664
111.0,0.56,55.38743818422163
112.5,0.56,54.99276863699397
114.0,0.56,54.62936376774202
115.5,0.56,54.2971373857387
117.0,0.56,53.99597881861815
118.5,0.56,53.72575401357172
120.0,0.56,53.4863066492198
121.5,0.56,53.2774592527113
123.0,0.56,53.099014317041316
124.5,0.56,52.95075541400632
126.0,0.56,52.832448298635526
127.5,0.56,52.7438420013403
129.0,0.56,52.68466990441324
130.5,0.56,52.65465079987976
132.0,0.56,52.65348992605822
133.5,0.56,52.68087998051972
135.0,0.56,52.736502107453774
136.5,0.56,52.820026857741354
138.0,0.56,52.93111512031349
139.5,0.56,53.06941902362945
141.0,0.56,53.23458280634725
142.5,0.56,53.42624365647724
144.0,0.56,53.64403251851189
145.5,0.56,53.88757486820671
147.0,0.56,54.15649145485692
148.5,0.56,54.45039901106348
150.0,0.56,54.76891093011949
151.5,0.56,55.11163791126988
153.0,0.56,55.4781885732046
154.5,0.56,55.86817003624394
156.0,0.56,56.281188473755336
157.5,0.56,56.7168496334174
159.0,0.56,57.174759329007166
160.5,0.56,57.654523903442346
162.0,0.56,58.1557506638524
163.5,0.56,58.67804828949245
165.0,0.56,59.22102721333961
166.5,0.56,59.78429997823733
168.0,0.56,60.367481568468115
169.5,0.56,60.97018971764645
171.0,0.56,61.59204519383004
172.5,0.56,62.232672062749835
174.0,0.56,62.89169793005516
175.5,0.56,63.568754163466735
177.0,0.56,64.2634760957197
178.5,0.56,64.97550320916737
180.0,0.56,65.7044793029031
181.5,0.56,66.45005264324062
183.0,0.56,67.21187609837465
184.5,0.56,67.98960725802684
186.0,0.56,68.78290853885687
187.5,0.56,69.59144727640171
189.0,0.56,70.41489580427938
190.5,0.56,71.25293152137296
192.0,0.56,72.10523694768561
193.5,0.56,72.9714997695341
195.0,0.56,73.85141287472393
105.0,0.5700000000000001,57.905837175835416
106.5,0.5700000000000001,57.40301091044253
108.0,0.5700000000000001,56.931219354222065
109.5,0.5700000000000001,56.4904618252431
111.0,0.5700000000000001,56.08071050823285
112.5,0.5700000000000001,55.701911461094895
114.0,0.5700000000000001,55.35398564974834
115.5,0.5700000000000001,55.036830004743805
117.0,0.5700000000000001,54.750318493546445
118.5,0.5700000000000001,54.49430320281025
120.0,0.5700000000000001,54.26861542540113
121.5,0.5700000000000001,54.07306674735274
123.0,0.5700000000000001,53.907450130356644
124.5,0.5700000000000001,53.77154098579355
126.0,0.5700000000000001,53.665098236703365
127.5,0.5700000000000001,53.587865364468335
129.0,0.5700000000000001,53.539571437340726
130.5,0.5700000000000001,53.51993211828819
132.0,0.5700000000000001,53.52865064995079
133.5,0.5700000000000001,53.56541881480712
135.0,0.5700000000000001,53.629917868930704
136.5,0.5700000000000001,53.721819447982064
138.0,0.5700000000000001,53.84078644432763
139.5,0.5700000000000001,53.986473854405226
141.0,0.5700000000000001,54.158529595663445
142.5,0.5700000000000001,54.35659529259625
144.0,0.5700000000000001,54.58030703156759
145.5,0.5700000000000001,54.82929608428243
147.0,0.5700000000000001,55.10318959990241
148.5,0.5700000000000001,55.40161126593624
150.0,0.5700000000000001,55.72418193814936
151.5,0.5700000000000001,56.0705202398419
153.0,0.5700000000000001,56.44024313093399
154.5,0.5700000000000001,56.832966447378844
156.0,0.5700000000000001,57.24830541149179
157.5,0.5700000000000001,57.6858751138452
159.0,0.5700000000000001,58.14529096742797
160.5,0.5700000000000001,58.62616913481247
162.0,0.5700000000000001,59.128126929105335
163.5,0.5700000000000001,59.65078318948778
165.0,0.5700000000000001,60.19375863217108
166.5,0.5700000000000001,60.75667617761044
168.0,0.5700000000000001,61.339161254829214
169.5,0.5700000000000001,61.94084208371299
171.0,0.5700000000000001,62.561349936133176
172.5,0.5700000000000001,63.20031937675884
174.0,0.5700000000000001,63.857388484409
175.5,0.5700000000000001,64.53219905479014
177.0,0.5700000000000001,65.22439678545103
178.5,0.5700000000000001,65.93363144377606
180.0,0.5700000000000001,66.65955701881944
181.5,0.5700000000000001,67.40183185777008
183.0,0.5700000000000001,68.16011878781373
184.5,0.5700000000000001,68.93408522414349
186.0,0.5700000000000001,69.72340326484589
187.5,0.5700000000000001,70.52774977337165
189.0,0.5700000000000001,71.34680644927423
190.5,0.5700000000000001,72.18025988788153
192.0,0.5700000000000001,73.02780162953887
193.5,0.5700000000000001,73.88912819904225
195.0,0.5700000000000001,74.7639411358553
105.0,0.58,58.536610922756424
106.5,0.58,58.050711336378924
108.0,0.58,57.59553617748834
109.5,0.58,57.17106335170923
111.0,0.58,56.77724509970118
112.5,0.58,56.41400900824708
114.0,0.58,56.081259042029124
115.5,0.58,55.778876590185185
117.0,0.58,55.50672152216557
118.5,0.58,55.26463324783485
120.0,0.58,55.05243177717874
121.5,0.58,54.86991877538379
123.0,0.58,54.71687860945118
124.5,0.58,54.59307938288615
126.0,0.58,54.49827395536801
127.5,0.58,54.43220094465338
129.0,0.58,54.39458570829288
130.5,0.58,54.3851413030533
132.0,0.58,54.403569420228365
133.5,0.58,54.449561295293975
135.0,0.58,54.52279859061855
136.5,0.58,54.622954250175695
138.0,0.58,54.74969332542298
139.5,0.58,54.9026737717125
141.0,0.58,55.081547214783015
142.5,0.58,55.28595968704973
144.0,0.58,55.515552333561786
145.5,0.58,55.76996208763411
147.0,0.58,56.048822316284244
148.5,0.58,56.351763435716144
150.0,0.58,56.67841349718992
151.5,0.58,57.02839874370521
153.0,0.58,57.40134413799946
154.5,0.58,57.79687386243137
156.0,0.58,58.214611791373706
157.5,0.58,58.65418193679003
159.0,0.58,59.115208867708674
160.5,0.58,59.59731810434168
162.0,0.58,60.10013648762147
163.5,0.58,60.62329252494935
165.0,0.58,61.16641671296503
166.5,0.58,61.729141838154646
168.0,0.58,62.31110325612279
169.5,0.58,62.91193915035284
171.0,0.58,63.53129077127992
172.5,0.58,64.16880265649387
174.0,0.58,64.82412283288261
175.5,0.58,65.49690300151478
177.0,0.58,66.18679870604869
178.5,0.58,66.89346948543883
180.0,0.58,67.61657901169642
181.5,0.58,68.35579521344116
183.0,0.58,69.11079038596432
184.5,0.58,69.88124128850298
186.0,0.58,70.66682922940376
187.5,0.58,71.46724013983658
189.0,0.58,72.28216463669321
190.5,0.58,73.11129807528866
192.0,0.58,73.95434059245702
193.5,0.58,74.8109971406154
195.0,0.58,75.6809775133456
105.0,0.59,59.171648345866856
106.5,0.59,58.70237441610111
108.0,0.59,58.26351363767538
109.5,0.59,57.85502398668048
111.0,0.59,57.47683918874454
112.5,0.59,57.1288697288832
114.0,0.59,56.81100387525847
115.5,0.59,56.52310871154437
117.0,0.59,56.26503117301213
118.5,0.59,56.036599081857
120.0,0.59,55.837622177685326
121.5,0.59,55.6678931394656
123.0,0.59,55.52718859561683
124.5,0.59,55.41527011926129
126.0,0.59,55.33188520600533
127.5,0.59,55.276768231929886
129.0,0.59,55.24964138977373
130.5,0.59,55.250215601573245
132.0,0.59,55.27819140628692
133.5,0.59,55.33325982117678
135.0,0.59,55.415103175947195
136.5,0.59,55.52339591885005
138.0,0.59,55.65780539415917
139.5,0.59,55.817992590591956
141.0,0.59,56.003612860418414
142.5,0.59,56.21431660914169
144.0,0.59,56.44974995576855
145.5,0.59,56.709555363802956
147.0,0.59,56.99337224320536
148.5,0.59,57.30083752365108
150.0,0.59,57.63158619950555
151.5,0.59,57.98525184700592
153.0,0.59,58.36146711420165
154.5,0.59,58.75986418426034
156.0,0.59,59.18007521279081
157.5,0.59,59.62173273987413
159.0,0.59,60.08447007752328
160.5,0.59,60.56792167331888
162.0,0.59,61.07172345098584
163.5,0.59,61.59551312869074
165.0,0.59,62.13893051584881
166.5,0.59,62.70161778923439
168.0,0.59,63.28321974918903
169.5,0.59,63.88338405672098
171.0,0.59,64.50176145228254
172.5,0.59,65.13800595700548
174.0,0.59,65.79177505716277
175.5,0.59,66.46272987261464
177.0,0.59,67.15053530998064
178.5,0.59,67.85486020126572
180.0,0.59,68.57537742865006
181.5,0.59,69.3117640361357
183.0,0.59,70.06370132872274
184.5,0.59,70.83087495977017
186.0,0.59,71.61297500717457
187.5,0.59,72.40969603898145
189.0,0.59,73.22073716902125
190.5,0.59,74.04580210314269
192.0,0.59,74.88459917659523
193.5,0.59,75.73684138309079
195.0,0.59,76.60224639605464
105.0,0.6,59.81071836622621
106.5,0.6,59.35777801007368
108.0,0.6,58.93493913584572
109.5,0.6,58.54214117460782
111.0,0.6,58.1793006676702
112.5,0.6,57.84631227025419
114.0,0.6,57.543049763069384
115.5,0.6,57.269367067067485
117.0,0.6,57.02509925704232
118.5,0.6,56.81006357013285
120.0,0.6,56.624060405663535
121.5,0.6,56.466874313117366
123.0,0.6,56.33827496538121
124.5,0.6,56.23801811473021
126.0,0.6,56.165846529328824
127.5,0.6,56.12149090831544
129.0,0.6,56.10467077381227
130.5,0.6,56.115095338456044
132.0,0.6,56.15246434728108
133.5,0.6,56.216468893007516
135.0,0.6,56.30679220398724
136.5,0.6,56.42311040424658
138.0,0.6,56.56509324523435
139.5,0.6,56.732404809037895
141.0,0.6,56.924704182969776
142.5,0.6,57.14164610555363
144.0,0.6,57.38288158405136
145.5,0.6,57.64805848377393
147.0,0.6,57.93682208950885
148.5,0.6,58.24881563947482
150.0,0.6,58.58368083228426
151.5,0.6,58.941058307453225
153.0,0.6,59.320588100049804
154.5,0.6,59.721910070115825
156.0,0.6,60.1446643075314
157.5,0.6,60.5884915130236
159.0,0.6,61.053033356041226
160.5,0.6,61.537932810238495
162.0,0.6,62.042834467320745
163.5,0.6,62.56738483001587
165.0,0.6,63.11123258493809
166.5,0.6,63.67402885611287
168.0,0.6,64.25542743992736
169.5,0.6,64.85508502226803
171.0,0.6,65.47266137859674
172.5,0.6,66.10781955770862
174.0,0.6,66.76022604990102
175.5,0.6,67.4295509402715
177.0,0.6,68.11546804784547
178.5,0.6,68.8176550512193
180.0,0.6,69.535793601387
181.5,0.6,70.26956942240034
183.0,0.6,71.01867240049333
184.5,0.6,71.78279666228377
186.0,0.6,72.56164064264345
187.5,0.6,73.35490714280996
189.0,0.6,74.16230337929268
190.5,0.6,74.98354102410522
192.0,0.6,75.81833623683701
193.5,0.6,76.6664096890568
195.0,0.6,77.52748658152146
