Date,Close,High,Low,Open,Volume,Volume_Outlier,VIX_Close,VIX_Close_Outlier,Treasury_Rate,Treasury_Rate_Outlier,Daily_Return,Log_Return,Rolling_Volatility_20D,Moving_Average_20D,Moving_Average_50D,Price_Momentum_20D,Interest_Rate_Momentum,VIX_Return,VIX_JPM_Correlation_20D,Daily_Return_Outlier,Rolling_Volatility_20D_Outlier,Price_Momentum_20D_Outlier
2018-01-02,85.51602935791016,85.57148184634795,84.61294252114149,85.26253140449909,13578800,False,9.770000457763672,False,2.46,False,,,,,,,,,,False,False,False
2018-01-03,85.60317993164062,85.94381841328286,85.14371899210931,85.44474595854275,11901000,False,9.149999618530272,False,2.44,False,0.0010191138946094025,0.001018594950589757,,,,,-0.020000000000000018,-0.06345965303826784,,False,False,False
2018-01-04,86.82948303222656,87.61782677757108,86.16058070636457,86.28799298761523,12953700,False,9.220000267028809,False,2.46,False,0.014325438629326781,0.014223799070849018,,,,,0.020000000000000018,0.007650344417148736,,False,False,False
2018-01-05,86.27206420898438,87.23560288759464,85.82613337120587,87.00467268221591,14155000,False,9.220000267028809,False,2.47,False,-0.006419695289851091,-0.006440390151005645,,,,,0.010000000000000231,0.0,,False,False,False
2018-01-08,86.39947509765625,86.54281087539455,85.76242584651894,86.12076832854065,12466500,False,9.520000457763672,False,2.49,False,0.0014768498915620487,0.0014757604212850767,,,,,0.020000000000000018,0.03253798069916325,,False,False,False
2018-01-09,86.83745574951172,87.2993101228466,86.39151879975896,86.57467245194621,13292300,False,10.079999923706056,False,2.55,False,0.0050692513045991205,0.005056445907821994,,,,,0.05999999999999961,0.0588234704847832,,False,False,False
2018-01-10,87.79302215576172,88.15135859156264,87.10819628148904,87.17190242685217,15834500,False,9.81999969482422,False,2.55,False,0.011004081107654606,0.010943976734098476,,,,,0.0,-0.025793673695410413,,False,False,False
2018-01-11,88.26285552978516,88.3345264737049,87.6337769878581,88.12748450559089,13676800,False,9.880000114440918,False,2.54,False,0.005351602695597535,0.005337333755053606,,,,,-0.009999999999999787,0.006110022554106864,,False,False,False
2018-01-12,89.7200927734375,89.86342857127254,88.26284650800673,88.90786063594079,18884200,False,10.15999984741211,False,2.55,False,0.016510198258434805,0.01637538675451515,,,,,0.009999999999999787,0.0283400536161873,,False,False,False
2018-01-16,89.40155792236328,90.32527875329848,88.44599009584942,88.79636780073547,22703300,False,11.65999984741211,False,2.54,False,-0.003550317896779176,-0.003556635232161383,,,,,-0.009999999999999787,0.14763779749288775,,False,False,False
2018-01-17,89.97489929199219,90.2217590680484,88.63710071577701,89.09896112222852,14940300,False,11.90999984741211,False,2.57,False,0.006413102667928827,0.006392626223414519,,,,,0.029999999999999805,0.021440823608199766,,False,False,False
2018-01-18,90.1898956298828,90.55619678329909,89.40154589990416,89.79174140981931,14572900,False,12.220000267028809,False,2.62,False,0.002389514626661482,0.002386664276318848,,,,,0.050000000000000266,0.026028583004898964,,False,False,False
2018-01-19,89.99083709716797,91.049922923903,89.82361301926244,90.7314043423796,18785500,False,11.270000457763672,False,2.64,False,-0.0022071045910920795,-0.0022095438362037196,,,,,0.020000000000000018,-0.07774139022143589,,False,False,False
2018-01-22,91.04195404052734,91.08973060734756,89.58470799899263,89.71212027764896,12475700,False,11.029999732971191,False,2.66,False,0.011680266316718813,0.011612578570183024,,,,,0.020000000000000018,-0.021295538158310312,,False,False,False
2018-01-23,90.94640350341795,91.2888164407667,90.26157762872052,90.5163961349787,12320800,False,11.100000381469728,False,2.63,False,-0.0010495220375745795,-0.0010500731714801217,,,,,-0.03000000000000025,0.006346387143536303,,False,False,False
2018-01-24,92.10901641845705,92.37179972057432,91.30474908824728,91.4640083817624,15904500,False,11.470000267028809,False,2.65,False,0.012783495226343922,0.01270247609247064,,,,,0.020000000000000018,0.03333332187778626,,False,False,False
2018-01-25,92.13289642333984,92.50716241234636,91.6391890126096,92.40364448840177,13510000,False,11.579999923706056,False,2.63,False,0.00025925805975735017,0.0002592244581941009,,,,,-0.020000000000000018,0.00959020524118448,,False,False,False
2018-01-26,92.62662506103516,92.62662506103516,91.54364477434058,92.13291149419253,13883900,False,11.079999923706056,False,2.66,False,0.0053588745916191005,0.005344566915773402,,,,,0.03000000000000025,-0.04317789320329979,,False,False,False
2018-01-29,92.53104400634766,93.44679998391337,92.38770823529084,92.38770823529084,11679900,False,13.84000015258789,False,2.7,False,-0.001031896116527209,-0.0010324288878661787,,,,,0.040000000000000036,0.2490974952966123,,False,False,False
2018-01-30,91.66309356689452,92.84959181098276,91.5595756245758,91.9975417577887,14279100,False,14.789999961853027,False,2.73,False,-0.009380099930501151,-0.009424370124571278,,89.29209403991699,,,0.029999999999999805,0.06864160395890595,,False,False,False
2018-01-31,92.10901641845705,92.89736632480891,91.7029033973877,92.09309291924656,13141400,False,13.539999961853027,False,2.72,False,0.004864802552590142,0.004853007638470064,0.11071335091918379,89.62174339294434,,0.07709650588374806,-0.009999999999999787,-0.08451656546477693,-0.23238953534900095,False,False,False
2018-02-01,93.06458282470705,93.16013596289145,91.95771442148872,92.18863855566912,13800600,False,13.470000267028809,False,2.78,False,0.010374298232746382,0.010320854510448816,0.11262391505419135,89.99481353759765,,0.08716268366461155,0.05999999999999961,-0.005169844536294876,-0.27693862090974636,False,False,False
2018-02-02,91.00212860107422,93.10438242090072,90.8508280516162,92.7619695447361,16477300,False,17.309999465942383,False,2.84,False,-0.02216153730058179,-0.02241079365355169,0.14024700814938268,90.20344581604004,,0.04805563068133201,0.06000000000000005,0.2850778858789582,-0.5723378581812165,False,False,False
2018-02-05,86.63836669921875,91.24898753965525,82.80015999575345,89.98285994858294,30097600,True,37.31999969482422,True,2.77,False,-0.04795230582995347,-0.049140146527564516,0.2260660030644607,90.22176094055176,,0.00424589922117824,-0.06999999999999984,1.1559792516603906,-0.8766531424508521,True,False,False
2018-02-06,89.274169921875,89.56880633156274,84.8944720189479,85.08558440815851,33114800,True,29.979999542236328,False,2.79,False,0.03042304839156218,0.029969444510215597,0.2501179671318583,90.3654956817627,,0.033272132972677504,0.020000000000000018,-0.196677390477199,-0.8719277099468549,False,False,False
2018-02-07,89.87934112548828,91.13750391783044,88.50968955562941,88.82821416553755,21878300,False,27.729999542236328,False,2.84,False,0.0067787939573435985,0.006755921241688611,0.25049152588990375,90.51758995056153,,0.03502964647825557,0.04999999999999982,-0.07505003450150693,-0.8720868663377578,False,False,False
2018-02-08,85.90576934814453,90.07046598801698,85.87391627518852,90.07046598801698,27425800,True,33.459999084472656,False,2.85,False,-0.04421006793759097,-0.04521712641269393,0.29621058642492337,90.42322731018066,,-0.021496615121288754,0.010000000000000231,0.20663539981343337,-0.781925978185785,True,False,False
2018-02-09,87.62581634521484,88.43008989084618,84.59188192530024,86.87728416955676,28188000,True,29.059999465942383,False,2.83,False,0.020022485219817865,0.01982467138636174,0.30478269436925925,90.39137535095215,,-0.007217522940387244,-0.020000000000000018,-0.1315002910616373,-0.7883738816054744,False,False,False
2018-02-12,88.9795150756836,89.76786490911924,87.6496812642386,88.52561944825946,18043300,False,25.61000061035156,False,2.86,False,0.015448629033430583,0.01533051388866033,0.3040338514715051,90.35434646606446,,-0.00825431266131238,0.029999999999999805,-0.11871985268389762,-0.8028186352126019,False,False,False
2018-02-13,89.52896881103516,90.02268228974039,88.23098808643124,88.64506585137448,16358200,False,24.96999931335449,False,2.83,False,0.006175058774867681,0.006156071225495283,0.3045876632058299,90.36071701049805,,0.0014251528903166388,-0.029999999999999805,-0.024990288236790614,-0.8035600963744062,False,False,False
2018-02-14,91.59937286376952,91.79048521744444,89.60860145987868,89.68823110096388,15186900,False,19.26000022888184,False,2.91,False,0.023125521048994457,0.02286217841521028,0.31468328505639026,90.44194068908692,,0.01805474176198274,0.08000000000000007,-0.22867437891433262,-0.8147553087292229,False,False,False
2018-02-15,91.98161315917967,92.36383790605908,90.95437427949304,92.1647607450815,12130200,False,19.1299991607666,False,2.9,False,0.0041729575592033274,0.004164274918288109,0.3148450104362476,90.53152656555176,,0.019866056133933663,-0.010000000000000231,-0.006749795772083678,-0.8149665497327726,False,False,False
2018-02-16,91.32067108154295,92.4275395566724,91.17733528960198,91.21715315000046,13214300,False,19.459999084472656,False,2.87,False,-0.007185589107824408,-0.007211529794009291,0.31604770798419474,90.5980182647705,,0.014777437651114278,-0.029999999999999805,0.017250388822956486,-0.8170437461543544,False,False,False
2018-02-20,91.34455108642578,91.88604113185043,90.75528447313634,91.296774518561,13461500,False,20.600000381469727,False,2.88,False,0.00026149616072679294,0.00026146197656497705,0.3134824482908471,90.61314811706544,,0.003323709921293494,0.009999999999999787,0.058581775469182196,-0.8173872682165081,False,False,False
2018-02-21,91.72679901123048,93.52645225805172,91.312715094449,91.57549841755802,14212500,False,20.020000457763672,False,2.94,False,0.004184682285460539,0.004175950852917214,0.31372215636060247,90.65216789245605,,0.008580828683161679,0.06000000000000005,-0.02815533558085659,-0.8191960267780597,False,False,False
2018-02-22,91.55956268310548,92.71420768742644,91.38437382444108,91.97364046920576,17070400,False,18.71999931335449,False,2.92,False,-0.0018232003070828284,-0.0018248643596710948,0.3104758842875139,90.62469520568848,,-0.0059652546158495134,-0.020000000000000018,-0.06493512061359863,-0.8194782298945548,False,False,False
2018-02-23,93.41496276855467,93.47866891658062,91.8223455200223,91.8223455200223,12162500,False,16.489999771118164,False,2.88,False,0.02026440527977247,0.020061814566778982,0.31880454182195045,90.68879852294921,,0.01391540258675783,-0.040000000000000036,-0.11912391154018287,-0.8213599811070833,False,False,False
2018-02-26,94.57756805419922,94.68109205856986,93.4229230350292,94.0758958323151,16511200,False,15.800000190734863,False,2.86,False,0.012445600267753987,0.012368790424536097,0.3211075393034081,90.78634567260742,,0.021062442811432547,-0.020000000000000018,-0.04184351667437969,-0.8209633020577578,False,False,False
2018-02-27,93.45478057861328,95.02350953961307,93.44681579127624,94.68906137568948,17563300,False,18.59000015258789,False,2.9,False,-0.011871604426775928,-0.011942634644065513,0.32441294073741805,90.8325325012207,,0.009982990921427959,0.040000000000000036,0.17658227393497672,-0.8301117736210138,False,False,False
2018-02-28,91.97364807128906,94.35460920770676,91.84623577251014,93.82108387611385,17735600,False,19.850000381469727,False,2.87,False,-0.015848654270589235,-0.015975587121331455,0.32787225458317665,90.84806022644042,,0.0033879993824112997,-0.029999999999999805,0.06777838722644836,-0.8227386387554652,False,False,False
2018-03-01,90.32527160644533,92.8814211117028,89.70415196082126,91.95770642920724,18690000,False,22.46999931335449,False,2.81,False,-0.017922269034779115,-0.018084817991259702,0.33365932107748253,90.75887298583984,,-0.01936558310326597,-0.06000000000000005,0.13198986808738655,-0.8181826119202775,False,False,False
2018-03-02,90.23768615722656,90.42879851133496,88.4858097479699,89.49711895028533,18353700,False,19.59000015258789,False,2.86,False,-0.0009696671558363512,-0.000970137587165364,0.33105594747250155,90.61752815246582,,-0.030375644328682117,0.04999999999999982,-0.12817086109366016,-0.812098941314303,False,False,False
2018-03-05,91.62328338623048,92.3160741900569,89.09898609151516,89.22639840845717,13933000,False,18.729999542236328,False,2.88,False,0.015354972938797617,0.015238278386804405,0.3265018770670652,90.64858589172363,,0.006825717098104533,0.020000000000000018,-0.04389997976788962,-0.8012902534066166,False,False,False
2018-03-06,91.70288848876952,92.2284489322084,91.03398619897725,92.0851131612066,10674400,False,18.36000061035156,False,2.88,False,0.0008688304937016778,0.000868453278962918,0.2717187792230972,90.90181198120118,,0.05845587794992957,0.0,-0.01975434815416932,-0.881794667560623,False,False,False
2018-03-07,91.36048889160156,91.65511918711888,90.0704667648435,90.58010378583008,13006500,False,17.760000228881836,False,2.89,False,-0.0037337929351035637,-0.003740780939876341,0.25233072385434674,91.0061279296875,,0.023369794102284347,0.010000000000000231,-0.032679758252918356,-0.8601013388777835,False,False,False
2018-03-08,91.3684539794922,91.75864959728378,90.1501027013194,91.66309037092306,11173700,False,16.540000915527344,False,2.86,False,8.71830699165077e-05,8.717926969354281e-05,0.251512208238504,91.0805835723877,,0.016567910215594894,-0.03000000000000025,-0.06869365414593254,-0.8530706186740123,False,False,False
2018-03-09,93.99626922607422,94.02812229957505,92.1090156297812,92.80977109609384,15366600,False,14.640000343322754,False,2.9,False,0.02876064037563597,0.028354815969637848,0.20724601257508415,91.48510856628418,,0.09417877215140069,0.040000000000000036,-0.114873063303214,-0.7988885336465217,False,False,False
2018-03-12,93.69367218017578,94.56164563233712,93.36718274013916,93.96441418623814,12339300,False,15.779999732971191,False,2.87,False,-0.003219245278455185,-0.003224438196382604,0.2006073309063702,91.78850135803222,,0.0692473529839166,-0.029999999999999805,0.07786880894223391,-0.7855795873126789,False,False,False
2018-03-13,92.57086944580078,94.33867540856404,92.23642131104884,94.12366869668628,13312300,False,16.350000381469727,False,2.84,False,-0.01198376270508228,-0.012056146860288268,0.20243187003413915,91.96806907653809,,0.040361586226475676,-0.03000000000000025,0.03612171471128467,-0.7756504962702618,False,False,False
2018-03-14,91.53567504882812,92.84162072256946,91.25696824199665,92.81773243560572,12905100,False,17.229999542236328,False,2.81,False,-0.011182723065799371,-0.011245719803725221,0.207072257717422,92.06840438842774,90.42435287475585,0.022414043906039405,-0.029999999999999805,0.05382257738439855,-0.783649727184518,False,False,False
2018-03-15,91.7665786743164,92.371774761785,91.4400953882202,92.2682568565059,8748000,False,16.59000015258789,False,2.82,False,0.0025225533691111135,0.0025193770718260236,0.19036488374632307,92.07676467895507,90.54936386108399,0.001825403442396567,0.009999999999999787,-0.03714448094322875,-0.7371343753728689,False,False,False
2018-03-16,91.92587280273438,92.84958768059178,91.84623707718993,91.84623707718993,19888900,False,15.800000190734863,False,2.85,False,0.0017358621267042906,0.0017343572592860488,0.18987928786329936,92.07397766113282,90.67581771850585,-0.0006059945518550602,0.03000000000000025,-0.0476190448816719,-0.7372639094864651,False,False,False
2018-03-19,91.2012176513672,91.93382006243094,90.2217615328553,91.65511328380366,13214900,False,19.020000457763672,False,2.85,False,-0.00788303803133017,-0.007914273437184611,0.19024694911664478,92.06800498962403,90.76325241088867,-0.0013080656193282802,0.0,0.20379748279477994,-0.7081404158114133,False,False,False
2018-03-20,91.28883361816406,91.93384175451494,91.13753301320132,91.47198730182176,9921200,False,18.200000762939453,False,2.89,False,0.0009606885637403195,0.0009602273978163215,0.19027576465986135,92.06521911621094,90.86358779907226,-0.0006099703550899171,0.040000000000000036,-0.04311249606145551,-0.7136935624049289,False,False,False
2018-03-21,91.3684539794922,92.8734768613942,90.94641136159996,91.42419534269771,13633000,False,17.860000610351562,False,2.89,False,0.0008721807276141913,0.0008718005990145491,0.18968053282460343,92.04730186462402,90.96296737670899,-0.00390665580398597,0.0,-0.018681326282152133,-0.7123218063379032,False,False,False
2018-03-22,87.55415344238281,90.46068188741924,87.22766998121472,90.14215714029736,22550400,False,23.34000015258789,False,2.83,False,-0.04174636180191382,-0.042642778017919644,0.24053336641286596,91.84703140258789,90.9773013305664,-0.04374648724116004,-0.06000000000000005,0.30683087093850103,-0.8261316281283346,True,False,False
2018-03-23,85.21295928955078,88.32652181741497,85.01388219958616,87.80892016843686,23081500,False,24.8700008392334,False,2.82,False,-0.026739955339442734,-0.02710397180446847,0.24037328183713086,91.43693122863769,90.92570007324218,-0.08780181713849433,-0.010000000000000231,0.06555272821949254,-0.7861225481823354,False,False,False
2018-03-26,87.8407974243164,88.51766457689419,86.5189283420746,86.9489357038696,20217500,False,21.030000686645508,False,2.85,False,0.030838479929283125,0.03037252925966436,0.2651361351797132,91.10009269714355,90.91725891113282,-0.0712301105693709,0.03000000000000025,-0.15440289597940582,-0.8118967914369358,False,False,False
2018-03-27,86.13671875,88.9397290407297,85.44393400384506,88.4460154130087,18039900,False,22.5,False,2.78,False,-0.019399626645974388,-0.019590269024687496,0.26957740624410276,90.73418960571288,90.84559143066406,-0.07830591204970405,-0.07000000000000028,0.06990010772029942,-0.8219668792509546,False,False,False
2018-03-28,86.00130462646484,86.9329839685007,84.92628953370418,86.22426999973659,19189300,False,22.8700008392334,False,2.77,False,-0.0015720836073194189,-0.0015733206273895915,0.2659454617604662,90.43557243347168,90.7775863647461,-0.06493537627424584,-0.009999999999999787,0.016444481743706607,-0.8195338881132882,False,False,False
2018-03-29,87.5700454711914,88.21505340290229,85.82612793688969,86.39947102078898,13274600,False,19.96999931335449,False,2.74,False,0.018240895897337683,0.018076526575737096,0.2703684089225609,90.29781112670898,90.72948928833007,-0.030503380573918104,-0.029999999999999805,-0.12680373500048014,-0.8242013956465497,False,False,False
2018-04-02,85.88188934326172,88.17526221440836,84.47242566233038,87.56210113274922,18822500,False,23.6200008392334,False,2.73,False,-0.01927778064800767,-0.019466020215667904,0.2776848553542856,90.08002128601075,90.64332916259765,-0.04827026267468204,-0.010000000000000231,0.1827742439349036,-0.8592342815237421,False,False,False
2018-04-03,87.06040954589844,87.19578053247632,85.4120511980246,86.28798933076908,14050700,False,21.100000381469727,False,2.79,False,0.013722569585378874,0.013629267719259862,0.2763636936414262,89.85187759399415,90.58472061157227,-0.04980037466129239,0.06000000000000005,-0.10668926199096018,-0.8683236298246346,False,False,False
2018-04-04,88.3823013305664,88.5574902174528,85.22095480453466,85.28466095892121,15302600,False,20.059999465942383,False,2.79,False,0.015183615509769322,0.01506949811302886,0.28320040732180013,89.68584823608398,90.53152755737305,-0.03621027879192451,0.0,-0.04928914202488288,-0.8668637629018903,False,False,False
2018-04-05,89.54278564453125,90.30311866513335,89.15061747543119,89.34269897166132,16627000,False,18.940000534057617,False,2.83,False,0.013130279439368842,0.013044824538637,0.2878748074047516,89.59496307373047,90.50345520019532,-0.019895944834829038,0.040000000000000036,-0.05583245073292675,-0.8745559798404019,False,False,False
2018-04-06,87.30980682373047,89.27866481422454,86.29336933821192,88.4783182219183,18906000,False,21.489999771118164,False,2.77,False,-0.024937562582264317,-0.02525377165749441,0.30023667089651074,89.39203071594238,90.40747100830077,-0.04442066138793044,-0.06000000000000005,0.1346356475795858,-0.8892148545197266,False,False,False
2018-04-09,88.35826873779297,90.42316449849538,87.95009024877966,88.04613404212401,15974300,False,21.770000457763672,False,2.78,False,0.012008524038762847,0.01193699379300524,0.2827808453856619,89.11013069152833,90.33197845458984,-0.059981109194036875,0.009999999999999787,0.013029348051544432,-0.8722844244009159,False,False,False
2018-04-10,90.04700469970703,90.33512998667462,89.17462366245506,89.742869060041,13951400,False,20.46999931335449,False,2.8,False,0.019112370421442426,0.018932023353505273,0.2933957132451899,88.92779731750488,90.28038604736328,-0.038921171468827676,0.020000000000000018,-0.05971525572226499,-0.8766242561743053,False,False,False
2018-04-11,88.53436279296875,89.48677130673234,88.45432323022848,89.36672417494461,14503300,False,20.239999771118164,False,2.79,False,-0.016798358943561853,-0.016941051634432606,0.2960932272685648,88.72597198486328,90.2004524230957,-0.04360450190213849,-0.009999999999999787,-0.011235933070416593,-0.8529054800309975,False,False,False
2018-04-12,90.7353286743164,91.55167981141751,89.2386777991085,89.28669665830205,16435500,False,18.489999771118164,False,2.83,False,0.02486001832412188,0.024556035775521328,0.30873611147274826,88.68595466613769,90.18189712524413,-0.008743545880715797,0.040000000000000036,-0.08646245157063659,-0.855055336738166,False,False,False
2018-04-13,88.2782211303711,92.15990042261478,87.27778800834132,92.0558514699818,39152800,True,17.40999984741211,False,2.82,False,-0.02707994316926765,-0.027453361702169114,0.3227627371539184,88.51153678894043,90.10528121948242,-0.03801337692152218,-0.010000000000000231,-0.05840994792185128,-0.772445530430116,False,False,False
2018-04-16,88.20619201660156,89.21463037331081,87.870047933085,88.79044768132664,16580500,False,16.559999465942383,False,2.83,False,-0.0008159329996371145,-0.000816266054146163,0.32252543372303033,88.32555274963379,90.00811340332031,-0.04046391590009646,0.010000000000000231,-0.048822538134374205,-0.7697288315262458,False,False,False
2018-04-17,88.20619201660156,89.57478387619862,88.03011479966635,89.13459694002013,15501400,False,15.25,False,2.82,False,0.0,0.0,0.3217878934763656,88.17580146789551,89.95219467163086,-0.03283975490562696,-0.010000000000000231,-0.07910625049454578,-0.799464431310405,False,False,False
2018-04-18,87.49390411376953,88.89451088861885,87.1497547762744,88.46232292249746,16081400,False,15.600000381469728,False,2.87,False,-0.008075259645014099,-0.008108041152913805,0.3224796889116508,87.98605499267578,89.96930541992188,-0.04157057718874657,0.050000000000000266,0.02295084468653963,-0.8006855166541355,False,False,False
2018-04-19,89.41474151611328,89.53479475203287,87.63797072175493,87.6619801477066,17911000,False,15.960000038146973,False,2.92,False,0.02195395692762836,0.021716438836730474,0.33340159818459175,87.88836936950683,89.97211685180665,-0.021382789992456686,0.04999999999999982,0.02307690050475042,-0.7604122378315843,False,False,False
2018-04-20,89.21466827392578,90.23110613146056,88.7424604364339,89.87895765414822,15584400,False,16.8799991607666,False,2.96,False,-0.002237586764722077,-0.002240093902644202,0.2966222578612155,87.97139511108398,89.9588233947754,0.018965574633026616,0.040000000000000036,0.057644055164203234,-0.6795306170394781,False,False,False
2018-04-23,88.7824478149414,89.59879865317569,88.54234139455255,89.29466914602173,11285800,False,16.34000015258789,False,2.98,False,-0.004844724161920055,-0.004856497880360368,0.2790204127643338,88.14986953735351,90.01635696411132,0.04188903372386843,0.020000000000000018,-0.03199046416031859,-0.6538831543735009,False,False,False
2018-04-24,88.36628723144531,90.35914892094324,87.7099970372564,89.43874894103371,16453100,False,18.020000457763672,False,3.0,False,-0.0046874195715299605,-0.004698439974303416,0.25839349403256096,88.17614402770997,90.03116638183593,0.005982297776630174,0.020000000000000018,0.1028151951950691,-0.5871194967405556,False,False,False
2018-04-25,88.0301284790039,88.46231641332434,86.91764709676002,88.25422456950476,13548200,False,17.84000015258789,False,3.03,False,-0.003804151594158922,-0.0038114057820322236,0.24825548558861138,88.27081451416015,90.01217864990234,0.021981447128248233,0.029999999999999805,-0.009988917902509331,-0.5600855327306843,False,False,False
2018-04-26,88.1181869506836,88.69443765958394,87.50992163504858,88.01414405841733,10299500,False,16.239999771118164,False,3.0,False,0.0010003219715928324,0.0009998219829746933,0.24804178840626426,88.3766586303711,89.98396301269531,0.024614537342347864,-0.029999999999999805,-0.08968611927044345,-0.5445637474950863,False,False,False
2018-04-27,87.55792236328125,88.16618751055599,87.34182535417567,87.67797557876655,9384000,False,15.40999984741211,False,2.96,False,-0.006358103891945688,-0.006378402721618267,0.241072953992833,88.37605247497558,89.90313400268555,-0.00013843898155951884,-0.040000000000000036,-0.05110837040663996,-0.4863518823263158,False,False,False
2018-04-30,87.06172180175781,88.27825232751164,87.03771237532975,87.83805915579255,13744900,False,15.93000030517578,False,2.95,False,-0.005667112102828109,-0.005683231110283222,0.23119939848906534,88.43504409790039,89.80473617553712,0.013737849359373167,-0.009999999999999787,0.033744351908672865,-0.4119505326930966,False,False,False
2018-05-01,87.06172180175781,87.21378964401738,86.06929350370912,86.79760589872636,10503400,False,15.489999771118164,False,2.97,False,0.0,0.0,0.2260881061950492,88.43510971069335,89.71955718994141,1.5072934600457444e-05,0.020000000000000018,-0.027620874176295884,-0.3715079755161232,False,False,False
2018-05-02,86.3734130859375,87.62995714159585,86.22135136743763,86.52548091059802,12162100,False,15.970000267028809,False,2.97,False,-0.007905985564903184,-0.007937403571879893,0.22043836843932438,88.33466529846191,89.62013442993164,-0.022729530849341484,0.0,0.030987766494718016,-0.3631259744428877,False,False,False
2018-05-03,85.82917785644531,86.25336062778177,84.18046561882487,86.1092979784448,15379100,False,15.899999618530272,False,2.94,False,-0.006300957783741845,-0.00632089260131875,0.21456384339876539,88.14898490905762,89.50218200683594,-0.04147299820253858,-0.03000000000000025,-0.004383259068758916,-0.33545618382366876,False,False,False
2018-05-04,86.78158569335938,87.02969119571222,84.82073888422956,85.18089242675211,11967900,False,14.770000457763672,False,2.95,False,0.011096550854850618,0.011035435829455886,0.20124836308379374,88.12257385253906,89.40662246704102,-0.006049963338454312,0.010000000000000231,-0.07106913131303916,-0.19513354083385123,False,False,False
2018-05-07,87.533935546875,87.78204111176657,86.72558353375625,87.04572348900581,9356700,False,14.75,False,2.95,False,0.008669464236042312,0.00863210022630572,0.19889100473003876,88.08135719299317,89.28900192260743,-0.009329440274166267,0.0,-0.00135412709165883,-0.21743487215434468,False,False,False
2018-05-08,88.83048248291016,89.11060261916441,87.46189029764419,87.6619769815631,12543200,False,14.710000038146973,False,2.97,False,0.014811934684929584,0.014703309301474623,0.19381809263468114,88.02053108215333,89.17406021118164,-0.013509857666601954,0.020000000000000018,-0.0027118618205442813,-0.13766597394467314,False,False,False
2018-05-09,90.7673110961914,90.95138739526756,88.86248227480876,89.19062731270274,11368100,False,13.420000076293944,False,3.0,False,0.021803648467786596,0.021569348536280012,0.19940829425955722,88.13217849731446,89.12031082153321,0.025221261358645997,0.029999999999999805,-0.08769544245463723,-0.2381328773802223,False,False,False
2018-05-10,91.47162628173828,91.59167950955326,90.23909161474876,90.59124612136314,9159700,False,13.229999542236328,False,2.97,False,0.007759568693188168,0.00772961807617565,0.18102656999042588,88.16899337768555,89.11027038574218,0.008114784154964916,-0.029999999999999805,-0.01415801288952645,-0.1231847038662259,False,False,False
2018-05-11,91.12751007080078,91.82381416025969,90.97544218655776,91.63172648348016,10253000,False,12.649999618530272,False,2.97,False,-0.0037619994847101212,-0.003769093602405367,0.15027768471893105,88.31145782470703,89.1263151550293,0.03227623873641261,0.0,-0.04383975387560868,-0.2686999233820711,False,False,False
2018-05-14,91.15950775146484,91.7997815699818,91.03144932406433,91.3275798578066,8710700,False,12.93000030517578,False,3.0,False,0.0003511308565240512,0.00035106922451169496,0.15008253459707077,88.4591236114502,89.14475158691407,0.03348195480774674,0.029999999999999805,0.02213444229953576,-0.2840703127956512,False,False,False
2018-05-15,90.4631805419922,91.16748949936152,90.09502181707656,91.16748949936152,11536200,False,14.630000114440918,False,3.08,False,-0.007638558244205229,-0.007667881450350242,0.1536307662403909,88.57197303771973,89.1215495300293,0.025587642701612623,0.08000000000000007,0.13147716698696765,-0.37527427836642663,False,False,False
2018-05-16,90.71131134033205,90.99143762984038,90.1430657952118,90.35115769119564,7571100,False,13.420000076293944,False,3.09,False,0.0027428927089807598,0.002739137843336207,0.14961376683316235,88.73284339904785,89.10171798706055,0.03677293017327088,0.009999999999999787,-0.08270676887778095,-0.35407651435137966,False,False,False
2018-05-17,90.40715026855467,90.76730989852705,89.79888514911866,90.599231740844,8617200,False,13.43000030517578,False,3.11,False,-0.003353066638362434,-0.003358700764228197,0.1302209213231231,88.78246383666992,89.08265121459961,0.01109893889546787,0.020000000000000018,0.0007451735339034649,-0.47875260593796376,False,False,False
2018-05-18,88.94251251220703,90.27909593059393,88.71041127315972,90.2390761594562,11806300,False,13.420000076293944,False,3.06,False,-0.016200463702228496,-0.016333125958911215,0.14303496593354567,88.76885604858398,89.03413238525391,-0.003050571918096656,-0.04999999999999982,-0.0007446186637822816,-0.44674283527219477,False,False,False
2018-05-21,89.7588882446289,90.07102298519644,89.57480580744652,89.67885479174306,9441900,False,13.079999923706056,False,3.06,False,0.009178689800446449,0.009136821628850952,0.1455239493779174,88.81767807006835,88.949384765625,0.010998124671250276,0.0,-0.025335331643439263,-0.4653284660570905,False,False,False
2018-05-22,90.44718170166016,91.47162449416102,89.87093110433825,89.91894995206151,11507600,False,13.220000267028809,False,3.06,False,0.0076682484653261,0.007638996891782836,0.14619211382336278,88.92172279357911,88.88445495605468,0.0235485108111948,0.0,0.010703390224721332,-0.43014546604651277,False,False,False
2018-05-23,90.031005859375,90.25510197652513,88.93453469958179,90.0470162141207,11453900,False,12.579999923706056,False,3.01,False,-0.0046013135451573595,-0.004611932173942083,0.14658122319277544,89.02176666259766,88.83365768432617,0.02272946109408802,-0.050000000000000266,-0.04841152272280491,-0.40039988040315805,False,False,False
2018-05-24,89.02259063720703,89.75890833844976,88.13420506712588,89.75090315952079,14084800,False,12.529999732971191,False,2.98,False,-0.011200754812659475,-0.011263955641319517,0.15301955867945533,89.06698684692383,88.78339599609374,0.010263530354177597,-0.029999999999999805,-0.003974577983950844,-0.4189302781877343,False,False,False
2018-05-25,88.56635284423828,88.90249693237986,88.19818805494837,88.40627986929492,8283500,False,13.220000267028809,False,2.93,False,-0.005124966479891024,-0.005138144163339707,0.15234179874570186,89.11740837097167,88.71939147949219,0.0115172956796874,-0.04999999999999982,0.0550678809866183,-0.4823157066072254,False,False,False
2018-05-29,84.7807388305664,87.39787024351796,84.00440143869591,87.3818659938397,30643800,True,17.020000457763672,False,2.77,False,-0.042743252850545144,-0.04368364017795706,0.2161208724434903,89.00335922241212,88.57648880004882,-0.026199607864237695,-0.16000000000000014,0.28744327639782363,-0.7699905766163178,True,False,False
2018-05-30,86.71758270263672,86.91766942142738,85.35699545732511,86.14933715401071,17490800,False,14.9399995803833,False,2.84,False,0.022845329007347814,0.022588281997389298,0.23245255232222933,88.98615226745605,88.48681610107423,-0.003952817518411922,0.06999999999999984,-0.12220921395049544,-0.7993300963796145,False,False,False
2018-05-31,85.64510345458984,86.58951282003001,85.17289571878935,86.39742521250396,19808200,False,15.43000030517578,False,2.83,False,-0.012367494741228113,-0.01244460866800348,0.23496676335921407,88.94973678588867,88.37394149780273,-0.008432104340059143,-0.009999999999999787,0.03279790753380385,-0.796735239754479,False,False,False
2018-06-01,86.7575912475586,87.18977923688666,86.2773844059145,86.7095662890813,13594200,False,13.460000038146973,False,2.89,False,0.012989508425996554,0.012905868279049694,0.2384045850589031,88.99615745544433,88.28172424316406,0.010816990379030722,0.06000000000000005,-0.12767337835813253,-0.8077016022079987,False,False,False
2018-06-04,86.79759216308594,87.44587710486002,86.65352952115396,87.22978008888187,9415400,False,12.739999771118164,False,2.94,False,0.0004610653079706317,0.00046095905002150613,0.23518872596651533,88.99695777893066,88.26659301757813,0.00018444546269447137,0.04999999999999982,-0.05349184732453616,-0.7962439433849847,False,False,False
2018-06-05,86.30938720703125,86.68555114177714,85.69312292039031,86.62952711571887,10415200,False,12.399999618530272,False,2.92,False,-0.005624637088289086,-0.005640514925515341,0.2337614034727772,88.93573036193848,88.28852157592773,-0.013989412588309769,-0.020000000000000018,-0.026687610572700304,-0.7961953623116617,False,False,False
2018-06-06,88.32625579833984,88.63038532373342,86.82160631132274,86.96566895096397,15453600,False,11.640000343322754,False,2.97,False,0.023367893766534475,0.023099044771015362,0.24303226863804794,88.91051902770997,88.2982307434082,-0.005676279926401628,0.050000000000000266,-0.06129026601515308,-0.8093758948919011,False,False,False
2018-06-07,88.67839050292969,89.23863058431382,88.06212030724821,88.98251996051552,13444400,False,12.130000114440918,False,2.93,False,0.003986750048522447,0.003978824019627886,0.229517301411582,88.80607299804687,88.34906417846679,-0.023014018681769333,-0.040000000000000036,0.04209619902625272,-0.7865931575497045,False,False,False
2018-06-08,88.9265365600586,88.95054598791609,88.08616994807592,88.53436832400881,10383200,False,12.18000030517578,False,2.93,False,0.0027982697444277616,0.002794361876128764,0.22765589044195275,88.67881851196289,88.40756881713867,-0.027823816249212152,0.0,0.004122027226968861,-0.787808627743422,False,False,False
2018-06-11,88.70242309570312,89.56679896667333,88.65439814320888,88.93452436325033,12642900,False,12.350000381469728,False,2.96,False,-0.0025202090739709915,-0.0025233901466286852,0.22752122770226757,88.55756416320801,88.43021636962891,-0.026612018403811333,0.029999999999999805,0.01395731297491909,-0.7981138511083605,False,False,False
2018-06-12,88.19022369384766,89.26268557032643,87.65398664944622,88.95055077904308,15294100,False,12.34000015258789,False,2.96,False,-0.005774356370206957,-0.005791092423674356,0.22798824788584413,88.40909996032715,88.47638305664063,-0.03257240117742377,0.0,-0.0008097351071213454,-0.798501922397119,False,False,False
2018-06-13,88.0141372680664,89.19864709505413,87.70200250918711,88.4063054845268,14979700,False,12.9399995803833,False,2.98,False,-0.0019966660521526514,-0.0019986620471474066,0.22686853514111818,88.28664779663086,88.49545761108398,-0.027072265857256417,0.020000000000000018,0.04862231931736094,-0.8104992157056831,False,False,False
2018-06-14,86.46146392822266,88.32627343988429,86.26137722798845,88.26224423033058,20487300,False,12.119999885559082,False,2.94,False,-0.01764118115609925,-0.017798641397136026,0.23352319469933544,88.07415542602538,88.45704086303711,-0.046850247773011944,-0.040000000000000036,-0.06336937568895418,-0.7391231799505961,False,False,False
2018-06-15,86.35741424560547,86.74157726036938,85.05284515481044,86.27738079304308,26028600,True,11.979999542236328,False,2.93,False,-0.0012034226335048137,-0.0012041473279897374,0.23351838971933525,87.87166862487793,88.3933334350586,-0.04479442180092452,-0.009999999999999787,-0.011551183551541389,-0.7391947528102156,False,False,False
2018-06-18,86.58150482177734,86.75758206985805,85.38898996817711,85.84518733540409,9786800,False,12.3100004196167,False,2.92,False,0.0025949199397581335,0.002591558948091877,0.22802269125515948,87.75361824035645,88.37876739501954,-0.026545322633039437,-0.010000000000000231,0.027545984139392576,-0.7485098075982877,False,False,False
2018-06-19,86.07730102539062,86.34141082945325,85.31696789954792,85.55707438269015,12707200,False,13.350000381469728,False,2.89,False,-0.005823458455989972,-0.005840480908719401,0.22512637270930053,87.56953887939453,88.33314804077149,-0.04101640841633958,-0.029999999999999805,0.08448415324143532,-0.7442154710596958,False,False,False
2018-06-20,86.06927490234375,86.94965494935207,85.98924146282663,86.58149624264531,8876900,False,12.789999961853027,False,2.93,False,-9.324320060299929e-05,-9.324754802047549e-05,0.2223765071162144,87.35064353942872,88.25359344482422,-0.04840291004043573,0.040000000000000036,-0.041947595776401725,-0.7556005359285937,False,False,False
2018-06-21,86.04528045654297,86.60552073682778,85.26093795798313,85.71713535940394,11048700,False,14.640000343322754,False,2.9,False,-0.0002787806197740439,-0.00027881948631468473,0.22233408092306892,87.1513572692871,88.2038117980957,-0.04427058616958679,-0.03000000000000025,0.14464428357994286,-0.7112738583068426,False,False,False
2018-06-22,84.63666534423828,86.73357594152857,84.44458384183456,86.5655038636552,19478900,False,13.770000457763672,False,2.9,False,-0.016370626080021933,-0.016506105401608233,0.22584954978103142,86.93206100463867,88.08183853149414,-0.04926755401718952,0.0,-0.05942622029758937,-0.6566996297615554,False,False,False
2018-06-25,83.86833190917969,84.5966442351743,83.20404267887196,84.56463574041123,16907600,False,17.329999923706055,False,2.87,False,-0.009078021114532264,-0.009119477433160394,0.22690953247672008,86.69715995788575,87.99364074707032,-0.05304521168802112,-0.029999999999999805,0.2585329954680733,-0.6132649543012519,False,False,False
2018-06-26,83.92436981201172,84.204489983715,82.5237628473335,83.80431656523551,17086800,False,15.920000076293944,False,2.88,False,0.0006681652246609548,0.0006679421016603862,0.170392705218483,86.654341506958,87.90800430297851,-0.010100985558360587,0.009999999999999787,-0.0813617918995686,-0.3716488544425395,False,False,False
2018-06-27,82.6277847290039,84.77271395093138,82.61978565910464,83.78028583516202,16276800,False,17.90999984741211,False,2.83,False,-0.01544944675678983,-0.015570033066165114,0.1544167853202524,86.44985160827636,87.79643615722657,-0.047162269128939394,-0.04999999999999982,0.1249999850239587,-0.3255348510200113,False,False,False
2018-06-28,83.98036193847656,84.40454462391307,82.84387132727699,82.9799287723869,14491300,False,16.850000381469727,False,2.84,False,0.01636952042111184,0.016236984234922005,0.1631782699336871,86.3666145324707,87.7261653137207,-0.019437673012981382,0.009999999999999787,-0.05918478363893154,-0.3608061706759785,False,False,False
2018-06-29,83.39612579345703,85.55706560146247,83.35611212114785,85.38098834605155,18972400,False,16.09000015258789,False,2.85,False,-0.00695681861251729,-0.006981130094445229,0.15580375542163052,86.19854125976562,87.60579299926758,-0.03874549080679046,0.010000000000000231,-0.045103870129143964,-0.25613401679662257,False,False,False
2018-07-02,84.10043334960938,84.10843242023529,82.73984028542735,83.01196134072806,11130000,False,15.600000381469728,False,2.87,False,0.008445327039491746,0.008409864785425018,0.15995022121265934,86.0636833190918,87.50350830078125,-0.03107412021763012,0.020000000000000018,-0.03045368343513355,-0.2697635718990774,False,False,False
2018-07-03,82.92391967773438,84.66067050103736,82.85188530161368,84.36454613854272,8311700,False,16.139999389648438,False,2.83,False,-0.013989388936727298,-0.014088162709951507,0.1654522532042991,85.89440994262695,87.38633773803711,-0.039224789317251374,-0.040000000000000036,0.03461532019064184,-0.28596594230518213,False,False,False
2018-07-05,83.46306610107422,83.99416224315496,83.31017190381412,83.79298825279925,10723400,False,14.970000267028809,False,2.84,False,0.006501699695758756,0.006480654815367944,0.14011713621748423,85.65125045776367,87.28827331542969,-0.05505938923041087,0.009999999999999787,-0.0724906547003974,-0.2514211364084045,False,False,False
2018-07-06,83.7366714477539,84.09073968470057,82.2399362598261,82.98026131338217,12173700,False,13.369999885559082,False,2.82,False,0.0032781607417626812,0.0032727992867837797,0.13968446734983225,85.40416450500489,87.20240417480468,-0.05572630521538979,-0.020000000000000018,-0.10688045109749944,-0.30288073564638196,False,False,False
2018-07-09,86.3277816772461,86.4726271957385,84.25971330392514,84.25971330392514,13900800,False,12.6899995803833,False,2.86,False,0.03094355417636674,0.03047445491954156,0.1835536434014105,85.27422676086425,87.16659606933594,-0.029223615169779782,0.040000000000000036,-0.050860157890520896,-0.32345278553374995,False,False,False
2018-07-10,85.79669952392578,87.22905758513569,85.72427368319983,86.92326914105,14575900,False,12.640000343322754,False,2.87,False,-0.006151926332427671,-0.006170927400089086,0.18429389525079665,85.12894058227539,87.13137161254883,-0.032758108182031176,0.010000000000000231,-0.00394005033206124,-0.3195711819954163,False,False,False
2018-07-11,85.61161804199219,86.1507629584096,85.46677249765007,85.54724088020812,10186500,False,13.630000114440918,False,2.85,False,-0.0021572098106406035,-0.0021595399393783184,0.18365346741318248,85.00001029968261,87.10236953735351,-0.029239132682179148,-0.020000000000000018,0.07832276457501397,-0.31949906913486936,False,False,False
2018-07-12,85.98175811767578,86.55309148610522,85.27362791582155,86.44043454806801,12456800,False,12.579999923706056,False,2.85,False,0.004323479501369132,0.004314160115662807,0.1847569263149453,84.89839134216308,87.08077026367188,-0.023091507949462353,0.0,-0.0770359634569916,-0.3335841571736148,False,False,False
2018-07-13,85.58747100830078,86.74623526646631,84.60574086061538,86.34388724786368,21289100,False,12.18000030517578,False,2.83,False,-0.004585706526672451,-0.004596253133627817,0.1748012783651649,84.854691696167,87.06505142211914,-0.010108467752147132,-0.020000000000000018,-0.031796472254066344,-0.4071341896861573,False,False,False
2018-07-16,88.9832763671875,89.13616441733784,86.08637228109797,86.14270074996233,24662600,True,12.829999923706056,False,2.85,False,0.039676430660714024,0.03890954037935697,0.22537933520185882,84.9859848022461,87.12813339233398,0.03040690998590967,0.020000000000000018,0.05336614139936158,-0.2409031325541455,True,False,False
2018-07-17,88.91890716552734,89.2649266878538,88.31538517119118,89.07180136868233,14821900,False,12.0600004196167,False,2.86,False,-0.000723385385300257,-0.0007236471547558352,0.2254915142525143,85.1028549194336,87.17087982177735,0.026996554848075283,0.009999999999999787,-0.06001555016899296,-0.2333377082206532,False,False,False
2018-07-18,89.74773406982422,90.22250785029232,88.6774870335799,88.85452111648858,14244900,False,12.100000381469728,False,2.88,False,0.009321154867029335,0.009277980982611437,0.22544057013655913,85.28637657165527,87.21515579223633,0.04264112606587078,0.020000000000000018,0.0033167463069043723,-0.21202658791436518,False,False,False
2018-07-19,88.42801666259766,89.3936491198149,88.29926853332803,89.36950922928568,16775300,False,12.869999885559082,False,2.84,False,-0.014704743477978122,-0.014813929912711828,0.23323032670054047,85.40431365966796,87.20710647583007,0.027405154312386104,-0.040000000000000036,0.06363632064578706,-0.24653344314001888,False,False,False
2018-07-20,89.54656982421875,89.91672924719379,88.33952582520931,88.51655992735894,13578100,False,12.859999656677246,False,2.89,False,0.01264930735571057,0.01256997318182496,0.23644880433593235,85.57937812805176,87.18269165039062,0.04069124243768485,0.050000000000000266,-0.0007770185680464614,-0.24874432457897633,False,False,False
2018-07-23,91.21228790283205,91.92846683229617,89.26492510899342,89.36953337599789,18140000,False,12.619999885559082,False,2.96,False,0.018601696099394216,0.018430800594994037,0.23277292765983568,85.90815925598145,87.1775048828125,0.07769236337288432,0.06999999999999984,-0.01866250214039078,-0.31257154462755593,False,False,False
2018-07-24,91.85604858398438,92.36300484805956,91.26861780934912,91.37323221733992,14000400,False,12.40999984741211,False,2.95,False,0.0070578284566014116,0.007033038558890859,0.22788312748087433,86.30754508972169,87.19207565307617,0.09524115351971618,-0.009999999999999787,-0.016640256739405612,-0.2400451137639839,False,False,False
2018-07-25,92.68489074707033,92.95848445559872,91.2364354097328,91.63878343239948,13329100,False,12.289999961853027,False,2.94,False,0.009023272564660179,0.008982806085320951,0.22787386670953602,86.74557113647461,87.22258331298828,0.1043859007184913,-0.010000000000000231,-0.00966961217039064,-0.26576006110311634,False,False,False
2018-07-26,92.41932678222656,93.0148000543074,92.20206158138043,92.8780032189842,11897800,False,12.140000343322754,False,2.98,False,-0.002865234696866281,-0.0028693473394697955,0.21695851326909146,87.23514823913574,87.26170623779296,0.11850181007921479,0.040000000000000036,-0.01220501375068006,-0.10525152147154576,False,False,False
2018-07-27,93.36888885498048,93.58616024316456,92.38715861644584,92.68489838792829,12802700,False,13.029999732971191,False,2.96,False,0.010274496751003559,0.010222072889345997,0.21404323502389552,87.70457458496094,87.31485778808593,0.11179431357275993,-0.020000000000000018,0.0733113150312188,-0.03261121529458886,False,False,False
2018-07-30,93.93218231201172,94.64031269893007,93.39303123696789,93.57006536853352,13411600,False,14.260000228881836,False,2.98,False,0.0060329887603796095,0.006014863148230944,0.20900577277861762,88.23137741088867,87.38535842895507,0.12633748172725445,0.020000000000000018,0.09439758412260324,-0.062010645098386996,False,False,False
2018-07-31,92.4998016357422,94.21380802438118,92.3951933671594,94.21380802438118,15843800,False,12.829999923706056,False,2.96,False,-0.015249093984760376,-0.015366557085604821,0.22192416760838243,88.6513458251953,87.45650421142578,0.09987306784991534,-0.020000000000000018,-0.1002805247000974,0.07230611103546776,False,False,False
2018-08-01,93.07115173339844,93.8999877150504,92.76536329324762,93.14357143384856,13531600,False,13.149999618530272,False,3.0,False,0.006176771058452379,0.00615777299907117,0.21045122065064542,89.15870742797851,87.52274948120117,0.12236797410323885,0.040000000000000036,0.024941519620194974,0.13382991460726495,False,False,False
2018-08-02,93.46546173095705,93.54593012039598,92.00091494152764,92.19404030405002,11058100,False,12.1899995803833,False,2.98,False,0.004236651102031086,0.00422770176366311,0.21051478793592096,89.65882720947266,87.58311508178711,0.11984217806915787,-0.020000000000000018,-0.07300380730005429,0.14344012435646886,False,False,False
2018-08-03,94.22185516357422,94.254043741481,93.29645964096387,93.34473943815232,11016100,False,11.640000343322754,False,2.95,False,0.0080927587432722,0.008060187978130618,0.21045628753207504,90.18308639526367,87.66693206787109,0.1252161512338399,-0.029999999999999805,-0.04511888892478966,0.12896570728121998,False,False,False
2018-08-06,94.24600982666016,94.57593203654726,93.48959352498412,93.98045863913424,9857400,False,11.270000457763672,False,2.94,False,0.0002563594512547951,0.0002563265967855871,0.18934549260065517,90.57899780273438,87.77140045166016,0.09172282659848663,-0.010000000000000231,-0.031786930811503855,0.2505194962832299,False,False,False
2018-08-07,94.59200286865234,95.187476099067,94.41496879328363,94.74489091064522,10562100,False,10.93000030517578,False,2.98,False,0.0036711691309643246,0.003664446836998836,0.18520598144833883,91.01876296997071,87.89191345214844,0.10251330638043776,0.040000000000000036,-0.030168601488713587,0.2579197904790813,False,False,False
2018-08-08,94.7851333618164,95.17138396623332,94.3747367226986,94.41497397452407,8997100,False,10.850000381469728,False,2.96,False,0.0020417211530263657,0.002039639673112528,0.18366051020562835,91.47743873596191,88.09200134277344,0.10715269176812714,-0.020000000000000018,-0.007319297481461873,0.33327581779926,False,False,False
2018-08-09,94.05290222167967,94.7288503125202,93.90805664073856,94.55986482464648,9694200,False,11.270000457763672,False,2.93,False,-0.007725168643711644,-0.007755162329708135,0.18928657063893992,91.88099594116211,88.2387077331543,0.09387042415389568,-0.029999999999999805,0.03870968309008038,0.2784619777436133,False,False,False
2018-08-10,93.1274642944336,93.3044922450542,92.28253109755089,92.94238152601466,12630600,False,13.15999984741211,False,2.87,False,-0.009839546737907656,-0.009888274983960096,0.19352572494851983,92.25799560546875,88.38835494995118,0.08809692817540471,-0.06000000000000005,0.16770180238515042,0.033659519342019786,False,False,False
2018-08-13,91.6468276977539,93.24817103182332,91.59049922286734,92.99066855529286,10336300,False,14.779999732971191,False,2.88,False,-0.015899032663430845,-0.016026778111956165,0.15561813067764624,92.39117317199707,88.48613967895508,0.029933167661475135,0.009999999999999787,0.12310029668257583,-0.26951814811271185,False,False,False
2018-08-14,92.25839233398438,92.57222326482896,91.45369638015868,91.95260394235116,10597600,False,13.3100004196167,False,2.89,False,0.006673058430864298,0.006650892133144412,0.15641569126093122,92.55814743041992,88.59535568237305,0.03755652509584273,0.010000000000000231,-0.0994586833499882,-0.31144653127678346,False,False,False
2018-08-15,91.49393463134766,92.00089705098355,90.9065099772641,91.59050036350293,10152100,False,14.640000343322754,False,2.86,False,-0.00828605055103615,-0.008320570690575037,0.1578033742905632,92.6454574584961,88.69904663085937,0.01945676489352799,-0.03000000000000025,0.09992485963755926,-0.35630513494752253,False,False,False
2018-08-16,92.3549575805664,92.78949415899024,91.97675561613282,92.0169867326845,10118600,False,13.449999809265137,False,2.87,False,0.009410710695610947,0.009366705820385174,0.14891694224531196,92.84180450439453,88.7796206665039,0.044408334215526146,0.010000000000000231,-0.08128418757861378,-0.35339332928029293,False,False,False
2018-08-17,92.3549575805664,92.59636883724964,91.97675561613282,92.25034931032008,8505100,False,12.640000343322754,False,2.87,False,0.0,0.0,0.14384636744619642,92.98222389221192,88.85315200805664,0.03136231529427169,0.0,-0.060223009474275835,-0.3465443237733918,False,False,False
2018-08-20,92.23428344726562,92.58030306931782,91.82388665382116,92.2101374034848,8618700,False,12.489999771118164,False,2.82,False,-0.0013066340612577498,-0.001307488451874452,0.12922410301566606,93.0333236694336,88.91930694580078,0.011204581837946037,-0.050000000000000266,-0.011867133554614995,-0.3525879989833931,False,False,False
2018-08-21,92.79753875732422,93.65856319726124,92.44347056691694,92.83777601144978,10976700,False,12.859999656677246,False,2.85,False,0.006106789026887549,0.006088218158012809,0.12863540961923622,93.08039817810058,89.0012092590332,0.010249626321330751,0.03000000000000025,0.029623690339424025,-0.330228086564025,False,False,False
2018-08-22,92.51590728759766,92.86997551968642,92.3630130711332,92.78950100196172,8314700,False,12.25,False,2.82,False,-0.003034902363769132,-0.00303951701899847,0.1251641651111804,93.07194900512695,89.0877229309082,-0.0018232039560127644,-0.03000000000000025,-0.04743387814637445,-0.31118161582901605,False,False,False
2018-08-23,92.32276916503906,92.6607399910369,92.08135792398754,92.50784579574808,9265400,False,12.40999984741211,False,2.82,False,-0.0020876206937926467,-0.002089802811358003,0.1249634194684457,93.06712112426757,89.17389556884766,-0.0010447773268791316,0.0,0.013061212033641523,-0.31741253840940303,False,False,False
2018-08-24,92.28252410888672,92.71706062243192,92.09744135448432,92.52393532952595,8845700,False,11.989999771118164,False,2.82,False,-0.00043591690886568557,-0.00043601194826192654,0.11889372257544309,93.01280288696289,89.29031677246094,-0.011635189830534354,0.0,-0.03384368101999047,-0.41014681401503295,False,False,False
2018-08-27,93.9160614013672,94.37473783661528,92.676828930496,92.7170661827964,13768000,False,12.15999984741211,False,2.85,False,0.017701480407634085,0.01754663387484024,0.13375869208899946,93.01199684143066,89.44148971557617,-0.00017162286926297732,0.03000000000000025,0.014178488702180525,-0.40709453934270795,False,False,False
2018-08-28,93.45738220214844,94.17356106864727,93.32058537132114,94.14942117371804,8302600,False,12.5,False,2.88,False,-0.004883927119329612,-0.004895892465867378,0.12265983197266121,93.05987586975098,89.5790072631836,0.010352244539692412,0.029999999999999805,0.027960539214994196,-0.6304688849397269,False,False,False
2018-08-29,93.15161895751952,93.6424840522908,92.82973930104502,93.62638669282798,7221700,False,12.25,False,2.89,False,-0.0032716863817943143,-0.0032770500497060506,0.1214840713208571,93.06389923095703,89.72049362182617,0.0008645775046556281,0.010000000000000231,-0.020000000000000018,-0.6451250760494577,False,False,False
2018-08-30,92.69290924072266,93.37689942864314,92.52392386295465,93.01478264256176,8991800,False,13.529999732971191,False,2.86,False,-0.004924334347919945,-0.004936498833398253,0.12166978682119929,93.02527160644532,89.85296630859375,-0.008265646752574796,-0.03000000000000025,0.10448977412009719,-0.6431523473980209,False,False,False
2018-08-31,92.20206451416016,92.41128104330598,91.59049386591612,92.4032385040378,13065700,False,12.859999656677246,False,2.86,False,-0.005295385920920714,-0.005309456170528885,0.1185347708177137,92.92428207397461,89.9761019897461,-0.021436540873745247,0.0,-0.04951959272114581,-0.5864418025556491,False,False,False
2018-09-04,92.66073608398438,92.7331557696405,91.43759485193344,92.00892821636596,10174200,False,13.15999984741211,False,2.9,False,0.004974634486126783,0.004962301875235363,0.12039644215773602,92.84501838684082,90.13658340454101,-0.016820592676458745,0.040000000000000036,0.023328164754584213,-0.5683964488984077,False,False,False
2018-09-05,92.21011352539062,93.1033265942868,91.9365198268389,92.54004183883129,11462400,False,13.90999984741211,False,2.9,False,-0.0048631446029666625,-0.004875008169134612,0.11998403753079172,92.72592391967774,90.30341903686524,-0.025180662963328326,0.0,0.05699088211976577,-0.5669437236730678,False,False,False
2018-09-06,91.81583404541016,92.29865053151111,91.33301755930916,92.13771374925904,9877600,False,14.649999618530272,False,2.88,False,-0.004275881081871824,-0.004285048804111606,0.11978266716742746,92.57745895385742,90.4612483215332,-0.03132663542363501,-0.020000000000000018,0.0531991214403813,-0.5680036230018912,False,False,False
2018-09-07,91.99284362792967,92.35495436098772,91.43760144052048,92.13768914902153,10955600,False,14.880000114440918,False,2.94,False,0.0019278764317707253,0.00192602046300543,0.11808522788831805,92.47445602416992,90.64854949951172,-0.021903190067378286,0.06000000000000005,0.015699692962430234,-0.5639449707427691,False,False,False
2018-09-10,91.50196838378906,92.5158869183167,91.46173727312816,92.41932120191424,8276900,False,14.15999984741211,False,2.94,False,-0.005336015550578943,-0.00535030292933862,0.1146878140972414,92.3931812286377,90.79898162841796,-0.017454527758914762,0.0,-0.04838711434753651,-0.4653059477219798,False,False,False
2018-09-11,92.08136749267578,92.20207312574476,91.07549744934032,91.36518851296842,9333800,False,13.220000267028809,False,2.98,False,0.006332094479722272,0.006312130998917056,0.10251373616526019,92.41490821838379,90.97268646240235,0.004741460297512656,0.040000000000000036,-0.06638415187236713,-0.3547303530763653,False,False,False
2018-09-12,90.99501037597656,92.44345925714448,90.80992762472272,91.93650306963706,10800800,False,13.140000343322754,False,2.97,False,-0.011797795213951745,-0.011867941459792518,0.10799925524195617,92.3517391204834,91.11057800292969,-0.01369395158582698,-0.009999999999999787,-0.006051431323006673,-0.2598857525163505,False,False,False
2018-09-13,91.3490982055664,91.83996331575192,90.66510775116912,91.22839870252406,12470800,False,12.369999885559082,False,2.97,False,0.003891288413802041,0.003883736934691751,0.10522000599608268,92.34449729919433,91.27908157348632,-0.00158301669247074,0.0,-0.05859972889231746,-0.1936974118717782,False,False,False
2018-09-14,91.3330078125,92.1296552365178,91.11574256571116,91.58246164017312,10337900,False,12.06999969482422,False,2.99,False,-0.00017614178336167186,-0.00017615729814748955,0.09910222463782455,92.29339981079102,91.43648040771484,-0.011065456525979123,0.020000000000000018,-0.02425223876397009,-0.08513093466235651,False,False,False
2018-09-17,91.60659790039062,92.08137177538536,91.17206742408196,91.56636678039216,9561300,False,13.68000030517578,False,2.99,False,0.002995522587543542,0.002991044949439438,0.09988515046934274,92.25598182678223,91.59387893676758,-0.008103080763400716,0.0,0.13338862063451007,0.0036154519823851415,False,False,False
2018-09-18,91.9767608642578,92.26645193306994,91.38128136761976,92.00090076343488,7944200,False,12.789999961853027,False,3.05,False,0.004040789335607364,0.004032647272584403,0.10102985436270305,92.24310569763183,91.70685852050781,-0.002792048394402724,0.05999999999999961,-0.06505850317751993,-0.04311659723043115,False,False,False
2018-09-19,94.64833068847656,95.00239269745497,92.0893975695732,92.0893975695732,16052800,False,11.75,False,3.08,False,0.029046139471703647,0.02863229498340675,0.14361990774034536,92.33564529418945,91.88389114379883,0.019944407534259856,0.03000000000000025,-0.08131352345229803,-0.27754828933115017,False,False,False
2018-09-20,95.46109008789062,95.95195516895478,95.01851094452276,95.35648181167863,15590000,False,11.800000190734863,False,3.07,False,0.008587149857815835,0.0085504900060719,0.14517761804902418,92.4829044342041,92.0808805847168,0.0318343394843168,-0.010000000000000231,0.004255335381690539,-0.2947865953178935,False,False,False
2018-09-21,94.83341979980467,95.94390417886284,94.74490275105822,95.86342966957106,24788200,True,11.68000030517578,False,3.07,False,-0.006575142683873159,-0.006596854157551731,0.14754704398655744,92.60843696594239,92.25791381835937,0.027194273497987087,0.0,-0.010169481662661739,-0.27797382536978726,False,False,False
2018-09-24,93.92413330078124,95.32430284833583,93.69077068629812,94.7610180129243,12492500,False,12.199999809265137,False,3.08,False,-0.009588249595374299,-0.009634512820261495,0.15253584333379644,92.69051742553711,92.42464706420898,0.017788949833638545,0.010000000000000231,0.04452050432386789,-0.31744115420203944,False,False,False
2018-09-25,93.65855407714844,94.9299750558566,93.6022256104635,94.18160763313269,9308300,False,12.420000076293944,False,3.1,False,-0.002827593018956187,-0.0028315982119154364,0.13943387057928944,92.67764205932617,92.51815261840821,-0.0027418880261413925,0.020000000000000018,0.01803280905477811,-0.37317476071959654,False,False,False
2018-09-26,92.55613708496094,94.04482969078992,92.26645215479633,93.94826395450596,14023600,False,12.890000343322754,False,3.06,False,-0.011770595895377767,-0.011840417796992,0.14461366326044264,92.6325798034668,92.59089721679688,-0.009643380714838612,-0.040000000000000036,0.03784221128354903,-0.38670583240914996,False,False,False
2018-09-27,92.15377807617188,93.1516054808166,91.86409318053316,92.87800566362598,13283000,False,12.40999984741211,False,3.06,False,-0.0043471888678728865,-0.004356665367460807,0.14494247042357386,92.58268775939942,92.63901809692383,-0.01071200793410465,0.0,-0.03723820660402799,-0.3736074406418133,False,False,False
2018-09-28,90.80189514160156,91.92847078744153,90.54439266306755,91.45370308675272,15815100,False,12.119999885559082,False,3.05,False,-0.014669859042055533,-0.01477852548123455,0.15280375733875562,92.48813705444336,92.6864956665039,-0.020400849586133307,-0.010000000000000231,-0.023368248623588994,-0.31045338666266514,False,False,False
2018-10-01,91.3330078125,92.22622097917066,90.96284834134684,91.22839952913412,10146300,False,12.0,False,3.09,False,0.005849136409214806,0.005832096623913737,0.15375327556109952,92.44468421936035,92.72222442626953,-0.009425566620872017,0.040000000000000036,-0.009900980750178201,-0.3413518489339261,False,False,False
2018-10-02,91.71119689941406,91.83190251780265,90.77774666584128,91.22033188681851,13753100,False,12.050000190734863,False,3.05,False,0.00414077118417544,0.00413222178379026,0.15339264278381928,92.39720726013184,92.73220260620117,-0.010247481562305816,-0.040000000000000036,0.004166682561238533,-0.3557081619774597,False,False,False
2018-10-03,92.5722427368164,93.07115654329516,92.12161487247702,92.4917743523764,17142000,False,11.609999656677246,False,3.15,False,0.009388666449819727,0.009344866854075144,0.15629471949560966,92.41531372070312,92.74652648925782,0.0039272179328362355,0.10000000000000009,-0.03651456656373575,-0.3593449903968286,False,False,False
2018-10-04,93.4068603515625,94.65477094969812,92.54791138988992,92.82342717037116,16357400,False,14.220000267028809,False,3.19,False,0.009015851729107682,0.008975451584148803,0.15830746770121396,92.49486503601074,92.76096588134766,0.017328452360030333,0.040000000000000036,0.22480626076939414,-0.08808186558650173,False,False,False
2018-10-05,92.88016510009766,94.07945182342108,92.39396143040476,93.86066511792843,13777600,False,14.81999969482422,False,3.23,False,-0.005638721283238501,-0.005654678887354066,0.1599300147031845,92.53923110961914,92.77018264770508,0.009645548905486745,0.040000000000000036,0.04219405179524505,-0.10655011059652657,False,False,False
2018-10-08,93.44739532470705,93.820146941161,91.85104184440551,92.58034117326618,14370900,False,15.6899995803833,False,3.215,False,0.006107119038796682,0.006088546166787433,0.15952282347132127,92.63650245666504,92.7717527770996,0.021261039246262214,-0.015000000000000124,0.05870444692808752,-0.10978970623749294,False,False,False
2018-10-09,92.79911041259766,93.21238098488226,92.11033024701354,92.92066130825025,14069500,False,15.949999809265137,False,3.21,False,-0.006937431587651588,-0.006961607443278973,0.1607001767453239,92.67238960266113,92.74909133911133,0.007794659652279323,-0.004999999999999893,0.016571079403144617,-0.08496294041915729,False,False,False
2018-10-10,90.32762908935548,93.14757849159255,90.32762908935548,92.94499567087806,23086400,False,22.959999084472656,False,3.22,False,-0.02663259714725308,-0.02699367006960323,0.18278913730906368,92.63902053833007,92.70564788818359,-0.007334262437726724,0.010000000000000231,0.439498392415999,-0.4871329005982243,False,False,False
2018-10-11,87.6211166381836,90.32762625275068,87.01336819512552,89.9224606240453,33705600,True,24.979999542236328,False,3.14,False,-0.029963284528308654,-0.030421357199295982,0.20996347744918686,92.45262145996094,92.5966471862793,-0.040810272248047674,-0.08000000000000007,0.0879791175222544,-0.46250205369642433,False,False,False
2018-10-12,86.6649169921875,89.80900591872538,85.57097113863217,89.43625431882026,32075700,True,21.309999465942383,False,3.15,False,-0.01091289043878041,-0.010972872814219268,0.21217527364054928,92.2192169189453,92.4606362915039,-0.051110665597433824,0.009999999999999787,-0.14691753977371724,-0.37787143238882087,False,False,False
2018-10-15,86.17059326171875,88.20452574823037,86.15438936238064,86.8674783976178,18903200,False,21.299999237060547,False,3.16,False,-0.005703850504043206,-0.005720179581343905,0.21141370507170584,91.94741668701172,92.29961105346679,-0.05934075452275578,0.010000000000000231,-0.0004692740090311842,-0.4013808715786354,False,False,False
2018-10-16,88.0181884765625,88.14783827040253,86.48666280640781,86.83510551446263,19302800,False,17.6200008392334,False,3.16,False,0.02144113374306489,0.021214506344407892,0.22747844127944156,91.74948806762696,92.17505462646484,-0.043038832314800546,0.0,-0.1727698840206624,-0.4732441889431379,False,False,False
2018-10-17,88.99866485595703,89.78468700028897,87.70213635195694,87.82368106925728,18794500,False,17.399999618530273,False,3.19,False,0.011139474651373993,0.01107788764614635,0.20246596849395582,91.46700477600098,92.06318786621094,-0.0596911302230434,0.029999999999999805,-0.012485880262460669,-0.447311420653515,False,False,False
2018-10-18,87.58870697021484,89.00678674069351,87.3618151961122,88.34231532410556,17582500,False,20.059999465942383,False,3.17,False,-0.01584246109786236,-0.015969294234300106,0.20250118928012453,91.0733856201172,91.91925933837891,-0.08246693087652479,-0.020000000000000018,0.1528735578005025,-0.4748693124413284,False,False,False
2018-10-19,87.4428482055664,88.50438016533222,86.92423051751676,87.23216034939031,15234500,False,19.88999938964844,False,3.2,False,-0.001665269070566855,-0.001666657172361583,0.2024926456413674,90.70385704040527,91.78705825805665,-0.0779321425910815,0.03000000000000025,-0.008474580300092516,-0.4817917163279708,False,False,False
2018-10-22,86.18681335449219,87.79126541572593,85.9842305863935,87.63730671595904,16199100,False,19.63999938964844,False,3.2,False,-0.014364066094021188,-0.014468227953146399,0.20494460616320537,90.31699104309082,91.64824523925782,-0.08237840131578511,0.0,-0.0125691306018898,-0.4579315495392132,False,False,False
2018-10-23,85.28734588623047,86.02475013409801,84.03133024347531,84.43649578212722,21407500,False,20.709999084472656,False,3.17,False,-0.01043625391464642,-0.01049109349272535,0.206040725241823,89.89843063354492,91.52105560302735,-0.08938007076238264,-0.03000000000000025,0.05448063788577184,-0.4588353383539134,False,False,False
2018-10-24,83.6990966796875,85.10907100567478,83.39117309976753,84.8902843377408,23168900,False,25.229999542236328,False,3.1,False,-0.018622331250190638,-0.018797910068806545,0.21059288950943178,89.45557861328125,91.3498696899414,-0.09569371285604988,-0.06999999999999984,0.21825208390050332,-0.5005752122926564,False,False,False
2018-10-25,84.97132873535156,85.81407391143367,84.04755167706348,84.42030328108004,17464700,False,24.21999931335449,False,3.14,False,0.015200069130170357,0.015085705513163,0.22241259967202578,89.09645614624023,91.21941757202148,-0.07793982504855623,0.040000000000000036,-0.04003171808192252,-0.5179012104066941,False,False,False
2018-10-26,83.80443572998047,84.72821263264431,83.24531150931674,84.27442922286848,19174900,False,24.15999984741211,False,3.08,False,-0.013732785196350794,-0.013827952167137551,0.22183799626607226,88.74658317565918,91.04840713500977,-0.07706292253822311,-0.06000000000000005,-0.0024772695145905965,-0.528356319475101,False,False,False
2018-10-29,84.96319580078125,86.40558385048521,84.03131400548907,84.6471672362881,18445200,False,24.700000762939453,False,3.08,False,0.013826953916071139,0.01373223371794405,0.22820814929141164,88.42809257507324,90.90057189941406,-0.06974271585137659,0.0,0.022351031412989997,-0.5116437333121463,False,False,False
2018-10-30,86.46234130859375,86.68923925019926,84.97133478634959,85.66011510765449,18019700,False,23.350000381469727,False,3.12,False,0.017644645939727255,0.017490786402819744,0.2389917374049366,88.16564979553223,90.78513305664063,-0.05723244018478013,0.040000000000000036,-0.05465588420123868,-0.5277421615392845,False,False,False
2018-10-31,88.3423080444336,89.52539708162813,87.34560409285167,87.58060089161843,20860000,False,21.229999542236328,False,3.15,False,0.02174318561568933,0.02151017411354942,0.2510895916642634,87.95415306091309,90.69602844238281,-0.0456933370881869,0.029999999999999805,-0.09079232567875262,-0.548814885012314,False,False,False
2018-11-01,88.30987548828125,89.31468420164283,87.77505405841036,88.82848683597335,13065000,False,19.34000015258789,False,3.14,False,-0.000367123713091444,-0.0003671911194999665,0.2477086220296574,87.69930381774903,90.61190780639649,-0.05456756435338195,-0.009999999999999787,-0.08902493784271404,-0.6369092470925298,False,False,False
2018-11-02,87.82369232177734,89.7927973646994,87.1024980558254,89.0553991951431,19009200,False,19.51000022888184,False,3.22,False,-0.005505422398295878,-0.00552063308939567,0.24768799744769857,87.44648017883301,90.52192626953125,-0.05444082461385502,0.08000000000000007,0.008790076264358238,-0.6347263529884031,False,False,False
2018-11-05,88.39903259277344,88.56110255125479,87.85611214211868,88.01007705709175,10276400,False,19.959999084472656,False,3.2,False,0.006551082695180899,0.006529717611797351,0.24790179734548778,87.19406204223633,90.44425643920898,-0.054023578874421996,-0.020000000000000018,0.02306503589501019,-0.6433632935906887,False,False,False
2018-11-06,88.81227111816406,88.86899403752054,87.32126513374558,88.05866308537975,10825000,False,19.90999984741211,False,3.22,False,0.004674695110005178,0.004663802655564061,0.24866805910622894,86.99472007751464,90.34218063354493,-0.04296204216514099,0.020000000000000018,-0.002504971911518883,-0.6450713418271082,False,False,False
2018-11-07,90.33572387695312,90.53830667466735,88.6097144837327,89.43625576051508,12679600,False,16.360000610351562,False,3.22,False,0.01715362910562357,0.01700816672532523,0.23973148365801483,86.99512481689453,90.27974746704102,8.961585374533954e-05,0.0,-0.17830232366988052,-0.6315823015677839,False,False,False
2018-11-08,91.06501007080078,91.5106946647802,89.94675533818321,89.95486038052898,11662500,False,16.719999313354492,False,3.24,False,0.008073065256454015,0.008040652395705417,0.21296609619194465,87.1673194885254,90.23801528930665,0.039304377355040554,0.020000000000000018,0.02200480987605502,-0.5898165902705425,False,False,False
2018-11-09,90.18177795410156,91.04883226352544,89.80902626972976,90.94349141218264,10432200,False,17.360000610351562,False,3.19,False,-0.00969891856391969,-0.00974625942671702,0.2120302521841522,87.3431625366211,90.18779266357421,0.0405799841962704,-0.050000000000000266,0.03827759110527551,-0.7224640202937269,False,False,False
2018-11-12,88.28557586669922,90.70847044405278,88.00196120212125,90.28709478610608,13279700,False,20.450000762939453,False,3.1525,False,-0.021026443816259954,-0.021250647864705305,0.22600221329671527,87.44891166687012,90.109462890625,0.02454413419850554,-0.03750000000000009,0.177995394236643,-0.7680185080359698,False,False,False
2018-11-13,88.8041763305664,90.04398802364656,88.40711584922806,88.40711584922806,13746100,False,20.020000457763672,False,3.14,False,0.005874124496284772,0.005856939093608106,0.21404964769332457,87.48821105957032,90.03233169555664,0.008929834476350207,-0.012499999999999734,-0.021026909004084215,-0.7361878331541714,False,False,False
2018-11-14,86.97284698486328,89.71176414610126,85.87890112893801,89.32280864202556,18361400,False,21.25,False,3.12,False,-0.020622108344163337,-0.02083771332398422,0.22268873707447312,87.38692016601563,89.92758636474609,-0.022762340023555483,-0.020000000000000018,0.061438537168431395,-0.7330218250989203,False,False,False
2018-11-15,89.1931381225586,89.20124316408489,86.55145717749802,87.71023082234652,19100000,False,19.979999542236328,False,3.11,False,0.02552855534419529,0.025208143431943067,0.2343718562583416,87.4671417236328,89.87513244628906,0.01831778556668673,-0.010000000000000231,-0.059764727424172825,-0.7122951703269066,False,False,False
2018-11-16,89.12831115722656,89.75226953272626,87.96143864006609,88.69073164491564,13798600,False,18.13999938964844,False,3.08,False,-0.0007268156126870595,-0.0007270798712070528,0.23425334561559566,87.55141487121583,89.817841796875,0.019275023472449693,-0.029999999999999805,-0.09209210183905436,-0.6869971995377242,False,False,False
2018-11-19,89.80899810791016,90.10881666092328,88.75556519546134,89.10400781890188,13987000,False,20.100000381469727,False,3.06,False,0.00763715750748184,0.007608142056823746,0.22797585149245153,87.73252410888672,89.78398239135743,0.04202713399461322,-0.020000000000000018,0.1080485698880318,-0.6662313307903536,False,False,False
2018-11-20,87.8803939819336,89.53346995450009,87.49954360724068,88.9581356896218,18936200,False,22.479999542236328,False,3.06,False,-0.021474508864459674,-0.021708441248194904,0.2391568390683336,87.86217651367187,89.69996292114257,0.030403667375956678,0.0,0.1184079161988838,-0.6897920578956253,False,False,False
2018-11-21,87.22404479980469,88.82039816012256,87.22404479980469,88.3504046077002,10619600,False,20.799999237060547,False,3.06,False,-0.007468664538120229,-0.007496694665401543,0.22973563098263916,88.03842391967774,89.62454360961914,0.04211453002422472,0.0,-0.07473311118264614,-0.5980233864054751,False,False,False
2018-11-23,86.42181396484375,87.02145725412728,85.94371539597627,86.49474079709339,6488400,False,21.520000457763672,False,3.05,False,-0.009197358787960463,-0.009239915633667365,0.2276882799055437,88.11094818115234,89.52599792480468,0.017070290074076677,-0.010000000000000231,0.03461544457272181,-0.5999095321429336,False,False,False
2018-11-26,88.53678894042969,89.12022839556316,87.07008525951458,87.28887814635786,13948300,False,18.899999618530277,False,3.07,False,0.02447269825239151,0.02417803949096571,0.23528515749236406,88.34756584167481,89.47007354736328,0.056469006314856074,0.020000000000000018,-0.12174724830399286,-0.65712511052387,False,False,False
2018-11-27,88.9095230102539,89.16072365518895,88.02625895873727,88.13160595100183,9238200,False,19.020000457763672,False,3.06,False,0.0042099343593204885,0.0042010973790550556,0.2317873063359215,88.54488220214844,89.41613204956055,0.04644749026067552,-0.009999999999999787,0.006349250881240387,-0.6820776332299836,False,False,False
2018-11-28,89.89813995361328,90.27089154153846,88.22075471678197,88.97436293520393,13977300,False,18.489999771118164,False,3.06,False,0.011119359432907538,0.011057993834208841,0.2271972532378024,88.71667213439942,89.37455963134765,0.03973751569780859,0.0,-0.027865440267598407,-0.6773646748166621,False,False,False
2018-11-29,89.18505859375,89.7847081915287,88.84472094031044,89.35522742046979,11144300,False,18.790000915527344,False,3.03,False,-0.007932103603380702,-0.007963730091239473,0.21727970684663042,88.75880966186523,89.26529418945313,0.009539603027945986,-0.03000000000000025,0.01622504857343432,-0.6558094292721165,False,False,False
2018-11-30,90.1007080078125,90.20604881467328,88.79607457224684,89.01486122721462,18652700,False,18.06999969482422,False,3.01,False,0.010266847704091475,0.010214501604617662,0.21993798537139891,88.8483512878418,89.15808654785157,0.02027896098402837,-0.020000000000000018,-0.03831831748917813,-0.6838827486051492,False,False,False
2018-12-03,90.9515380859375,91.4782544050936,90.54637263771498,91.06498391685308,16034500,False,16.440000534057617,False,2.98,False,0.009443100913826719,0.009398793550593565,0.2203879704056748,89.0047435760498,89.08044891357422,0.03561505650092722,-0.029999999999999805,-0.09020471434946853,-0.6911847931782054,False,False,False
2018-12-04,86.8918228149414,90.43296642715283,86.48665718920834,90.43296642715283,23555900,False,20.739999771118164,False,2.91,False,-0.04463602657450594,-0.04566288710495956,0.27421073982190736,88.9293830871582,88.93980270385742,-0.017050070952419505,-0.06999999999999984,0.26155712271131226,-0.803825726127809,True,False,False
2018-12-06,85.2387466430664,85.37650147257682,83.36687724109751,85.09288676995632,27213900,True,21.190000534057617,False,2.87,False,-0.019024530943442808,-0.01920782578798602,0.28085436915774986,88.75070686340332,88.77140655517579,-0.04023683247941168,-0.040000000000000036,0.021697240496892922,-0.7900644750453046,False,False,False
2018-12-07,83.6990966796875,86.68922029624288,83.39117309976753,85.2144180011139,19248600,False,23.229999542236328,False,2.85,False,-0.0180627944921119,-0.018227918183588116,0.2769568952430468,88.41887550354004,88.59426574707031,-0.073466253575445,-0.020000000000000018,0.09627177710070955,-0.786453330450132,False,False,False
2018-12-10,82.13513946533203,83.86114203455845,80.4496497311856,83.35874083969482,23636400,False,22.63999938964844,False,2.85,False,-0.01868547303850432,-0.01886225208685037,0.27820345080810743,87.97238197326661,88.39389297485351,-0.09806039222447782,0.0,-0.025398199062172222,-0.7582958239627761,False,False,False
2018-12-11,81.33293914794922,83.99892935355768,81.2032831973895,83.56944865408059,16860700,False,21.76000022888184,False,2.89,False,-0.00976683454371452,-0.009814842921224138,0.2782187685790824,87.52994003295899,88.20451385498046,-0.0981222482734373,0.040000000000000036,-0.03886922192979203,-0.7412175428030525,False,False,False
2018-12-12,81.8596420288086,83.3830683981759,81.08172494294112,82.37825960172235,22621500,False,21.459999084472656,False,2.91,False,0.006475886478186643,0.006455008014578084,0.27431152111142443,87.20864334106446,88.01504653930664,-0.07278577247537044,0.020000000000000018,-0.01378681715319996,-0.7302596383252984,False,False,False
2018-12-13,81.94066619873047,82.62944625555005,81.57601356935464,82.28910874733346,17250900,False,20.649999618530277,False,2.91,False,0.000989793846073228,0.0009893043231355974,0.2726100078469098,86.86546783447265,87.81963592529297,-0.07728814584448229,0.0,-0.03774461791699013,-0.7303146670025705,False,False,False
2018-12-14,81.26810455322266,82.60515206836874,80.91966194239471,81.02500275689228,19879500,False,21.6299991607666,False,2.89,False,-0.00820791039063129,-0.008241780751037086,0.2659744353864806,86.58023071289062,87.59355316162109,-0.06559222365841921,-0.020000000000000018,0.04745760582760128,-0.7251090205297779,False,False,False
2018-12-17,80.23086547851562,81.48687468506868,79.76897710510347,80.846712521509,25113500,True,24.520000457763672,False,2.86,False,-0.012763175422994433,-0.012845324483559606,0.24491576213046068,86.13211708068847,87.33003326416015,-0.10048163830414936,-0.03000000000000025,0.13361079099064765,-0.7251182167904877,False,False,False
2018-12-18,79.85002899169922,81.75430587972033,79.50969140640233,80.56311814884543,20837200,False,25.57999992370605,False,2.82,False,-0.004746757803807955,-0.004758059436891527,0.2443643094235704,85.6682029724121,87.06943054199219,-0.10410028020344753,-0.040000000000000036,0.04322999372566305,-0.7337716203017629,False,False,False
2018-12-19,78.83712768554688,81.50311822745465,78.27799714731495,79.74470090694211,28767900,True,25.57999992370605,False,2.77,False,-0.012685046191500349,-0.012766188314642588,0.24063897344545934,85.11960945129394,86.77722518920899,-0.12216894357489672,-0.04999999999999982,0.0,-0.8079326719191776,False,False,False
2018-12-20,78.15643310546875,79.63934052088798,77.54058591300154,78.28608905062126,31825200,True,28.3799991607666,False,2.79,False,-0.008634187977943242,-0.008671678535299633,0.23418900983605576,84.6334114074707,86.48437164306641,-0.11064994631753577,0.020000000000000018,0.10946048652899631,-0.7800044808599422,False,False,False
2018-12-21,76.30888366699219,79.76089613121192,75.91992817325075,78.34281660467674,41313900,True,30.11000061035156,False,2.79,False,-0.023639121759604587,-0.023923008615091695,0.24265195602596495,84.08765335083008,86.20399673461914,-0.12513935988482094,0.0,0.06095847430385293,-0.8066853865025749,False,False,False
2018-12-24,74.66390991210938,76.34940014826773,74.66390991210938,75.27165826032972,17009300,False,36.06999969482422,True,2.74,False,-0.021556779182635988,-0.021792520587555094,0.2483396138729924,83.49975814819337,85.94485260009766,-0.13605250241006828,-0.04999999999999982,0.19794084900893893,-0.8050398843541117,False,False,False
2018-12-26,77.75938415527344,77.75938415527344,73.82927892288713,75.10960375114045,22542900,False,30.40999984741211,False,2.81,False,0.04145877502005857,0.04062239862157517,0.28207211054530057,82.96088790893555,85.76674194335938,-0.121727983521151,0.06999999999999984,-0.15691710272524007,-0.815068660587515,True,False,False
2018-12-27,78.6345443725586,78.7236813036601,75.80649007237764,76.83560802827233,20304700,False,29.959999084472656,False,2.77,False,0.01125472155923446,0.011191858412282006,0.286631364855301,82.44713897705078,85.61602096557617,-0.11556668273330295,-0.040000000000000036,-0.014797789056146593,-0.8146334629955434,False,False,False
2018-12-28,78.46434783935547,79.67173923098936,78.14831926156093,79.37191455206408,17963300,False,28.34000015258789,False,2.72,False,-0.002164399050838983,-0.0021667447477586,0.2799291753699429,81.8754493713379,85.42494415283203,-0.12718608104859075,-0.04999999999999982,-0.05407206212914606,-0.8073318744273151,False,False,False
2018-12-31,79.10453033447266,80.06882021417093,78.41574390025599,79.08021520642744,13237200,False,25.420000076293945,False,2.69,False,0.008158896527475923,0.008125792669940346,0.28472319415038855,81.37142295837403,85.22706146240235,-0.11302933942327176,-0.03000000000000025,-0.10303458223613671,-0.8138155524019032,False,False,False
2019-01-02,80.47398376464844,80.85484039070879,77.74317177175233,77.75127063189353,15670900,False,23.21999931335449,False,2.66,False,0.017311946918658228,0.017163802500361158,0.2910329279170383,80.89008674621581,85.08476699829102,-0.1068440465787388,-0.029999999999999805,-0.08654605650419023,-0.8224934695489139,False,False,False
2019-01-03,79.33029174804688,80.78439350466591,78.98719034688669,80.58016558980276,16286400,False,25.450000762939453,False,2.56,False,-0.014211947303943151,-0.01431390418371501,0.28703734715352275,80.30902442932128,84.92251586914062,-0.12777404959232297,-0.10000000000000009,0.09603796363173989,-0.8163904172351959,False,False,False
2019-01-04,82.25483703613281,82.45089408941247,80.28607694400105,80.96411511758065,16935200,False,21.3799991607666,False,2.67,False,0.036865429631524504,0.03620215190818435,0.28978804391612656,80.07717514038086,84.84387634277344,-0.05336504205561732,0.10999999999999988,-0.15992147269793522,-0.7987471700515499,True,False,False
2019-01-07,82.3120346069336,82.89204123628033,81.4542747250231,82.04245221747117,15430700,False,21.399999618530277,False,2.7,False,0.0006953703011489676,0.0006951286432424391,0.28332972278174634,79.93083953857422,84.7843701171875,-0.034335465400357146,0.03000000000000025,0.0009354751425985075,-0.8092572488629983,False,False,False
2019-01-08,82.15680694580078,83.17794654005233,81.32355977920976,83.02273132731283,13578800,False,20.46999931335449,False,2.73,False,-0.001885844055174557,-0.0018876244978517321,0.2765986058898664,79.85372505187988,84.75352432250976,-0.01842659951025505,0.029999999999999805,-0.04345795896045257,-0.7933483373911306,False,False,False
2019-01-09,82.01795196533203,82.90838290083812,81.63400239404304,82.35288258690693,14230300,False,19.979999542236328,False,2.74,False,-0.001690121435225067,-0.0016915513017838352,0.2684717116649394,79.84786567687988,84.69445678710937,-0.001426764485491172,0.010000000000000231,-0.02393745908914069,-0.83083449128997,False,False,False
2019-01-10,82.00978088378906,82.28753415628833,81.09483735958474,81.70752125276927,14376100,False,19.5,False,2.74,False,-9.962552523168355e-05,-9.963048818394962e-05,0.26595843825016874,79.88170776367187,84.65856369018555,0.008321864953246383,0.0,-0.024024001663345507,-0.8533494386093556,False,False,False
2019-01-11,81.6176528930664,81.83004545272244,80.83341215765003,81.60131116845174,15439900,False,18.190000534057617,False,2.71,False,-0.004781478337057332,-0.004792946174682353,0.26563131160218534,79.86960830688477,84.59165283203124,-0.0029561470065679885,-0.03000000000000025,-0.06717945979191708,-0.8307462994261678,False,False,False
2019-01-14,82.4590835571289,82.80218503592079,80.59652554935268,80.76807628874862,21258500,False,19.06999969482422,False,2.71,False,0.010309420011929582,0.010256640383068751,0.2681476486595916,79.8955291748047,84.51158767700196,0.006326740829042388,0.0,0.048378182239134926,-0.8020905155864216,False,False,False
2019-01-15,83.0635757446289,83.70893668766867,80.54748639943263,80.78439152276681,26504900,True,18.600000381469727,False,2.72,False,0.007330813797866265,0.0073040739859278805,0.26716481475319,79.985302734375,84.40601303100586,0.022093184051442893,0.010000000000000231,-0.024646005289767015,-0.7997350429121056,False,False,False
2019-01-16,83.73345184326172,84.50951548928009,83.16161612856838,83.5292239119367,18533000,False,19.040000915527344,False,2.73,False,0.008064619089988234,0.008032273834527372,0.26289519903391334,80.16043205261231,84.31448455810546,0.043656345271309904,0.009999999999999787,0.023655942206107117,-0.7826562533793789,False,False,False
2019-01-17,84.0765609741211,84.55037131400978,83.25964917398574,83.41486441042503,14247600,False,18.059999465942383,False,2.75,False,0.004097635094533425,0.004089262651534065,0.2616368380081704,80.3717586517334,84.23954193115235,0.052930875990805815,0.020000000000000018,-0.051470661894021164,-0.7780411729633868,False,False,False
2019-01-18,85.4408187866211,85.69406573200055,84.00305822644083,84.77095122964921,16428700,False,17.799999237060547,False,2.79,False,0.016226375064507303,0.01609613444066717,0.2591894428808904,80.7019432067871,84.1803776550293,0.0837637201524386,0.040000000000000036,-0.01439646935605643,-0.777795378981222,False,False,False
2019-01-22,84.0929183959961,84.62390617915715,83.43121547625307,84.20728557075789,17083700,False,20.799999237060547,False,2.74,False,-0.01577583653535941,-0.015901599475251812,0.2650371877868626,80.99876747131347,84.08599060058594,0.07595645111537164,-0.04999999999999982,0.1685393330665903,-0.7870135776155327,False,False,False
2019-01-23,83.88050842285156,84.71375576172696,83.30050176129798,84.50136316963764,12146700,False,19.520000457763672,False,2.76,False,-0.0025258960825248478,-0.0025290915400980494,0.24595694028057988,81.37734870910644,83.9568862915039,0.09922337206374987,0.019999999999999574,-0.06153840510802655,-0.7671622002200266,False,False,False
2019-01-24,83.92950439453125,84.21542223648777,83.27597878899373,83.43118777031783,11296800,False,18.88999938964844,False,2.72,False,0.0005841162935338318,0.0005839457640144617,0.2261858411638135,81.84062843322754,83.81417617797851,0.12409736502319357,-0.03999999999999959,-0.0322746441260795,-0.7107460804847573,False,False,False
2019-01-25,84.46051788330078,85.21207530915942,83.92952392039565,84.55854955158176,14369400,False,17.420000076293945,False,2.76,False,0.006326898896880984,0.006306968094661145,0.18338660670920598,82.17568511962891,83.6997509765625,0.08617781378831668,0.03999999999999959,-0.07781891799107432,-0.6414881580208343,False,False,False
2019-01-28,84.86076354980469,85.15485218554369,83.80694697716326,84.05202291779246,12283100,False,18.8700008392334,False,2.75,False,0.004738849305387038,0.004727656306378706,0.18151318144241754,82.48699607849122,83.63125473022461,0.07917918552115233,-0.009999999999999787,0.08323770129672337,-0.6126369475071066,False,False,False
2019-01-29,85.09769439697266,85.86559342641743,84.73825746976736,84.86078924464306,9743300,False,19.1299991607666,False,2.72,False,0.0027919952314465757,0.0027881048523579776,0.1801722534581684,82.81866340637207,83.55712509155273,0.08453962519637592,-0.029999999999999805,0.013778394804977001,-0.6337772806395311,False,False,False
2019-01-30,85.29376983642578,85.97180193985402,84.77911137856066,85.07320014518562,12526300,False,17.65999984741211,False,2.7,False,0.0023041216432779787,0.0023014712254803785,0.17963214461868113,83.12812538146973,83.52354354858399,0.07824127740577635,-0.020000000000000018,-0.07684262299233602,-0.6181561087477014,False,False,False
2019-01-31,84.55038452148438,84.79546059282488,83.92136507944073,84.47686543960826,17520600,False,16.56999969482422,False,2.63,False,-0.008715587508525524,-0.008753790376936238,0.17747641301662456,83.33194541931152,83.4306884765625,0.05065488952004227,-0.07000000000000028,-0.06172141347711391,-0.5332158071348061,False,False,False
2019-02-01,84.86076354980469,85.65316869429367,84.56667491406569,84.95879517256438,13000800,False,16.139999389648438,False,2.7,False,0.0036709357394044684,0.0036642142990978076,0.16608530607346647,83.60846900939941,83.34533752441406,0.0697145022398582,0.07000000000000028,-0.02595053187056462,-0.46616446264645456,False,False,False
2019-02-04,85.16305541992188,85.16305541992188,84.15008652982317,84.78727673863594,9871500,False,15.729999542236328,False,2.73,False,0.0035622101130374784,0.0035558804698184476,0.10963028418598586,83.75387992858887,83.2524186706543,0.03535619896142461,0.029999999999999805,-0.025402717652831308,-0.18086956345133465,False,False,False
2019-02-05,84.78728485107422,85.4081396255572,84.37882891069862,85.3836270337985,12763000,False,15.56999969482422,False,2.71,False,-0.004412365984226452,-0.004422129200857381,0.11176744858219245,83.8776424407959,83.1905564880371,0.030071547325500436,-0.020000000000000018,-0.010171637130852784,-0.17875322746832864,False,False,False
2019-02-06,84.74642944335938,85.46531582514835,84.52586599692843,84.72192308626066,8745000,False,15.380000114440918,False,2.7,False,-0.0004818577194281026,-0.000481973850166149,0.1113125152941862,84.00712356567382,83.1410041809082,0.03152048617550318,-0.009999999999999787,-0.012202927688332754,-0.194072840411768,False,False,False
2019-02-07,83.63542938232422,84.55037285890889,82.86753651429494,84.3461449051434,13177500,False,16.3700008392334,False,2.65,False,-0.01310969758056535,-0.013196388157616994,0.12256855619448152,84.08799743652344,83.08527648925781,0.019721016902200628,-0.050000000000000266,0.06436935743992156,-0.29322771896563204,False,False,False
2019-02-08,82.80217742919922,83.60274747283495,81.74018963616484,83.39035490026181,12892600,False,15.720000267028809,False,2.63,False,-0.009962906381647652,-0.010012868254054704,0.1285998346438865,84.12761726379395,82.9705842590332,0.009662220004379884,-0.020000000000000018,-0.03970681361522943,-0.24439986805746214,False,False,False
2019-02-11,82.41004943847656,83.33316364142766,82.32018865354253,83.12893571794879,10978500,False,15.970000267028809,False,2.65,False,-0.004735720761183448,-0.004746969815719378,0.12857495320097778,84.16723709106445,82.84059478759765,0.009708641664179396,0.020000000000000018,0.015903307617898044,-0.2969893558144981,False,False,False
2019-02-12,83.81515502929688,84.07656657344796,83.2351483604786,83.2841610773373,12852300,False,15.43000030517578,False,2.68,False,0.01705017289025279,0.016906450058235656,0.1373151652700082,84.23504066467285,82.71893508911133,0.01644538616814084,0.03000000000000025,-0.033813397171188364,-0.38235695437330003,False,False,False
2019-02-13,84.21542358398438,84.83627821683935,84.06021460017683,84.06021460017683,10754100,False,15.649999618530272,False,2.71,False,0.0047756107418472915,0.004764243688251528,0.1360093684323671,84.29263305664062,82.61954238891602,0.013867063018051518,0.029999999999999805,0.014257894297040163,-0.36502000188227857,False,False,False
2019-02-14,83.6681137084961,84.22361403921677,82.79401824144742,83.7089617957353,11518500,False,16.219999313354492,False,2.66,False,-0.006498926825944995,-0.006520136795524309,0.1354069387969386,84.28936614990235,82.49089050292969,-0.0007803110146220593,-0.04999999999999982,0.03642170662734823,-0.4185336469745497,False,False,False
2019-02-15,86.22505187988281,86.34758367649195,84.68108891717715,84.87714602429483,14716900,False,14.90999984741211,False,2.66,False,0.030560485447242325,0.030102814868228963,0.17331513542601248,84.39679069519043,82.3963607788086,0.025553981762206357,0.0,-0.08076445877921923,-0.47979351626794875,False,False,False
2019-02-19,85.92279815673828,86.0780134198574,84.80362655446407,85.70223467510792,12764900,False,14.880000114440918,False,2.65,False,-0.0035054049438624224,-0.0035115632716062454,0.1647452138125353,84.42088966369629,82.37698028564454,0.005641090253604375,-0.010000000000000231,-0.002012054545821984,-0.4980059127953307,False,False,False
2019-02-20,86.33939361572266,86.42925439513155,85.67769094620792,85.94727328443462,10030300,False,14.020000457763672,False,2.65,False,0.0048484857095136835,0.004836769657488283,0.15390948580947528,84.53321342468261,82.39899322509766,0.026714202129932474,0.0,-0.05779567540746344,-0.37445790990756883,False,False,False
2019-02-21,86.15968322753906,86.58447459501267,85.7430564901312,86.14334150232352,8400100,False,14.460000038146973,False,2.69,False,-0.002081441398389283,-0.0020836106081147153,0.15376854840459608,84.647172164917,82.44820495605468,0.027171685622098485,0.040000000000000036,0.03138370656326539,-0.4137089210313359,False,False,False
2019-02-22,85.7757339477539,86.66616476568659,85.59601236513284,86.34756968105545,10647300,False,13.510000228881836,False,2.65,False,-0.004456252221484935,-0.004466210910047301,0.15515160390352098,84.73948364257812,82.52101684570313,0.021997384192143032,-0.040000000000000036,-0.0656984651977136,-0.3675661870313477,False,False,False
2019-02-25,86.67433166503906,87.63011687522818,86.33940110300381,86.38841381146219,11230700,False,14.850000381469728,False,2.67,False,0.010476129738889783,0.010421635354810268,0.15767228893123814,84.85017433166504,82.62784469604492,0.02621122670354814,0.020000000000000018,0.09918579791902782,-0.19459479046158257,False,False,False
2019-02-26,86.01264953613281,86.15969391860844,84.90981978383705,85.3672884259644,15465400,False,15.170000076293944,False,2.64,False,-0.0076341186161478225,-0.007663407658907303,0.1602319076181915,84.90776863098145,82.71090484619141,0.013573834810620022,-0.029999999999999805,0.021548800444713745,-0.2721500551394859,False,False,False
2019-02-27,85.90645599365234,86.08617137129117,85.37546202699045,85.9227914888766,9968800,False,14.699999809265137,False,2.69,False,-0.0012346270351299982,-0.001235389814984993,0.16017955177984208,84.94820671081543,82.79022064208985,0.009503919024020702,0.04999999999999982,-0.030982219160517577,-0.2746438487907086,False,False,False
2019-02-28,85.25291442871094,85.94728819983942,85.1058700580273,85.78390833576529,15156900,False,14.779999732971191,False,2.73,False,-0.007607595463950845,-0.0076366808253309285,0.16256232364612996,84.94616394042968,82.86991683959961,-0.0004789963885193371,0.040000000000000036,0.005442171751297131,-0.28320496589411825,False,False,False
2019-03-01,85.31010437011719,86.51913664512591,85.12221190312358,85.85743381140303,13813300,False,13.56999969482422,False,2.76,False,0.0006708268191120137,0.0006706019153767446,0.15924899661566577,84.98414993286133,82.97150161743164,0.008985409740386974,0.029999999999999805,-0.08186739242272822,-0.3370450396256291,False,False,False
2019-03-04,85.1140365600586,86.52729038626244,84.36247301921502,85.7103786426628,12466300,False,14.630000114440918,False,2.72,False,-0.00229829527822345,-0.002300940412459929,0.1590794503884658,84.99681358337402,83.07678176879882,0.0029845714280576363,-0.03999999999999959,0.07811351830914148,-0.32950529522592353,False,False,False
2019-03-05,85.04867553710938,85.40811867086511,84.35430185534248,85.06501102839759,10856600,False,14.739999771118164,False,2.72,False,-0.0007679229606634141,-0.0007682179645366717,0.15860610965881924,84.9910945892334,83.20101272583008,-0.0013430692716286385,0.0,0.007518773466629547,-0.32459510836042466,False,False,False
2019-03-06,84.73011016845703,85.4244840935214,84.59123662995289,84.84447734517146,9070800,False,15.739999771118164,False,2.69,False,-0.0037456828885400473,-0.0037527155255354166,0.1583787411627442,84.98823585510254,83.33248626708985,-0.0006743308588972319,-0.03000000000000025,0.0678426062094939,-0.3407444777302179,False,False,False
2019-03-07,84.11739349365234,84.52584931814708,83.45569705238407,84.3461277581628,12705700,False,16.59000015258789,False,2.64,False,-0.007231392400960046,-0.007257665657095556,0.16045698727096694,84.95678405761718,83.48865646362304,-0.007422565810013881,-0.04999999999999982,0.05400256631702249,-0.3642966090813593,False,False,False
2019-03-08,84.15007019042969,84.3297917493096,83.31681682335751,83.31681682335751,10582400,False,16.049999237060547,False,2.62,False,0.0003884653984174147,0.0003883899652693439,0.1531806626571686,84.98251609802246,83.67837966918945,0.006153382745880176,-0.020000000000000018,-0.03254978363837502,-0.3081677775334243,False,False,False
2019-03-11,85.2447738647461,85.40816001943573,84.68110877056428,84.94252038552318,9763200,False,14.329999923706056,False,2.64,False,0.013008945468959476,0.012925055897802464,0.1543659653391493,85.10464591979981,83.8280874633789,0.029499181197685687,0.020000000000000018,-0.10716507134672593,-0.4413830742390309,False,False,False
2019-03-12,84.9914779663086,85.60416162561081,84.75457287014021,85.44077557693927,10219100,False,13.770000457763672,False,2.61,False,-0.0029713950422273205,-0.0029758184010132004,0.15354568532644133,85.23371734619141,83.95522613525391,0.03132419584045021,-0.03000000000000025,-0.0390788184873595,-0.4140904083955698,False,False,False
2019-03-13,85.27742767333984,85.75940890661239,84.91798446429203,85.11404779606873,13022200,False,13.40999984741211,False,2.61,False,0.0033644515176523004,0.003358804413372464,0.14255781861874375,85.30683097839355,84.0914877319336,0.017446399085366382,0.0,-0.026143834305291547,-0.406245340612412,False,False,False
2019-03-14,86.05347442626953,86.4864428572707,85.33459438284056,85.36727159834301,10926500,False,13.5,False,2.63,False,0.009100259870670424,0.009059102015486027,0.14492286438118193,85.39873352050782,84.23046661376954,0.021825584483964988,0.020000000000000018,0.006711420851004624,-0.39789099147937235,False,False,False
2019-03-15,87.04195404052734,87.24618198878524,85.9636307230274,86.11067509507478,24811700,True,12.880000114440918,False,2.59,False,0.011486806556599172,0.01142133409679949,0.14643760460341937,85.56742553710937,84.36182601928711,0.04032408742697213,-0.040000000000000036,-0.04592591744882091,-0.39744078291815577,False,False,False
2019-03-18,87.56477355957031,88.0549193691221,87.00110245068758,87.04195053170945,12935500,False,13.100000381469728,False,2.6,False,0.006006523231309124,0.0059885559818813,0.10222698795535601,85.63441162109375,84.52651565551758,0.015537499258960308,0.010000000000000231,0.017080765921899888,-0.25695524172939677,False,False,False
2019-03-19,87.24617767333984,88.55323523103102,87.04194973518365,88.38984914098084,12889300,False,13.5600004196167,False,2.61,False,-0.0036384024451765473,-0.0036450375303156276,0.10230218375414177,85.70058059692383,84.62634246826173,0.015401960189744823,0.009999999999999787,0.03511450570624808,-0.27759923015753624,False,False,False
2019-03-20,85.38361358642578,87.12363960721045,85.29375902763425,86.9439180245433,14920700,False,13.90999984741211,False,2.54,False,-0.021348374640408063,-0.021579547216925912,0.1276264183553905,85.65279159545898,84.68777404785156,-0.011070034074490254,-0.06999999999999984,0.025811166442818223,-0.26474478486326913,False,False,False
2019-03-21,84.03572082519531,84.54220216270731,83.55373961243423,84.54220216270731,19751000,False,13.630000114440918,False,2.54,False,-0.0157863166550819,-0.01591224763438935,0.1386386331322417,85.5465934753418,84.72535232543946,-0.02465146484736458,0.0,-0.020129384330890843,-0.20771307303748743,False,False,False
2019-03-22,81.49512481689453,83.58641707933499,81.29906149288382,83.17796116979318,31115200,True,16.479999542236328,False,2.44,False,-0.03023233433774586,-0.030698756110010075,0.17265915612191238,85.33256301879882,84.7148957824707,-0.04990466340359967,-0.10000000000000009,0.20909753513324247,-0.5446710328172207,False,False,False
2019-03-25,80.81708526611328,82.15682013016601,80.13087610773319,81.35624381747964,21032300,False,16.329999923706055,False,2.43,False,-0.00832000137805411,-0.008354805772369347,0.16671247076927645,85.03970069885254,84.69104187011719,-0.067577635574528,-0.009999999999999787,-0.009101918852961188,-0.6726446985804166,False,False,False
2019-03-26,81.62582397460938,82.01794437331111,80.72722225857318,81.54413404270468,15987100,False,14.68000030517578,False,2.41,False,0.010007026433000998,0.009957287693326638,0.17248596203622993,84.82035942077637,84.69120529174805,-0.05100209777493936,-0.020000000000000018,-0.10104100589339204,-0.7002521031294306,False,False,False
2019-03-27,81.34810638427734,82.05881590471742,80.93965034446782,81.59317626863634,12753200,False,15.149999618530272,False,2.39,False,-0.0034023251075347982,-0.0034081261774247616,0.17243708889170878,84.59244194030762,84.66898574829102,-0.05306178163969211,-0.020000000000000018,0.032016301334052644,-0.6997203707176642,False,False,False
2019-03-28,82.27117156982422,82.344696859287,81.47876627167236,81.69116504590326,12454100,False,14.43000030517578,False,2.39,False,0.011347101076777832,0.011283205623160333,0.17826041746204505,84.44335479736328,84.65313766479493,-0.03497526012884955,0.0,-0.04752470834876099,-0.7114348251289374,False,False,False
2019-03-29,82.69599151611328,83.31684005118638,82.17316218427561,82.94923220193144,14523400,False,13.710000038146973,False,2.41,False,0.005163654998257883,0.005150369048202563,0.17976602005003384,84.31264915466309,84.63238845825195,-0.030642476331556256,0.020000000000000018,-0.049896067345927664,-0.7324142388417066,False,False,False
2019-04-01,85.48165130615234,85.51432852645986,83.42303628711798,83.447542644213,17499300,False,13.399999618530272,False,2.49,False,0.03368554798083867,0.03313061763052576,0.218775085127132,84.33102989196777,84.66049026489257,0.004319084853111832,0.08000000000000007,-0.022611263220579825,-0.6572671784412225,False,False,False
2019-04-02,85.89009857177734,86.13517458316116,85.22840206659964,85.44896549081157,10295400,False,13.359999656677246,False,2.48,False,0.004778186422278452,0.004766807123412903,0.219299228572061,84.37310104370117,84.6694758605957,0.00989342901995971,-0.010000000000000231,-0.0029850718650552555,-0.6554935876954964,False,False,False
2019-04-03,86.0616683959961,86.88675116947964,85.6041997212139,86.43744712635907,11499200,False,13.739999771118164,False,2.52,False,0.0019975506731473303,0.0019955582217086962,0.21874252558862542,84.43967895507812,84.7088508605957,0.01571528969916014,0.040000000000000036,0.028443123069318066,-0.6522806944727523,False,False,False
2019-04-04,86.89305114746094,87.03299357709494,85.9793400633407,86.06166135614879,11952100,False,13.579999923706056,False,2.51,False,0.009660314132412529,0.009613951642848874,0.2186625915073499,84.57846183776856,84.76910171508788,0.03299742821938545,-0.010000000000000231,-0.011644821694133611,-0.6393771450223831,False,False,False
2019-04-05,86.68726348876953,87.34579617272448,86.42385167123417,87.09061774080266,9933700,False,12.81999969482422,False,2.5,False,-0.0023682867153804743,-0.0023710955419777436,0.21910288437788725,84.70532150268555,84.82425689697266,0.030150816185871676,-0.009999999999999787,-0.05596467107154646,-0.6221736122152078,False,False,False
2019-04-08,86.96714782714844,86.96714782714844,86.35800913636996,86.52263917812624,8056300,False,13.18000030517578,False,2.52,False,0.0032286673625954165,0.0032234664078879117,0.21504756359326177,84.79144020080567,84.87438949584961,0.020205038787892704,0.020000000000000018,0.028081171522718495,-0.5940976248921924,False,False,False
2019-04-09,86.32506561279297,86.59670450250476,85.81470253110086,86.4979290081486,9092200,False,14.279999732971191,False,2.51,False,-0.007383043257111699,-0.007410432816452687,0.21671577187889643,84.85811958312988,84.90367553710938,0.015690839580563942,-0.010000000000000231,0.0834597422098271,-0.6203179874297543,False,False,False
2019-04-10,86.7119369506836,87.02474272802286,85.99578957673661,86.5390735748953,10882300,False,13.300000190734863,False,2.48,False,0.004481564365394375,0.004471552058533766,0.2169226732286463,84.92984504699707,84.93596038818359,0.01682167622173969,-0.029999999999999805,-0.06862742020741086,-0.6142233467896573,False,False,False
2019-04-11,87.44458770751953,87.85616911081529,86.89306385412551,87.016539531161,11183800,False,13.020000457763672,False,2.51,False,0.008449249118407165,0.008413754010932178,0.21660927349834966,84.99940071105956,84.97897674560546,0.01616568407638086,0.029999999999999805,-0.021052611199678495,-0.6259649450137761,False,False,False
2019-04-12,91.54393005371094,92.07075371923308,89.62595931004542,90.0869347275524,25834100,True,12.010000228881836,False,2.56,False,0.04687931470273132,0.045813657529887454,0.2695379852878803,85.22449951171875,85.11884765625,0.05172190885199379,0.050000000000000266,-0.07757297952163933,-0.6312777015340979,True,False,False
2019-04-15,90.49851989746094,91.37107045246736,89.82352665523764,91.30521592146174,15163800,False,12.31999969482422,False,2.55,False,-0.01141976486738805,-0.011485471094275152,0.27373384699371317,85.37118682861328,85.23160278320313,0.03350372779637012,-0.010000000000000231,0.02581177852077743,-0.6400269842763098,False,False,False
2019-04-16,91.453369140625,91.69208706270508,90.4326492132947,90.465576472916,11583200,False,12.18000030517578,False,2.6,False,0.01055099292503292,0.01049571965119388,0.27463479269521385,85.58154640197753,85.35740905761719,0.04822207206643925,0.050000000000000266,-0.011363587103598416,-0.6365166886039736,False,False,False
2019-04-17,94.08749389648438,94.3838329544444,91.37928801026987,91.947265971166,17791900,False,12.600000381469728,False,2.59,False,0.028802927443919213,0.028395919990870114,0.27457437584545574,86.01674041748046,85.54341323852539,0.10193853298617395,-0.010000000000000231,0.03448276402057826,-0.5588425779548895,False,False,False
2019-04-18,93.39604949951172,94.6225602994561,93.28904059758156,94.27683343454298,12501900,False,12.09000015258789,False,2.57,False,-0.0073489511553298525,-0.0073760877288481476,0.2676462144773927,86.4847568511963,85.71640563964844,0.11138511792844663,-0.020000000000000018,-0.040476207415983345,-0.5643757010159751,False,False,False
2019-04-22,93.5112762451172,93.78292142821267,92.73750762085945,92.87744376479372,7975900,False,12.420000076293944,False,2.59,False,0.0012337432495588274,0.0012329828137466828,0.23312036751435405,87.08556442260742,85.9139225769043,0.14744626080665424,0.020000000000000018,0.027295278704807524,-0.34561620717471137,False,False,False
2019-04-23,93.62651824951172,94.14511473945164,92.893903991889,93.01737964569531,9193100,False,12.279999732971191,False,2.57,False,0.0012323861786724954,0.0012316274141557597,0.22718407692619283,87.72603607177734,86.13040939331054,0.15849907159135634,-0.020000000000000018,-0.011272169280414968,-0.3506482776026061,False,False,False
2019-04-24,93.47013854980467,93.96403497427424,92.8609935553996,93.23142058392708,9245700,False,13.140000343322754,False,2.53,False,-0.0016702500811821563,-0.0016716465039824826,0.22923261591293306,88.31825180053711,86.35161117553712,0.14510499249452735,-0.040000000000000036,0.07003262451565884,-0.3933258620354992,False,False,False
2019-04-25,93.51950073242188,93.9640092769502,92.60578977093014,93.02560444302333,9311800,False,13.25,False,2.54,False,0.0005281064453637185,0.0005279670462311288,0.22730739170339676,88.92682151794433,86.54569808959961,0.14962111460405136,0.010000000000000231,0.008371358736922963,-0.37814225118878647,False,False,False
2019-04-26,94.22743225097656,94.31798064749036,93.51127846406725,93.79938414377808,7889300,False,12.729999542236328,False,2.51,False,0.007569881286900948,0.007541373512142468,0.22676424197615105,89.52463455200196,86.74593826293945,0.14532746347248704,-0.03000000000000025,-0.039245317567069615,-0.3685542523430434,False,False,False
2019-04-29,95.5856475830078,96.44173747834265,94.21096120748248,94.33443685896746,14242200,False,13.109999656677246,False,2.54,False,0.01441422417639071,0.014311326858419184,0.22819626582374836,90.16911735534669,86.98428894042969,0.15586796688184057,0.03000000000000025,0.029850756331933237,-0.358992447934975,False,False,False
2019-04-30,95.52803802490234,96.0795555507664,94.87773870983428,95.8408376036984,11389100,False,13.119999885559082,False,2.51,False,-0.0006027009238539494,-0.000602882621065476,0.20723813901281724,90.67143669128419,87.17034866333007,0.11752682084683741,-0.03000000000000025,0.0007627939850283205,-0.34315694218656567,False,False,False
2019-05-01,94.79542541503906,96.310041862293,94.75426476539772,95.25639454590184,10412900,False,14.800000190734863,False,2.52,False,-0.00766908464792615,-0.007698643299776428,0.21257448169190946,91.11670303344727,87.3478012084961,0.10368281084017661,0.010000000000000231,0.12804880486507653,-0.40238661547324883,False,False,False
2019-05-02,95.0011978149414,95.30576395481782,94.31797135591064,94.80363427097424,8613300,False,14.420000076293944,False,2.55,False,0.0021706996830428427,0.0021683471183450284,0.21254262532753118,91.56367950439453,87.52103729248047,0.10387353145202582,0.029999999999999805,-0.02567568307727508,-0.3888144791780677,False,False,False
2019-05-03,95.5856475830078,96.04661664963714,95.2152206285528,95.4868658057733,8185400,False,12.869999885559082,False,2.54,False,0.006152025253459259,0.0061331788024968125,0.21189430080932803,91.99830932617188,87.70955657958984,0.10003787783668905,-0.009999999999999787,-0.10748961043925487,-0.3565785546434379,False,False,False
2019-05-06,94.73779296875,95.0505988168735,93.61006407909692,93.98871817082735,9387000,False,15.4399995803833,False,2.51,False,-0.008870103783326977,-0.008909677342073258,0.21605270877662872,92.4008358001709,87.88879776000977,0.09286865400963351,-0.03000000000000025,0.19968917775266748,-0.4479546969865856,False,False,False
2019-05-07,93.19024658203124,93.8652397308329,92.43293842098215,93.8652397308329,15017700,False,19.31999969482422,False,2.45,False,-0.016335047906691602,-0.016469935751888043,0.22842938696647433,92.71199073791504,88.01911605834961,0.07155689142814614,-0.05999999999999961,0.2512953510290572,-0.5337760092345687,False,False,False
2019-05-08,92.69634246826172,93.56889282945843,92.57286682011085,92.73750311105611,9575800,False,19.399999618530277,False,2.49,False,-0.005299955004784307,-0.00531404958880883,0.2272225273820454,93.03055458068847,88.15278991699219,0.07380564162032388,0.040000000000000036,0.0041407828659278945,-0.5082675876015397,False,False,False
2019-05-09,92.62224578857422,92.80334255133356,91.02531473927188,91.48628374976349,12205900,False,19.100000381469727,False,2.45,False,-0.0007993484717357946,-0.000799668121077588,0.22774267040921525,93.32607002258301,88.28710571289062,0.06816026772936756,-0.040000000000000036,-0.015463878503069739,-0.5086985692323798,False,False,False
2019-05-10,92.6140365600586,92.88567547639384,90.99240504629644,91.9884311534802,13189000,False,16.040000915527344,False,2.47,False,-8.863128339997584e-05,-8.863521138427098e-05,0.22724722459728297,93.58454246520996,88.43432815551758,0.05911685317597448,0.020000000000000018,-0.16020939292289793,-0.43204156037192876,False,False,False
2019-05-13,90.0951690673828,90.9183318958842,89.7082878133837,90.61376566868844,13783700,False,20.549999237060547,False,2.4,False,-0.027197470126921308,-0.027574167163954586,0.18575265181869424,93.51210441589356,88.53002944946289,-0.015825855253080334,-0.07000000000000028,0.28117194913420174,-0.5684356077493531,False,False,False
2019-05-14,90.81130981445312,91.9637388632112,90.13631664421716,90.17747729176438,10503600,False,18.059999465942383,False,2.42,False,0.007948714170620264,0.007917289555819043,0.18368410032849578,93.52774391174316,88.64397491455078,0.0034562987035211545,0.020000000000000018,-0.12116787657235606,-0.5984548553539377,False,False,False
2019-05-15,90.46559143066406,91.28875421660234,89.40371068317565,89.89760709869188,10142000,False,16.440000534057617,False,2.37,False,-0.0038069969973502094,-0.0038142620549824337,0.18002440952186854,93.47835502624511,88.75231323242187,-0.010800889231779576,-0.04999999999999982,-0.08970094018772068,-0.5659398845369947,False,False,False
2019-05-16,91.62625122070312,92.3341717462835,91.0335729871722,91.05827314709758,9672700,False,15.289999961853027,False,2.4,False,0.012829848030437407,0.012748242777663432,0.15236601922981863,93.35529289245605,88.8902360534668,-0.026159084208248973,0.029999999999999805,-0.06995137073275715,-0.7368383219614518,False,False,False
2019-05-17,91.18172454833984,91.9884267136952,90.40795592305132,90.547892067172,9570100,False,15.960000038146973,False,2.39,False,-0.004851520895387651,-0.004863327725755317,0.15130091847883892,93.24457664489746,89.03152267456055,-0.023708978731305508,-0.009999999999999787,0.043819494961774064,-0.7669890112334113,False,False,False
2019-05-20,91.6591567993164,92.0378108522037,90.85246094584464,91.02532434301716,8518200,False,16.309999465942383,False,2.41,False,0.005236051997716373,0.005222391541279787,0.15279877680713508,93.15197067260742,89.18170440673828,-0.01980637544659225,0.020000000000000018,0.021929788656569915,-0.7597653078558897,False,False,False
2019-05-21,91.97197723388672,92.12837388653044,91.5521624710358,91.73325928168651,7967900,False,14.949999809265137,False,2.43,False,0.0034128661608268107,0.003407055549916016,0.15340768549721365,93.06924362182617,89.3162484741211,-0.017671713597377403,0.020000000000000018,-0.08338440841258887,-0.7606412902092108,False,False,False
2019-05-22,91.222900390625,92.02136930398596,91.16527924637388,91.70033631741065,7918900,False,14.75,False,2.39,False,-0.008144620413637504,-0.008177969032475094,0.15557493741467582,92.95688171386719,89.44087692260742,-0.0240423112027619,-0.040000000000000036,-0.013377913833897748,-0.7427757184056712,False,False,False
2019-05-23,89.42838287353516,90.37502110382998,88.48997802756834,90.25154545983813,14558000,False,16.920000076293945,False,2.31,False,-0.01967178755998278,-0.0198678527344948,0.16862631717487053,92.75232582092285,89.52389602661133,-0.043746147347302755,-0.08000000000000007,0.1471186492402674,-0.7588167496512359,False,False,False
2019-05-24,90.30917358398438,90.5149642464983,89.88113176925775,90.15277067079934,8537300,False,15.850000381469728,False,2.32,False,0.009849118167492676,0.009800931740698878,0.1705572491602573,92.55641288757325,89.60901000976563,-0.041582993119836154,0.009999999999999787,-0.06323875236403564,-0.762440700929924,False,False,False
2019-05-28,89.32959747314453,90.40794468794977,89.2637492418919,89.8893482602991,11665500,False,17.5,False,2.26,False,-0.010846917007039991,-0.010906173702540928,0.1615143264196852,92.24361038208008,89.65476287841797,-0.06544968065870382,-0.06000000000000005,0.10410091979930103,-0.8310389179029501,False,False,False
2019-05-29,89.08265686035156,89.23082637836914,88.12778523752006,88.44881814651943,9966400,False,17.899999618530273,False,2.25,False,-0.002764376195327767,-0.0027682041394149494,0.16121231963792804,91.92134132385254,89.68512054443359,-0.06747109328122691,-0.009999999999999787,0.02285712105887283,-0.8307589724960187,False,False,False
2019-05-30,88.12779235839844,89.87289945825395,87.69975053855681,89.43662425334824,10367800,False,17.299999237060547,False,2.22,False,-0.01071885971530906,-0.010776720531540263,0.16263133906156985,91.58795967102051,89.70275283813477,-0.07033707615581652,-0.029999999999999805,-0.03351957509812453,-0.8019976610258177,False,False,False
2019-05-31,87.22232055664062,87.74091080637835,86.30037605465157,86.89305421448502,10952800,False,18.709999084472656,False,2.14,False,-0.010274531762641148,-0.010327679120338645,0.16278449396543593,91.19901580810547,89.73952697753906,-0.08188188609425462,-0.08000000000000007,0.08150288494762292,-0.8042486354712517,False,False,False
2019-06-03,87.6338882446289,87.96315453542363,86.67902290957959,87.09060420301495,11680700,False,18.86000061035156,False,2.07,False,0.004718605115774377,0.004707507395468643,0.16164962933164934,90.80142784118652,89.81149032592774,-0.08318988822535811,-0.07000000000000028,0.00801718509988536,-0.7817257153710532,False,False,False
2019-06-04,90.33390808105467,90.46561717880375,88.18545209584792,88.77813047524778,12858600,False,16.969999313354492,False,2.12,False,0.030810225250860634,0.03034511947025333,0.20283537195581877,90.58123359680175,89.98826599121094,-0.04648498502754839,0.050000000000000266,-0.10021215460405208,-0.7524924317726617,False,False,False
2019-06-05,90.65489196777344,90.8606826111691,89.42838149160026,90.43264083620822,8340500,False,16.09000015258789,False,2.12,False,0.0035533045512738948,0.0035470064795587175,0.19677788797007703,90.45446586608887,90.18502212524415,-0.027206222831764215,0.0,-0.05185616949754901,-0.7449649456196351,False,False,False
2019-06-06,90.85248565673828,91.26406708011352,89.66712914774263,90.67138882561572,8726700,False,15.93000030517578,False,2.12,False,0.0021796252212742395,0.002177253284218883,0.19655501407300838,90.36227302551269,90.36955535888671,-0.019891365316325738,0.0,-0.00994405505871776,-0.7450818313484949,False,False,False
2019-06-07,89.85643768310547,90.5643517826732,89.69180138534225,90.30093998648466,10618900,False,16.299999237060547,False,2.09,False,-0.010963354127658254,-0.01102389458548123,0.19974973468213217,90.22398262023925,90.53972198486328,-0.02986116436630326,-0.03000000000000025,0.023226548951449377,-0.7427513373707737,False,False,False
2019-06-10,90.82776641845705,91.54392020559315,90.72899091694364,91.1652661292486,11380600,False,15.9399995803833,False,2.15,False,0.010809784589693283,0.01075177653025584,0.20441885134367124,90.13466911315918,90.71085388183593,-0.019287250701390035,0.06000000000000005,-0.02208586954156,-0.7805762135096982,False,False,False
2019-06-11,91.10765075683594,91.84026508049251,90.85247232147312,91.2228930360471,9847700,False,15.989999771118164,False,2.15,False,0.0030814843237410017,0.003076746281894693,0.1794791624429885,90.18529319763184,90.87908706665038,0.011237913197053917,0.0,0.003136774909103357,-0.7018709102520387,False,False,False
2019-06-12,89.94697570800781,91.2887347827993,89.63417617682502,91.12409849251968,9670500,False,15.90999984741211,False,2.13,False,-0.012739600233200421,-0.012821444794589198,0.18325773430591485,90.14207649230957,90.9683935546875,-0.009517912561897046,-0.020000000000000018,-0.00500312225460775,-0.6800354751913382,False,False,False
2019-06-13,90.1692352294922,90.67959832089474,89.7658872993214,90.10338071184688,8406900,False,15.81999969482422,False,2.1,False,0.002471006053676561,0.002467958138130546,0.18307141164809917,90.12725868225098,91.05397628784179,-0.0032758996706387933,-0.029999999999999805,-0.005656829255251572,-0.7388936864067805,False,False,False
2019-06-14,90.39974975585938,90.79487071260088,89.42018389161856,90.19395903011026,9077400,False,15.279999732971191,False,2.09,False,0.0025564653596150677,0.002553203160663848,0.17697761503373463,90.0659336090088,91.14073791503907,-0.013385917774693556,-0.010000000000000231,-0.03413400583248427,-0.7199855257761882,False,False,False
2019-06-17,89.90583038330078,90.85246873681334,89.77412133783717,90.30094495922567,8128600,False,15.350000381469728,False,2.09,False,-0.005463724998050479,-0.005478705735481652,0.1771852141106731,90.00213890075683,91.20099349975585,-0.013992871612804936,0.0,0.0045811943535241095,-0.7159885954680191,False,False,False
2019-06-18,91.13233947753906,91.70855712122584,89.70827155918883,89.73296543473217,11057300,False,15.149999618530272,False,2.06,False,0.013642153006198088,0.01354993657738208,0.18329327583108682,89.97579803466797,91.28989501953124,-0.00574756893008288,-0.029999999999999805,-0.013029365340009647,-0.7169943916256682,False,False,False
2019-06-19,90.47381591796876,91.85672323329776,90.30094622331958,91.22289071377196,13126500,False,14.329999923706056,False,2.03,False,-0.007226013985217605,-0.0072522480792911286,0.18437971192868355,89.90088996887206,91.36002838134766,-0.016289323780743548,-0.03000000000000025,-0.054125393760489415,-0.6815688592678391,False,False,False
2019-06-20,90.7042999267578,91.44514133260476,89.74942818020298,91.27227791922496,13638000,False,14.75,False,2.01,False,0.0025475216939894185,0.0025442822611160387,0.1825953521549228,89.87495994567871,91.44761306762695,-0.005684981091880537,-0.020000000000000018,0.029309147140966774,-0.6862447211964317,False,False,False
2019-06-21,90.08692169189452,91.92257086951246,89.79880974255518,90.70429367436589,27089500,True,15.399999618530272,False,2.07,False,-0.006806493577060868,-0.0068297634052022094,0.16967357890015028,89.90788688659669,91.51511276245117,0.007363868127757911,0.06000000000000005,0.04406777074781498,-0.6222339212420406,False,False,False
2019-06-24,89.44486999511719,90.35857489601086,89.34608820139974,89.95522689540671,13039600,False,15.260000228881836,False,2.02,False,-0.007127024486120237,-0.007152543045015382,0.1678528774326027,89.86467170715332,91.55511840820313,-0.009570496047817456,-0.04999999999999982,-0.009090869682878422,-0.5867984031778642,False,False,False
2019-06-25,88.70402526855469,89.7082848914536,88.62993735068105,89.46133353885317,18660100,False,16.280000686645508,False,2.0,False,-0.008282696666705891,-0.008317188789311196,0.16597816460880954,89.83339309692383,91.4983203125,-0.007002966791358367,-0.020000000000000018,0.06684144446034601,-0.5804109452686308,False,False,False
2019-06-26,89.29666900634766,89.97988909492905,89.03325726273967,89.1484995080537,10324600,False,16.209999084472656,False,2.05,False,0.006681136915700492,0.0066589170349276245,0.16749743157583868,89.84409370422364,91.47428329467773,0.0024023996761972644,0.04999999999999982,-0.004299852531964188,-0.5733277659119582,False,False,False
2019-06-27,89.59302520751953,90.17747625082472,89.26376515187488,89.59302520751953,10906600,False,15.81999969482422,False,2.01,False,0.0033187822622007257,0.003313287258805487,0.16273513387297184,89.91735534667968,91.43707641601563,0.016626228910424423,-0.040000000000000036,-0.024059186408098676,-0.642653257960253,False,False,False
2019-06-28,92.02957916259766,92.54816932827777,91.28873158288884,91.40397384192887,21634700,False,15.079999923706056,False,2.0,False,0.027195799555093325,0.026832564727026414,0.18191216532881652,90.15771827697753,91.39591812133789,0.055115004683179425,-0.009999999999999787,-0.04677621905139906,-0.6323151186923143,False,False,False
2019-07-01,93.57713317871094,94.26858681144674,93.08323682958068,93.20671248692145,12724500,False,14.0600004196167,False,2.03,False,0.016815832802832498,0.016676011978439514,0.18859576377843354,90.45488052368164,91.39953979492188,0.06781902587149324,0.029999999999999805,-0.06763922475131434,-0.6714466129209049,False,False,False
2019-07-02,93.6759033203125,94.00516332532976,93.19846752071264,93.43718542051256,10174900,False,12.93000030517578,False,1.98,False,0.0010554944167069369,0.0010549377741294096,0.15827803549186686,90.62198028564453,91.40283233642577,0.036996021873194396,-0.04999999999999982,-0.08036984926859092,-0.4814961172509839,False,False,False
2019-07-03,93.5267105102539,94.39715308889488,93.06247784148312,93.95778279915596,6849400,False,12.56999969482422,False,1.96,False,-0.0015926487471217277,-0.0015939183603485892,0.15860369658345355,90.76557121276855,91.40083618164063,0.03167858325286366,-0.020000000000000018,-0.02784227392534966,-0.47513106145794676,False,False,False
2019-07-05,94.08212280273438,94.72873433080824,93.60959850724232,94.09870615328222,7929400,False,13.279999732971191,False,2.04,False,0.005938541935777586,0.005920978296253224,0.15934300371363144,90.92705307006835,91.41307586669922,0.03554814293357267,0.08000000000000007,0.05648369573464018,-0.39788220050044687,False,False,False
2019-07-08,93.5681381225586,94.0738227152344,93.2614094324243,93.64274421425137,6917200,False,13.960000038146973,False,2.05,False,-0.005463149266449641,-0.005478126841127905,0.15462805173319444,91.11263809204101,91.41404861450195,0.0413070063220522,0.009999999999999787,0.0512048432868184,-0.39835399677647343,False,False,False
2019-07-09,93.96605682373048,94.0821149691216,92.97127091332244,93.07903738413002,8947300,False,14.09000015258789,False,2.07,False,0.00425271581925335,0.004243698579466254,0.15143160155458615,91.2695526123047,91.40882110595703,0.03455210371259021,0.020000000000000018,0.009312329089232074,-0.3827600893390237,False,False,False
2019-07-10,93.69251251220705,94.36399918239532,93.46039616189849,93.98266427478896,9242300,False,13.029999732971191,False,2.07,False,-0.0029110970574893758,-0.002915342541875076,0.15222091474572735,91.39879570007324,91.37095840454101,0.02837151143618044,0.0,-0.0752306890090424,-0.31970645918161,False,False,False
2019-07-11,94.58780670166016,94.8033459841551,93.77539962291736,93.98264723020614,11595200,False,12.93000030517578,False,2.13,False,0.009555664219555116,0.009510297636469107,0.14507433356920083,91.63083724975586,91.35215377807617,0.051595186576564034,0.06000000000000005,-0.007674553326534106,-0.3254243496622088,False,False,False
2019-07-12,95.58261108398438,95.62405681585987,94.4468917757051,94.61268735259884,10783400,False,12.390000343322754,False,2.12,False,0.010517258164806975,0.010462336552715256,0.14779636122014864,91.90150604248046,91.36789749145508,0.060035729932880644,-0.009999999999999787,-0.041763337131312195,-0.3462906332560945,False,False,False
2019-07-15,94.42200469970705,95.80641710395822,94.11527598496916,95.78154840473252,12946600,False,12.68000030517578,False,2.09,False,-0.012142442763543593,-0.012216764465766541,0.15723715633885266,92.10261878967285,91.35631362915039,0.044494093785773625,-0.03000000000000025,0.023405968831091473,-0.3818077137752733,False,False,False
2019-07-16,95.43338012695312,95.74839421197244,93.60959739476522,94.07383633416131,16945000,False,12.859999656677246,False,2.13,False,0.01071122595270646,0.010654267143461517,0.15722910117365868,92.37899627685547,91.3532682800293,0.06148154930649574,0.040000000000000036,0.014195532111146214,-0.3465029550589624,False,False,False
2019-07-17,94.4966278076172,95.28417259813256,94.28109482573343,94.86138566110624,13120900,False,13.970000267028809,False,2.06,False,-0.009815772197210082,-0.009864264476167148,0.15828302294575744,92.54721069335938,91.34844497680665,0.03691651448174782,-0.06999999999999984,0.0863142021761425,-0.4227006495761525,False,False,False
2019-07-18,95.0603256225586,95.391923040425,94.13186044216626,94.44687451055728,9397200,False,13.529999732971191,False,2.04,False,0.005965269110861815,0.00594754733493097,0.1551331742420775,92.77653617858887,91.38584655761719,0.05069433247679478,-0.020000000000000018,-0.03149610061898722,-0.5066759488631908,False,False,False
2019-07-19,94.12359619140624,95.43340289502356,94.00753801004234,95.24273226867057,10402800,False,14.449999809265137,False,2.05,False,-0.00985405241374504,-0.009902924914729829,0.16123071925215876,92.94750099182129,91.41439163208008,0.037697179377487844,0.009999999999999787,0.0679970505876657,-0.5541618874086957,False,False,False
2019-07-22,94.72874450683594,94.87796305432056,93.48525871936282,93.60132321158044,9061100,False,13.529999732971191,False,2.05,False,0.006429294458735857,0.006408714706875015,0.1585738052145237,93.17959213256836,91.4565216064453,0.051526045376673935,0.0,-0.06366782618945466,-0.5375977645022166,False,False,False
2019-07-23,96.4613265991211,96.53593270170322,95.18468058247942,95.23441798420085,12752200,False,12.609999656677246,False,2.08,False,0.01828992985503075,0.018124680973483007,0.16356262740750918,93.53041496276856,91.53346740722657,0.07844448322622566,0.03000000000000025,-0.0679970505876657,-0.5940167405225406,False,False,False
2019-07-24,96.85094451904295,96.89239024190202,95.76496285514656,95.81470657714966,10011000,False,12.06999969482422,False,2.05,False,0.004039110114471667,0.004030974808121054,0.15718023993371286,93.93776092529296,91.66858291625977,0.09184385066881884,-0.03000000000000025,-0.042823154365994376,-0.5474340080808722,False,False,False
2019-07-25,95.92247772216795,97.19083201292298,95.59917197451256,96.90068663998798,10138400,False,12.739999771118164,False,2.08,False,-0.009586553868790038,-0.00963280067868815,0.16455089304767814,94.26905136108398,91.77080627441406,0.07419995381181921,0.03000000000000025,0.05550953547921367,-0.5907392686133264,False,False,False
2019-07-26,96.34526824951172,96.58567623183508,95.77326283209771,95.97221876327411,12800400,False,12.15999984741211,False,2.08,False,0.004407627256755697,0.004397942116302597,0.16456844682764452,94.60666351318359,91.88839981079101,0.0753657221234838,0.0,-0.04552589749812441,-0.5879702802490429,False,False,False
2019-07-29,96.0385284423828,97.14108709894336,95.988791046497,96.54421304953632,8500400,False,12.829999923706056,False,2.06,False,-0.003183755805573507,-0.0031888347390090985,0.1406041532315245,94.80711097717285,91.9766453552246,0.04356153006743768,-0.020000000000000018,0.055098691176097114,-0.6150758414216454,False,False,False
2019-07-30,95.82299041748048,96.22920023808396,95.13493324166951,95.49139934105348,7121100,False,13.9399995803833,False,2.06,False,-0.00224428704185764,-0.002246809228401096,0.13016459890274382,94.91940383911133,92.06947067260742,0.024000064572190727,0.0,0.08651595193124617,-0.571909309514846,False,False,False
2019-07-31,96.1628875732422,96.31210610005051,95.21783901168764,96.24578534931462,13648000,False,16.1200008392334,False,2.02,False,0.0035471357581395857,0.003540859509521306,0.13042345943236863,95.04375305175782,92.15954528808594,0.026548815274572535,-0.040000000000000036,0.15638460003383692,-0.4796205285718045,False,False,False
2019-08-01,93.6261749267578,96.82607827853666,93.34431491056606,95.60746141598167,15664500,False,17.8700008392334,False,1.9,False,-0.026379331054845023,-0.026733508132809555,0.1633451854278571,95.04872627258301,92.19262924194337,0.001063486740432218,-0.1200000000000001,0.10856078839281391,-0.5701154130771485,False,False,False
2019-08-02,93.61788177490234,94.03237695564223,92.34952753378936,93.17851789526917,11025500,False,17.610000610351562,False,1.86,False,-8.857727939803883e-05,-8.858120259692418e-05,0.16188420356051042,95.0255142211914,92.2405288696289,-0.00493442339524397,-0.039999999999999813,-0.014549536467340696,-0.5948412934188818,False,False,False
2019-08-05,90.83245849609376,92.00133774656928,89.75476867613874,91.8438275802714,15855300,False,24.59000015258789,False,1.75,False,-0.029753111542364707,-0.030204715687364082,0.19244007361369425,94.88873023986817,92.26861038208008,-0.029237298949793655,-0.1100000000000001,0.39636566157376074,-0.7354665309394693,False,False,False
2019-08-06,91.54539489746094,91.60342396282068,89.8128019608166,91.23038087475004,10203500,False,20.170000076293945,False,1.73,False,0.007848916710735399,0.007818274199875037,0.19425892778478324,94.76769714355468,92.29333480834961,-0.02576102486465326,-0.020000000000000018,-0.17974786697302148,-0.7320295692830018,False,False,False
2019-08-07,89.55583953857422,89.76308715625107,87.82325249064944,89.53097083640425,17320900,False,19.489999771118164,False,1.71,False,-0.021732992261546347,-0.021972632161374364,0.20745697808839292,94.56086349487305,92.2978596496582,-0.044151585465208476,-0.020000000000000018,-0.03371345079839605,-0.6575891508400825,False,False,False
2019-08-08,91.07288360595705,91.25526250141442,90.12783507921844,90.40140342240451,10903300,False,16.90999984741211,False,1.72,False,0.01693964430682815,0.01679776850771959,0.21452918930297468,94.38511734008789,92.33766418457031,-0.03716042498785854,0.010000000000000009,-0.13237557485912876,-0.6920708323581358,False,False,False
2019-08-09,90.97342681884766,91.56200938682716,89.77139297680023,90.65012099030535,9980800,False,17.969999313354492,False,1.74,False,-0.0010920570774909377,-0.001092653806302027,0.20958651791023558,94.15465812683105,92.3945768737793,-0.04822199574655717,0.020000000000000018,0.0626847708756546,-0.6834754204679646,False,False,False
2019-08-12,89.26568603515625,89.95374958130736,88.8760595373431,89.89572050661359,9393700,False,21.09000015258789,False,1.65,False,-0.018771863866269167,-0.018950291780911743,0.21493301538358545,93.89684219360352,92.4354441833496,-0.05460929029149064,-0.09000000000000008,0.17362275784366643,-0.7172026071313848,False,False,False
2019-08-13,90.6417999267578,91.46250490977664,88.72683428243582,89.4895038704686,12124700,False,17.520000457763672,False,1.68,False,0.01541593363276883,0.015298315384372428,0.2194329456973019,93.65726318359376,92.49560241699218,-0.05020863972145995,0.030000000000000027,-0.16927452200071014,-0.7572757523368978,False,False,False
2019-08-14,86.87818908691406,88.62735918864674,86.58803741174869,88.12167458152814,19491800,False,22.100000381469727,False,1.59,False,-0.04152180167301267,-0.042408462371203305,0.25881680251494166,93.27634124755859,92.42648803710938,-0.08062127609689185,-0.08999999999999986,0.26141551392919693,-0.7916065476588934,True,False,False
2019-08-15,87.20979309082031,88.18800207795664,86.49686079555002,86.89477899569667,13365600,False,21.18000030517578,False,1.52,False,0.003816884391714348,0.0038096185711471286,0.25782282335462836,92.88381462097168,92.35758605957031,-0.08258474269180582,-0.07000000000000006,-0.041628962009672255,-0.7919723797306326,False,False,False
2019-08-16,89.2988510131836,89.5143902980262,87.76521996748133,88.17971518657357,11830600,False,18.46999931335449,False,1.55,False,0.023954396041138803,0.023671990509522928,0.27528226942786754,92.64257736206055,92.32651336669922,-0.051259677418308836,0.030000000000000027,-0.12795094205730706,-0.8029769261736881,False,False,False
2019-08-19,90.10296630859376,90.98169408634546,89.87913536445664,90.88221296398513,8265400,False,16.8799991607666,False,1.6,False,0.009004766425174449,0.008964465270298864,0.27653714254744477,92.41128845214844,92.33144393920898,-0.04883183264303015,0.050000000000000044,-0.08608555558733877,-0.8048788658661947,False,False,False
2019-08-20,88.95897674560547,89.89574014491176,88.90094765823486,89.40663241590565,8374000,False,17.5,False,1.55,False,-0.012696469493248874,-0.012777758450179543,0.2675854566461608,92.03617095947266,92.29406814575195,-0.07777572751714557,-0.050000000000000044,0.036729909363647284,-0.8010868422566773,False,False,False
2019-08-21,89.20765686035156,89.88742873087077,89.07501536137475,89.70504983212504,8189300,False,15.800000190734863,False,1.59,False,0.0027954471133053715,0.0027915471174878026,0.2671318576387709,91.65400657653808,92.25606826782227,-0.07891804975829186,0.040000000000000036,-0.09714284624372205,-0.7984425096255833,False,False,False
2019-08-22,90.1278305053711,90.5837713961816,89.47292737977972,89.83768515218361,9343400,False,16.68000030517578,False,1.62,False,0.01031496260976783,0.010262126407968709,0.2708925037842384,91.36427421569825,92.25968536376953,-0.0604096907669609,0.030000000000000027,0.05569620910238671,-0.7739232817828869,False,False,False
2019-08-23,87.88955688476562,90.17757209354716,87.13517893141155,89.53096061218805,14762300,False,19.8700008392334,False,1.52,False,-0.024834433582333726,-0.025148010690239402,0.2800599180680475,90.94148864746094,92.214091796875,-0.08776467716969538,-0.10000000000000009,0.19124703091688589,-0.78610330868222,False,False,False
2019-08-26,88.5942153930664,88.6936902034436,87.8812830701177,88.3869677718533,8209500,False,19.31999969482422,False,1.54,False,0.00801754535211363,0.007985575600979747,0.28352365823900094,90.56927299499512,92.17798110961914,-0.077513818360748,0.020000000000000018,-0.02767997590232607,-0.7883869485527193,False,False,False
2019-08-27,87.65745544433594,89.16621793138741,86.9113627145422,88.99213068188482,14331800,False,20.309999465942383,False,1.49,False,-0.010573601725285764,-0.010629899450148934,0.2844292024724884,90.16099624633789,92.13301361083984,-0.08521477922541387,-0.050000000000000044,0.051242224987373186,-0.7929951549035965,False,False,False
2019-08-28,88.5361557006836,88.87603839311679,87.07713118088728,87.11029154777961,10585500,False,19.350000381469727,False,1.47,False,0.01002425009822061,0.009974340563170918,0.28770646632427066,89.77965965270997,92.08108993530273,-0.07931055384281938,-0.020000000000000018,-0.04726731214751967,-0.8346078666433493,False,False,False
2019-08-29,90.5423355102539,91.09775757879352,89.54754320236269,89.64702433056033,10002200,False,17.8799991607666,False,1.5,False,0.022659441148005666,0.02240652944167196,0.2896882613953783,89.62546768188477,92.08246032714844,-0.0329377913699489,0.030000000000000027,-0.07596905383582586,-0.830914811335791,False,False,False
2019-08-30,91.07288360595705,91.65317434178084,90.7495778638988,91.05630025653656,10170300,False,18.979999542236328,False,1.5,False,0.005859668769456983,0.005842567682364304,0.2908435151637035,89.4982177734375,92.08983200073243,-0.027184957838125023,0.0,0.06152127701904009,-0.8183259421299074,False,False,False
2019-09-03,89.99520111083984,90.3516672568632,88.96725472509385,90.34338190615456,9868800,False,19.65999984741211,False,1.47,False,-0.011833187359917008,-0.01190375678138174,0.2739910791025762,89.4563549041748,92.08799758911132,-0.009217601275098408,-0.030000000000000027,0.035827203455014445,-0.8041949586969286,False,False,False
2019-09-04,91.08116912841795,91.37131447673146,89.99518750373855,90.73298838574752,6929200,False,17.329999923706055,False,1.47,False,0.012066954728404022,0.011994729475562885,0.27606036680314144,89.43314361572266,92.12072357177735,-0.005070989857687058,0.0,-0.11851474780213478,-0.825431653237857,False,False,False
2019-09-05,93.15365600585938,94.27279181072645,92.18373240525924,92.22518445624117,13224700,False,16.270000457763672,False,1.57,False,0.02275428496662535,0.022499267470635735,0.27500632217995735,89.61303443908692,92.20971618652344,0.040174001894488054,0.10000000000000009,-0.061165578223251416,-0.8768016231136476,False,False,False
2019-09-06,93.35257720947266,93.65930582843016,92.81373237063065,93.3940292450346,7836600,False,15.0,False,1.55,False,0.002135409517376008,0.0021331327710869042,0.2693850613543797,89.72701911926269,92.29083435058594,0.025031529839102395,-0.020000000000000018,-0.07805780098535009,-0.8619932149023782,False,False,False
2019-09-09,95.66551208496094,96.21264256684007,94.173326544025,94.26451601178752,13985100,False,15.270000457763672,False,1.63,False,0.02477633660073808,0.024474380585097696,0.28161523816584677,89.96162338256836,92.41228408813477,0.051576437539903486,0.07999999999999985,0.018000030517578036,-0.8141831524679185,False,False,False
2019-09-10,96.88411712646484,97.21570824998774,95.939068510095,96.41159281827991,14333100,False,15.199999809265137,False,1.72,False,0.01273818552731587,0.012657737298049294,0.27183975223954976,90.3425449371338,92.5093748474121,0.08534557263479914,0.09000000000000008,-0.004584194263265062,-0.7886347995332231,False,False,False
2019-09-11,97.14937591552734,97.15766126480176,95.64889916193356,96.9006762940251,9919200,False,14.609999656677246,False,1.75,False,0.002737897572171244,0.0027341563577655313,0.26863517656065433,90.66792373657226,92.58081970214843,0.07179442590535423,0.030000000000000027,-0.038815799999435296,-0.7907092813117624,False,False,False
2019-09-12,97.74626159667967,98.21049419913696,96.09656613851432,96.6188341409736,12283500,False,14.220000267028809,False,1.79,False,0.006143999130486799,0.006125201722708107,0.20911252491680216,91.21132736206054,92.66222686767578,0.12509552309950944,0.040000000000000036,-0.02669400402553701,-0.6526742816854256,False,False,False
2019-09-13,99.66951751708984,99.81044436566744,98.44260895524508,98.6498565530456,16257200,False,13.739999771118164,False,1.9,False,0.019676004882374976,0.01948493456500622,0.21443316171157048,91.83431358337403,92.7850830078125,0.14287070275804892,0.10999999999999988,-0.03375530850189912,-0.6503759522070833,False,False,False
2019-09-16,98.7824935913086,99.37107598352328,98.1358758026232,98.56695432841346,11993900,False,14.670000076293944,False,1.84,False,-0.008899651045558232,-0.008939489481511069,0.21123388244304248,92.30849571228028,92.87909042358399,0.10620117135353602,-0.05999999999999983,0.06768561285791752,-0.6351918980569345,False,False,False
2019-09-17,98.29339599609376,98.32655637258236,97.19083719545394,98.16904616543522,10735400,False,14.4399995803833,False,1.81,False,-0.004951257833582967,-0.004963555921446509,0.21364544018119977,92.71801719665527,92.97359558105468,0.09090077744442504,-0.030000000000000027,-0.015678288664927376,-0.6247635088518313,False,False,False
2019-09-18,99.2799072265625,99.54518394206004,97.61363449734898,98.0861588444757,10665600,False,13.949999809265137,False,1.8,False,0.010036393803180221,0.009986363672473521,0.20449658129529236,93.23406372070312,93.07987258911133,0.11601898828570878,-0.010000000000000009,-0.033933503141082344,-0.6201155927753554,False,False,False
2019-09-19,98.96485900878906,99.76068893196896,98.72445106459504,99.23013564984905,9382600,False,14.050000190734863,False,1.79,False,-0.0031733331202100645,-0.0031783788190390353,0.20666149773867806,93.721923828125,93.18531951904296,0.10937628553243739,-0.010000000000000009,0.0071684862248750925,-0.6616399906709564,False,False,False
2019-09-20,98.56696319580078,99.76070511183272,98.54209449490148,99.2633121197615,21862800,False,15.31999969482422,False,1.74,False,-0.004020576768092421,-0.004028681016662562,0.20829107917192674,94.14388046264648,93.26490264892578,0.0936351473580268,-0.050000000000000044,0.09039142255149901,-0.7032455672294201,False,False,False
2019-09-23,98.55036926269533,98.74933149791453,97.5555833853767,97.63848115437088,9135100,False,14.90999984741211,False,1.72,False,-0.00016835187538943863,-0.0001683660481571092,0.17836432723281412,94.67692108154297,93.3242578125,0.1212978282722188,-0.020000000000000018,-0.02676239266183711,-0.5464284144589333,False,False,False
2019-09-24,97.26544952392578,98.86540132086294,97.02504153815131,98.4426144269358,11696500,False,17.049999237060547,False,1.64,False,-0.013038203188711295,-0.01312394666930773,0.19016199621475247,95.11048278808593,93.38112670898437,0.0978758499343062,-0.08000000000000007,0.1435277942018136,-0.6186531647967926,False,False,False
2019-09-25,97.82086181640624,98.11929884995727,97.0913525814451,97.21569607484597,9389400,False,15.960000038146973,False,1.73,False,0.0057102732285612134,0.005694031419168746,0.18134132403151682,95.61865310668945,93.42887634277344,0.1159445744865848,0.09000000000000008,-0.0639295746444557,-0.5858363231121019,False,False,False
2019-09-26,97.01675415039062,97.86232797561397,96.95043339455049,97.7213947882798,9899200,False,16.06999969482422,False,1.7,False,-0.008220206314730638,-0.008254178511060868,0.18686636792894484,96.04268302917481,93.4792788696289,0.09578683852478975,-0.030000000000000027,0.00689220904851684,-0.5743570050583493,False,False,False
2019-09-27,97.58875274658205,98.35142241108696,97.22399493977753,97.78770867543224,10207800,False,17.219999313354492,False,1.69,False,0.0058958743899506505,0.005878561738024484,0.17450293715272477,96.3950038909912,93.52984741210938,0.07782455794427934,-0.010000000000000009,0.0715618942357954,-0.5039953909442961,False,False,False
2019-09-30,97.56387329101562,98.45917803449426,97.17424682664256,98.1192952903714,9755000,False,16.239999771118164,False,1.68,False,-0.00025494183362528844,-0.00025497433681895444,0.1749003498636341,96.71955337524415,93.59865295410157,0.0712724735184953,-0.010000000000000009,-0.056910544791736295,-0.5016881271786813,False,False,False
2019-10-01,95.78982543945312,98.64983925780618,95.67376731100768,98.15244637522656,11250300,False,18.559999465942383,False,1.65,False,-0.018183450407619928,-0.018350801121783892,0.18352667882477636,97.0092845916748,93.6198745727539,0.0643881480022086,-0.030000000000000027,0.14285712607891754,-0.589388195159198,False,False,False
2019-10-02,93.8831787109375,95.25101436769168,93.61790199096728,95.17640193020534,12548700,False,20.559999465942383,False,1.6,False,-0.019904480666590008,-0.020105243359724075,0.1975636209719078,97.14938507080078,93.56831161499024,0.030763873689070742,-0.04999999999999982,0.10775862379037249,-0.628198780299234,False,False,False
2019-10-03,93.7494659423828,94.3511214237082,92.35395699944638,93.81631159280558,12735200,False,19.1200008392334,False,1.54,False,-0.001424246285550268,-0.0014252614883382465,0.18117109621018668,97.17917556762696,93.50628204345703,0.006395990904382254,-0.06000000000000005,-0.07003884553082507,-0.5640538593114645,False,False,False
2019-10-04,95.78004455566406,96.04744626822402,93.81630625600222,93.87480018139472,9453100,False,17.040000915527344,False,1.52,False,0.02165962859488957,0.02142839188219959,0.19630297713647002,97.30054893493653,93.50343338012695,0.02600321725177923,-0.020000000000000018,-0.10878660211342595,-0.6422397277437224,False,False,False
2019-10-07,95.57113647460938,96.51539737457313,95.32044458063544,95.42072261329696,6771600,False,17.860000610351562,False,1.56,False,-0.0021811232394371993,-0.0021835053531493696,0.17591032457888833,97.29583015441895,93.4879507446289,-0.00098651654389037,0.040000000000000036,0.04812204523281527,-0.732140703685385,False,False,False
2019-10-08,93.4402847290039,94.47646567847804,93.30658704618162,94.47646567847804,10806300,False,20.280000686645508,False,1.54,False,-0.022295975795700418,-0.022548288488085592,0.18595681181341858,97.1236385345459,93.43598587036132,-0.035545892346478536,-0.020000000000000018,0.13549831990998507,-0.7837330148310354,False,False,False
2019-10-09,94.11712646484376,94.56001629357873,93.64917509906698,94.15055247316484,7273700,False,18.63999938964844,False,1.59,False,0.007243575271659752,0.007217466584648114,0.188072478341832,96.97202606201172,93.4018685913086,-0.03121223808293072,0.050000000000000044,-0.0808679113150631,-0.788736924031748,False,False,False
2019-10-10,95.43742370605467,96.4318267191195,94.4263108767538,94.54329871648386,10994100,False,17.56999969482422,False,1.67,False,0.01402823578240131,0.013930750720552236,0.19431112322311056,96.85658416748046,93.38735931396485,-0.02362072833180795,0.07999999999999985,-0.05740341898393175,-0.7949489672071557,False,False,False
2019-10-11,97.05020141601562,98.59611777107268,96.82458381029022,96.95828147933052,15076500,False,15.579999923706056,False,1.76,False,0.016898797634440355,0.016757601430973514,0.19058260677843294,96.72561836242676,93.45583984375,-0.026280011846401274,0.09000000000000008,-0.11326122969167596,-0.8372065732489821,False,False,False
2019-10-14,97.30924224853516,97.66021216736311,96.64909926811772,96.80786484710036,8779000,False,14.56999969482422,False,1.7675,False,0.00266914265751117,0.0026655868221971924,0.18884993862095067,96.65195579528809,93.52966705322265,-0.014914093471548706,0.007500000000000062,-0.06482671590678568,-0.8292074624370138,False,False,False
2019-10-15,100.24231719970705,101.60439374988036,98.4958510655957,99.31476606496273,23379000,False,13.539999961853027,False,1.77,False,0.030141792119607658,0.02969645501901237,0.21727601100082553,96.74940185546875,93.71786422729492,0.019827590489301272,0.0024999999999999467,-0.07069318836959793,-0.8078357254267089,False,False,False
2019-10-16,100.00833892822266,100.7938342700826,99.75764702645802,100.24231463634436,11087700,False,13.68000030517578,False,1.75,False,-0.0023341267243278674,-0.002336855044433883,0.2149304019610208,96.78582344055175,93.88712310791016,0.007337151312982515,-0.020000000000000018,0.01033975950643895,-0.8065376699137452,False,False,False
2019-10-17,100.56822204589844,101.58769321511762,100.17547432903262,100.90247582889236,10818500,False,13.789999961853027,False,1.76,False,0.00559836433317451,0.005582751734477639,0.21522293867887035,96.86599159240723,94.10737075805665,0.01620133705204374,0.010000000000000009,0.008040910396444279,-0.8034151780084088,False,False,False
2019-10-18,100.74370574951172,101.12809537583564,100.15876639974944,100.27575426970188,10417400,False,14.25,False,1.76,False,0.001744922004618843,0.0017434013968553965,0.21444949438646058,96.97482872009277,94.30078720092773,0.022083895893058036,0.0,0.03335750829727768,-0.8047356020236667,False,False,False
2019-10-21,103.24224853515624,103.42608206384106,101.93865938617868,101.98880159887526,12714600,False,14.0,False,1.8,False,0.02480098153086474,0.024498429377899828,0.23011232996807965,97.20942268371581,94.5461636352539,0.04760894664893911,0.040000000000000036,-0.01754385964912286,-0.770615235651078,False,False,False
2019-10-22,104.27840423583984,104.53744783300309,102.88290184897576,103.1586552627408,12549100,False,14.460000038146973,False,1.78,False,0.010036159763904928,0.009986131958741378,0.22403993563533636,97.56007041931153,94.84641799926757,0.07210119056910314,-0.020000000000000018,0.03285714558192665,-0.7335473973572754,False,False,False
2019-10-23,104.5541763305664,104.57924424609917,103.76032287832304,103.78539079385575,8828300,False,14.010000228881836,False,1.77,False,0.0026445753245596393,0.002641084588225062,0.22391783144907473,97.89673614501953,95.12466552734375,0.06883311380753843,-0.010000000000000009,-0.031120318677592684,-0.735604784866756,False,False,False
2019-10-24,104.4789810180664,105.00543282031626,103.67677573050956,104.69624694241335,8020500,False,13.710000038146973,False,1.77,False,-0.0007191995110961136,-0.0007194582591329066,0.22029618620893596,98.26984748840331,95.4766813659668,0.0769168885624456,0.0,-0.02141328949562815,-0.7369708666334769,False,False,False
2019-10-25,105.31458282470705,105.83267638369216,104.24497607422336,104.4538838419072,9055700,False,12.649999618530272,False,1.8,False,0.007997798203029483,0.00796598532439985,0.2206870088510105,98.65613899230956,95.83877716064453,0.07916721815461036,0.030000000000000027,-0.07731585825436438,-0.7636351748522164,False,False,False
2019-10-28,105.71570587158205,106.30064516682992,105.62378592870591,105.76584170392894,9522200,False,13.109999656677246,False,1.85,False,0.0038088082022094127,0.003801573057947361,0.2201409744690448,99.0637306213379,96.1671142578125,0.0835538022998632,0.050000000000000044,0.03636364047577878,-0.7758823843697564,False,False,False
2019-10-29,105.64884948730467,106.47612256370805,105.23939199751958,105.33966365807764,9797300,False,13.199999809265137,False,1.84,False,-0.0006324167608414699,-0.0006326168206730737,0.20485019165951965,99.55668182373047,96.47803192138672,0.10292349947002721,-0.010000000000000009,0.0068650003771777435,-0.733885565276191,False,False,False
2019-10-30,105.06390380859376,105.50678728334114,104.38703826430783,105.33130551270686,8513700,False,12.329999923706056,False,1.78,False,-0.005536697101289345,-0.00555208142050681,0.18728887929649837,100.11571807861328,96.80013046264648,0.11909188899623069,-0.06000000000000005,-0.06590908319168487,-0.6095130270304668,False,False,False
2019-10-31,104.38706970214844,105.06393545028334,103.50130248589066,104.86337933027818,11589100,False,13.220000267028809,False,1.69,False,-0.006442118386143281,-0.006462958381486508,0.19064010420510424,100.64759826660156,97.10371871948242,0.11346841982335532,-0.09000000000000008,0.07218169901295846,-0.674576807848704,False,False,False
2019-11-01,106.79367065429688,106.95243624815828,105.30624175262976,105.45665562469227,11682600,False,12.300000190734863,False,1.73,False,0.023054588647954954,0.02279284688302329,0.19226994714412618,101.1982795715332,97.43703552246093,0.11498873434154722,0.040000000000000036,-0.06959153235332838,-0.6556698614800106,False,False,False
2019-11-04,107.64601135253906,108.14738239438586,107.42873909209123,107.8632708622674,9159900,False,12.829999923706056,False,1.79,False,0.007981191141948063,0.007949509893683988,0.1902400748990482,101.8020233154297,97.83216461181641,0.12634436842903551,0.06000000000000005,0.04308940851646681,-0.6213191785723462,False,False,False
2019-11-05,107.87998962402344,108.88274448231078,107.66271735840265,108.12231705407764,13747600,False,13.100000381469728,False,1.86,False,0.002173589792547892,0.0021712309637205228,0.15920663927064524,102.52400856018066,98.21788009643555,0.15453404210932842,0.07000000000000006,0.021044462928233587,-0.4580128155445266,False,False,False
2019-11-06,108.04711151123048,108.49834672720144,107.44545605612277,107.53737599372866,11231100,False,12.619999885559082,False,1.81,False,0.0015491463040504527,0.0015479476147185246,0.1604914068272928,103.2205078125,98.62567321777344,0.14800690979011222,-0.050000000000000044,-0.03664125816283326,-0.4596783963058462,False,False,False
2019-11-07,108.63204193115234,109.71000042922992,108.56518991372388,108.991357180272,13528900,False,12.729999542236328,False,1.92,False,0.005413660872008341,0.005399059683539563,0.15836785271572937,103.88023872375489,99.02759094238282,0.13825413252705587,0.10999999999999988,0.008716296170740545,-0.443027639447327,False,False,False
2019-11-08,108.94960021972656,108.96630366325148,108.00533288103904,108.53178461863938,9293400,False,12.06999969482422,False,1.94,False,0.0029232469806235173,0.0029189826027005805,0.15395471407974112,104.47520866394044,99.39573623657226,0.12261075845379188,0.020000000000000018,-0.051846022870803865,-0.35943059422571816,False,False,False
2019-11-11,108.56520080566406,108.71562104764888,108.08889766593848,108.29780545984195,8679000,False,12.6899995803833,False,1.925,False,-0.003528231524367764,-0.0035344704123628896,0.15718733908612242,105.03800659179687,99.7455825805664,0.11567203995259101,-0.014999999999999902,0.05136701750083272,-0.43457420309218947,False,False,False
2019-11-12,107.93013763427734,109.15015214514467,107.8047852936455,108.3228853502922,9099000,False,12.68000030517578,False,1.92,False,-0.005849601591245701,-0.005866777524966885,0.1324233177230674,105.42239761352539,100.10428131103515,0.07669236555310555,-0.0050000000000001155,-0.0007879649754266582,-0.3024699801918728,False,False,False
2019-11-13,107.36189270019533,107.64601699793393,106.47612567083186,107.06942943145994,8023300,False,13.0,False,1.88,False,-0.005264932914359144,-0.0052788415136963435,0.13459546703207942,105.79007530212402,100.42989578247071,0.07352940615532488,-0.040000000000000036,0.025236568385065494,-0.3194405244682978,False,False,False
2019-11-14,107.46218872070312,107.66273206933074,106.61819295949002,106.72682910714435,8483400,False,13.050000190734863,False,1.82,False,0.0009341864043685977,0.0009337503238154279,0.13468956822199354,106.13477363586426,100.71606643676758,0.06855014968504003,-0.05999999999999983,0.0038461685180664062,-0.32455489466165754,False,False,False
2019-11-15,108.23929595947266,108.23929595947266,107.2950287310386,107.9886040779473,10163600,False,12.050000190734863,False,1.84,False,0.007231448084397796,0.007205426537368799,0.13522689603007246,106.50955314636231,101.01380081176758,0.07440256593893735,0.020000000000000018,-0.07662835137044455,-0.335041264062843,False,False,False
2019-11-18,109.150146484375,109.17521440105703,107.78807625867525,108.26437942635462,8749300,False,12.460000038146973,False,1.81,False,0.008415155668080043,0.008379945639631205,0.11165460563054345,106.80494804382325,101.28349349975586,0.05722364664701196,-0.030000000000000027,0.03402488306409768,-0.32443865448462544,False,False,False
2019-11-19,109.11671447753906,109.676585804512,108.78245437513192,109.4593263009867,8824500,False,12.859999656677246,False,1.79,False,-0.0003062937422693146,-0.00030634065977819545,0.10877462030220407,107.0468635559082,101.52814544677734,0.04639800807420036,-0.020000000000000018,0.032102698018110276,-0.3977283395739138,False,False,False
2019-11-20,108.32286834716795,109.1501350121668,107.74628082264196,108.88273967875602,11782800,False,12.779999732971191,False,1.73,False,-0.00727520191725084,-0.007301795258506002,0.11392590579009325,107.23529815673828,101.75161529541016,0.03604535130845621,-0.06000000000000005,-0.006220834046796964,-0.3775589033736877,False,False,False
2019-11-21,108.57357788085938,109.23373380415455,108.12234255097384,108.63207819715863,7705500,False,13.130000114440918,False,1.77,False,0.002314465426523915,0.0023117911769292452,0.11354574250243463,107.44002799987793,101.96816162109376,0.03919062784585292,0.040000000000000036,0.02738657189223237,-0.38215384491012167,False,False,False
2019-11-22,109.2921905517578,109.65151857023253,108.7156157791306,108.7573871353111,8167900,False,12.34000015258789,False,1.77,False,0.006618669891186313,0.006596862665952844,0.1126733469711567,107.63890838623047,102.16061508178711,0.037768821946257525,0.0,-0.06016755178731126,-0.3658566259889455,False,False,False
2019-11-25,109.8771514892578,110.36181911715715,109.3590514728301,109.67659541024835,10068500,False,11.869999885559082,False,1.76,False,0.00535226656677712,0.005337994092152205,0.11315610856251286,107.84698066711425,102.38250823974609,0.0393644972936269,-0.010000000000000009,-0.0380875414276427,-0.3977298651326929,False,False,False
2019-11-26,110.02757263183594,110.152924978284,108.93289766008752,110.152924978284,10490700,False,11.539999961853027,False,1.74,False,0.0013689938311955974,0.0013680576134941032,0.11277118692202631,108.06591682434082,102.61719177246094,0.04144600879025595,-0.020000000000000018,-0.027801173284553227,-0.3895125255090675,False,False,False
2019-11-27,110.3534698486328,110.6626493561561,110.010857947975,110.5456614816293,6607900,False,11.75,False,1.77,False,0.002961959525248803,0.0029575815658960136,0.10915876118024888,108.33039512634278,102.83866302490235,0.05034617835708444,0.030000000000000027,0.018197577022630362,-0.5059728295767801,False,False,False
2019-11-29,110.10276794433594,110.64593590250593,109.84372429922264,110.1946878910588,5712000,False,12.619999885559082,False,1.78,False,-0.0022718080785383288,-0.0022743925495345174,0.10558234614864791,108.61618003845214,103.06142120361328,0.054754849029638564,0.010000000000000009,0.0740425434518368,-0.46606365462001126,False,False,False
2019-12-02,109.86044311523438,110.92169838894944,109.76017144395207,110.56237031565269,8615600,False,14.90999984741211,False,1.83,False,-0.0022008967951112623,-0.002203322328014521,0.07444019404902935,108.76951866149902,103.28729080200195,0.02871679980796782,0.050000000000000044,0.1814580017923335,-0.3411648911637957,False,False,False
2019-12-03,108.44820404052734,108.59862427015295,107.4538009831362,108.43985231971656,10361300,False,15.960000038146973,False,1.72,False,-0.012854845972409823,-0.012938184477699191,0.08595939164677636,108.80962829589843,103.48524749755859,0.0074521357355370466,-0.1100000000000001,0.07042254872437903,-0.46301249783842435,False,False,False
2019-12-04,110.58744049072266,110.69607663731,108.62371463394224,108.94961032298282,10318200,False,14.800000190734863,False,1.77,False,0.019725881761913477,0.01953384780753589,0.11001595134751856,108.9450008392334,103.75168731689453,0.025096877336891366,0.050000000000000044,-0.07268169452628592,-0.5417854616679172,False,False,False
2019-12-05,111.18909454345705,111.39800236057631,110.4537349469663,110.8715505812049,9587400,False,14.520000457763672,False,1.8,False,0.005440527876082513,0.005425781664900625,0.11101288544514211,109.10209999084472,104.01905197143554,0.029079750381850733,0.030000000000000027,-0.0189189006326147,-0.5547145695165898,False,False,False
2019-12-06,112.84362030029295,113.4619919164245,112.51772467506449,112.55115706010884,10170600,False,13.619999885559082,False,1.84,False,0.014880288068082503,0.014770662747886363,0.12019360458488526,109.31267890930175,104.33558929443359,0.038769209289187145,0.040000000000000036,-0.061983508528291376,-0.5979032661912507,False,False,False
2019-12-09,112.3171844482422,113.1945996942976,112.3171844482422,112.50102431887169,8498200,False,15.859999656677246,False,1.83,False,-0.004665180456368101,-0.004676096373761104,0.12236128460272039,109.48105812072754,104.6301579284668,0.030909560216136445,-0.010000000000000009,0.16446400807192196,-0.6101368261365476,False,False,False
2019-12-10,112.39241027832033,112.61803430038223,111.03869164739233,111.34787114933964,7532900,False,15.68000030517578,False,1.85,False,0.0006697624272515856,0.0006695382364945519,0.12094911319963071,109.67241859436035,104.92672866821289,0.0352526356903915,0.020000000000000018,-0.01134926578801565,-0.598106142683294,False,False,False
2019-12-11,112.12498474121094,112.8269246175063,111.98292897180065,112.2169046803258,9011900,False,14.989999771118164,False,1.79,False,-0.0023793914237372205,-0.002382226673850332,0.1186584558329993,109.88216094970703,105.25343185424805,0.03886631851751998,-0.06000000000000005,-0.04400513524415273,-0.5863106196015586,False,False,False
2019-12-12,115.33383178710938,115.70986330954597,112.15007867937364,112.38405441558844,13717400,False,13.9399995803833,False,1.9,False,0.02861848367965969,0.02821662394217885,0.14857529536210898,110.28075790405273,105.68244491577148,0.0742529671042167,0.10999999999999988,-0.07004671159221365,-0.5999429936063001,False,False,False
2019-12-13,114.32270050048828,116.0106790661728,113.82968116099032,115.2753195423657,10592100,False,12.630000114440918,False,1.82,False,-0.008766996387387094,-0.008805652598630228,0.15477046270848135,110.623783493042,106.0939096069336,0.06384116926573857,-0.07999999999999985,-0.09397413955347922,-0.4668729219526082,False,False,False
2019-12-16,114.76557159423828,116.01901823747124,114.74886815284592,115.6346350739489,11372000,False,12.140000343322754,False,1.89,False,0.0038738683726957657,0.0038663842666789307,0.15405155883310093,110.95009727478028,106.47362014770508,0.06029488252777648,0.06999999999999984,-0.03879649775758176,-0.45754325913738914,False,False,False
2019-12-17,115.46749877929688,115.87696260678835,114.67365178786686,115.09146733606356,11546800,False,12.289999961853027,False,1.89,False,0.00611618253896129,0.006097554610490041,0.15318870321623596,111.26596488952637,106.87154739379883,0.05787763460149109,0.0,0.012355816662952268,-0.4724986303398724,False,False,False
2019-12-18,115.3505401611328,116.16946802359998,115.08314477291312,115.44246011505376,10381500,False,12.579999923706056,False,1.92,False,-0.0010129137584216075,-0.0010134271022405616,0.15340286388020413,111.57765617370606,107.30975250244141,0.0571298880601554,0.030000000000000027,0.023596416822877275,-0.4720174074686216,False,False,False
2019-12-19,114.77397918701172,115.5009744329939,114.56507133465146,115.11657837433276,9350400,False,12.5,False,1.92,False,-0.004998337877878067,-0.005010871350445118,0.15161693765351622,111.90021171569825,107.72288955688477,0.05955446839875367,0.0,-0.006359294450813402,-0.4787772857348324,False,False,False
2019-12-20,114.68206024169922,116.05249525533948,114.39793586941305,115.33385172680109,29992600,True,12.510000228881836,False,1.92,False,-0.0008008692036609588,-0.0008011900707281185,0.15218948242123656,112.20563583374023,108.10778228759766,0.056261223771614466,0.0,0.0008000183105467684,-0.4775405286633047,False,False,False
2019-12-23,114.64857482910156,115.2418784710446,114.3811795297272,114.98283489171652,9738400,False,12.609999656677246,False,1.93,False,-0.00029198474920211215,-0.00029202738504854203,0.15185647574945588,112.47345504760742,108.45974975585938,0.04900976227397624,0.010000000000000009,0.00799355922988254,-0.47013645763154305,False,False,False
2019-12-24,114.96614074707033,115.00792485674953,114.53160895770289,114.75723294939444,3324300,False,12.670000076293944,False,1.9,False,0.002769907244308367,0.0027660781204861414,0.15147541637571038,112.72790451049805,108.81288772583008,0.046315263809055374,-0.030000000000000027,0.004758161875518141,-0.46591342683826514,False,False,False
2019-12-26,116.1861572265625,116.23630580950795,115.13326649767286,115.2251864403258,6770900,False,12.649999618530272,False,1.9,False,0.0106119634143087,0.01055605173783048,0.1542424919503846,113.03583374023438,109.13176452636719,0.05597310244527387,0.0,-0.0015785680854961681,-0.4679354961457583,False,False,False
2019-12-27,116.26971435546876,116.79616604505104,115.87696670621196,116.40341839579426,7868200,False,13.43000030517578,False,1.88,False,0.0007191659566063713,0.0007189074806870976,0.15441108045329593,113.33164596557617,109.4569920349121,0.05361176694263459,-0.020000000000000018,0.061660135191065946,-0.46907376026644904,False,False,False
2019-12-30,115.84354400634766,117.05520655678004,115.70983996955984,116.90478632771408,6963000,False,14.81999969482422,False,1.9,False,-0.0036653599046282404,-0.003672093796036414,0.1550790999172719,113.61868476867676,109.76249847412109,0.05214016113485953,0.020000000000000018,0.10349957990043746,-0.4765040772874043,False,False,False
2019-12-31,116.4869613647461,116.55381337773898,115.55941040438606,115.74325025243708,7201600,False,13.779999732971191,False,1.92,False,0.0055541926303910305,0.005538824979505581,0.15434333557093327,113.95001068115235,110.07736358642578,0.06031759987133012,0.020000000000000018,-0.0701754374675353,-0.4947573603690512,False,False,False
2020-01-02,117.89918518066406,117.90754965186449,116.36997878502586,116.81286223422664,10803700,False,12.470000267028809,False,1.88,False,0.01212344969233059,0.012050549287590305,0.1455786895066425,114.42255973815918,110.37050231933594,0.08714741957925698,-0.040000000000000036,-0.09506527513262342,-0.47373766331092576,False,False,False
2020-01-03,116.3433609008789,117.09184668179886,115.2837107669878,115.63692747828485,10386800,False,14.020000457763672,False,1.8,False,-0.013196225889102409,-0.013284069738690197,0.14599277401666205,114.71035575866699,110.61180145263671,0.052048590550742624,-0.07999999999999985,0.12429832859211132,-0.5262454582834968,False,False,False
2020-01-06,116.25086212158205,116.28450914453764,114.79594277694515,114.84640047879924,10259000,False,13.850000381469728,False,1.81,False,-0.0007950499158749791,-0.0007953661356774731,0.14605020378462497,114.96344413757325,110.84573516845703,0.045523957173216,0.010000000000000009,-0.012125539995956669,-0.5189086183536828,False,False,False
2020-01-07,114.27452087402344,115.93968907365868,114.2240631759403,115.45190993789112,10531300,False,13.789999961853027,False,1.83,False,-0.01700065884665558,-0.017146829075943414,0.15320389894419326,115.03498916625976,111.04164596557617,0.012680385208509337,0.020000000000000018,-0.004332160141813257,-0.4296467070299638,False,False,False
2020-01-08,115.16596221923828,115.70419899603492,114.03903097291044,114.12312284994236,9695300,False,13.449999809265137,False,1.87,False,0.007800875806756258,0.007770606292318303,0.15383071281876098,115.17742805480957,111.2386735534668,0.025363685752903153,0.040000000000000036,-0.024655558631502927,-0.43851016064471793,False,False,False
2020-01-09,115.5864715576172,116.25085263209532,115.2500655184183,116.09947953888953,9469000,False,12.539999961853027,False,1.85,False,0.0036513335214305442,0.0036446835856944583,0.1540332794653658,115.33713111877441,111.4360888671875,0.02841883425568814,-0.020000000000000018,-0.0676579821796911,-0.43869590368038797,False,False,False
2020-01-10,114.434326171875,115.42669524273886,114.21565900993012,115.39306105075192,10190900,False,12.5600004196167,False,1.83,False,-0.009967822100771406,-0.010017833453196446,0.15881421581441588,115.45259819030761,111.61179840087891,0.02059613596375609,-0.020000000000000018,0.0015949328408704222,-0.4511656768977236,False,False,False
2020-01-13,115.38461303710938,115.38461303710938,114.17357711750338,114.53521195888024,12355200,False,12.31999969482422,False,1.85,False,0.008304211655924654,0.00826992139524214,0.12480067926437732,115.45513725280762,111.81821258544922,0.0004402979525881534,0.020000000000000018,-0.01910833732279471,-0.39104239354981407,False,False,False
2020-01-14,116.73023986816406,118.3785847360349,115.79673385482609,116.0069828413204,24906000,True,12.390000343322754,False,1.82,False,0.011662099439740059,0.011594621276067404,0.12670833942264542,115.57551422119141,112.06507598876954,0.021059154106191746,-0.030000000000000027,0.005681870960430491,-0.5119115096155462,False,False,False
2020-01-15,114.9809341430664,116.56201017941282,114.50156043020884,115.93126339885882,16293400,False,12.420000076293944,False,1.79,False,-0.014985883067432537,-0.015099306001513026,0.13833088276871636,115.5862823486328,112.22882125854493,0.0018765431639164998,-0.030000000000000027,0.0024212858869980813,-0.4628859943664165,False,False,False
2020-01-16,115.42665100097656,115.97329303115704,115.08183971051812,115.59484756160325,10783800,False,12.31999969482422,False,1.81,False,0.0038764414398961833,0.0038689474013355097,0.13726974757903956,115.5842399597168,112.38443405151367,-0.0003537599649438006,0.020000000000000018,-0.008051560455349271,-0.47846372472204707,False,False,False
2020-01-17,116.2256088256836,116.30129536254609,115.48554129984484,115.67054855687206,14697700,False,12.100000381469728,False,1.84,False,0.006921779483147983,0.006897933940031735,0.1393531558981517,115.62799339294433,112.55134643554688,0.007586168762871992,0.030000000000000027,-0.017857087565263163,-0.48318491796359797,False,False,False
2020-01-21,115.08186340332033,116.11629748766266,114.95571916502377,115.37621706944914,8474200,False,12.850000381469728,False,1.78,False,-0.00984073504900862,-0.00988947510441543,0.14286378830559202,115.64338760375976,112.69204147338867,0.002682526287660858,-0.06000000000000005,0.06198346912026298,-0.5271595984495402,False,False,False
2020-01-22,114.9472885131836,115.5528064564156,114.6950000639838,115.4182568943678,7549100,False,12.90999984741211,False,1.77,False,-0.0011693840033254466,-0.0011700682662951932,0.14290307397012295,115.65664901733399,112.8183464050293,0.002312726776318774,-0.010000000000000009,0.004669219000872804,-0.5275025002561319,False,False,False
2020-01-23,114.8295669555664,114.99777639052,113.29896119159876,114.13155169733749,9345700,False,12.979999542236328,False,1.74,False,-0.0010241351417670241,-0.0010246599264922402,0.14295700940894238,115.66569862365722,112.93594573974609,0.0015786687861985005,-0.030000000000000027,0.005422129794854458,-0.5274883881951039,False,False,False
2020-01-24,111.97858428955078,114.73704945375246,111.28056907661808,114.686591759572,15166400,False,14.5600004196167,False,1.7,False,-0.02482794929566201,-0.02514136129106378,0.16760564290734067,115.51632080078124,113.00421340942383,-0.025986402936602704,-0.040000000000000036,0.12172580378289855,-0.6378805575936896,False,False,False
2020-01-27,111.03668212890624,111.80199143966892,109.08557841086927,109.5565340382376,12860500,False,18.229999542236328,False,1.61,False,-0.008411449087523781,-0.008447024962308047,0.16327713391836357,115.25884704589843,113.06634429931641,-0.04432090036005587,-0.08999999999999986,0.25206037203646203,-0.5714176208591197,False,False,False
2020-01-28,113.0550765991211,113.50922158711916,111.41513710374916,111.71789615155473,13062800,False,16.280000686645508,False,1.65,False,0.01817772677926044,0.018014487152806975,0.17848836289762313,115.09811515808106,113.18020797729493,-0.027648109175873903,0.039999999999999813,-0.10696647858234709,-0.6392045563907401,False,False,False
2020-01-29,112.88685607910156,113.98855845985048,112.432724019833,113.37463515465772,9326000,False,16.389999389648438,False,1.6,False,-0.001487951935285614,-0.0014890600351023901,0.1782794443553213,114.95028076171874,113.28870132446289,-0.02552311354600889,-0.04999999999999982,0.006756676803653994,-0.648528358119552,False,False,False
2020-01-30,114.28290557861328,114.48474916708052,111.59172189526366,111.59172189526366,9048900,False,15.489999771118164,False,1.57,False,0.01236680290337322,0.012290958656716876,0.18328845982079378,114.8400779724121,113.4095735168457,-0.01892105142335576,-0.030000000000000027,-0.054911510191921864,-0.654719726214076,False,False,False
2020-01-31,111.31421661376952,113.3914774905432,110.56573078429984,113.1055419675051,12785200,False,18.84000015258789,False,1.51,False,-0.025976666849808594,-0.02632001962018581,0.19680396797220248,114.51082954406738,113.45285491943359,-0.05585253669738255,-0.06000000000000005,0.216268588183969,-0.7066317469767089,False,False,False
2020-02-03,112.16358184814452,112.89525676444664,111.5664821435733,111.5664821435733,10021100,False,17.969999313354492,False,1.54,False,0.007630339234404149,0.0076013754384083344,0.1960904025227976,114.30184059143066,113.5137922668457,-0.03592623610293877,0.030000000000000027,-0.046178388120336256,-0.7013161304685654,False,False,False
2020-02-04,113.77832794189452,114.88004333357934,113.6017259918128,113.99699508543418,9157100,False,16.049999237060547,False,1.61,False,0.014396349217308035,0.014293705736647093,0.20431840396044593,114.17821388244629,113.62290145874023,-0.021268953490440445,0.07000000000000006,-0.106844749563629,-0.7271991131699084,False,False,False
2020-02-05,115.7126007080078,115.83033959822458,114.3838258998032,114.85479429324693,10150700,False,15.149999618530272,False,1.66,False,0.017000362029411242,0.01685747304414837,0.20463832205453233,114.2501178741455,113.76568191528321,0.01258443109614693,0.04999999999999982,-0.05607474525307854,-0.7768588530589029,False,False,False
2020-02-06,115.7294464111328,116.30131746398324,115.30894846077372,116.25927793501056,8992300,False,14.960000038146973,False,1.65,False,0.00014558227040040173,0.00014557167433006178,0.20291444936248856,114.27829208374024,113.8944270324707,0.004892801493047383,-0.010000000000000009,-0.0125412267437226,-0.7738866863029195,False,False,False
2020-02-07,115.3593978881836,115.77989580838516,114.6277356134579,114.98935766519374,6379800,False,15.470000267028809,False,1.59,False,-0.0031975312629993757,-0.0032026542896952297,0.20288039259456492,114.26693840026856,114.00407196044922,-0.001964535004604029,-0.05999999999999983,0.03409092430356764,-0.7789036000246667,False,False,False
2020-02-10,115.83878326416016,115.93129332916138,115.00619267914924,115.17438929753888,5960700,False,15.039999961853027,False,1.56,False,0.004155581467590652,0.004146970885331898,0.19986760145514987,114.33716125488282,114.12029617309571,0.012273040260452284,-0.030000000000000027,-0.02779575292524339,-0.7995381836867907,False,False,False
2020-02-11,116.0573959350586,116.74701850532313,115.8723758714547,116.2760501772383,6578600,False,15.18000030517578,False,1.59,False,0.001887214840645468,0.0018854362880404453,0.19791183626411238,114.37080039978028,114.23437469482423,0.005830785234187452,0.030000000000000027,0.009308533489218451,-0.7986519587512471,False,False,False
2020-02-12,116.0573959350586,117.14227464203168,115.88919937703,116.5619984417192,7958000,False,13.739999771118164,False,1.62,False,0.0,0.0,0.1933596244134486,114.337158203125,114.35346725463867,-0.0057640927823449095,0.030000000000000027,-0.09486169335363137,-0.7863048159064813,False,False,False
2020-02-13,115.95650482177734,116.34335570290456,114.71182180034648,115.84717126153042,7447500,False,14.149999618530272,False,1.61,False,-0.0008693208430913257,-0.0008696989215856666,0.18538855716489228,114.38593673706055,114.47538848876952,0.008484629960451295,-0.010000000000000009,0.02983987294337065,-0.8255570656334733,False,False,False
2020-02-14,115.6032943725586,116.21721774560972,115.16597294051893,115.92286406715304,6627600,False,13.68000030517578,False,1.59,False,-0.0030460598114925297,-0.003050708494190649,0.1853387277576514,114.39476890563965,114.61849029541015,0.0015303516999773947,-0.020000000000000018,-0.03321550007245233,-0.812199031767307,False,False,False
2020-02-18,114.0726547241211,115.81352195970462,113.57647034750993,115.5023448286736,8996400,False,14.829999923706056,False,1.55,False,-0.013240450081851929,-0.013328886332329197,0.18933108443107702,114.28712120056153,114.68819458007812,-0.018523921907705576,-0.040000000000000036,0.0840642977248458,-0.81795787979582,False,False,False
2020-02-19,115.62849426269533,116.38538519976986,114.66134158468344,115.14071525538562,7071200,False,14.380000114440918,False,1.56,False,0.013639022799433853,0.01354684849389214,0.19288142321894083,114.31445274353027,114.77698257446289,0.004749930555601578,0.010000000000000009,-0.03034388479974326,-0.809554681013938,False,False,False
2020-02-20,115.62849426269533,116.36015635737236,114.82113280825082,115.3593695003555,7422800,False,15.5600004196167,False,1.52,False,0.0,0.0,0.19280732416072613,114.34851303100587,114.83268005371093,0.005926244614579135,-0.040000000000000036,0.08205843503372323,-0.8003051127877624,False,False,False
2020-02-21,114.21562957763672,115.1491353638228,113.46714388115068,114.83797104595295,9772800,False,17.079999923706055,False,1.46,False,-0.012219000982999328,-0.012294266718647492,0.19790536734005562,114.31781616210938,114.87064895629882,-0.005346509563754154,-0.06000000000000005,0.09768634081610128,-0.8091664300060404,False,False,False
2020-02-24,111.1460189819336,112.02064905395696,110.00226406770068,110.54050091954096,13618400,False,25.030000686645508,False,1.38,False,-0.026875573921488538,-0.027243326165648486,0.20138864514920726,114.27618789672852,114.84572113037109,-0.007435040484744526,-0.08000000000000007,0.46545672122078363,-0.8427969835839948,False,False,False
2020-02-25,106.1841278076172,111.20486716913082,105.62065576485575,110.17044596426727,20797200,False,27.850000381469727,False,1.33,False,-0.0446429950417111,-0.045670181175924425,0.254749193050904,114.03356018066407,114.72690399169922,-0.043702263326416246,-0.04999999999999982,0.11266478695419302,-0.755418673222399,True,False,False
2020-02-26,106.50371551513672,108.44641390432542,106.25141418986762,106.74760508521972,24825600,True,27.559999465942383,False,1.33,False,0.0030097502717030267,0.003005230040926704,0.24420093776513205,113.70599212646485,114.55030166625977,-0.057948402504866436,0.0,-0.010412959122266252,-0.7395801786674255,False,False,False
2020-02-27,102.07167053222656,105.64590296153398,102.01280107827776,103.36680493538914,23005500,False,39.15999984741211,True,1.3,False,-0.04161399404211641,-0.04250465319053077,0.280096979210408,113.1652328491211,114.30528106689454,-0.09580553416508142,-0.030000000000000027,0.4208998768597427,-0.8085634320591866,True,False,False
2020-02-28,97.64803314208984,99.64960104716418,94.7465998928334,98.83383400858712,45931400,True,40.11000061035156,True,1.13,False,-0.04333854209567445,-0.04430570361071365,0.30344581833830897,112.33348922729492,113.96293029785156,-0.14555871109770302,-0.17000000000000015,0.024259467993900774,-0.6972859767539955,True,False,False
2020-03-02,102.1977996826172,102.2482637901826,96.26037180091474,98.0853310200374,27355400,True,33.41999816894531,False,1.1,False,0.046593529783717,0.04554063280779254,0.3509590223050298,111.8776683807373,113.69753631591797,-0.08189804688455782,-0.029999999999999805,-0.16679138218910172,-0.7118824613703443,True,False,False
2020-03-03,98.36286163330078,103.40042435277545,97.7573436698757,101.73525636964482,32547700,True,36.81999969482422,True,1.02,False,-0.03752466355661377,-0.03824683762291413,0.3672838948062331,111.18763236999511,113.35778274536133,-0.12304100838655618,-0.08000000000000007,0.10173553896356191,-0.6950236300540938,True,False,False
2020-03-04,100.79337310791016,101.07931509513632,96.46224226174412,99.51506196299644,25795900,True,31.989999771118164,False,1.02,False,0.024709645838389527,0.024409300108389362,0.3766909590998118,110.5383846282959,113.0781706237793,-0.11412502775234712,0.0,-0.13117870623950623,-0.7047451557086231,False,False,False
2020-03-05,95.84829711914062,97.9171461200698,94.67931341231018,97.2779874837236,25025600,True,39.619998931884766,True,0.92,False,-0.049061518989698794,-0.05030590726700701,0.3962069588686079,109.54516944885253,112.70149536132813,-0.17166932094969745,-0.09999999999999998,0.23851201048320303,-0.7213752383002329,True,False,True
2020-03-06,90.8948211669922,92.77864982902386,88.32136983816046,89.3642091760374,38159400,True,41.93999862670898,True,0.74,False,-0.05168037514522761,-0.05306367653196895,0.42207510366975126,108.30343818664551,112.22642028808593,-0.2145921026522044,-0.18000000000000005,0.05855627858074364,-0.6698307734267895,True,False,True
2020-03-09,78.58263397216797,83.4519994554225,78.21259384057048,81.21494799263765,40352000,True,54.459999084472656,True,0.54,False,-0.13545532118055714,-0.14555229350605128,0.6073211185473353,106.46459999084473,111.49875015258789,-0.3188016285562003,-0.19999999999999996,0.29852171835290586,-0.6658229453090139,True,True,True
2020-03-10,84.68824768066406,85.17602663013955,79.54135912062546,83.25855783982817,31102700,True,47.29999923706055,True,0.76,False,0.0776967301790692,0.07482610654262054,0.6933597113114968,104.90707321166992,110.86879196166993,-0.26891283476674677,0.21999999999999997,-0.13147263987842284,-0.6871238540086132,True,True,True
2020-03-11,80.70196533203125,84.14164187980985,79.51616445629044,82.1652963930927,38127000,True,53.900001525878906,True,0.82,False,-0.047070077109919395,-0.04821391120048655,0.6996672590758415,103.13930168151856,110.15743698120117,-0.3046374625087308,0.05999999999999994,0.13953493436099507,-0.6870235587228422,True,True,True
2020-03-12,74.0496826171875,81.5429518446184,72.59475706275796,75.34481050041656,49725200,True,75.47000122070312,True,0.88,False,-0.08243024426325096,-0.08602667389244487,0.7333949901095375,101.038916015625,109.32155975341797,-0.3619563663256502,0.06000000000000005,0.40018551176604067,-0.7232333735412549,True,True,True
2020-03-13,87.38787841796875,87.45515320694433,77.37161515840447,80.7271866714309,38543300,True,57.83000183105469,True,0.94,False,0.18012495569677633,0.16562032752941488,1.023768136812281,99.61048469543458,108.73957809448243,-0.2463736419765149,0.05999999999999994,-0.2337352471753954,-0.7455003074921343,True,True,True
2020-03-16,74.31039428710938,79.03679330372756,71.10620213165055,71.65284430456052,38589700,True,82.69000244140625,True,0.73,False,-0.14964871979510574,-0.16210574404135614,1.1329663665430072,97.54583969116212,107.86780227661133,-0.3571948386900914,-0.20999999999999996,0.4298806817087415,-0.7857795278280162,True,True,True
2020-03-17,78.85176086425781,81.94662538465855,73.5871258364281,76.43810082695923,35239800,True,75.91000366210938,True,1.02,False,0.06111347706758474,0.059318806851134005,1.1685555324229957,95.78479499816896,107.1179702758789,-0.30875843071280507,0.29000000000000004,-0.08199296866753814,-0.7959367657375371,True,True,True
2020-03-18,70.55115509033203,76.35402886929977,67.58244018797399,73.73011899615781,41525600,True,76.44999694824219,True,1.18,False,-0.10526848966905322,-0.11123159416986256,1.204585654628014,93.53092803955079,106.20397613525391,-0.3898462871094083,0.15999999999999992,0.00711359847295534,-0.7338228520897186,True,True,True
2020-03-19,71.73695373535156,74.10015019074883,64.68099855924639,68.59162441021337,32175100,True,72.0,True,1.12,False,0.016807643241294468,0.016667957821281568,1.2100626274194577,91.3363510131836,105.35322479248048,-0.3795910411807921,-0.05999999999999983,-0.05820794147650399,-0.738091192419625,False,True,True
2020-03-20,70.22314453125,75.23547838891515,69.36533169666986,72.57793517785515,30150800,True,66.04000091552734,True,0.92,False,-0.02110222312598098,-0.021328057762362386,1.2096341235411117,89.13672676086426,104.4543684387207,-0.3851704465410607,-0.20000000000000007,-0.0827777650621202,-0.7254548877306941,False,True,True
2020-03-23,66.46389770507812,70.43339894696398,65.67335959204307,69.53353368871103,32536600,True,61.59000015258789,True,0.76,False,-0.05353287511212168,-0.05501904228211633,1.2149580844678374,86.90262069702149,103.47191696166992,-0.40201279079656815,-0.16000000000000003,-0.06738341461611286,-0.7587669406309225,True,True,True
2020-03-24,74.3692626953125,75.77372421400952,69.71855670749157,71.40054839444535,34363200,True,61.66999816894531,True,0.84,False,0.11894224177632551,0.11238381206942362,1.3106172232421722,85.31187744140627,102.67061569213867,-0.29961978093323316,0.07999999999999996,0.0012988799506288284,-0.7244821790991828,True,True,True
2020-03-25,77.14454650878906,80.02075056579275,71.09778473575086,75.05046237551932,38111700,True,63.95000076293945,True,0.88,False,0.0373176190390212,0.03663816879198867,1.3222803023738567,83.84391899108888,101.90581436157227,-0.2756633312212945,0.040000000000000036,0.03697101770212585,-0.7200180069753738,True,True,True
2020-03-26,82.51850891113281,82.89695444867942,78.6667466676584,79.12088516248753,29826300,True,61.0,True,0.83,False,0.06966095006769524,0.0673417291645833,1.3487609638600597,82.86626091003419,101.22157974243164,-0.19156306073113927,-0.050000000000000044,-0.0461298002774857,-0.7597660781135716,True,True,True
2020-03-27,76.63993835449219,79.76003173426614,76.15216570881124,78.37239391660881,30041500,True,65.54000091552734,True,0.72,False,-0.07123941809190315,-0.07390428930514664,1.362256479796813,81.81585617065431,100.45475982666015,-0.2151409927225908,-0.10999999999999999,0.07442624451684177,-0.7609069878621102,True,True,True
2020-03-30,78.63312530517578,79.12930986097201,75.10094470290322,76.23628800961296,21656900,False,57.08000183105469,True,0.7,False,0.026007157540553605,0.025674722884628128,1.3531328394785849,80.63762245178222,99.71888931274414,-0.23057907754005713,-0.020000000000000018,-0.1290814611885116,-0.7556744386317817,False,True,True
2020-03-31,75.71483612060547,79.19655754209593,75.13454707826122,77.41365089930203,23379300,False,53.540000915527344,True,0.7,False,-0.037112720284796175,-0.03781892521343216,1.3530207969585448,79.50522117614746,98.90867385864257,-0.230249762325213,0.0,-0.06201823409195106,-0.7369883955813737,True,True,True
2020-04-01,70.94640350341797,72.79659162654521,70.01289768761337,71.56873857519153,28029600,True,57.060001373291016,True,0.62,False,-0.06297884089178918,-0.06504941523964926,1.35935079545118,78.01287269592285,98.02596466064453,-0.29612035676728266,-0.07999999999999996,0.06574524463152964,-0.7339094634737079,True,True,True
2020-04-02,73.59554290771484,73.93194250481626,69.76900952122737,70.23155976927791,24018000,False,50.90999984741211,True,0.63,False,0.037340009831072773,0.0366597538397969,1.364336289740909,76.90023498535156,97.19892974853515,-0.23216640128478583,0.010000000000000009,-0.10778130700777788,-0.7423985165852836,True,True,True
2020-04-03,71.42023468017578,74.3348262072918,70.3325683532088,73.07721546081088,21199400,False,46.79999923706055,True,0.62,False,-0.02955760826802778,-0.030003237504335038,1.357534834266999,75.92650566101074,96.33074310302734,-0.21425408221044473,-0.010000000000000009,-0.0807307134682792,-0.7275098867328997,False,True,True
2020-04-06,76.01727294921875,77.31736613061885,74.52173791512259,75.61789656372473,26820800,True,45.2400016784668,True,0.67,False,0.06436604821629044,0.06237936203307413,1.2935120189827494,75.79823760986328,95.6115168762207,-0.032645393686572155,0.050000000000000044,-0.033333281709936435,-0.683828108358479,True,True,False
2020-04-07,77.01996612548828,80.29994315831685,76.79903324971741,80.25745382272008,22563800,False,46.70000076293945,True,0.75,False,0.013190333425132872,0.0131040984614312,1.2630016153916739,75.41482353210449,94.93118255615235,-0.09054717466927342,0.07999999999999996,0.032272303941305536,-0.6677698402457107,False,True,False
2020-04-08,80.1300048828125,80.60585435950712,76.94349895931195,78.2605841845811,22903300,False,43.34999847412109,True,0.77,False,0.04037964327661547,0.039585688153932416,1.2595274375708851,75.38622550964355,94.27268112182617,-0.007087317475671595,0.020000000000000018,-0.07173452321390295,-0.6641907960385732,True,True,False
2020-04-09,87.31877136230469,88.70383709346046,82.33082452433764,82.35631553733995,42055900,True,41.66999816894531,True,0.73,False,0.08971379060821882,0.08591508433791235,1.2535661970006275,76.04967994689942,93.76131942749024,0.17919170313955313,-0.040000000000000036,-0.03875433366344161,-0.6488478999361458,True,True,False
2020-04-13,83.43547058105469,87.61616466677734,82.67920705069699,87.61616466677734,26911900,True,41.16999816894531,True,0.76,False,-0.044472691503380624,-0.04549193538931951,1.0957953097140845,75.85205955505371,93.14437072753907,-0.04522833038708218,0.030000000000000027,-0.011999040604053213,-0.5625010965288821,True,True,False
2020-04-14,81.14970397949219,86.67298226081888,79.5691961372754,85.8402389905145,46151300,True,37.7599983215332,True,0.76,False,-0.027395621857756014,-0.027777879539708523,0.9506825615855821,76.19402503967285,92.54108047485352,0.09203705293176223,0.0,-0.08282730141057637,-0.2455690631869487,False,True,False
2020-04-15,77.1474380493164,78.20110758794159,76.58660986205513,77.4533431545565,30118600,True,40.84000015258789,True,0.63,False,-0.0493195382596493,-0.050577275274269994,0.9467474378820845,76.10880889892579,91.84075759887695,-0.021614264491510493,-0.13,0.08156784872784995,-0.2731404848758659,True,True,False
2020-04-16,74.20735168457031,76.9604909940041,73.9694269456389,76.67158423471965,32449600,True,40.11000061035156,True,0.61,False,-0.03810996760341734,-0.03885514628854471,0.8744034593245108,76.2916187286377,91.04933807373047,0.05182334136920885,-0.020000000000000018,-0.01787462143753371,-0.24445512874588773,True,True,False
2020-04-17,80.87776184082031,81.31962110244152,77.2918798004581,78.17560480666282,30191900,True,38.150001525878906,True,0.65,False,0.08988880488019024,0.08607567716589835,0.9256408601071386,76.74865913391113,90.35264129638672,0.12742119130386498,0.040000000000000036,-0.048865595977249154,-0.25079290676337745,True,True,False
2020-04-20,77.92918395996094,80.47838856375277,76.86701537504767,78.57498427481771,23679400,False,43.83000183105469,True,0.63,False,-0.036457214118543746,-0.03713838538667404,0.9335267611141502,77.13396110534669,89.59663604736328,0.10973646196207687,-0.020000000000000018,0.14888597845331075,-0.3276043379981402,True,True,False
2020-04-21,75.66890716552734,77.64878486232163,75.05709690543353,75.30352084258041,23035000,False,45.40999984741211,True,0.58,False,-0.029004240511422474,-0.02943317785938268,0.9163933156868449,77.59421157836914,88.80282623291015,0.13849638342449966,-0.050000000000000044,0.03604832193362939,-0.39814364371595834,False,True,False
2020-04-22,75.91529846191406,78.06513279703039,75.77934427482936,77.06244554580451,16662400,False,41.97999954223633,True,0.63,False,0.003256176223712659,0.0032508863619502585,0.8173936671882863,77.67151336669922,88.00435653686523,0.020788639157760747,0.050000000000000044,-0.07553403031714068,-0.46241933308707295,False,True,False
2020-04-23,75.9577865600586,77.56378467190311,75.8473233796588,76.25519241725917,16638800,False,41.380001068115234,True,0.61,False,0.0005596776803273862,0.0005595211191875845,0.8068377254442981,77.6121753692627,87.20236434936524,-0.015383588373226842,-0.020000000000000018,-0.014292484055828392,-0.5040386118757594,False,True,False
2020-04-24,77.07945251464844,77.41084860921961,75.19303998680465,77.01997133057061,15809200,False,35.93000030517578,True,0.6,False,0.014766964723267106,0.014658994727960926,0.7669120229870767,77.34022254943848,86.42280548095704,-0.06591316867276276,-0.010000000000000009,-0.13170615326877966,-0.5011149816216501,False,True,False
2020-04-27,80.40193939208984,81.26016719559622,77.78475366645394,78.124649011063,22870200,False,33.290000915527344,False,0.67,False,0.04310470260294075,0.04220155698503466,0.7374407239488869,77.52832260131837,85.71171417236329,0.04908669185244907,0.07000000000000006,-0.07347618611815432,-0.4592745521318955,True,True,False
2020-04-28,80.97124481201172,83.579930870088,80.75031190801242,83.11257405065933,20238900,False,33.56999969482422,False,0.62,False,0.007080742382911787,0.007055791637197495,0.7327936380476882,77.64522857666016,85.01907318115235,0.029734536148241286,-0.050000000000000044,0.00841089731440281,-0.44354930908414986,False,True,False
2020-04-29,83.15507507324219,84.5061507325396,82.65372800715686,84.19175290345144,20462600,False,31.229999542236328,False,0.63,False,0.026970441992099747,0.02661314960926267,0.722120336069502,78.01724052429199,84.40072158813477,0.09826659257090942,0.010000000000000009,-0.06970509901281496,-0.4916800709717304,False,True,False
2020-04-30,81.37061309814453,82.28832183217847,80.34243468173572,81.23465240690241,19127600,False,34.150001525878906,False,0.64,False,-0.021459447586643643,-0.02169304955728496,0.6837952053631933,78.53845100402832,83.71556396484375,0.14693076857975407,0.010000000000000009,0.0934999047852525,-0.4542755605998378,False,True,False
2020-05-01,79.23778533935547,79.65415365620386,78.03965592910423,79.45021908021165,18547700,False,37.18999862670898,True,0.64,False,-0.02621127797349354,-0.026560916706941166,0.6845207398610431,78.82056312561035,82.98774978637695,0.07666554534037084,0.0,0.08901894480228223,-0.4572349986104435,False,True,False
2020-05-04,78.2945785522461,78.74493704294645,77.15593681975562,78.19260802336623,15725900,False,35.970001220703125,True,0.64,False,-0.011903497593602097,-0.011974911503709924,0.6756599213601777,79.16428031921387,82.26932876586915,0.09625204821650413,0.0,-0.03280444880494504,-0.5082721981004344,False,True,False
2020-05-05,78.17561340332031,80.05352681690104,78.09064120708322,79.5776773316029,18064100,False,33.61000061035156,False,0.66,False,-0.001519455767252098,-0.0015206113108463361,0.6389359884585245,79.27219734191894,81.60992065429687,0.028392763517620212,0.020000000000000018,-0.06561024548960048,-0.5018191838889023,False,True,False
2020-05-06,76.70555877685547,78.82140313060907,76.41665205203188,78.3115635390037,20978000,False,34.119998931884766,False,0.72,False,-0.018804516683234684,-0.018983569832240612,0.6416930170836538,79.2564769744873,81.02034927368165,-0.00408215381607091,0.05999999999999994,0.015174005125609291,-0.522548511219123,False,True,False
2020-05-07,77.50430297851562,78.94885589127242,76.96897243915976,77.6147661581715,16771900,False,31.440000534057617,False,0.63,False,0.010413120175341906,0.01035927709982824,0.6256408835631847,79.12519187927246,80.44036102294922,-0.03276802376509125,-0.08999999999999997,-0.07854626265309517,-0.5027429053001585,False,True,False
2020-05-08,78.77042388916016,79.94306221889974,78.26908340201166,78.85540256688145,20487800,False,27.979999542236328,False,0.69,False,0.016336136988361893,0.016204137932132167,0.5317954103768286,78.69777450561523,79.97433609008789,-0.09789816484791758,0.05999999999999994,-0.11005092026233321,-0.5604037428908903,False,True,False
2020-05-11,76.45064544677734,77.4193426565702,75.90681566173441,77.4193426565702,31907600,True,27.56999969482422,False,0.73,False,-0.02944986617879608,-0.029892219983222584,0.5193903254197478,78.34853324890136,79.55038833618164,-0.08371529621196094,0.040000000000000036,-0.01465331858898733,-0.5707806682182033,False,True,False
2020-05-12,73.95243072509766,77.14743591188332,73.84196751686271,76.60360606940445,27962900,True,33.040000915527344,False,0.69,False,-0.03267748371619528,-0.03322331660791478,0.5228909610157403,77.98866958618164,78.98548095703126,-0.08869130633197864,-0.040000000000000036,0.1984041088593127,-0.6272383480479846,False,True,False
2020-05-13,71.40322875976562,73.80798028980062,70.8678980605236,73.40010465016621,35451600,True,35.279998779296875,False,0.64,False,-0.03447083402583673,-0.035078969414296036,0.5083232726770269,77.7014591217041,78.44628829956055,-0.07445755082467942,-0.04999999999999993,0.0677965436349861,-0.6182127691234856,True,True,False
2020-05-14,74.36878967285156,74.87013659506553,70.01815148042758,70.29006636745407,35152500,True,32.61000061035156,False,0.63,False,0.04153258843607044,0.04069327113438319,0.5147347078972649,77.70953102111817,77.91779663085937,0.002175498580888169,-0.010000000000000009,-0.07568022282676867,-0.6645194750722264,True,True,False
2020-05-15,72.99224853515625,74.16488067380611,72.48240875674173,73.7994943107322,26099000,True,31.88999938964844,False,0.64,False,-0.018509661697477142,-0.018683109121995622,0.39529181620125253,77.31525535583496,77.46067565917969,-0.09749915336658233,0.010000000000000009,-0.022079153855476097,-0.7690165058355253,False,False,False
2020-05-18,76.85853576660156,77.45335421527285,74.67471685969953,75.36300668626254,30504400,True,29.299999237060547,False,0.73,False,0.05296846321405124,0.051613283239005485,0.4265853684617295,77.261722946167,77.17994995117188,-0.013738732256062924,0.08999999999999997,-0.08121668868481113,-0.7320079163528646,True,False,False
2020-05-19,75.34600830078125,77.49583702484038,75.27802793818736,76.5186468651511,19597300,False,30.530000686645508,False,0.7,False,-0.019679368735483704,-0.019875586067799544,0.41950351036860356,77.24557800292969,77.11521743774414,-0.004267259523647482,-0.030000000000000027,0.04197957275129127,-0.7332907018800888,False,False,False
2020-05-20,77.60628509521484,78.50700195805506,76.79054042044142,77.07944715646096,20552400,False,27.989999771118164,False,0.68,False,0.029998626940004103,0.029557469172698685,0.432691980621555,77.33012733459472,76.97357818603516,0.022274649083400933,-0.019999999999999907,-0.08319688366854172,-0.7504689560243826,False,False,False
2020-05-21,76.62060546875,77.9716875264744,76.19573795724584,76.70557767445808,14621400,False,29.530000686645508,False,0.68,False,-0.012701028341396747,-0.012782375934602744,0.43560532767839,77.3632682800293,76.89195098876954,0.008726148281945179,0.0,0.055019683033953104,-0.7537479028912184,False,False,False
2020-05-22,76.0257797241211,76.7820432384705,75.38847857272805,76.48463733107958,13557900,False,28.15999984741211,False,0.66,False,-0.007763260822462592,-0.007793551804802382,0.43335229975533734,77.31058464050292,76.9314729309082,-0.01366995685817951,-0.020000000000000018,-0.04639352547841158,-0.7491686604812255,False,False,False
2020-05-26,81.42159271240234,82.84914751349177,78.69394463375978,78.93186935344762,41233900,True,28.01000022888184,False,0.69,False,0.07097346463083087,0.06856801490361536,0.4792649920451512,77.36156730651855,76.81214721679687,0.012681949316421859,0.029999999999999916,-0.005326691027807473,-0.6235775397389456,True,True,False
2020-05-27,86.13762664794922,87.16580506916546,83.95380827762195,86.73243846750816,39402000,True,27.6200008392334,False,0.68,False,0.05792117027487875,0.05630582241342386,0.5199880120066575,77.61988639831543,77.04869186401368,0.06380514277546445,-0.009999999999999898,-0.013923576810481508,-0.5852565829834248,True,True,False
2020-05-28,84.85450744628906,87.48018455083502,84.46363026323179,87.47169187158859,24713900,True,28.59000015258789,False,0.7,False,-0.014896152257646511,-0.015008214187259275,0.5162524078869896,77.70485801696778,77.1687467956543,0.02043690504217599,0.019999999999999907,0.03511945271111783,-0.5774648369472878,False,True,False
2020-05-29,82.68769836425781,84.27670490961923,82.23733991912954,83.83484562844505,26526400,True,27.51000022888184,False,0.65,False,-0.025535580221272114,-0.02586727195943407,0.5188534565724727,77.77071228027344,77.4114776611328,0.016186252210299568,-0.04999999999999993,-0.037775443089960725,-0.529683411780739,False,True,False
2020-06-01,83.78385925292969,84.55712111830216,82.74718164496176,83.06158588961256,15176800,False,28.229999542236328,False,0.66,False,0.013256638053257275,0.013169537754026843,0.5099337138592775,77.99801597595214,77.65241577148437,0.05737255141728825,0.010000000000000009,0.026172275803857836,-0.48816842064181054,False,True,False
2020-06-02,84.06427001953125,85.33037314661163,83.2145351589206,85.21141078476315,21195000,False,26.84000015258789,False,0.68,False,0.0033468351673207053,0.003341246979526413,0.5067768587341686,78.2865005493164,77.92923828125,0.07369209431831902,0.020000000000000018,-0.0492383780442075,-0.4960519671274103,False,True,False
2020-06-03,88.60186004638672,89.15418905837475,85.87421164523576,86.31607744801146,25941100,True,25.65999984741211,False,0.77,False,0.05397762956605967,0.05257122557330501,0.5361436628794336,78.80781288146973,78.37199752807618,0.13336955335771727,0.08999999999999997,-0.04396424360906748,-0.5163400821955872,True,True,False
2020-06-04,90.44578552246094,90.59023890065494,87.34425181714155,88.21947773356301,26784700,True,25.809999465942383,False,0.82,False,0.020811363047105846,0.020597765058096816,0.5294387563615697,79.49482421875,78.69352798461914,0.1791294785502735,0.04999999999999993,0.005845659369534406,-0.503197935984128,False,True,False
2020-06-05,94.51602172851562,98.37381271232482,93.07146841781513,97.6600384632207,42231000,True,24.520000457763672,False,0.91,False,0.04500194434204907,0.04401874602944441,0.5448547358896338,80.34541015625,79.04095748901368,0.21949386158231365,0.09000000000000008,-0.049980590270097824,-0.5264946711947515,True,True,True
2020-06-08,96.40243530273438,97.03124388446544,95.1193400919064,96.36845160698584,24881800,True,25.809999465942383,False,0.88,False,0.019958664570512985,0.019762101544152894,0.5455187580363198,81.22701072692871,79.3186360168457,0.22384050437997716,-0.030000000000000027,0.0526100727608374,-0.5220714984996705,False,True,True
2020-06-09,93.92970275878906,94.85591074846036,92.62960931415007,94.023174122531,17031100,False,27.56999969482422,False,0.84,False,-0.02565010454538974,-0.025984804269571837,0.5419644458758015,82.1009635925293,79.66443130493164,0.2286319129140657,-0.040000000000000036,0.06819063406817372,-0.5816683679904008,False,True,True
2020-06-10,90.12288665771484,93.90421107227657,89.94444309629861,93.8617217316218,24913300,True,27.56999969482422,False,0.75,False,-0.04052835247280728,-0.041372513187026755,0.5509771968169592,82.90948638916015,79.89422653198243,0.21866023569566484,-0.08999999999999997,0.0,-0.5179778768310579,True,True,True
2020-06-11,82.60275268554688,86.3160976038757,82.03343169418397,84.99900553565199,36259200,True,40.790000915527344,True,0.66,False,-0.08344311030259499,-0.08713114085477516,0.6262704207664512,83.46946258544922,80.03198486328125,0.15684898456709528,-0.08999999999999997,0.47950675977645907,-0.6535406552550393,True,True,False
2020-06-12,84.863037109375,85.93369854574796,82.7047094231407,85.5768114002903,24856800,True,36.09000015258789,True,0.71,False,0.02736330631053674,0.02699562331739389,0.6181912023324502,83.99417495727539,80.31031753540039,0.1411109079855628,0.04999999999999993,-0.11522433580407998,-0.6468210715727853,False,True,False
2020-06-15,86.0356674194336,86.18861997638668,81.46409552400115,81.93144587699531,22153600,False,34.400001525878906,False,0.71,False,0.013817915903095335,0.013723318929057307,0.6108668497970721,84.64634590148925,80.55912002563477,0.17869594574819914,0.0,-0.046827337754605125,-0.6652934270347008,False,True,False
2020-06-16,86.72395324707031,89.79999632426723,84.38718196415387,89.53658054510501,22193600,False,33.66999816894531,False,0.75,False,0.008000005675335098,0.007968175279469613,0.5883384316918484,85.13961677551269,80.86519439697265,0.12835812420922688,0.040000000000000036,-0.021221026876537152,-0.6509583363957607,False,True,False
2020-06-17,84.53163146972656,87.13181821271667,84.30219941419045,87.12331904841014,15639800,False,33.470001220703125,False,0.74,False,-0.02527931090846358,-0.025604321752069042,0.5919945068756245,85.59889793395996,81.03548156738282,0.1219125389134923,-0.010000000000000009,-0.005939915625735037,-0.6317613112973993,False,True,False
2020-06-18,84.07278442382812,85.41536081991968,83.38449465354789,83.84335233941349,16591900,False,32.939998626708984,False,0.71,False,-0.005428110612803794,-0.005442896335180459,0.5866210131466725,85.92222290039062,81.1765379333496,0.08332442817845953,-0.030000000000000027,-0.01583515311216377,-0.6157340206686509,False,True,False
2020-06-19,83.11256408691406,85.4833251101459,82.19485537063275,85.42384392961876,40371200,True,35.119998931884766,False,0.7,False,-0.011421298146536918,-0.011487022086580513,0.5861360720137572,86.24682083129883,81.23618911743164,0.08472862591528108,-0.010000000000000009,0.06618094705711841,-0.6165650407388472,False,True,False
2020-06-22,82.21185302734375,83.23153233217215,82.03340947314693,82.6367204848494,16216900,False,31.770000457763672,False,0.71,False,-0.010837243074686032,-0.010896393734995971,0.5871054427256743,86.55612449645996,81.13405075073243,0.08136810073728151,0.010000000000000009,-0.095387203189226,-0.5951501271316234,False,True,False
2020-06-23,83.21455383300781,84.94801411561299,83.14657347299256,84.09827906431421,15381400,False,31.3700008392334,False,0.72,False,0.01219654792759095,0.012122769327285687,0.5335645532932495,86.64577255249023,81.12963241577148,0.02202070803181866,0.010000000000000009,-0.0125904819882533,-0.6425309380393572,False,True,False
2020-06-24,80.43592834472656,82.28834465443941,80.13851587088922,82.21187160662824,22919800,False,33.84000015258789,False,0.69,False,-0.03339109999745116,-0.03396131207935162,0.5033942648640946,86.36068763732911,81.11535690307618,-0.06619288834745718,-0.030000000000000027,0.07873762343880286,-0.6838981250332052,True,True,False
2020-06-25,83.24004364013672,83.45247739988073,80.09602658911093,80.17249963079612,25743600,True,32.220001220703125,False,0.68,False,0.034861477366090465,0.03426757946655636,0.5184712361894842,86.27996444702148,81.23720901489258,-0.019026258648360717,-0.009999999999999898,-0.04787230864598202,-0.6861725719328087,True,True,False
2020-06-26,78.67695617675781,81.03922479149597,78.1756156663719,80.81829188851349,41896300,True,34.72999954223633,False,0.64,False,-0.05481841748072647,-0.05637821913295138,0.546905277574573,86.07942733764648,81.32660110473633,-0.04850470223311554,-0.040000000000000036,0.07790186922526843,-0.7074943970572111,True,True,False
2020-06-29,79.02536010742188,80.29146352402054,78.32857762170725,79.36525542598207,18499700,False,31.780000686645508,False,0.64,False,0.004428284310863839,0.004418508309877611,0.5445508147333593,85.8415023803711,81.28955307006837,-0.05679493864256946,0.0,-0.0849409413899711,-0.7087999377858406,False,True,False
2020-06-30,79.92606353759766,80.43590966982472,78.65996033728295,78.88089322905049,19137000,False,30.43000030517578,False,0.66,False,0.011397650437168894,0.011333186581324976,0.5464148856569648,85.63459205627441,81.3294906616211,-0.04922669858397788,0.020000000000000018,-0.04247955797046343,-0.7122958703810174,False,True,False
2020-07-01,79.24629211425781,81.3281403813834,79.05085020139795,80.63135790378149,18755700,False,28.6200008392334,False,0.69,False,-0.008505003164832159,-0.00854137709132857,0.5050403355189482,85.16681365966797,81.4010383605957,-0.1055911007650503,0.029999999999999916,-0.05948075740355885,-0.720578878584307,False,True,False
2020-07-02,79.50369262695312,81.47712368540391,78.87733864235875,81.28835929152241,27845600,True,27.68000030517578,False,0.68,False,0.0032481079660382495,0.0032428442583394895,0.4968833833851263,84.61970901489258,81.47280624389649,-0.12097957723846064,-0.009999999999999898,-0.03284418261683031,-0.7335411053945899,False,True,False
2020-07-06,81.51143646240234,81.68303686807937,80.20725635930368,81.02236810547336,18625300,False,27.940000534057617,False,0.69,False,0.02525346646312321,0.02493986637490162,0.47446284492332913,83.96947975158692,81.58387924194336,-0.1375913313773106,0.009999999999999898,0.009393071749107529,-0.7292405263712264,False,True,False
2020-07-07,79.21195983886719,80.7392257864948,78.93739524767723,80.49898258747062,25757200,True,29.43000030517578,False,0.65,False,-0.028210478471886624,-0.02861603960796697,0.4690224670605349,83.10995597839356,81.62652938842774,-0.17831992946945396,-0.039999999999999925,0.0533285519913258,-0.7655014332579207,False,True,True
2020-07-08,80.05281066894531,80.08712551201175,78.76578803147761,79.18621359346575,18762200,False,28.07999992370605,False,0.67,False,0.010615200429185068,0.010559254757198391,0.46996827830834204,82.41611137390137,81.61954681396485,-0.14773699567089582,0.020000000000000018,-0.04587157211929449,-0.7651645762315971,False,True,False
2020-07-09,78.31963348388672,80.75640027601123,77.89062584513087,80.24158587259457,25600800,True,29.26000022888184,False,0.62,False,-0.02165042264694572,-0.02188823175786273,0.45698820463642437,81.82594871520996,81.56651458740234,-0.1309684322324991,-0.050000000000000044,0.042022803005052456,-0.7966663288902098,False,True,False
2020-07-10,82.60110473632812,83.09017304560018,78.82584381022436,78.93738340843193,28954200,True,27.290000915527344,False,0.65,False,0.05466664055983195,0.05322473648366149,0.4094145093340113,81.82586631774902,81.55543518066406,-1.9950294211423802e-05,0.030000000000000027,-0.06732738543897743,-0.6704510098829393,True,False,False
2020-07-13,83.7851791381836,85.17515946563465,82.56679921906556,84.71183705390828,32079200,True,32.189998626708984,False,0.64,False,0.014334849462790622,0.014233076950954573,0.40051377680467243,81.77197341918945,81.60372650146485,-0.012701147730574625,-0.010000000000000009,0.1795528599045837,-0.4068973027900079,False,False,False
2020-07-14,84.26566314697266,85.75860760508982,82.91857968644726,84.40294870668428,42731700,True,29.520000457763672,False,0.63,False,0.005734713629920396,0.00571833275628715,0.39774323954156837,81.6834732055664,81.70428405761719,-0.020572912671578014,-0.010000000000000009,-0.08294496063538004,-0.39645859606803086,False,False,False
2020-07-15,85.56986236572266,86.90836403910548,84.64320433977912,86.56515663548157,22508400,False,27.76000022888184,False,0.64,False,0.015477232007007125,0.015358681311338948,0.4007963350954156,81.62576866149902,81.84978973388672,-0.013307636911566223,0.010000000000000009,-0.059620603034880926,-0.40940491791028655,False,False,False
2020-07-16,85.81009674072266,86.84829428373791,84.55739541081658,84.75473522891994,16886900,False,28.0,False,0.62,False,0.002807464782089264,0.0028035312133551935,0.3898926960772484,81.68969192504883,82.00247940063477,0.01512410500977901,-0.020000000000000018,0.008645524824904882,-0.41838256821093883,False,False,False
2020-07-17,84.2227783203125,85.8701659947784,84.20561434983492,85.80152320514148,16137700,False,25.68000030517578,False,0.64,False,-0.018498037884822294,-0.018671266169119537,0.39548762042821767,81.69719161987305,82.1528237915039,0.0017840957393324697,0.020000000000000018,-0.08285713195800781,-0.36082056750368,False,False,False
2020-07-20,83.48487854003906,84.42011193185591,83.45055714775181,83.59641815537047,14458100,False,24.459999084472656,False,0.62,False,-0.008761285188991108,-0.0087998909039307,0.39454605745726085,81.7158073425293,82.27243530273438,0.004479641041222893,-0.020000000000000018,-0.04750783513258894,-0.33354896872050865,False,False,False
2020-07-21,85.29529571533203,85.84442492956325,83.77660511805465,83.83666592129441,17798100,False,24.84000015258789,False,0.61,False,0.021685569973306063,0.021453782969751575,0.3989964812651056,81.8699794769287,82.4029327392578,0.037506059946887715,-0.010000000000000009,0.015535612524060216,-0.3536983093140131,False,False,False
2020-07-22,84.67752075195312,85.91305816770324,83.68221999462538,85.50121454449867,14271200,False,24.31999969482422,False,0.6,False,-0.007242778844928299,-0.007269135106450967,0.3984667432686008,81.94312782287598,82.56747024536133,0.017580661693880506,-0.010000000000000009,-0.020933995755611834,-0.3503158009890038,False,False,False
2020-07-23,84.92635345458984,85.24381491178363,84.05975620764814,84.51450324881314,12870200,False,26.07999992370605,False,0.59,False,0.0029385922075544357,0.0029342829854402293,0.3769587895743866,82.16764907836914,82.78694869995117,0.05582611156818551,-0.010000000000000009,0.07236843137199522,-0.26748724310940164,False,False,False
2020-07-24,84.32573699951172,85.62992383416474,84.03401495915897,85.45831685795419,12744200,False,25.84000015258789,False,0.59,False,-0.0070722035110016845,-0.007097330079137454,0.3588871862595224,82.2219337463379,83.04539886474609,0.0130429215543022,0.0,-0.009202445238506551,-0.24046438076078105,False,False,False
2020-07-27,83.14167785644531,83.76802531423586,82.51532385251801,83.66506767522193,11959100,False,24.739999771118164,False,0.62,False,-0.014041491781723314,-0.014141006179454846,0.29915134365573354,82.44516983032227,83.22085662841796,0.056747514096210594,0.030000000000000027,-0.04256967395410638,-0.061057202632064975,False,False,False
2020-07-28,83.50203704833984,83.99110543905097,82.79846486264778,82.79846486264778,11754300,False,25.440000534057617,False,0.59,False,0.004334278561430205,0.004324912629392764,0.29914528636458837,82.66900367736817,83.43105239868164,0.05664861172201774,-0.030000000000000027,0.02829429140725548,-0.05520159640407353,False,False,False
2020-07-29,85.52696990966797,85.55270932265348,83.2274885216571,83.28754933400248,12743500,False,24.100000381469727,False,0.58,False,0.024250101349693853,0.02396073639499116,0.3073395502398182,82.94904899597168,83.60442108154297,0.07007609438234885,-0.010000000000000009,-0.052672960867039875,-0.08065756756645902,False,False,False
2020-07-30,83.24464416503906,83.86241624800799,82.41237479640657,83.69081580102215,14834800,False,24.76000022888184,False,0.55,False,-0.026685450765290275,-0.027047971305604837,0.3231790516054312,83.14896659851074,83.76239379882813,0.050454752444649476,-0.029999999999999916,0.027385885351254302,-0.14474428135251133,False,False,False
2020-07-31,82.91858673095703,83.16741191947195,81.72594615071623,82.78130770571838,14535000,False,24.459999084472656,False,0.55,False,-0.003916857803315188,-0.003924548780385494,0.32400557860446216,83.31971130371093,83.86863983154296,0.0429526477471589,0.0,-0.0121163627478178,-0.1422934869066473,False,False,False
2020-08-03,82.45525360107422,83.71653690358755,82.2407498161879,83.24462595838324,12962800,False,24.280000686645508,False,0.56,False,-0.005587807850442217,-0.005603478050704502,0.3133479900250783,83.36690216064453,83.98533279418945,0.011578953575517081,0.010000000000000009,-0.007358888166983268,-0.16081319071347425,False,False,False
2020-08-04,81.98334503173828,82.3265458331899,81.53717351603409,82.29223098995328,13366200,False,23.76000022888184,False,0.52,False,-0.005723208027702764,-0.005739648340328302,0.2954287385529163,83.50547142028809,84.1044841003418,0.034986953971453794,-0.040000000000000036,-0.021416822201725805,-0.087730704661162,False,False,False
2020-08-05,83.40766143798828,84.48876248293871,82.12922055191625,82.2579241482903,15260900,False,22.989999771118164,False,0.55,False,0.017373240939347,0.017224051644624937,0.29902999144269893,83.67321395874023,84.14420547485352,0.04190796976406985,0.030000000000000027,-0.03240742636137217,-0.08926856646932527,False,False,False
2020-08-06,83.4333724975586,84.17126588348928,82.83276464674739,83.72510098662019,10482100,False,22.649999618530277,False,0.55,False,0.0003082577682558263,0.00030821026659156854,0.28563904322572703,83.92890090942383,84.0901203918457,0.06529319387997345,0.0,-0.014789045496860886,-0.032913268372406976,False,False,False
2020-08-07,85.26954650878906,85.36392870258658,82.84994395517444,83.16741192941481,14743700,False,22.209999084472656,False,0.57,False,0.022007668589498763,0.021768995265591194,0.22482305747443926,84.06232299804688,84.0984211730957,0.03230515839925996,0.019999999999999907,-0.019426072470996925,0.13596441992558253,False,False,False
2020-08-10,86.35066223144531,87.5518850018929,85.82727235679413,85.89591515422255,14989900,False,22.1299991607666,False,0.59,False,0.012678802303056846,0.012599099274735733,0.22366117157807738,84.19059715270996,84.17168045043945,0.030619772132140177,0.020000000000000018,-0.0036019778029610094,-0.01991917409769411,False,False,False
2020-08-11,89.07914733886719,91.08690652580658,88.81316469315506,89.11346873607798,31518600,True,24.030000686645508,False,0.64,False,0.031597732280369994,0.031108796767857504,0.24756158275977433,84.43127136230468,84.2775862121582,0.057122723682825116,0.050000000000000044,0.08585637586680717,0.24023915892599623,False,False,False
2020-08-12,88.3240737915039,91.31854456614012,87.26871237043305,91.08688337651436,19240800,False,22.280000686645508,False,0.69,False,-0.008476434383581366,-0.008512563663362015,0.24601322563257766,84.56898193359375,84.36278228759765,0.0321866992611235,0.04999999999999993,-0.07282563254243057,0.3432975382485669,False,False,False
2020-08-13,87.83502197265625,88.68445522247593,87.20866797074122,87.51755397906415,13598600,False,22.1299991607666,False,0.71,False,-0.005537016102791004,-0.005552402198108048,0.24729425857515677,84.67022819519043,84.34744552612305,0.02359775025137134,0.020000000000000018,-0.006732563790665225,0.33917334140361755,False,False,False
2020-08-14,87.86933898925781,88.64154742545092,87.01989923562712,87.08854202208673,12134400,False,22.049999237060547,False,0.71,False,0.0003906985599917423,0.0003906222571829706,0.23609189293332739,84.8525562286377,84.29591659545899,0.04329660860957185,0.0,-0.0036149989489328016,0.2501612570374069,False,False,False
2020-08-17,85.55269622802734,87.51755185421223,85.39825322761563,87.08854424708373,14988000,False,21.350000381469727,False,0.69,False,-0.026364631712020525,-0.026718410639163404,0.25450812529965183,84.95594711303711,84.11665008544922,0.024768769196885865,-0.020000000000000018,-0.0317459809438132,0.26046646318951755,False,False,False
2020-08-18,84.36003875732422,85.72428607954564,84.1884383671958,85.72428607954564,13246500,False,21.51000022888184,False,0.67,False,-0.013940618160347418,-0.014038701203447844,0.24808254852620173,84.90918426513672,83.87580215454102,-0.010964930130838324,-0.019999999999999907,0.007494137918188537,0.2096454265694087,False,False,False
2020-08-19,84.55740356445312,86.30774887366344,84.37721460548995,84.87486501013638,13533000,False,22.540000915527344,False,0.68,False,0.0023395533007832814,0.002336820807006363,0.2469242482111604,84.90317840576172,83.6883561706543,-0.001418525087099054,0.010000000000000009,0.047884736201095235,0.20320245960661357,False,False,False
2020-08-20,83.5449447631836,84.11123140734226,83.05587634708156,83.45056256480103,13672600,False,22.71999931335449,False,0.65,False,-0.011973626892384348,-0.012045888161771686,0.25025659421776264,84.8341079711914,83.55679733276367,-0.016265960272801472,-0.030000000000000027,0.007985731611179547,0.18584008687883896,False,False,False
2020-08-21,83.50203704833984,84.57455602324461,83.17599363657787,83.45913367088913,12228300,False,22.540000915527344,False,0.64,False,-0.0005135884040067262,-0.0005137203357054189,0.24912263436164825,84.79292297363281,83.57478302001954,-0.009768072957093143,-0.010000000000000009,-0.00792246493252946,0.1848791692106855,False,False,False
2020-08-24,85.8530044555664,85.98170805324621,83.5878447024947,84.47159936915277,17898300,False,22.3700008392334,False,0.65,False,0.028154611436192578,0.027765555953752026,0.26305594089161893,84.92848930358886,83.59458236694336,0.03261091992637599,0.010000000000000009,-0.007542150372178313,0.1242249829384697,False,False,False
2020-08-25,86.23053741455078,87.50040293538385,85.62992932464562,86.89120631344647,13648900,False,22.030000686645508,False,0.69,False,0.0043974344448221014,0.004387793981843946,0.2630643106409072,85.06491432189941,83.5984797668457,0.032675853939124755,0.039999999999999925,-0.015198933385446534,0.1164997167112475,False,False,False
2020-08-26,85.0207290649414,86.03318733470255,84.98641421510409,85.75004727365462,12052400,False,23.270000457763672,False,0.69,False,-0.014029929371694116,-0.014129279172550678,0.25457398222262667,85.03960227966309,83.56441528320312,-0.005919078452811366,0.0,0.0562868693812546,0.1410103742273926,False,False,False
2020-08-27,87.8178482055664,88.07525536583262,84.94349879789513,84.94349879789513,22163900,False,24.46999931335449,False,0.74,False,0.03289926082012862,0.032369664394730054,0.26007850266133553,85.26826248168945,83.63013961791992,0.05493691619920438,0.050000000000000044,0.051568492994612525,0.34925720825074835,False,False,False
2020-08-28,88.17822265625,88.59007284858231,87.35452881772211,88.49569064921734,13756700,False,22.959999084472656,False,0.74,False,0.0041036584025608835,0.004095261360973185,0.25888498768471485,85.5312442779541,83.71224838256836,0.06343132622796288,0.0,-0.061708225224908375,0.31621130907423384,False,False,False
2020-08-31,85.96455383300781,87.67200242387527,85.8186862589267,87.62052360133909,14219400,False,26.40999984741211,False,0.72,False,-0.025104484492410983,-0.025424977308676763,0.27635660933696904,85.70670928955079,83.76928817749024,0.04256005625683845,-0.020000000000000018,0.15026136326253647,-0.02578711673950349,False,False,False
2020-09-01,85.92163848876953,86.54799244235784,84.9778231122198,85.41541268127091,11595600,False,26.1200008392334,False,0.68,False,-0.0004992213921292121,-0.0004993460446162437,0.27498148404804884,85.90362396240235,83.84348388671874,0.04803772590038391,-0.039999999999999925,-0.010980651641583683,-0.0362075869498235,False,False,False
2020-09-02,87.21722412109375,87.46604925110059,85.42396940695312,85.75859472582631,14475700,False,26.56999969482422,False,0.66,False,0.015078688618042957,0.014966135220848423,0.2734507380845584,86.09410209655762,83.92353729248048,0.04567401384269476,-0.020000000000000018,0.01722813327459405,0.006571195789342574,False,False,False
2020-09-03,86.94267272949219,90.08300463034531,86.35064020840574,88.65012096669412,23281200,False,33.599998474121094,False,0.63,False,-0.003147903345563585,-0.0031528684157453987,0.2740718303377714,86.26956710815429,84.05367218017578,0.04206110968409282,-0.030000000000000027,0.2645840745216983,-0.052451968197233856,False,False,False
2020-09-04,88.82174682617188,90.27179487344692,86.97701904657393,89.27650046388067,26325500,True,30.75,False,0.72,False,0.02161279424346807,0.02138254938865226,0.2736967080014061,86.44717712402344,84.16530624389648,0.04165848726563448,0.08999999999999997,-0.0848213870103649,-0.09874340141634282,False,False,False
2020-09-08,85.73287963867188,88.86463651650978,85.35535739136299,88.35841067633203,22108600,False,31.459999084472656,False,0.69,False,-0.03477602386659939,-0.03539510495399667,0.3001213430935623,86.41628799438476,84.30642471313476,-0.007154346901447006,-0.030000000000000027,0.02308940112106206,-0.08478077199570684,True,False,False
2020-09-09,86.54798889160156,87.25156103937934,85.42398461509933,86.48792809408893,13434000,False,28.809999465942383,False,0.71,False,0.009507545487390967,0.009462633222653907,0.27855869342161066,86.28973007202148,84.45687728881836,-0.028414713464160246,0.020000000000000018,-0.08423393819608227,-0.2113691786502953,False,False,False
2020-09-10,85.65567016601562,87.87792668189736,85.49264516197552,87.0027539439784,15922800,False,29.709999084472656,False,0.68,False,-0.010310103527691905,-0.010363620808666202,0.27926093562664595,86.15630989074707,84.57146942138672,-0.0302115098516319,-0.029999999999999916,0.03123914041005804,-0.24695977637649738,False,False,False
2020-09-11,86.71959686279297,86.96842205879878,85.4497314738903,85.77578144265348,13784300,False,26.8700008392334,False,0.67,False,0.01242097218684135,0.012344464791184367,0.28297083213568514,86.10053863525391,84.72093551635743,-0.012699092967842884,-0.010000000000000009,-0.09559065408128964,-0.2889485306058253,False,False,False
2020-09-14,87.92082214355469,88.77025539295524,86.97700669464999,87.09712830381223,19017400,False,25.850000381469727,False,0.68,False,0.013851831929780456,0.013756772134861194,0.2875227091669159,86.10311279296874,84.88927810668946,0.0005859057879469276,0.010000000000000009,-0.03796056665075909,-0.3060948165696612,False,False,False
2020-09-15,85.18374633789062,88.24686027996765,85.06362473593752,88.14390264751432,23683000,False,25.59000015258789,False,0.68,False,-0.031131144351619455,-0.031626016138792075,0.2937898874323864,86.08466529846191,84.96272430419921,-0.004312545441622739,0.0,-0.010058035785106334,-0.3174290731094076,False,False,False
2020-09-16,85.54412078857422,86.77108290069103,84.73759087683202,85.31245954329883,19270600,False,26.040000915527344,False,0.69,False,0.004230554139449616,0.00422163050438083,0.2894458291893822,86.14386940002441,85.08936752319336,0.014036053665838377,0.009999999999999898,0.017585023847447978,-0.32391443268192266,False,False,False
2020-09-17,84.56597900390625,85.23522983616077,83.83666736737598,84.68610061245774,18290100,False,26.459999084472656,False,0.69,False,-0.011434354291693372,-0.011500229159875636,0.2926211761144274,86.14429817199706,85.17963088989258,0.00010141559569754044,0.0,0.01612896137399411,-0.32610989670946117,False,False,False
2020-09-18,84.38580322265625,85.36394013837908,83.60501270571203,83.99111697123628,20121600,False,25.82999992370605,False,0.7,False,-0.0021305941629514713,-0.0021328671077508886,0.2892715620471639,86.1863410949707,85.30095428466797,0.010064743735915371,0.010000000000000009,-0.02380949291628298,-0.32633660305890044,False,False,False
2020-09-21,81.77743530273438,82.41237133138854,80.49899435187068,81.68305309701923,28378800,True,27.780000686645508,False,0.68,False,-0.030910032497285855,-0.03139782568123268,0.3102663267669974,86.10011100769043,85.2844808959961,-0.02065340926481929,-0.019999999999999907,0.07549364183891472,-0.36378553358641297,False,False,False
2020-09-22,80.88508605957031,82.07773315156494,80.37027827402802,81.47711861331882,19257000,False,26.86000061035156,False,0.68,False,-0.010911925029938208,-0.010971896754212297,0.292278635246795,85.85171508789062,85.22647903442383,-0.05786539944058988,0.0,-0.03311735253974324,-0.34861713108825804,False,False,False
2020-09-23,79.57232666015625,81.81174682334387,79.50369042021616,81.32267842828773,19952700,False,28.57999992370605,False,0.68,False,-0.016229931417112375,-0.01636307937434616,0.2946896748985749,85.5188045501709,85.1326123046875,-0.07721407002701819,0.0,0.0640357138596499,-0.3575971443632318,False,False,False
2020-09-24,79.50369262695312,80.91083704989596,78.405427657655,79.21196405109902,18366500,False,28.51000022888184,False,0.67,False,-0.0008625364631632548,-0.0008629086617770392,0.2923514311149709,85.24295272827149,85.01128890991211,-0.0648904861045616,-0.010000000000000009,-0.0024492545490228945,-0.3490946840768126,False,False,False
2020-09-25,80.19866943359375,80.41317320054094,78.82584663435888,78.98028960840628,13293100,False,26.3799991607666,False,0.66,False,0.008741440600773087,0.008703455411894087,0.26400360595445665,84.86199378967285,84.89906036376954,-0.0867611644746461,-0.010000000000000009,-0.07471066471467291,-0.4741661584515757,False,False,False
2020-09-28,82.50675201416016,83.16742089583418,80.95373991450965,81.56292997443005,20894100,False,26.190000534057617,False,0.67,False,0.028779562016020055,0.028373208456319396,0.2879808337986346,84.57842025756835,84.86473983764648,-0.0643182689698708,0.010000000000000009,-0.007202374251457866,-0.44056914650225665,False,False,False
2020-09-29,81.81173706054688,82.39518758029944,80.93656455398582,82.39518758029944,12848200,False,26.270000457763672,False,0.66,False,-0.008423734259882187,-0.008459414424097006,0.27700082695453937,84.37077941894532,84.83127700805665,-0.04830847817262074,-0.010000000000000009,0.0030545980173624088,-0.3719217091160505,False,False,False
2020-09-30,82.60110473632812,83.39905898262833,81.73451426212684,81.81173247331627,16400600,False,26.3700008392334,False,0.69,False,0.009648587160508093,0.009602336805815214,0.2802125001941683,84.20475273132324,84.77739318847657,-0.03864607112765217,0.029999999999999916,0.0038066379797176975,-0.36665078777150545,False,False,False
2020-10-01,83.20174407958984,83.88815238688501,82.3952076087274,83.33044768287556,15778700,False,26.700000762939453,False,0.68,False,0.007271565497568355,0.007245255133211433,0.27529520090524356,84.00397872924805,84.7478776550293,-0.04603998902703843,-0.009999999999999898,0.012514217413868156,-0.3794466649843133,False,False,False
2020-10-02,83.99110412597656,84.59171212407911,81.58865904129398,81.72594461008097,15149600,False,27.6299991607666,False,0.7,False,0.009487301680017879,0.009442579870460197,0.2783607771426344,83.85640029907226,84.72917266845702,-0.03394844569247302,0.019999999999999907,0.03483139967239324,-0.5564259980384291,False,False,False
2020-10-05,85.766357421875,85.94821178749147,84.45873038505584,85.1428529644015,13871900,False,27.959999084472656,False,0.78,False,0.021136206201501695,0.02091593498765653,0.2778387986776573,83.70363082885743,84.75798507690429,-0.034399114107454,0.08000000000000007,0.011943537232336876,-0.4486743695676454,False,False,False
2020-10-06,84.88306427001953,87.34244243302857,84.44142074845577,86.65831979700901,19220400,False,29.479999542236328,False,0.76,False,-0.010298830198776532,-0.010352230104618295,0.2514042082710687,83.6611400604248,84.79281280517579,-0.009912362354256188,-0.020000000000000018,0.05436339440396454,-0.45484672412175137,False,False,False
2020-10-07,86.36389923095703,86.90080080542934,85.44595901078009,85.6970931630156,16358500,False,28.059999465942383,False,0.81,False,0.017445587923485606,0.017295160662433192,0.25705968905434423,83.65193557739258,84.85005004882812,-0.0021270241284877534,0.050000000000000044,-0.048168252996730776,-0.4744597772457924,False,False,False
2020-10-08,88.13912963867188,88.26036587861638,86.51109541164594,87.03934186006683,15659000,False,26.36000061035156,False,0.78,False,0.020555236893224027,0.020346829086837853,0.2638689429816387,83.77610855102539,84.90229324340821,0.028993521010843404,-0.030000000000000027,-0.060584422236151014,-0.5028579477972391,False,False,False
2020-10-09,87.63687133789062,88.42491359340647,86.69295956216847,88.32965559313796,13689100,False,25.0,False,0.79,False,-0.005698471301455621,-0.005714769535212822,0.2618094681432363,83.82197227478028,84.99013778686523,0.010577476236991235,0.010000000000000009,-0.05159334517683911,-0.4473975397665136,False,False,False
2020-10-12,88.710693359375,89.19563840543573,87.33378637948009,87.55028064745446,16058000,False,25.06999969482422,False,0.7525,False,0.012253084861327146,0.012178623454585468,0.2608002588041163,83.8614658355713,85.1059799194336,0.00898389251331877,-0.03750000000000009,0.00279998779296875,-0.41612515189994825,False,False,False
2020-10-13,87.2731704711914,89.38615669463158,86.82286528936496,89.1956406768616,21697300,False,26.06999969482422,False,0.74,False,-0.01620461788479166,-0.016337348558313453,0.24139140180308172,83.96593704223633,85.20233825683594,0.024528436739713833,-0.012499999999999956,0.03988831320993014,-0.5245280144650817,False,False,False
2020-10-14,86.78820037841797,88.2690199890993,86.6842807786428,87.48963950798307,15204100,False,26.399999618530277,False,0.73,False,-0.0055569207598975545,-0.005572417881579612,0.24232568910393718,84.02814102172852,85.29843536376953,0.01454313374636862,-0.010000000000000009,0.01265822506977532,-0.5339314440822639,False,False,False
2020-10-15,88.08717346191406,88.139129962973,85.7663550493406,85.81831155039954,17171200,False,26.96999931335449,False,0.74,False,0.014967162331195327,0.01485625958734223,0.24272063290538204,84.2042007446289,85.39202560424805,0.04163842835480169,0.010000000000000009,0.02159089784320023,-0.4934766342920906,False,False,False
2020-10-16,87.90534210205078,88.61544309880146,87.22121936262688,87.81874570866779,13275000,False,27.40999984741211,False,0.76,False,-0.0020642206205185865,-0.0020663540603362398,0.24270521094379446,84.38017768859864,85.48146499633789,0.041707713205123564,0.020000000000000018,0.01631444365071788,-0.5119115149046312,False,False,False
2020-10-19,86.42452239990234,88.21709484000885,86.21668312649771,87.98327730914899,11725700,False,29.18000030517578,False,0.78,False,-0.016845616736572477,-0.01698911799925692,0.2214992838193321,84.61253204345704,85.50456451416015,0.05682603128802932,0.020000000000000018,0.06457498969781228,-0.45880853108116726,False,False,False
2020-10-20,86.91810607910156,88.13046848494864,86.70161184850322,86.86614297107984,11257100,False,29.350000381469727,False,0.81,False,0.005711153102071043,0.005694906296505053,0.2155717437360984,84.9141830444336,85.51591339111329,0.07458754528724931,0.030000000000000027,0.005825910709938986,-0.5346636759939938,False,False,False
2020-10-21,86.0521469116211,87.45502558694771,86.01750703475265,86.90946239175192,10730500,False,28.649999618530277,False,0.83,False,-0.009962931850958534,-0.010012893979667788,0.20893646856757497,85.23817405700683,85.45537338256835,0.08143308765042612,0.019999999999999907,-0.02385011086341926,-0.4101946510454176,False,False,False
2020-10-22,89.09171295166016,89.40346520570483,86.00017527145063,86.00883689152974,14837200,False,28.11000061035156,False,0.87,False,0.03532237310895692,0.0347128498229797,0.2355443055384503,85.71757507324219,85.47072616577148,0.12059842766921403,0.040000000000000036,-0.018848133171682768,-0.41853118789478094,True,False,False
2020-10-23,89.8970718383789,90.45129659958526,89.13501444344024,89.62862107785466,15087600,False,27.549999237060547,False,0.85,False,0.009039661041826852,0.008999047875300955,0.2355958507550686,86.20249519348144,85.51196716308594,0.12092971707985312,-0.020000000000000018,-0.01992178445861681,-0.45202891007789203,False,False,False
2020-10-26,87.67151641845703,88.93584214352782,86.81420097200176,88.89254725430362,12410700,False,32.459999084472656,False,0.81,False,-0.02475670646896133,-0.02506830728547166,0.24295030158336836,86.46073341369629,85.50801071166993,0.06259808171106385,-0.039999999999999925,0.17822141500487332,-0.5955592996792561,False,False,False
2020-10-27,86.0174789428711,87.39437891259394,85.87026446941874,87.03933185268656,10391700,False,33.349998474121094,False,0.79,False,-0.01886630393948252,-0.019046543218069655,0.25220063600036197,86.6710205078125,85.5173063659668,0.051407561230629506,-0.020000000000000018,0.02741834302990398,-0.6007307448301716,False,False,False
2020-10-28,83.6014175415039,85.12553885981308,83.19440730818725,84.43275464052346,16389500,False,40.27999877929688,True,0.79,False,-0.028088028515365182,-0.0284900429391126,0.27298659768988176,86.72103614807129,85.50213394165038,0.012110162550112324,0.0,0.20779612060712171,-0.6758315791051965,False,False,False
2020-10-29,84.14700317382812,84.84844920047064,82.47566690887574,83.23773107541261,14208800,False,37.59000015258789,True,0.85,False,0.006526033270349396,0.00650483091010656,0.2727628315830531,86.7682991027832,85.49392593383789,0.011361049034429582,0.05999999999999994,-0.06678249027384775,-0.6677623686480887,False,False,False
2020-10-30,84.90039825439453,85.22946718390789,83.33298177000981,84.78782360645391,15194500,False,38.02000045776367,True,0.88,False,0.00895332040536334,0.008913477075689673,0.27254129672321925,86.8137638092041,85.5210350036621,0.010826076617044267,0.030000000000000027,0.011439220628632452,-0.6778478847554572,False,False,False
2020-11-02,86.814208984375,87.3597722084928,84.74452413165213,86.06946810942488,15011600,False,37.130001068115234,True,0.87,False,0.022541834541764505,0.02229152207514162,0.27398256802896725,86.8661563873291,85.58727844238281,0.012217512717087153,-0.010000000000000009,-0.023408715910909428,-0.7020660167421134,False,False,False
2020-11-03,89.5506820678711,90.70242642225816,88.92717758938427,89.21294496962408,17482600,False,35.54999923706055,True,0.9,False,0.0315210276694291,0.031034438846767105,0.2912856670042451,87.09953727722169,85.6612319946289,0.054988799450070625,0.030000000000000027,-0.04255323957993329,-0.7030329590262934,False,False,False
2020-11-04,86.814208984375,88.39028712759664,85.67111941464152,87.46369184460723,18886500,False,29.56999969482422,False,0.78,False,-0.030557813969770753,-0.031034438846767168,0.3086799513487486,87.12205276489257,85.6729054260254,0.00521409706402598,-0.12,-0.1682137741370816,-0.3637347686614406,False,False,False
2020-11-05,90.36470794677734,91.01419076375018,87.4636860190082,87.51564253016414,17837400,False,27.57999992370605,False,0.79,False,0.040897671060291074,0.04008348610791438,0.3336945402453661,87.23333168029785,85.77978500366211,0.025250740700858643,0.010000000000000009,-0.06729793005261642,-0.38485977473931876,True,False,False
2020-11-06,89.1609878540039,91.01417803742142,88.6673812463998,90.95355991392196,12552800,False,24.86000061035156,False,0.83,False,-0.013320688132831715,-0.01341020433267648,0.3369432582990807,87.30953750610351,85.80664779663086,0.01739127028208176,0.039999999999999925,-0.09862216536906332,-0.3374052225336656,False,False,False
2020-11-09,101.23270416259766,102.96465801787946,95.56055264379788,97.99395230314695,47792400,True,25.75,False,0.96,False,0.13539235711879405,0.126978280288107,0.5840368056287447,87.93563804626464,86.06773742675782,0.14115559611843942,0.13,0.035800457272629815,-0.12220024011762394,True,True,False
2020-11-10,100.90365600585938,101.70901503076789,99.31892282068192,101.62241863594704,20539300,False,24.799999237060547,False,0.98,False,-0.003250413583833267,-0.0032557076531221827,0.5789298763936306,88.61716232299804,86.36651947021484,0.1561818536106392,0.020000000000000018,-0.03689323351221174,-0.10067316481179724,False,True,False
2020-11-11,99.3968276977539,101.28465760731208,98.6867269027942,101.22403948848184,14443400,False,23.450000762939453,False,0.9299999999999999,False,-0.014933337083623321,-0.015045962012414564,0.5827603708360775,89.24759368896484,86.63602325439453,0.14528043287404513,-0.050000000000000044,-0.054435424018226874,-0.07559232173809596,False,True,False
2020-11-12,98.1758041381836,98.68672734103887,97.041369899495,97.44838010211096,22063000,False,25.350000381469727,False,0.88,False,-0.01228433127949724,-0.012360407348078722,0.5860929853406598,89.75202522277831,86.85519485473633,0.11453007605734467,-0.04999999999999993,0.08102343525434108,-0.1022263676070685,False,True,False
2020-11-13,98.7906494140625,99.46611035999612,98.34899933138296,99.32755088037916,11847900,False,23.100000381469727,False,0.89,False,0.006262696611208929,0.006243167421302676,0.58530900168753,90.29629058837891,87.09215438842773,0.12382987258470357,0.010000000000000009,-0.08875739511407266,-0.09743143695335606,False,True,False
2020-11-16,101.5791244506836,102.71355242657862,100.21954056117836,102.00345141308316,19858600,False,22.450000762939453,False,0.91,False,0.028226102907105366,0.02783508731090096,0.583363559702888,91.05402069091797,87.34730194091797,0.17535071794389667,0.020000000000000018,-0.028138511160012314,-0.07770202244281438,False,True,False
2020-11-17,100.548583984375,100.83435796293308,99.22364031072551,99.92507952456825,14553200,False,22.709999084472656,False,0.87,False,-0.01014519933974145,-0.010197012609749775,0.5871507331325968,91.73554458618165,87.64361602783202,0.156819775765348,-0.040000000000000036,0.011581216601222133,-0.0827854885151407,False,True,False
2020-11-18,99.80384063720705,102.71352363465994,99.76053914819175,101.6137292397162,12571200,False,23.84000015258789,False,0.88,False,-0.007406800947924674,-0.007434367502404963,0.5861871408894834,92.42312927246094,87.90873306274415,0.15980651522511669,0.010000000000000009,0.04975786497886037,-0.10101515218310243,False,True,False
2020-11-19,100.07230377197266,100.29745965037274,98.34034970679136,98.87725784547452,10202500,False,23.11000061035156,False,0.86,False,0.002689907853761664,0.00268629652627332,0.577432694766848,92.97215881347657,88.19706573486329,0.12325041753625743,-0.020000000000000018,-0.030620785971643083,-0.09458692506600913,False,True,False
2020-11-20,99.21501159667967,100.15026859657446,98.79933961665468,99.0937753122728,12718900,False,23.700000762939453,False,0.83,False,-0.008566727685678455,-0.008603633020427515,0.5797515131627866,93.4380558013916,88.44697402954101,0.103651204291203,-0.030000000000000027,0.02553007948963959,-0.10044945538019005,False,True,False
2020-11-23,102.07270050048828,102.33248960869965,100.0809509698038,100.49662279257323,13209200,False,22.65999984741211,False,0.86,False,0.028802989162823867,0.02839597998185688,0.5737686384660355,94.15811500549316,88.73001159667969,0.1642629746848936,0.030000000000000027,-0.043881893757304447,-0.018854332768055936,False,True,False
2020-11-24,106.79228973388672,106.94816586744244,103.66611204921102,103.97786431632244,20121600,False,21.63999938964844,False,0.88,False,0.04623752688286964,0.045200421013680346,0.5795162300838155,95.19685554504395,89.16218246459961,0.2415184802708914,0.020000000000000018,-0.04501325969250425,-0.014285370164944942,True,True,True
2020-11-25,105.67518615722656,105.97827682573,104.32426397367917,105.10364469760307,11715600,False,21.25,False,0.88,False,-0.010460526499093126,-0.01051562236439582,0.5667935296151141,96.30054397583008,89.56480377197266,0.26403581739226056,0.0,-0.01802215344955127,0.21788597453026473,False,True,True
2020-11-27,104.9737319946289,105.95228361680714,104.8524957443371,105.6491929910776,5983600,False,20.84000015258789,False,0.84,False,-0.006637832286890966,-0.006659960672994864,0.5705034474817751,97.34188041687011,89.97295883178711,0.24750410632898712,-0.040000000000000036,-0.01929411046645224,0.2088657919759711,False,True,True
2020-11-30,102.08136749267578,104.54074563502374,101.98610949308848,103.91724113113608,14411800,False,20.56999969482422,False,0.84,False,-0.027553221620253643,-0.027939931588894035,0.5873027676086793,98.20092887878418,90.3268701171875,0.202366179564911,0.0,-0.01295587599744541,0.1921372710677396,False,True,True
2020-12-01,103.69207763671876,105.28547865251528,103.59681964413352,104.21166248280552,12668900,False,20.770000457763672,False,0.92,False,0.015778688938101748,0.015655499580469294,0.58585665301189,99.04482231140136,90.76516296386718,0.19441366626264456,0.08000000000000007,0.009722934657591553,0.19469737772774232,False,True,True
2020-12-02,105.683837890625,105.91764878248657,103.28507780957806,103.65744819800972,10811300,False,21.170000076293945,False,0.95,False,0.019208413017668402,0.019026260332372754,0.5813408942232379,99.85148010253906,91.26113800048829,0.18015670512175963,0.029999999999999916,0.019258527188946495,0.21435401881617192,False,True,False
2020-12-03,104.99104309082033,105.5539294271376,104.22898575676108,105.51928955646947,12904400,False,21.280000686645508,False,0.92,False,-0.0065553523947688985,-0.0065769330816522874,0.5657575250762794,100.76032180786133,91.76951232910156,0.2093762567106594,-0.029999999999999916,0.005196060933166491,0.06841321696552406,False,True,True
2020-12-04,105.94361877441406,106.76630085566175,105.380739032415,106.06486162789808,13583700,False,20.790000915527344,False,0.97,False,0.009072923323275583,0.009032011627382416,0.5539494324845896,101.53926734924316,92.29831085205078,0.1724003892848558,0.04999999999999993,-0.023026304290754473,0.12964454829112082,False,True,False
2020-12-07,105.54527282714844,105.79640694627558,104.0990928440977,104.9131133263112,9724300,False,21.299999237060547,False,0.94,False,-0.0037599805620556204,-0.0037670670579373396,0.5499733502603701,102.3584815979004,92.80524291992188,0.1837606936340015,-0.030000000000000027,0.024530942716423976,0.0535366108895495,False,True,True
2020-12-08,105.64918518066406,105.9349591524596,104.57537564022952,104.81784812288768,9592100,False,20.68000030517578,False,0.92,False,0.0009845287309626638,0.000984044400417109,0.2819295227989964,102.57930564880371,93.26809158325196,0.04362701811237568,-0.019999999999999907,-0.029107932117012014,-0.3222723964414373,False,False,False
2020-12-09,104.82650756835938,106.77495561530375,104.29826112485964,106.66237438863295,13073900,False,22.270000457763672,False,0.95,False,-0.0077868808064905926,-0.007817356874937542,0.28356608871801464,102.77544822692872,93.72838699340821,0.03887719947701607,0.029999999999999916,0.07688588632128535,-0.35912089873345704,False,False,False
2020-12-10,104.15104675292967,104.5926968553428,103.53620390013651,103.90857425964562,13668400,False,22.520000457763672,False,0.92,False,-0.006443606975928495,-0.006464456624244073,0.2783725105829679,103.0131591796875,94.15938583374023,0.047830692038104194,-0.029999999999999916,0.011225864160808507,-0.4523871260843112,False,False,False
2020-12-11,103.53620147705078,103.93455007910624,102.5056934047107,102.99929999930984,9981600,False,23.309999465942383,False,0.9,False,-0.005903399870165971,-0.005920893818337822,0.2747811763276898,103.28117904663085,94.56607498168945,0.054599984038046445,-0.020000000000000018,0.03507988419717645,-0.4285872481685088,False,False,False
2020-12-14,102.44508361816406,105.14692767922207,102.28054587095028,105.07764793230255,12112400,False,24.71999931335449,False,0.9,False,-0.010538515449869723,-0.01059443885056243,0.27842267023641,103.46390075683594,94.9351545715332,0.036991701398628285,0.0,0.060489055328903696,-0.4983480411076111,False,False,False
2020-12-15,104.19436645507812,104.6966347685988,102.72220799890351,103.30241108165272,12590200,False,22.88999938964844,False,0.92,False,0.017075322456995945,0.016931177703409923,0.2670529442406444,103.59466285705567,95.30371475219727,0.02574586086006514,0.020000000000000018,-0.07402912518356852,-0.5006730062905413,False,False,False
2020-12-16,104.49744415283205,104.85249789803676,103.7960048893245,104.1770368877139,11169400,False,22.5,False,0.92,False,0.0029087724035885554,0.0029045501109511897,0.2635621289269501,103.79210586547852,95.69600234985352,0.039273155443647845,0.0,-0.017037981653455603,-0.49672793443563884,False,False,False
2020-12-17,103.6314697265625,105.17290778482672,103.55353496506574,105.00837664159565,11618000,False,21.93000030517578,False,0.94,False,-0.008287039298329857,-0.00832156769962906,0.2639995087813005,103.98348731994629,96.04135375976563,0.038351520992755406,0.019999999999999907,-0.025333319769965224,-0.4529101063573915,False,False,False
2020-12-18,103.12054443359376,103.81332208080546,102.41909855943352,103.17250094024254,28954800,True,21.56999969482422,False,0.95,False,-0.004930213711306419,-0.004942407309465425,0.26512376360673723,104.13589935302734,96.34098205566406,0.030460382610626224,0.010000000000000009,-0.016415896276417152,-0.4463296151710794,False,False,False
2020-12-21,106.99146270751952,108.24712673489216,104.8611534393222,106.66238721384208,28323600,True,25.15999984741211,False,0.95,False,0.03753779904079635,0.03685040526946371,0.29086127842472914,104.52472190856933,96.72807388305664,0.07837978331799222,0.0,0.16643487266480217,0.04730571129478214,True,False,False
2020-12-22,105.36341857910156,106.96547468605456,105.31146207400604,106.85290005605422,11788200,False,24.229999542236328,False,0.93,False,-0.015216579783272066,-0.015333539939309668,0.28280868043659735,104.6892578125,97.06112838745118,0.03223896362571055,-0.019999999999999907,-0.03696344637583293,0.16234927792840528,False,False,False
2020-12-23,108.30772399902344,109.56338778452628,105.95226591788688,106.32463622640302,14973200,False,23.309999465942383,False,0.96,False,0.027944285214241082,0.027560968301837272,0.25020599868818466,104.76502952575683,97.4818194580078,0.01419048387213162,0.029999999999999916,-0.03796946321399031,0.2554834771035511,False,False,False
2020-12-24,107.8314437866211,108.72340556908917,107.00876835067902,108.32505036956223,4164900,False,21.530000686645508,False,0.94,False,-0.004397472265289526,-0.0044071695860267105,0.24749074896890766,104.87284240722656,97.90268432617188,0.02040457848057531,-0.020000000000000018,-0.07636202574339757,0.25578679674805704,False,False,False
2020-12-28,108.5415496826172,109.6759840000812,108.06526631572828,108.95722153307727,8072600,False,21.700000762939453,False,0.94,False,0.006585332358168827,0.006563743783829339,0.2464384112463658,105.05123329162598,98.31177185058594,0.0339877188339921,0.0,0.007895962418588809,0.24850298355949912,False,False,False
2020-12-29,108.25578308105467,109.35557092807544,108.15186346597494,109.28629118468896,8389200,False,23.07999992370605,False,0.94,False,-0.0026327853471608265,-0.0026362572216419656,0.22172529039775604,105.35995407104492,98.71878067016601,0.06048523584700116,0.0,0.0635944291358479,0.21237596590224905,False,False,False
2020-12-30,108.55886840820312,108.98319525372216,108.16051981346772,108.67144303055888,7398000,False,22.770000457763672,False,0.93,False,0.002799714883790827,0.002795802981847998,0.21655532582874737,105.60329360961914,99.16146759033204,0.04693502996955057,-0.009999999999999898,-0.013431519365993183,0.21382209727227772,False,False,False
2020-12-31,110.03971099853516,110.26486689684722,108.09126250289242,108.32507341534188,8580200,False,22.75,False,0.93,False,0.01364091770709841,0.013548717902873797,0.21166470375851698,105.82108726501465,99.6238996887207,0.041216076127157386,0.0,-0.0008783687905835613,0.1974992791481259,False,False,False
2021-01-04,109.00054168701172,110.72383429346053,108.05662319743897,110.41208200395768,16819900,False,26.96999931335449,False,0.93,False,-0.00944358452138494,-0.009488457899503066,0.21347260157720627,106.02156219482421,100.08286758422851,0.03818895858309612,0.0,0.18549447531228513,0.04242759280788839,False,False,False
2021-01-05,109.5936279296875,110.1605680372547,107.9538622859878,109.01796382384546,13731200,False,25.34000015258789,False,0.96,False,0.00544113114941025,0.005426381673682873,0.2122534928091297,106.2040626525879,100.49290588378906,0.03445237379558841,0.029999999999999916,-0.06043749359531825,0.04160667779055247,False,False,False
2021-01-06,114.73969268798828,115.8037942607368,111.53866397118186,113.28309768799502,24909100,True,25.06999969482422,False,1.04,False,0.046955875587970874,0.045886787340322095,0.26459122295304915,106.66378364562988,100.98975830078125,0.08711351645182197,0.08000000000000007,-0.010655108766291721,-0.005696578545754549,True,False,False
2021-01-07,118.50762939453124,120.531170853659,117.67902933333951,118.35063737214384,21940400,False,22.3700008392334,False,1.08,False,0.03283899946280244,0.03231132074248534,0.28280719616730426,107.30670585632325,101.60648056030273,0.12170888201247121,0.040000000000000036,-0.10769840001825937,-0.13781632955964837,False,False,False
2021-01-08,118.63848114013672,118.92631318527744,116.981267544683,118.5948678044024,12035100,False,21.559999465942383,False,1.13,False,0.001104163050716922,0.0011035539110474143,0.27883005147234113,107.9973045349121,102.25890060424804,0.13176031418169964,0.04999999999999982,-0.03620926879315989,-0.09277881710121304,False,False,False
2021-01-11,120.40907287597656,120.5398995736476,116.97254965532191,117.38249105325308,15937900,False,24.07999992370605,False,1.15,False,0.014924261663029847,0.014813990658408632,0.2761277154435484,108.81020584106446,102.9950537109375,0.15610045822789176,0.020000000000000018,0.11688314101048247,-0.049112561994712964,False,False,False
2021-01-12,122.30176544189452,123.55775488199887,121.08938933408388,121.62144004665808,18033500,False,23.32999992370605,False,1.15,False,0.015718853411216482,0.015596591779051655,0.272938340870078,109.74848403930665,103.75814895629883,0.18124640171392814,0.0,-0.03114617950067544,-0.043825114412056054,False,False,False
2021-01-13,122.41517639160156,122.7989391719922,120.4526959149142,120.88007203434904,14816800,False,22.209999084472656,False,1.1,False,0.0009273042731416936,0.0009268745921437007,0.2652562253807946,110.74698867797852,104.50844451904297,0.19493461343514085,-0.04999999999999982,-0.048006894251865884,0.017156089568194068,False,False,True
2021-01-14,123.13035583496094,124.50845451174092,122.10986782237286,122.53725715096216,18565600,False,23.25,False,1.15,False,0.00584224492779839,0.005825245193838154,0.2637552116648698,111.69378814697265,105.23476745605468,0.18173717086755148,0.04999999999999982,0.046825797316417894,0.03731066173278252,False,False,False
2021-01-15,120.92363739013672,123.54899432820166,119.5019256167588,119.86825356330851,27881000,True,24.34000015258789,False,1.11,False,-0.01792180677023314,-0.01808434729080229,0.27951893364243696,112.5150978088379,105.8622265625,0.1571922966200079,-0.039999999999999813,0.046881726993027506,-0.011362763610773508,False,False,False
2021-01-19,120.4003448486328,122.72043593667526,120.20847012417228,121.9877797959003,19843800,False,23.239999771118164,False,1.1,False,-0.0043274627922050835,-0.004336853360663531,0.276899271424466,113.35354156494141,106.53394927978516,0.16181257649163827,-0.010000000000000009,-0.04519311317065755,-0.007049619658695561,False,False,False
2021-01-20,118.59488677978516,120.51375407882382,118.1326146266643,120.20848729768336,16028800,False,21.57999992370605,False,1.1,False,-0.014995455960840176,-0.015109024582963409,0.28515567610853965,114.12725868225098,107.09855285644531,0.15006071225851958,0.0,-0.07142856556630006,0.046434012947252634,False,False,False
2021-01-21,117.60055541992188,118.76060104713716,117.1557312973192,118.3506596108685,13411700,False,21.31999969482422,False,1.12,False,-0.008384268385108529,-0.008419614067065005,0.26624846226668886,114.6577133178711,107.66734420776368,0.09915831080283688,0.020000000000000018,-0.01204820341988122,-0.17531792101679813,False,False,False
2021-01-22,116.6934585571289,117.22550941680454,115.3066420456368,115.73403152600712,12933200,False,21.90999984741211,False,1.1,False,-0.007713372267281859,-0.007743274185477683,0.25999938900257347,115.22421531677246,107.9765592956543,0.10753295717641631,-0.020000000000000018,0.02767355351938039,-0.2289896449771081,False,False,False
2021-01-25,115.2368621826172,116.15268916898226,113.44010420858277,115.25431018196504,14212800,False,23.190000534057617,False,1.05,False,-0.012482245299110795,-0.012560802924549946,0.252686215555122,115.57067222595215,108.26322341918946,0.06397639916850473,-0.050000000000000044,0.05842084416064908,-0.23738741267959237,False,False,False
2021-01-26,114.76585388183594,116.15267015214808,114.5565178507066,115.7863420793631,11307800,False,23.020000457763672,False,1.05,False,-0.0040873058486688985,-0.004095681714159275,0.2525645052969406,115.91739273071289,108.57060394287109,0.06430786653415099,0.0,-0.007330749132337333,-0.27170407169665534,False,False,False
2021-01-27,111.5212173461914,113.2569269822298,111.07638660311244,113.03014295715568,17603900,False,37.209999084472656,True,1.04,False,-0.028271793620646468,-0.0286791366900257,0.27568901779361965,116.06637611389161,108.83751220703125,0.027451862188138554,-0.010000000000000009,0.6164204319953999,-0.4722522975206495,False,False,False
2021-01-28,113.48370361328124,115.28046136661985,112.50682871257423,113.3005329149375,13761800,False,30.209999084472656,False,1.07,False,0.017597425080088103,0.01744438321538567,0.28097175469404034,116.32777214050293,109.13137329101562,0.04829229795799672,0.030000000000000027,-0.1881214773509905,-0.5009364294244298,False,False,False
2021-01-29,112.22769927978516,114.88795287554308,111.80904056421492,114.42568082713998,14808100,False,33.09000015258789,False,1.11,False,-0.011067706582578274,-0.01112940934149586,0.2850630334644897,116.51121368408204,109.34434478759766,0.03379577297901171,0.040000000000000036,0.0953327095463401,-0.5083588335383579,False,False,False
2021-02-01,113.05631256103516,113.44881929341398,112.06198967744794,112.86442452131465,11080700,False,30.239999771118164,False,1.09,False,0.007383322357738642,0.00735619905810756,0.28247352171825446,116.66204376220703,109.59449935913086,0.027413753954153464,-0.020000000000000018,-0.08612875093162653,-0.512637261803244,False,False,False
2021-02-02,116.53646850585938,117.21679410097128,114.45187837541664,115.07987327996982,12253600,False,25.559999465942383,False,1.12,False,0.030782500030198667,0.030318222576096062,0.29749020075389465,117.03884010314941,109.92915191650391,0.06913659971054642,0.030000000000000027,-0.15476191602506528,-0.534858260198255,False,False,False
2021-02-03,117.87093353271484,118.41170165154476,116.4492212486558,116.57133060803424,10600800,False,22.90999984741211,False,1.15,False,0.01145105085099063,0.011385983820980255,0.2987689209410724,117.45270538330078,110.28512451171875,0.07552725244516822,0.029999999999999805,-0.1036776085250426,-0.5411544315453894,False,False,False
2021-02-04,120.5835418701172,120.94115267486848,118.1587888921626,118.1587888921626,12419500,False,21.770000457763672,False,1.15,False,0.023013377904990362,0.022752564014962368,0.2628419398774987,117.74489784240723,110.7124951171875,0.05093136512070062,0.0,-0.049759903851645415,-0.6215335316904028,False,False,False
2021-02-05,120.34801483154295,121.66506573237106,119.8246947176438,121.57783905892698,10051300,False,20.8700008392334,False,1.19,False,-0.001953227073292818,-0.0019551371088534393,0.23758290091620385,117.83691711425782,111.0780014038086,0.015529678944844694,0.040000000000000036,-0.0413412769685686,-0.6154114869372045,False,False,False
2021-02-08,122.2320327758789,122.37159016817512,120.52248799256378,120.53993599383216,10136400,False,21.239999771118164,False,1.19,False,0.01565474882965967,0.015533477262344953,0.24331252067756584,118.01659469604492,111.38679626464844,0.03028993292233273,0.0,0.017728745424351322,-0.5992015988437334,False,False,False
2021-02-09,121.74356079101562,122.09244086419132,120.83645130648416,121.61272078188348,8614800,False,21.6299991607666,False,1.18,False,-0.003996268193943275,-0.004004274611328388,0.2388023073517016,118.08331909179688,111.70816375732421,0.011082951501616645,-0.010000000000000009,0.01836155338281853,-0.6522483586587102,False,False,False
2021-02-10,121.81336212158205,122.8687331900094,121.27258060599009,122.10991156982408,10323200,False,21.989999771118164,False,1.15,False,0.000573347207136754,0.0005731829064246916,0.23209102511888194,118.05889892578125,112.04495635986328,-0.003993428210523398,-0.030000000000000027,0.016643579487721327,-0.659139876772139,False,False,False
2021-02-11,121.47322845458984,122.58966113477372,120.55740123644269,121.81339132888138,9201000,False,21.25,False,1.16,False,-0.002792252517032634,-0.0027961581260841075,0.23224841550633007,118.01180152893066,112.43279357910156,-0.007694699013449657,0.010000000000000009,-0.033651649787194926,-0.6558519887167535,False,False,False
2021-02-12,123.20018005371094,123.51417750514284,121.23769930949253,121.28131265448224,8324600,False,19.96999931335449,False,1.2,False,0.014216725949345088,0.014116616009058091,0.23703178361737856,118.01529273986816,112.8229556274414,0.0005670755864912724,0.040000000000000036,-0.06023532643037699,-0.6668608208468744,False,False,False
2021-02-16,126.16570281982422,126.75009769418088,124.20322205022426,125.20627576226336,12130600,False,21.459999084472656,False,1.3,False,0.02407076649417572,0.023785632133943302,0.24143349301410094,118.27739601135254,113.23259292602539,0.043350212934589294,0.10000000000000009,0.07461190898097647,-0.5992565777476776,False,False,False
2021-02-17,126.55817413330078,126.80239282921238,124.83118195788494,125.55512070252315,10810100,False,21.5,False,1.29,False,0.003110760727398576,0.003105932321998149,0.24019304789835866,118.58528747558594,113.663935546875,0.051144615012603145,-0.010000000000000009,0.0018639756399749796,-0.6112115295698295,False,False,False
2021-02-18,126.98556518554688,127.16000523051382,125.07541541719137,125.59874886101451,10587800,False,22.489999771118164,False,1.29,False,0.0033770323819299897,0.0033713430132656665,0.23101493937056652,119.00482139587402,114.08477447509766,0.07075076028650451,0.0,0.04604650098224017,-0.6713382305502535,False,False,False
2021-02-19,129.10504150390625,129.82024962837912,127.22105721532382,127.22105721532382,11969800,False,22.049999237060547,False,1.34,False,0.01669068697109366,0.01655292820105311,0.23101811299621028,119.58004570007324,114.55596984863281,0.09782680058699356,0.050000000000000044,-0.019564274723678277,-0.6865905986815026,False,False,False
2021-02-22,130.3174285888672,130.99775408735456,128.03222005727807,128.101998737754,11488400,False,23.450000762939453,False,1.37,False,0.00939070287913002,0.00934688433983038,0.22668945518467426,120.26124420166016,115.04933471679688,0.11675007494159129,0.030000000000000027,0.0634921348897759,-0.6885116396375779,False,False,False
2021-02-23,131.36404418945312,132.846804121236,130.47438290681598,132.14903082718564,16234400,False,23.11000061035156,False,1.37,False,0.008031278793014351,0.007999199716364707,0.21640892920977098,121.06760330200196,115.58008544921876,0.13994811817488562,0.0,-0.014498939937146349,-0.7024115961201185,False,False,False
2021-02-24,133.6754608154297,134.1115676456745,130.92799310845703,130.92799310845703,15061400,False,21.34000015258789,False,1.38,False,0.017595504464243295,0.017442495811182433,0.21581446056592077,122.01308364868164,116.17057373046875,0.16476683868934794,0.009999999999999787,-0.0765902384689181,-0.7245959052836554,False,False,False
2021-02-25,131.86122131347656,135.10585637111618,131.34661857863202,134.55637095463845,18127700,False,28.88999938964844,False,1.54,False,-0.013571971182191112,-0.013664912270289936,0.1877638508283962,123.0300838470459,116.73707412719726,0.18238685383198772,0.16000000000000014,0.3537956505658677,-0.6117456974308153,False,False,True
2021-02-26,128.36366271972656,131.59085009648362,127.78799859979136,131.09369530848298,19829200,False,27.950000762939453,False,1.44,False,-0.026524542688977304,-0.02688266526218119,0.22160967260112535,123.77408180236816,117.25544570922851,0.1311197875348853,-0.10000000000000009,-0.03253716325953948,-0.4541096644679929,False,False,False
2021-03-01,131.26812744140625,132.035679555068,129.5062525027379,130.4133619659602,14845500,False,23.350000381469727,False,1.45,False,0.02262684516895863,0.022374655195735966,0.2189018134522699,124.72610321044922,117.79692092895507,0.16965890135690165,0.010000000000000009,-0.1645796155959014,-0.46598943031530904,False,False,False
2021-03-02,130.8407440185547,132.38456565981377,130.69246931872738,130.90180535261874,14221700,False,24.100000381469727,False,1.42,False,-0.00325580497857203,-0.003261116643899057,0.22249938606737354,125.61532478332519,118.32378692626953,0.15730595713457696,-0.030000000000000027,0.03211991382215107,-0.4796560144409801,False,False,False
2021-03-03,133.37017822265625,135.1756533653807,131.54725508228984,131.90485252595272,14324100,False,26.670000076293945,False,1.47,False,0.019332160047506708,0.019147667805567405,0.2099126857032844,126.45701026916504,118.91856109619141,0.14445014451377935,0.050000000000000044,0.10663898979853403,-0.33323895575871754,False,False,False
2021-03-04,131.3204803466797,134.65234275952952,129.62838379639877,133.10852092740717,20093900,False,28.56999969482422,False,1.54,False,-0.015368487193251457,-0.015487806475765184,0.22328125632074736,127.12948760986328,119.48255981445313,0.1141040153909696,0.07000000000000006,0.0712410803560184,-0.3464905538797127,False,False,False
2021-03-05,131.62574768066406,133.87606019666146,129.06143775990142,133.6405588158569,18465100,False,24.65999984741211,False,1.56,False,0.0023245980610067107,0.0023219003628345163,0.21364088030421272,127.68159790039063,119.97524551391602,0.09157307572239515,0.020000000000000018,-0.1368568389631607,-0.28911468465270507,False,False,False
2021-03-08,133.37017822265625,135.5943254552518,131.4861937450043,132.98640212806907,17133300,False,25.46999931335449,False,1.59,False,0.013252958275491222,0.013165906112930524,0.2143882599955912,128.33270606994628,120.53538070678711,0.10820422263999174,0.030000000000000027,0.03284669387487371,-0.2973888665483844,False,False,False
2021-03-09,132.42819213867188,134.53894744807985,130.67504759847006,132.14036005435398,16238800,False,24.030000686645508,False,1.55,False,-0.007062943879491357,-0.007088004538682646,0.21491197990470234,128.84251403808594,121.01779006958007,0.08341642637563229,-0.040000000000000036,-0.05653705007969734,-0.26541083515441494,False,False,False
2021-03-10,135.30648803710938,136.20486690078857,132.14906603482623,132.49795942926417,14342200,False,22.559999465942383,False,1.53,False,0.021734766985442855,0.021501934601852405,0.22136535536111474,129.52066040039062,121.56729095458985,0.11140570522145143,-0.020000000000000018,-0.06117358213477153,-0.29390960327807525,False,False,False
2021-03-11,134.5999755859375,136.1961143641845,133.7626448827489,134.41680491967375,11771500,False,21.90999984741211,False,1.54,False,-0.005221571126567848,-0.005235251170744426,0.223977185596289,130.1599910736084,122.08845947265625,0.1049688904538495,0.010000000000000009,-0.028812040510530323,-0.2754303016098825,False,False,False
2021-03-12,136.19615173339844,137.48703747620974,135.25417273361805,136.8154292608615,12849500,False,20.690000534057617,False,1.64,False,0.011858665950810865,0.011788902960793438,0.2231680733978042,130.89613723754883,122.64726684570313,0.12120302939270644,0.09999999999999987,-0.05568230588091916,-0.29918604722920067,False,False,False
2021-03-15,135.51580810546875,136.86774170092568,134.2859971773602,136.3705869233758,12101100,False,20.030000686645508,False,1.62,False,-0.004995321962264043,-0.005007840289133239,0.22401073040767902,131.5119186401367,123.18640563964844,0.09996436731170877,-0.019999999999999796,-0.0318994601438356,-0.2670646987492527,False,False,False
2021-03-16,133.89352416992188,134.8442472452134,132.74220897325014,134.39940972763037,12805600,False,19.790000915527344,False,1.62,False,-0.011971178552721229,-0.012043410154406438,0.21952496382829578,131.8983097076416,123.66348190307617,0.061251363701700035,0.0,-0.011982015121855594,-0.3185018954461896,False,False,False
2021-03-17,135.2715606689453,136.83282996548195,133.4922513512241,135.48961399904894,13952400,False,19.229999542236328,False,1.63,False,0.010292032475555768,0.010239430124852972,0.22101855473556767,132.33397903442383,124.18890228271485,0.06884886413158053,0.009999999999999787,-0.028297187841544558,-0.32284703401608,False,False,False
2021-03-18,137.5044403076172,141.02818997659742,137.03345091685122,137.46084028376376,21898500,False,21.57999992370605,False,1.71,False,0.01650664505998023,0.01637189126113913,0.225840544420064,132.85992279052735,124.74711853027344,0.08283520340835993,0.08000000000000007,0.12220491094179375,-0.2545310274204108,False,False,False
2021-03-19,135.3152313232422,136.0130049369704,131.86998990980723,135.63794612966004,54418800,True,20.950000762939453,False,1.74,False,-0.01592100574699573,-0.016049106439644304,0.23129644401140795,133.17043228149413,125.15862930297851,0.04810183821634917,0.030000000000000027,-0.02919365908220095,-0.2180418851599198,False,False,False
2021-03-22,131.67808532714844,134.29472606893358,131.3640879057773,133.27423777670813,19944800,False,18.8799991607666,False,1.69,False,-0.026879058333095562,-0.02724690681551389,0.25178995762035394,133.23846511840821,125.42203842163086,0.010441095661685607,-0.050000000000000044,-0.09880675545533557,-0.13049605558688135,False,False,False
2021-03-23,130.36102294921875,132.68110051989453,129.9249162414264,131.1198443619229,17076300,False,20.299999237060547,False,1.63,False,-0.010002137976547143,-0.010052495428103162,0.2529024886634915,133.18831405639648,125.6564892578125,-0.007635432103383022,-0.06000000000000005,0.07521187179100952,-0.1491408605333052,False,False,False
2021-03-24,131.37283325195312,133.60569836477484,130.70995558062353,130.83206497557703,13079800,False,21.200000762939453,False,1.62,False,0.007761601434567833,0.007731635163775416,0.24600766774927144,133.07318267822265,125.87576446533203,-0.017225506831473614,-0.009999999999999787,0.04433505220216083,-0.10070442008449347,False,False,False
2021-03-25,133.05616760253906,133.4224956631225,130.24763916247807,130.8320205907127,15608300,False,19.809999465942383,False,1.63,False,0.012813412856504058,0.012732015661812328,0.2456023018695732,133.13292999267577,126.09085250854493,0.009062150927767743,0.009999999999999787,-0.06556609655538248,0.03381129133282948,False,False,False
2021-03-26,135.2715606689453,135.5855579966513,133.05614469101684,134.58251800174224,16754400,False,18.86000061035156,False,1.67,False,0.016650059191724242,0.01651296659653454,0.2297449141238074,133.47832489013672,126.3479801940918,0.05381505795999053,0.040000000000000036,-0.04795552151447935,-0.00834911696419618,False,False,False
2021-03-29,133.1695098876953,134.08533644317663,131.73908071941932,132.68107260715,17570300,False,20.739999771118164,False,1.73,False,-0.015539487907546334,-0.015661491313814845,0.22580230475847538,133.57339401245116,126.54876327514648,0.014484722859612553,0.06000000000000005,0.09968181865989667,0.05870233979933317,False,False,False
2021-03-30,134.73951721191406,135.95189325972552,134.21619717704942,134.72208252699576,13184300,False,19.61000061035156,False,1.73,False,0.01178954045518954,0.011720585260681938,0.22850383208421038,133.76833267211913,126.82508087158203,0.029797852516082246,0.0,-0.05448404885424374,0.04011356616013185,False,False,False
2021-03-31,132.77708435058594,134.748295778724,132.68114031373918,133.69291137340966,16736700,False,19.399999618530277,False,1.74,False,-0.014564642221789104,-0.014671747865700004,0.22520730041909162,133.73867797851562,127.0726156616211,-0.004446975178215351,0.010000000000000009,-0.010708872273590297,-0.07603529777633099,False,False,False
2021-04-01,134.06796264648438,134.13772802488742,132.18397801543156,132.48924479994716,16561500,False,17.329999923706055,False,1.69,False,0.00972214672593652,0.00967519075405422,0.2202417463934513,133.87605209350585,127.38207717895507,0.020921963524284104,-0.050000000000000044,-0.1067010172952283,-0.04410903184181686,False,False,False
2021-04-05,134.778564453125,135.93667340951507,133.8836766820651,135.46289669560832,13508000,False,17.90999984741211,False,1.73,False,0.005300310324804158,0.005286313117943474,0.22070907168121387,134.0336929321289,127.72563735961914,0.023952887850711146,0.040000000000000036,0.033467970355421706,-0.026470309548058648,False,False,False
2021-04-06,133.83103942871094,135.35763411870155,133.23444751439894,134.05037705379144,13071600,False,18.1200008392334,False,1.67,False,-0.007030235321608624,-0.007055063861362719,0.2178354880690419,134.05673599243164,128.06838897705077,0.003455504162896972,-0.06000000000000005,0.011725348610297948,-0.07612563212039695,False,False,False
2021-04-07,135.9279022216797,136.1911100407808,133.9275442162006,134.32236263850515,16903500,False,17.15999984741211,False,1.68,False,0.01566798555790716,0.015546509881951477,0.22258909500184526,134.23172149658203,128.48220977783203,0.026427228420841775,0.010000000000000009,-0.05298018473281174,-0.12850071818214084,False,False,False
2021-04-08,136.09461975097656,136.43678594687682,133.62926672573258,135.111991370403,12335500,False,16.950000762939453,False,1.64,False,0.0012265143989713678,0.0012257628446512862,0.20924217636433426,134.2711280822754,128.90878509521485,0.005824788783602486,-0.040000000000000036,-0.012237708994171426,-0.07419133904955957,False,False,False
2021-04-09,137.11231994628906,137.77910143331653,135.96299306002243,136.69996418578512,12122400,False,16.690000534057617,False,1.67,False,0.007477887055158172,0.007450066265483615,0.2095940235064341,134.39674530029296,129.4206071472168,0.018665266092470656,0.030000000000000027,-0.015339245851263672,-0.08209063792681102,False,False,False
2021-04-12,136.8227996826172,137.96335794243225,136.48941561575833,136.49818430080802,12273400,False,16.90999984741211,False,1.69,False,-0.0021115554297768124,-0.002113787906162027,0.20583441303065858,134.4280776977539,129.8873890686035,0.004601069422617732,0.020000000000000018,0.01318150427290643,-0.05449767244982853,False,False,False
2021-04-13,135.19093322753906,136.16479280287132,133.73452820725734,135.76998776147846,16113600,False,16.649999618530273,False,1.64,False,-0.011926860573409637,-0.011998556214481777,0.2096392337159795,134.4118339538574,130.3466537475586,-0.0023973208917209554,-0.050000000000000044,-0.015375531119335095,-0.055895404170902496,False,False,False
2021-04-14,132.66419982910156,134.9628542854535,132.41852932679228,132.89230618237104,19939600,False,16.989999771118164,False,1.64,False,-0.01869010989209441,-0.01886697724317653,0.21597326561142063,134.3503677368164,130.73881149291992,-0.009181357712716554,0.0,0.020420430052712657,-0.08999729511897024,False,False,False
2021-04-15,133.50645446777344,133.5327739177996,131.0060130041242,132.6992934299165,17694100,False,16.56999969482422,False,1.56,False,0.006348771105971762,0.006328702554333536,0.21383363670695818,134.26211242675782,131.0782112121582,-0.013048612675443882,-0.07999999999999985,-0.024720428602236777,-0.08367856143731447,False,False,False
2021-04-16,134.4978485107422,135.55943523079884,133.96266411381282,134.9979313870785,13773400,False,16.25,False,1.59,False,0.0074258135827287575,0.0073983779665098,0.20651972558123113,134.11178283691407,131.41074951171876,-0.02186541605601111,0.030000000000000027,-0.019311991594313294,-0.28173962508403133,False,False,False
2021-04-19,133.92758178710938,135.00673280942917,133.55032740416715,134.60314558861444,11900200,False,17.290000915527344,False,1.61,False,-0.004239969114355535,-0.004248983272258169,0.1993833768847064,134.04240036010742,131.6776303100586,-0.01025493968833402,0.020000000000000018,0.06400005634014416,-0.3199432693817464,False,False,False
2021-04-20,130.96212768554688,133.1379534230256,130.41816121069638,133.12918473646477,13716700,False,18.68000030517578,False,1.58,False,-0.022142220907687027,-0.022391039672864287,0.19160990360198615,134.00660247802733,131.88991256713868,-0.005437181440046013,-0.030000000000000027,0.08039325136184017,-0.6909409054076266,False,False,False
2021-04-21,132.07640075683594,132.13782174675092,128.78633482799842,129.66368574235509,12236700,False,17.5,False,1.57,False,0.00850836108866937,0.008472368996175284,0.19031592707919884,134.0923713684082,132.0867999267578,0.01315867096475154,-0.010000000000000009,-0.06316918018726325,-0.6862826942472902,False,False,False
2021-04-22,129.29513549804688,131.8657793567874,129.19862641009473,131.80435839749703,15256100,False,18.709999084472656,False,1.57,False,-0.021058003116768864,-0.02128288551710273,0.20323382860962347,133.98848648071288,132.23783142089843,-0.015815277043782272,0.0,0.06914280482700885,-0.7727815906117035,False,False,False
2021-04-23,131.76930236816406,132.5940141593287,128.698574950948,129.1284682214804,14041900,False,17.329999923706055,False,1.58,False,0.019135807859952836,0.018955020983294598,0.20994546674093698,133.92414321899415,132.4369502258301,-0.009671594015987939,0.010000000000000009,-0.07375730776554967,-0.7805846279793854,False,False,False
2021-04-26,132.0938720703125,133.7608458373082,131.93595542662374,132.28689022635731,10799100,False,17.639999389648438,False,1.58,False,0.002463166278604101,0.002460137656859203,0.20048879180060442,133.7652587890625,132.64936309814453,-0.023491180133640044,0.0,0.017888024657076285,-0.7636157372857361,False,False,False
2021-04-27,132.69931030273438,132.9800689884577,131.69913091263928,132.0412971937952,12821200,False,17.559999465942383,False,1.63,False,0.004583393786046441,0.0045729220220345574,0.19389843348191615,133.74174880981445,132.839345703125,-0.0035308351390455073,0.04999999999999982,-0.004535143224154603,-0.7420039913541451,False,False,False
2021-04-28,133.55908203125,134.13813665729336,132.83087940528182,133.73454947896698,8943700,False,17.280000686645508,False,1.63,False,0.006479097190137395,0.006458198063016131,0.19046336279932918,133.68272705078124,132.9872132873535,-0.008760868415518486,0.0,-0.015945261264952326,-0.7272217327868061,False,False,False
2021-04-29,136.15602111816406,136.23497944724213,134.4100888693724,134.70838481520445,12976900,False,17.610000610351562,False,1.65,False,0.019444122012656884,0.019257500322502112,0.1950516023330036,133.85167388916017,133.17917022705078,0.025448192239681644,0.020000000000000018,0.019097217048208215,-0.6740431212223943,False,False,False
2021-04-30,134.9453125,135.54191795276398,134.24342924446398,135.19975170644523,11705100,False,18.61000061035156,False,1.65,False,-0.008892068145215148,-0.00893183851928219,0.19561887195740782,133.89554138183593,133.33836517333984,0.006544067920455143,0.0,0.05678591512439657,-0.7080143924065887,False,False,False
2021-05-03,134.5504913330078,136.41047035952002,134.3487044392825,135.85774857346306,11801100,False,18.309999465942383,False,1.63,False,-0.0029257864513981824,-0.002930074931404895,0.1950634669127798,133.88413772583007,133.44727416992188,-0.001692206183101952,-0.020000000000000018,-0.016120426360561435,-0.7251497661750564,False,False,False
2021-05-04,136.4104766845703,136.55085600293526,133.4801286970724,134.1205909295631,12977700,False,19.479999542236328,False,1.61,False,0.013823697952608072,0.013729022155380185,0.19911663013841524,134.01310958862305,133.56913513183594,0.019273834133473944,-0.019999999999999796,0.06389951449590203,-0.5938726101617758,False,False,False
2021-05-05,138.2002716064453,138.86705324950864,135.66472888324276,136.86669493301082,10506700,False,19.149999618530277,False,1.59,False,0.01312065587171607,0.013035325648361233,0.1968249945676986,134.12672805786133,133.7058596801758,0.016717460857004207,-0.020000000000000018,-0.016940448226939075,-0.567243669673079,False,False,False
2021-05-06,140.98146057128906,141.09552042555404,137.88441423263083,138.682806437872,13542400,False,18.38999938964844,False,1.58,False,0.02012433790842172,0.01992451977720677,0.20833217484818078,134.37107009887694,133.85197967529297,0.03590767092229186,-0.010000000000000009,-0.03968669681572368,-0.6009324780981082,False,False,False
2021-05-07,141.4639892578125,141.6920955519647,137.76156934330305,137.93703675321285,14257800,False,16.690000534057617,False,1.6,False,0.0034226392929121996,0.0034167953936240893,0.20737364708371855,134.58865356445312,134.0440350341797,0.03173798906785419,0.020000000000000018,-0.0924414851556622,-0.5468030403069826,False,False,False
2021-05-10,141.44647216796875,143.64861746920158,141.35873174847708,141.69212927777525,14014300,False,19.65999984741211,False,1.63,False,-0.00012382720108239376,-0.00012383486830320456,0.20701584068673215,134.8198371887207,134.30569122314452,0.033793143365556944,0.029999999999999805,0.1779508219483823,-0.44408244590346085,False,False,False
2021-05-11,139.0951385498047,142.47294323672426,138.65646331188296,141.3236162553383,15451700,False,21.84000015258789,False,1.64,False,-0.01662348719006468,-0.01676320794831794,0.21174671775075374,135.015047454834,134.4622314453125,0.02887919499523295,0.010000000000000009,0.11088506216152072,-0.5394280969317632,False,False,False
2021-05-12,138.13885498046875,141.06043420524304,137.7703693197731,140.0339355674534,14381700,False,27.59000015258789,False,1.69,False,-0.006875032293048311,-0.00689877420775709,0.2006611603618957,135.28878021240234,134.60819366455078,0.04126701218881701,0.050000000000000044,0.26327838643896095,-0.539573982583148,False,False,False
2021-05-13,141.6920928955078,142.52557311743217,138.34060786365194,138.77928307385477,15395000,False,23.1299991607666,False,1.66,False,0.02572221925208118,0.025396968621783086,0.21720393401125737,135.69806213378905,134.7746319580078,0.06131267930353346,-0.030000000000000027,-0.1616528077982975,-0.6154790071177801,False,False,False
2021-05-14,143.89427185058594,144.28030826933596,142.12203321877266,142.47296811546823,10584000,False,18.809999465942383,False,1.63,False,0.015542003156817863,0.015422463228035048,0.22123654504713477,136.16788330078126,135.02610778808594,0.06986300111033583,-0.030000000000000027,-0.18677042159827906,-0.628281736409968,False,False,False
2021-05-17,144.4733428955078,144.63127298808246,143.03448823586294,143.33278427068095,9886800,False,19.71999931335449,False,1.64,False,0.004024281421870279,0.004016205660230448,0.21935132676660712,136.69517135620117,135.2830596923828,0.07874226479473001,0.010000000000000009,0.04837851532424353,-0.6205329240541122,False,False,False
2021-05-18,142.4378662109375,145.20151507034456,142.34135711557974,144.48208119816726,11098100,False,21.34000015258789,False,1.64,False,-0.014088942941138272,-0.014189134270946991,0.20825843930899954,137.2689582824707,135.46441345214845,0.08762639037863695,0.0,0.08215014683780075,-0.6335473031186306,False,False,False
2021-05-19,141.34996032714844,141.41136790975796,139.1829032032472,141.2534512224979,13278900,False,22.18000030517578,False,1.68,False,-0.007637757520026156,-0.0076670745630384885,0.21177769503837604,137.73263626098634,135.64284881591797,0.07021359998585908,0.040000000000000036,0.0393627060253805,-0.6283405081398952,False,False,False
2021-05-20,141.10427856445312,142.00794848312677,139.95495158365298,141.10427856445312,10426000,False,20.670000076293945,False,1.63,False,-0.0017381098808000317,-0.001739622146355415,0.1922912444406521,138.32309341430664,135.75880462646484,0.09133478240242554,-0.050000000000000044,-0.06807936014903804,-0.6097786493571887,False,False,False
2021-05-21,142.70982360839844,143.20113770534178,141.20077980361245,141.55171461934194,10249000,False,20.149999618530277,False,1.63,False,0.011378429203420248,0.011314181775066203,0.1863115214372229,138.87011947631837,135.92100158691406,0.08302784520833617,0.0,-0.025157254757828817,-0.5949580097061778,False,False,False
2021-05-24,143.4818878173828,144.0872617745552,142.23605177517982,143.32397116106247,9440300,False,18.399999618530277,False,1.61,False,0.005410028472202066,0.005395446835903515,0.18626993270985084,139.43952026367188,136.06671630859375,0.08621153705759,-0.019999999999999796,-0.08684863687990696,-0.5867185164427491,False,False,False
2021-05-25,141.9991912841797,145.3769828553027,141.7447521288418,143.7538923769107,12609100,False,18.84000015258789,False,1.56,False,-0.010333684312059166,-0.010387447529923858,0.1932663557075554,139.90451431274414,136.19638397216798,0.07008236109312826,-0.050000000000000044,0.02391307299889811,-0.574078865521338,False,False,False
2021-05-26,141.9816436767578,143.65738647047058,141.52541763407373,143.50823848075424,13058300,False,17.360000610351562,False,1.58,False,-0.00012357540393848065,-0.0001235830400078033,0.1933206374399998,140.32564239501954,136.3581463623047,0.0630624403628135,0.020000000000000018,-0.07855623833596592,-0.5503580748325151,False,False,False
2021-05-27,144.19253540039062,144.54347018552497,142.63085284812618,143.84158722795237,15707500,False,16.739999771118164,False,1.61,False,0.015571672973910822,0.015451678547141747,0.18943668646308198,140.72746810913085,136.5365658569336,0.05902430326788122,0.030000000000000027,-0.035714332801561,-0.5901698472593676,False,False,False
2021-05-28,144.09603881835938,144.7101814392377,143.23622576182467,144.4820617605507,10291300,False,16.760000228881836,False,1.58,False,-0.0006692203709665057,-0.0006694443988738995,0.1848178038396711,141.18500442504882,136.66839782714842,0.067810627496671,-0.030000000000000027,0.0011947704920629576,-0.5811321139211998,False,False,False
2021-06-01,145.68405151367188,146.4385734704176,145.18395530856208,145.5261214641034,9445400,False,17.899999618530273,False,1.62,False,0.01102051595820952,0.010960232570530064,0.18516644602409493,141.74168243408204,136.87577423095703,0.08274633611785842,0.040000000000000036,0.06801905573270361,-0.5599297017328272,False,False,False
2021-06-02,145.69281005859375,146.9035579342258,145.2278154023332,146.74562789564962,10498600,False,17.479999542236328,False,1.59,False,6.012013553213791e-05,6.01183283892198e-05,0.1819455660542698,142.2057991027832,137.15606872558592,0.06804707086749295,-0.030000000000000027,-0.023463691913108042,-0.59648838528249,False,False,False
2021-06-03,145.78933715820312,146.73687734484395,144.4645426664783,145.12255556937,13354400,False,18.040000915527344,False,1.63,False,0.0006625385258927086,0.0006623191441374576,0.178420591848048,142.5852523803711,137.46463500976563,0.054913535722775464,0.039999999999999813,0.03203669267484277,-0.6026839824270568,False,False,False
2021-06-04,146.0262451171875,146.2280320193317,144.78917748104757,145.8244582150433,8510800,False,16.420000076293945,False,1.56,False,0.0016250019624364231,0.0016236830753502153,0.16617244843406478,142.837491607666,137.7577032470703,0.035783318781461126,-0.06999999999999984,-0.089800485422317,-0.6015315078660858,False,False,False
2021-06-07,145.34193420410156,146.60532147601964,144.88570804761767,146.51758104262677,7267200,False,16.420000076293945,False,1.57,False,-0.004686218648824236,-0.004697233396586189,0.1676161675338142,143.03138885498046,138.00341857910155,0.027412947751824346,0.010000000000000009,0.0,-0.5997756100443083,False,False,False
2021-06-08,144.76284790039062,145.42962953189502,143.14852602160676,144.31540391722018,10370700,False,17.06999969482422,False,1.53,False,-0.0039843029947416175,-0.003992261476286886,0.16864046372131772,143.19720764160155,138.19324432373048,0.023446153739936637,-0.040000000000000036,0.039585847473210256,-0.6387514321190105,False,False,False
2021-06-09,142.9555206298828,144.0785284189971,142.37646597344016,144.00833875876384,12377400,False,17.889999389648438,False,1.5,False,-0.012484745200311398,-0.012563334427758834,0.1633929742237948,143.39022674560547,138.3889645385742,0.02775353704181316,-0.030000000000000027,0.048037475658119,-0.6075960231368364,False,False,False
2021-06-10,140.72703552246094,144.9734227407462,140.64807717881288,144.20134990336555,12119400,False,16.100000381469727,False,1.45,False,-0.015588660707909985,-0.015711441543271677,0.17196281751011316,143.51963577270507,138.50871490478517,0.018736079304827902,-0.050000000000000044,-0.10005584512285925,-0.5035004798082129,False,False,False
2021-06-11,140.6305389404297,141.42893129678694,139.55140131922167,140.7533675039224,13683800,False,15.649999618530272,False,1.47,False,-0.00068570038211202,-0.0006859355821430144,0.14501375884428155,143.46655807495117,138.66578399658204,-0.007491977381271164,0.020000000000000018,-0.02795035728430062,-0.35821543555066726,False,False,False
2021-06-14,138.24415588378906,140.6656389903827,137.44576353580487,140.50770890337157,19917900,False,16.389999389648438,False,1.51,False,-0.01696916668755344,-0.017114792783200966,0.14371291684218968,143.18405227661134,138.74930786132813,-0.03926574626030788,0.040000000000000036,0.04728433157544454,-0.2298775292155891,False,False,False
2021-06-15,136.14724731445312,137.67384203920778,135.22603997798194,137.48082385375696,24485500,True,17.020000457763672,False,1.51,False,-0.015168153445116683,-0.015284366540847423,0.14915437394525685,142.7677474975586,138.77668151855468,-0.057630670227355685,0.0,0.0384381385952417,-0.3129493796882197,False,False,False
2021-06-16,137.1035919189453,138.28800728215856,134.33116060962735,135.75246440040678,25321200,True,18.149999618530277,False,1.57,False,0.00702434036204469,0.006999784608204775,0.14700110559264154,142.50103378295898,138.84213256835938,-0.037449832926397586,0.06000000000000005,0.06639242834163128,-0.1486310586532371,False,False,False
2021-06-17,133.14674377441406,138.14765371320848,132.6992997154662,137.83180691062472,29722400,True,17.75,False,1.52,False,-0.028860280676457517,-0.029284928845038256,0.17473878888785002,142.09087295532225,138.78650939941406,-0.058034799116663205,-0.050000000000000044,-0.022038546938695114,-0.07315172669487084,False,False,False
2021-06-18,129.7777099609375,131.33939308810042,129.46186318312314,130.9884581737773,43595700,True,20.700000762939453,False,1.45,False,-0.025303163396805273,-0.02562879315240118,0.19180049562594179,141.5245445251465,138.6601712036133,-0.08027090828675276,-0.07000000000000006,0.166197226081096,-0.2946175870583099,False,False,False
2021-06-21,131.97984313964844,132.65540684399085,130.74278897917915,130.79542787273434,18664800,False,17.889999389648438,False,1.5,False,0.016968500826326505,0.016826143947947153,0.1986885565146874,140.988045501709,138.55752166748047,-0.0751873991393438,0.050000000000000044,-0.13574885360979994,-0.40069288469721054,False,False,False
2021-06-22,131.78683471679688,132.4536163290822,130.42693865886216,132.12900090284302,14251200,False,16.65999984741211,False,1.48,False,-0.0014624083364559448,-0.0014634786991927448,0.19593000463736004,140.40329284667968,138.45680236816406,-0.08150891571395313,-0.020000000000000018,-0.06875347032979973,-0.37473067344648125,False,False,False
2021-06-23,132.585205078125,133.39236594261897,131.68153512182707,131.77804421363103,12733300,False,16.31999969482422,False,1.5,False,0.006058043377730193,0.006039767207691171,0.19772128984138823,139.93259353637694,138.40468780517577,-0.06629605507551584,0.020000000000000018,-0.020408172611160347,-0.3712647001050581,False,False,False
2021-06-24,133.80470275878906,134.33988703057864,132.67292664949218,133.28706924319224,13733200,False,15.970000267028809,False,1.49,False,0.009197841342444502,0.009155798803528844,0.20245053436978042,139.52374649047852,138.42749786376953,-0.0575915358226502,-0.010000000000000009,-0.021446043770847023,-0.37300013216918876,False,False,False
2021-06-25,135.15585327148438,135.5506583367514,133.06775470378264,133.87491559355055,15484900,False,15.619999885559082,False,1.54,False,0.010097929929496097,0.010047286479053239,0.19668262443644074,139.0719123840332,138.46048583984376,-0.06267094273509644,0.050000000000000044,-0.021916116193956947,-0.36279135455622963,False,False,False
2021-06-28,135.40150451660156,135.53310173691733,133.46255401767664,134.84876941666292,14125800,False,15.760000228881836,False,1.49,False,0.0018175405590741267,0.0018158908308949647,0.19729698936801215,138.6371856689453,138.47855895996094,-0.060338468517637245,-0.050000000000000044,0.008962890163154658,-0.3587787726465051,False,False,False
2021-06-29,135.2347869873047,137.13863570471858,134.76979235706236,135.98930884931565,14528700,False,16.020000457763672,False,1.49,False,-0.0012312826943251531,-0.001232041345668612,0.19039462783385067,138.11472244262694,138.50470306396485,-0.07172552120701126,0.0,0.01649747621230091,-0.44507755764579493,False,False,False
2021-06-30,136.4630889892578,136.9368657495864,134.8575493773277,134.89263750642692,12531000,False,15.829999923706056,False,1.45,False,0.009082736988881734,0.009041737007638476,0.19535293215376587,137.65323638916016,138.61472229003905,-0.063350559753937,-0.040000000000000036,-0.011860207779553211,-0.43710740712174556,False,False,False
2021-07-01,137.8142547607422,137.8668936627582,136.3578493308533,137.09482073369716,10479400,False,15.479999542236328,False,1.48,False,0.00990132776190289,0.009852630795428204,0.20045819418012903,137.2544822692871,138.7294793701172,-0.05470278247308846,0.030000000000000027,-0.02210994208190664,-0.45119558588221464,False,False,False
2021-07-02,137.68186950683594,137.9377749029148,136.8788764514139,137.61127537910568,11424000,False,15.06999969482422,False,1.44,False,-0.0009606063910884144,-0.0009610680690919548,0.19992211970936458,136.83726348876954,138.89721405029297,-0.05714298552054886,-0.040000000000000036,-0.02648577903981497,-0.4499312574895368,False,False,False
2021-07-06,135.36997985839844,137.46127888466538,134.43463115406732,137.46127888466538,15083400,False,16.440000534057617,False,1.37,False,-0.016791532949969934,-0.016934109040348283,0.2059152054183176,136.3386657714844,138.96922760009767,-0.06861030438537896,-0.06999999999999984,0.09090914843906206,-0.49018465067795636,False,False,False
2021-07-07,135.52880859375,136.13767122178757,133.72870529144512,134.13460473383392,12271800,False,16.200000762939453,False,1.33,False,0.0011732936321457998,0.001172605861091215,0.20655624073041412,135.87696380615233,139.0379263305664,-0.06378735594504503,-0.040000000000000036,-0.014598525749495717,-0.49503738438871797,False,False,False
2021-07-08,133.19041442871094,134.59343727062452,132.39624064812526,133.78162505773517,17834600,False,19.0,False,1.3,False,-0.01725385317927819,-0.017404435501161504,0.21006065582105263,135.38870849609376,139.04774841308594,-0.0683087030017826,-0.030000000000000027,0.17283945093793274,-0.5253626120647772,False,False,False
2021-07-09,137.45245361328125,137.78775890144348,134.63757494231,135.0523070422969,13694500,False,16.18000030517578,False,1.37,False,0.031999593986183905,0.0314982736350532,0.2394449575539116,135.22497940063477,139.12561584472655,-0.023269032116128407,0.07000000000000006,-0.14842103656969574,-0.7242138235311758,False,False,False
2021-07-12,139.42019653320312,140.44379108099128,135.8376290803964,136.1994188978054,19940400,False,16.170000076293945,False,1.38,False,0.014315807889890841,0.014214304302414693,0.24560473860641682,135.16446228027343,139.19089935302733,-0.008606540345687308,0.009999999999999787,-0.000618061105884915,-0.7118341728980706,False,False,False
2021-07-13,137.34657287597656,138.88196510625443,135.44940419646616,137.69954357144834,22671700,False,17.1200008392334,False,1.42,False,-0.01487319419129296,-0.014984909234295305,0.24382631462219853,135.1195831298828,139.23892456054688,-0.006492737447556407,0.040000000000000036,0.058750819941689736,-0.71716510486278,False,False,False
2021-07-14,136.87887573242188,138.784876777768,134.96405547032572,137.61127465626654,14622800,False,16.329999923706055,False,1.37,False,-0.003405233445300526,-0.0034110444483405576,0.23775700534970876,135.15616455078126,139.28549224853515,0.005373802499869518,-0.04999999999999982,-0.04614491102809537,-0.7011677012060737,False,False,False
2021-07-15,137.17892456054688,138.1230925425676,135.62588045635567,135.80235906879872,11539300,False,17.010000228881836,False,1.31,False,0.0021920754865896175,0.002189676394474472,0.23658033947460405,135.15993118286133,139.3008612060547,0.0005494578263574024,-0.06000000000000005,0.041641170137951544,-0.7284544825768274,False,False,False
2021-07-16,134.04635620117188,137.90246776693053,133.26101506281606,137.6201047273012,14002700,False,18.450000762939453,False,1.31,False,-0.022835638706238504,-0.02310041049103033,0.22758318083421436,135.2049118041992,139.2177828979492,0.00675654846116247,0.0,0.08465611491366087,-0.8556744915179313,False,False,False
2021-07-19,129.68728637695312,132.20215032641758,128.57545901705512,131.08149028413274,22172900,False,22.5,False,1.19,False,-0.03251912209890151,-0.033059618716828415,0.23953430629098835,135.200390625,138.9918994140625,-0.0006967574324712178,-0.1200000000000001,0.21951214469301195,-0.8710341560612584,False,False,False
2021-07-20,132.10507202148438,133.34925484973104,129.12253399160963,129.29019336693918,15385200,False,19.729999542236328,False,1.23,False,0.01864319712499518,0.018471542899215522,0.24116913849155908,135.2066520690918,138.80472106933593,0.0009488485427537885,0.040000000000000036,-0.12311113145616315,-0.875734567155649,False,False,False
2021-07-21,134.8846435546875,135.58173869000836,133.56103394769963,134.16989652122658,12356700,False,17.90999984741211,False,1.3,False,0.021040611769630457,0.020822314855354733,0.2521431351052007,135.36154251098634,138.67348449707032,0.02350620867818587,0.07000000000000006,-0.09224529838067741,-0.9082612630004507,False,False,False
2021-07-22,133.1815643310547,135.39641256065912,132.33446189988717,134.90226723173632,9913300,False,17.690000534057617,False,1.27,False,-0.012626190637797241,-0.012706578360083437,0.25614047564208414,135.3913604736328,138.5552130126953,0.004497932122805803,-0.030000000000000027,-0.012283602190330645,-0.880084160823491,False,False,False
2021-07-23,132.9257049560547,134.8669964220075,132.581566984656,133.6669231306897,9666100,False,17.200000762939453,False,1.3,False,-0.0019211320747367644,-0.0019229798158434453,0.2540778605844838,135.3474105834961,138.45095001220704,-0.006569259410253658,0.030000000000000027,-0.027699251346815612,-0.8736197152391613,False,False,False
2021-07-26,133.8169403076172,134.09049763269448,132.5109824579729,132.528634358016,8208000,False,17.579999923706055,False,1.29,False,0.006704763024255822,0.0066823860664303476,0.25253324627457147,135.28046493530275,138.29344696044922,-0.009906437135044022,-0.010000000000000009,0.02209297348319761,-0.8657346203342902,False,False,False
2021-07-27,133.6404571533203,134.55816742197234,132.18449186398647,132.71392766717415,11218700,False,19.36000061035156,False,1.25,False,-0.001318840154999612,-0.0013197105900708173,0.25241707231906924,135.19241256713866,138.08837066650392,-0.01300611370286009,-0.040000000000000036,0.10125146156828091,-0.8462417146269261,False,False,False
2021-07-28,133.8610382080078,134.8052194485583,133.137472015464,134.38165471372804,9217300,False,18.309999465942383,False,1.26,False,0.0016505559722415075,0.0016491953017688473,0.25251877188930694,135.12372512817382,137.8761245727539,-0.010158250032410998,0.010000000000000009,-0.05423559459227256,-0.8391221158606375,False,False,False
2021-07-29,135.00816345214844,135.77585262197732,134.0463438198074,135.13169979516056,9063500,False,17.700000762939453,False,1.28,False,0.008569522988146172,0.00853301305952888,0.25226987361778724,135.05097885131835,137.72753051757812,-0.010661678171625666,0.020000000000000018,-0.0333150584814359,-0.8428115255152397,False,False,False
2021-07-30,133.93165588378906,135.59940361017456,133.41985850420323,134.637583768199,9805200,False,18.239999771118164,False,1.24,False,-0.007973647969375719,-0.008005607503095306,0.2505475353488784,134.8568489074707,137.57916442871092,-0.028172694353669425,-0.040000000000000036,0.03050841722613762,-0.8426666672231572,False,False,False
2021-08-02,133.39337158203125,136.28766344718284,133.305139022218,134.15224161158034,10203200,False,19.459999084472656,False,1.2,False,-0.004019096890916285,-0.004027195166611668,0.2507262018507296,134.64242401123047,137.4249462890625,-0.031147876914845107,-0.040000000000000036,0.0668859281065497,-0.8436388502267234,False,False,False
2021-08-03,134.91111755371094,135.29055931734123,131.93741221506667,134.08165336128764,10394800,False,18.040000915527344,False,1.19,False,0.011377971436506762,0.01131372915811901,0.24780548475566705,134.6194808959961,137.26897216796874,-0.0033896902782100113,-0.010000000000000009,-0.07297010461209863,-0.8425966850191167,False,False,False
2021-08-04,133.4551544189453,135.3346709744882,133.1639586789139,133.46397363611462,10155000,False,17.969999313354492,False,1.19,False,-0.01079201744945868,-0.010850673664098429,0.2506431104172668,134.51579818725585,137.0684375,-0.015300467821719788,0.0,-0.003880354690702914,-0.8279609449769432,False,False,False
2021-08-05,135.1405487060547,135.61705575127223,134.1346058449287,134.37285936753747,9151500,False,17.280000686645508,False,1.23,False,0.01262891863898008,0.012549838944000755,0.24680704277797472,134.61330490112306,136.9312646484375,0.014641701399521923,0.040000000000000036,-0.03839725392733928,-0.8237061840862003,False,False,False
2021-08-06,138.97900390625,139.26138040886983,136.87005321094915,136.94064733660412,13328800,False,16.149999618530273,False,1.31,False,0.028403430627948367,0.02800753229274233,0.24104863409142732,134.68963241577148,136.87121185302735,0.01110602432215324,0.08000000000000007,-0.06539357773223542,-0.7804278009461346,False,False,False
2021-08-09,138.8289794921875,139.9055162142255,137.5671315298687,138.99663883709604,9516900,False,16.719999313354492,False,1.33,False,-0.0010794753872584995,-0.001080058440446492,0.23561608970831607,134.6600715637207,136.76394073486327,-0.004240540866508047,0.020000000000000018,0.035294099584386895,-0.7943682351416104,False,False,False
2021-08-10,140.5320587158203,141.16739249274676,137.92896215270906,138.3084039610328,8667000,False,16.790000915527344,False,1.36,False,0.012267461951116942,0.012192826412231588,0.23273578843892895,134.8193458557129,136.6926611328125,0.023193049328724236,0.030000000000000027,0.004186698866484928,-0.7748822479955642,False,False,False
2021-08-11,142.20858764648438,142.50860252559653,140.3731811189656,141.18499321421328,9156500,False,16.170000076293945,False,1.35,False,0.011929868145277078,0.011859268212197922,0.23502254988730364,135.08583145141603,136.62315185546876,0.038937431985351045,-0.010000000000000009,-0.03692679007897037,-0.7993796200027621,False,False,False
2021-08-12,142.7645263671875,143.27632369791723,141.6703510420337,142.84395317663672,8844200,False,15.59000015258789,False,1.36,False,0.003909318908961623,0.0039016973786664237,0.23511862687013937,135.36511154174804,136.56458618164064,0.04071763811047591,0.010000000000000009,-0.0358688881242718,-0.8037313756826588,False,False,False
2021-08-13,141.16734313964844,143.09099569850187,140.8055668228559,142.76449624165934,8980900,False,15.449999809265137,False,1.29,False,-0.011187535644752056,-0.011250586820894528,0.22200235407791347,135.72116088867188,136.47214630126953,0.0531233159951745,-0.07000000000000006,-0.0089801373927193,-0.7663282848890042,False,False,False
2021-08-16,140.2408447265625,140.32909075362585,138.3436763247806,140.24967740794082,8755800,False,16.1200008392334,False,1.26,False,-0.006563121416611306,-0.006584753398807634,0.18312726717812577,136.24883880615235,136.35643829345702,0.08137696951213913,-0.030000000000000027,0.04336576299285588,-0.6304225765471914,False,False,False
2021-08-17,138.54660034179688,140.17905728862203,137.01122208541403,139.04075915149508,9347200,False,17.90999984741211,False,1.26,False,-0.012080962490414349,-0.012154530432513414,0.18297813159536455,136.57091522216797,136.22053161621093,0.04876064349190856,0.0,0.1110421163144204,-0.6296179246933399,False,False,False
2021-08-18,137.28475952148438,139.42900014500523,137.07297718426187,137.92891228358383,8065500,False,21.56999969482422,False,1.27,False,-0.009107699627414312,-0.009149428284958048,0.17338645547472317,136.6909210205078,136.0709698486328,0.017793841489626372,0.010000000000000009,0.20435510209906327,-0.5590153706925214,False,False,False
2021-08-19,136.13768005371094,137.26715934891328,135.01701997671375,135.1493890365227,9517700,False,21.670000076293945,False,1.24,False,-0.008355475668032408,-0.008390578324537712,0.16957584880918056,136.83872680664064,135.9346130371094,0.02219613305718582,-0.030000000000000027,0.004636086364605774,-0.5921562228989476,False,False,False
2021-08-20,136.52590942382812,136.6847361014185,135.14935769356958,136.19942338803534,6974100,False,18.559999465942383,False,1.26,False,0.0028517407521857496,0.0028476822535533548,0.16927463924469535,137.01873703002929,135.85059051513673,0.02708433608807015,0.020000000000000018,-0.1435164097555205,-0.5544232618748776,False,False,False
2021-08-23,138.27308654785156,138.61722452110422,136.98478068468157,137.06419403286594,7934600,False,17.149999618530273,False,1.25,False,0.012797403301665788,0.012716208523826199,0.17314860424949163,137.241544342041,135.80344146728515,0.03330031481806883,-0.010000000000000009,-0.07596982155088206,-0.5888423337014103,False,False,False
2021-08-24,139.12901306152344,139.90553498869335,138.4230852608647,138.53780239950194,7670900,False,17.219999313354492,False,1.29,False,0.0061901164936797315,0.00617103642067694,0.17346610185615097,137.51597213745117,135.82113861083985,0.04106956849082266,0.040000000000000036,0.004081614949343004,-0.5933648641642945,False,False,False
2021-08-25,141.996826171875,142.75569616047386,139.24372270833126,139.87022366767383,11335000,False,16.790000915527344,False,1.35,False,0.020612617363162,0.0204030522630293,0.1854980577971845,137.92276153564453,135.9381301879883,0.06077786391604789,0.06000000000000005,-0.024970871949668183,-0.5880437307594593,False,False,False
2021-08-26,142.7292022705078,144.56460877478992,142.1997531668774,143.17922458347866,11027500,False,18.84000015258789,False,1.34,False,0.005157693438488042,0.0051444380961440835,0.18453687246823147,138.3088134765625,136.05064239501954,0.05718942189074361,-0.010000000000000009,0.12209643390577263,-0.5302776614258687,False,False,False
2021-08-27,143.87635803222656,143.97342326928566,142.29684312594244,142.72922708456065,8780200,False,16.389999389648438,False,1.31,False,0.008037288399781017,0.008005161425072911,0.18079721874069624,138.80604858398436,136.26523468017578,0.07425206597211353,-0.030000000000000027,-0.13004250228750225,-0.5238069482449859,False,False,False
2021-08-30,141.57330322265625,144.26464578252833,141.07915772926103,144.0175730358307,7937600,False,16.190000534057617,False,1.29,False,-0.016007180339208005,-0.0161366790491986,0.19218964648294734,139.2150451660156,136.50114654541017,0.061321874869882054,-0.020000000000000018,-0.012202493168921968,-0.46624947007603335,False,False,False
2021-08-31,141.140869140625,142.3938843301651,140.61143349875672,141.57325302626668,12340800,False,16.479999542236328,False,1.3,False,-0.003054488891533147,-0.003059163363903547,0.19071686765163048,139.52653274536132,136.68436706542968,0.04617671026580794,0.010000000000000009,0.01791222968576589,-0.45212953450497556,False,False,False
2021-09-01,140.93795776367188,141.8556545374964,140.2761529332506,141.37916098395274,8729900,False,16.110000610351562,False,1.31,False,-0.0014376514626033288,-0.001438685875002491,0.1849863294608253,139.90067291259766,136.8673895263672,0.05606979645938881,0.010000000000000009,-0.022451392121492608,-0.4622480056383465,False,False,False
2021-09-02,141.59097290039062,142.60573513284578,140.68208168979936,141.20271183127355,8813300,False,16.40999984741211,False,1.29,False,0.0046333517746421915,0.00462265084170165,0.18149345462081262,140.22319412231445,137.0475048828125,0.04773122690485976,-0.020000000000000018,0.018621925865588196,-0.4494295266529177,False,False,False
2021-09-03,140.73500061035156,141.97036417603067,140.43497220344116,141.52916097908056,7959700,False,16.40999984741211,False,1.33,False,-0.006045387446000805,-0.006063734782564869,0.15532808096910625,140.31099395751954,137.18611083984376,0.012634978340225311,0.040000000000000036,0.0,-0.4111236691308905,False,False,False
2021-09-07,140.4879150390625,142.40273512283778,140.26731346077798,141.176190886154,9285600,False,18.13999938964844,False,1.38,False,-0.001755679612161054,-0.0017572226238986466,0.15544779090524968,140.3939407348633,137.29275207519532,0.011949490322143763,0.04999999999999982,0.10542349532740292,-0.4084003518970255,False,False,False
2021-09-08,139.86138916015625,140.81438951590906,139.45547636504924,140.20552705547388,7852700,False,17.959999084472656,False,1.35,False,-0.004459642516098539,-0.0044696163860938895,0.1501001591851959,140.36040725708008,137.38194976806642,-0.0047723598571929315,-0.029999999999999805,-0.0099228396489639,-0.4149936180380746,False,False,False
2021-09-09,140.4702911376953,141.9174372410717,139.4908193963308,139.6584787835529,7904300,False,18.799999237060547,False,1.3,False,0.0043536102508019425,0.004344160706189568,0.14427820531066152,140.27349243164062,137.48665985107422,-0.01222356917790568,-0.050000000000000044,0.04677061221646239,-0.3805648332829479,False,False,False
2021-09-10,138.85546875,141.82035473081487,138.73193239515157,141.6791664782873,8311600,False,20.950000762939453,False,1.35,False,-0.011495828581378764,-0.011562416432345901,0.14823527103759673,140.07803955078126,137.53450744628907,-0.027381154945546382,0.050000000000000044,0.11436178793244811,-0.41389289262599993,False,False,False
2021-09-13,141.0614776611328,141.22913701958183,139.481976241257,139.887875616442,10052800,False,19.3700008392334,False,1.33,False,0.01588708699046326,0.01576220812844868,0.1553761012341749,140.07274627685547,137.59945190429687,-0.0007499289577965751,-0.020000000000000018,-0.07541765470963968,-0.4947255422893859,False,False,False
2021-09-14,138.599609375,142.367475815019,137.88484872788126,141.58213448951287,11685600,False,19.459999084472656,False,1.28,False,-0.01745244929339873,-0.017606538744098062,0.1659333300028028,139.99068450927734,137.61780670166016,-0.01170297679511656,-0.050000000000000044,0.004646269558077121,-0.4444862646065173,False,False,False
2021-09-15,139.56138610839844,140.02906037851577,138.0701172807047,138.29071885960727,11691500,False,18.18000030517578,False,1.31,False,0.006939245628003299,0.006915279868710989,0.16207279878874972,140.04142379760742,137.70163482666015,0.0073245086064765985,0.030000000000000027,-0.06577589103373593,-0.4201779127111948,False,False,False
2021-09-16,139.49960327148438,141.93505318133947,138.73191412917842,140.66438600479788,10880900,False,18.690000534057617,False,1.34,False,-0.0004426929155466608,-0.00044279093298421596,0.15819279563405153,140.15216598510742,137.78105072021484,0.016133209234003854,0.030000000000000027,0.0280528173993837,-0.36853637496012487,False,False,False
2021-09-17,139.13787841796875,140.31148091454844,138.53784834032598,138.87316718633656,25581600,True,20.809999465942383,False,1.37,False,-0.0025930170769852268,-0.002596384768680426,0.15503738197975023,140.30217590332032,137.9,0.022037971875781492,0.030000000000000027,0.11342958112931156,-0.37758353814106127,False,False,False
2021-09-20,134.97286987304688,136.3847118356804,132.7933252946273,135.79350124661838,15819900,False,25.709999084472656,False,1.31,False,-0.029934397392565093,-0.03039157821756238,0.18996941498803097,140.22452392578126,137.8504083251953,-0.011375419928242536,-0.06000000000000005,0.2354637070774368,-0.60832885614387,False,False,False
2021-09-21,134.9905242919922,136.37590877203897,134.63756712564353,135.4758504940612,8999900,False,24.36000061035156,False,1.33,False,0.00013079975969931823,0.00013079120615660896,0.18341449564412773,140.06039581298828,137.7618148803711,-0.023739704795867067,0.020000000000000018,-0.05250869397877256,-0.5718737375928569,False,False,False
2021-09-22,137.57598876953125,138.75841014598367,136.86124172054812,136.9494742842582,11236200,False,20.8700008392334,False,1.32,False,0.019152933075113898,0.01897182450559989,0.1956464317048617,139.98274459838868,137.7664031982422,-0.011162476163799395,-0.010000000000000009,-0.1432676389028955,-0.6363819124765453,False,False,False
2021-09-23,142.22625732421875,142.6939451042889,139.1290157023009,139.42021143051676,12336100,False,18.6299991607666,False,1.41,False,0.03380145471807361,0.033242740935006086,0.21874998865518944,139.99421615600585,137.87335083007812,0.001615748453884791,0.08999999999999986,-0.10733117337761822,-0.6792290240443208,False,False,False
2021-09-24,143.86753845214844,144.352864681638,141.90860856444667,142.45569624253298,10102400,False,17.75,False,1.47,False,0.011539930522028952,0.011473853388283205,0.221831170127786,140.0511329650879,138.00712310791016,0.007975495998941984,0.06000000000000005,-0.04723559851896364,-0.7393223922730408,False,False,False
2021-09-27,147.34423828125,147.7148474072901,145.2529391184325,145.59707712578796,13220900,False,18.76000022888184,False,1.48,False,0.024165978416722078,0.023878601780007412,0.23604197644821368,140.22452697753906,138.2730807495117,0.024103197331744264,0.010000000000000009,0.05690142134545573,-0.6439779409890282,False,False,False
2021-09-28,146.55007934570312,149.39142947325993,146.17947021573335,147.97957362765158,13387900,False,23.25,False,1.54,False,-0.00538982008940847,-0.005404397573311396,0.22861069387948268,140.4733657836914,138.6103366088867,0.03515335172493472,0.06000000000000005,0.23933900406917963,-0.6494890450422617,False,False,False
2021-09-29,146.4353485107422,147.2736319500807,145.63235540524306,146.66478280628706,7777100,False,22.559999465942383,False,1.55,False,-0.0007828780132578261,-0.0007831846222850692,0.228108991205183,140.73808975219725,138.89694213867188,0.03751202187115665,0.010000000000000009,-0.029677442325058756,-0.6422971569032595,False,False,False
2021-09-30,144.44110107421875,147.35304479243578,143.64692726136718,147.29126988350671,13161200,False,23.13999938964844,False,1.52,False,-0.013618620482042543,-0.013712204522306797,0.23450983995077737,140.91324691772462,139.0880712890625,0.02485592501929834,-0.030000000000000027,0.025709217084940672,-0.6347997859670936,False,False,False
2021-10-01,147.4765625,148.5089762081689,144.36166948025215,144.71462659837022,11285000,False,21.100000381469727,False,1.48,False,0.021015219374584504,0.020797445412844895,0.24456288892515543,141.20752639770507,139.3739712524414,0.04156754826276887,-0.040000000000000036,-0.08815899144281303,-0.6594565641624459,False,False,False
2021-10-04,147.31773376464844,150.39733669652807,146.24119696734735,147.33538566125475,14120000,False,22.959999084472656,False,1.49,False,-0.0010769761151135926,-0.0010775564706132811,0.24298525596543927,141.53666305541992,139.66181182861328,0.04677395904180415,0.010000000000000009,0.08815159570501252,-0.6697977106934832,False,False,False
2021-10-05,149.72349548339844,151.0373228806252,147.9569202907132,148.43629871583514,12292900,False,21.299999237060547,False,1.54,False,0.01633042850491706,0.016198521188548386,0.24732578628297164,141.99844207763672,139.9799429321289,0.0657393231422645,0.050000000000000044,-0.07229964780507026,-0.6833421198986147,False,False,False
2021-10-06,150.04302978515625,150.11404929063713,147.36210102199215,149.12867566366666,8692600,False,21.0,False,1.53,False,0.0021341627159194854,0.0021318886256148626,0.2456827654768257,142.5075241088867,140.30799438476564,0.07279808020025413,-0.010000000000000009,-0.014084471727988102,-0.6922611898269553,False,False,False
2021-10-07,150.992919921875,152.25348594238827,150.50466918086212,151.97829376443244,10195400,False,19.540000915527344,False,1.58,False,0.006330784829384539,0.006310829588381594,0.24585983901322847,143.0336555480957,140.65063201904297,0.07490999483915739,0.050000000000000044,-0.06952376592726939,-0.6912722163781398,False,False,False
2021-10-08,151.10833740234375,152.10258366508177,150.29163318001045,150.930795361939,8190100,False,18.770000457763672,False,1.61,False,0.000764390015958849,0.0007640980187009847,0.23955920221579724,143.64629898071288,140.97263549804688,0.08824188750105488,0.030000000000000027,-0.039406367537669684,-0.6648395231041812,False,False,False
2021-10-11,147.93026733398438,152.0581768558747,147.77048358011973,151.6232009399624,12154700,False,20.0,False,1.5950000000000002,False,-0.02103173208700848,-0.02125604973179191,0.25151357477918795,143.98973846435547,141.2526077270508,0.048693589396193726,-0.014999999999999902,0.06553007523916032,-0.6545227538457656,False,False,False
2021-10-12,146.79396057128906,147.9746344684042,146.27020694984586,147.14017219934644,13032600,False,19.850000381469727,False,1.59,False,-0.007681367600924083,-0.00771102125639049,0.24349698875465017,144.39945602416992,141.52061950683594,0.0591224696320618,-0.0050000000000001155,-0.007499980926513716,-0.6720393318367165,False,False,False
2021-10-13,142.9235076904297,146.83837223897822,142.56842364856442,145.64882579858283,22753500,False,18.63999938964844,False,1.56,False,-0.02636656757400946,-0.02672039892346008,0.2641525220181095,144.56756210327148,141.68086730957032,0.024090629047062162,-0.030000000000000027,-0.06095722763566491,-0.551633627107057,False,False,False
2021-10-14,145.11619567871094,145.59556052113143,142.089054582482,143.5893098167956,15176800,False,16.860000610351562,False,1.52,False,0.015341688877595905,0.015225195131730731,0.26865732096670897,144.8483917236328,141.91408813476562,0.04026242566651561,-0.040000000000000036,-0.09549349987025135,-0.5685595931060955,False,False,False
2021-10-15,147.9036407470703,148.4007638334521,145.71096220524572,146.78511380271135,14267400,False,16.299999237060547,False,1.59,False,0.019208366477101002,0.019026214668926626,0.2746721680232531,145.28667984008788,142.16934997558593,0.06300054614006179,0.07000000000000006,-0.033214789621489715,-0.5699914310336051,False,False,False
2021-10-18,147.85037231445312,149.67908081294712,147.28222973680852,147.7882251588793,12672900,False,16.309999465942383,False,1.59,False,-0.0003601563311634859,-0.00036022120303140135,0.24590667810129027,145.9305549621582,142.34677734375,0.09540808055365946,0.0,0.0006135110030618396,-0.4320483410356861,False,False,False
2021-10-19,149.64356994628906,149.71457591236566,147.87699515082716,148.60492144060018,8053900,False,15.699999809265137,False,1.65,False,0.012128462064485701,0.012055501608125126,0.24664926456980518,146.66320724487304,142.56306915283204,0.10854869800047218,0.05999999999999983,-0.037400348047283094,-0.44381352382974276,False,False,False
2021-10-20,151.65867614746094,151.68530676822732,148.65817999457113,149.4038644672004,8185600,False,15.489999771118164,False,1.65,False,0.013466039348667858,0.013376178059077497,0.24320902890895474,147.36734161376953,142.78560150146484,0.10236297411986017,0.0,-0.013375798770586256,-0.4016279963520559,False,False,False
2021-10-21,150.46914672851562,152.0936825045063,149.7412068914281,151.58767356229862,8415200,False,15.010000228881836,False,1.68,False,-0.007843464344820639,-0.00787438610656999,0.2217695770492199,147.77948608398438,142.95081268310548,0.05795617180241486,0.030000000000000027,-0.03098770492762115,-0.30282146166308405,False,False,False
2021-10-22,152.49319458007812,152.7683867931292,150.64672743486955,150.93967791683724,8817900,False,15.43000030517578,False,1.66,False,0.013451580576943067,0.013361911300939033,0.22285694730306413,148.21076889038085,143.14538604736327,0.05995554119248836,-0.020000000000000018,0.02798135042568428,-0.2671128664759331,False,False,False
2021-10-25,151.7474822998047,153.54068785849694,151.33912346235658,153.31875694687224,10159200,False,15.239999771118164,False,1.64,False,-0.004890134817667868,-0.004902130650406686,0.20975295742029285,148.4309310913086,143.3569888305664,0.029884059736016155,-0.020000000000000018,-0.012313709027852893,-0.35992935888891725,False,False,False
2021-10-26,152.15582275390625,153.12345179247123,151.39237990036722,151.8007387248317,8015100,False,15.979999542236328,False,1.63,False,0.0026909207844043603,0.0026873067390251635,0.2081588562673004,148.71121826171876,143.5952883911133,0.03825138432698827,-0.010000000000000009,0.04855641615694517,-0.39667677866977663,False,False,False
2021-10-27,148.98667907714844,151.53444191342504,148.551689561808,151.1971160983183,9847000,False,16.979999542236328,False,1.54,False,-0.020828277350144697,-0.021048245653864425,0.2232750738055032,148.83878479003906,143.8040899658203,0.01742291456505174,-0.08999999999999986,0.0625782245710913,-0.4740545109978768,False,False,False
2021-10-28,151.23260498046875,151.3657581127488,149.10207359045828,149.40389638735192,7212900,False,16.530000686645508,False,1.57,False,0.01507467591889422,0.014962182121325168,0.2216541412611054,149.17835998535156,144.083046875,0.04701919229181373,0.030000000000000027,-0.026501700101433157,-0.4520568037725914,False,False,False
2021-10-29,150.8153533935547,152.9015091546472,150.37149161847853,151.96051081319317,8140100,False,16.260000228881836,False,1.55,False,-0.002759005486733135,-0.0027628185575080785,0.2109697261133701,149.3452995300293,144.3766003417969,0.022639467837844984,-0.020000000000000018,-0.01633396530841069,-0.38633227715020274,False,False,False
2021-11-01,150.7355194091797,152.98145976988548,150.03420994971995,152.72401225595004,7435500,False,16.40999984741211,False,1.58,False,-0.0005293491848052945,-0.0005294893395477363,0.2109001341555911,149.51618881225585,144.6607925415039,0.023200096534144565,0.030000000000000027,0.009225068660444258,-0.41861212479846205,False,False,False
2021-11-02,151.3302459716797,152.413269867337,149.95427165713926,150.73547277416088,7173800,False,16.030000686645508,False,1.56,False,0.003945497151773392,0.003937734090610231,0.20359558170973785,149.5965263366699,144.92193572998048,0.01073145188798641,-0.020000000000000018,-0.023156560895795986,-0.3692567314128227,False,False,False
2021-11-03,151.38352966308594,151.91616933012273,150.15846655625495,151.028445582121,8402700,False,15.100000381469728,False,1.6,False,0.0003521020603920455,0.0003520400870084566,0.2035171631431128,149.6635513305664,145.16702606201173,0.0089341029693224,0.040000000000000036,-0.05801623614093521,-0.3582290754569836,False,False,False
2021-11-04,149.39500427246094,151.09055966282864,147.79711256915726,150.91301764530465,9574200,False,15.4399995803833,False,1.53,False,-0.013135678597603007,-0.013222714648990932,0.20783418502816664,149.5836555480957,145.31498962402344,-0.010582719045640232,-0.07000000000000006,0.022516502670477445,-0.37204738376943525,False,False,False
2021-11-05,149.18197631835938,150.992926777002,148.61383367000195,149.93653336546495,7975600,False,16.479999542236328,False,1.45,False,-0.0014259376017222714,-0.0014269552182310753,0.20780985035203475,149.4873374938965,145.44404510498046,-0.01274821176051466,-0.08000000000000007,0.06735751231330078,-0.35045701576612004,False,False,False
2021-11-08,150.07855224609375,151.72971871249374,149.7944877328828,150.06967988635157,6413700,False,17.219999313354492,False,1.51,False,0.0060099480504336444,0.005991960346779308,0.19420024759241886,149.59475173950196,145.5680889892578,0.014522281010005633,0.06000000000000005,0.044902899980162614,-0.20621428862748378,False,False,False
2021-11-09,148.94227600097656,149.5548074994686,147.89476857414357,148.5605613254457,7990300,False,17.780000686645508,False,1.46,False,-0.007571210063740175,-0.00760001716986808,0.19413687927098952,149.70216751098633,145.7154684448242,0.014634903379721731,-0.050000000000000044,0.03252040624976815,-0.23510119823747358,False,False,False
2021-11-10,148.8002166748047,149.98089061827108,148.32972427834792,148.64930529722292,6999200,False,18.729999542236328,False,1.56,False,-0.0009537878028058611,-0.0009542429478231101,0.16587497184012004,149.9960029602051,145.8686553955078,0.04111786143049234,0.10000000000000009,0.05343075471894454,-0.4831229719253722,False,False,False
2021-11-11,148.79136657714844,149.74122387123737,148.16107680416025,148.71147469687327,5815300,False,17.65999984741211,False,1.57,False,-5.947637613723522e-05,-5.947814492702892e-05,0.15836869416384294,150.17976150512695,146.02572357177735,0.02532571144970186,0.010000000000000009,-0.057127587879079234,-0.36352508088412483,False,False,False
2021-11-12,148.12554931640625,148.90675036034077,147.11354503021204,148.8268449476939,8113400,False,16.290000915527344,False,1.58,False,-0.004474837996712444,-0.00448488005317614,0.14455608744005355,150.19085693359375,146.15641510009766,0.0015003590730766625,0.010000000000000009,-0.07757638412921752,-0.22489265047590432,False,False,False
2021-11-15,147.85923767089844,148.9511338841438,147.3621146322042,148.4362661266297,6492500,False,16.489999771118164,False,1.63,False,-0.0017978778592675493,-0.0017994959814141467,0.14470869137491077,150.19130020141603,146.29889984130858,5.996167819222187e-05,0.04999999999999982,0.012277399898743102,-0.2270986613439245,False,False,False
2021-11-16,146.79396057128906,148.3119737377473,146.58090205187457,148.30308783344725,9706100,False,16.3700008392334,False,1.63,False,-0.007204670579868955,-0.007230749554728366,0.13947037867555806,150.048819732666,146.42502075195313,-0.019042644973137124,0.0,-0.007277072986680122,-0.1607568830703719,False,False,False
2021-11-17,146.00389099121094,146.9715063941235,145.04514794724378,146.6608112839994,9909600,False,17.110000610351562,False,1.6,False,-0.005382166793533982,-0.005396702833619355,0.12935797798810694,149.7660804748535,146.54787078857422,-0.03728626215061859,-0.029999999999999805,0.04520462633970257,-0.15466203530591643,False,False,False
2021-11-18,144.74334716796875,146.34125248380784,144.30835769306057,145.93289363536465,8122500,False,17.59000015258789,False,1.59,False,-0.008633631711349898,-0.008671117424122977,0.12987159349855223,149.47979049682618,146.63333190917967,-0.03805298086043951,-0.010000000000000009,0.028053741970408108,-0.2124568591031726,False,False,False
2021-11-19,142.85250854492188,143.90890200666547,141.54755350930802,143.1898479147129,12193600,False,17.90999984741211,False,1.54,False,-0.013063388819194777,-0.013149465338741654,0.12216081515756934,148.99775619506835,146.7132727050781,-0.06322043460171378,-0.050000000000000044,0.01819213712611245,-0.2938037162071206,False,False,False
2021-11-22,145.8973846435547,147.34436495575113,144.69007995967803,145.72871498582677,14549900,False,19.170000076293945,False,1.63,False,0.02131482414728003,0.021090840474818382,0.14974294564305904,148.70525131225585,146.80999084472657,-0.03855153026323077,0.08999999999999986,0.07035177217290145,-0.054199860740651334,False,False,False
2021-11-23,149.38613891601562,149.63470046131974,146.80285977133175,146.91826818364734,12354400,False,19.3799991607666,False,1.67,False,0.023912383905882795,0.02363096036471733,0.17519663432838642,148.56676712036133,147.02572143554687,-0.018202943454686316,0.040000000000000036,0.010954568786483598,-0.0655169845634629,False,False,False
2021-11-24,148.21437072753906,150.4159219456947,147.75275056151622,149.54595641962828,9629800,False,18.57999992370605,False,1.64,False,-0.00784388830837468,-0.007874813421846752,0.16106112373106085,148.52815170288085,147.1987811279297,-0.0051837409518300515,-0.030000000000000027,-0.04127963218285846,0.10617114774480438,False,False,False
2021-11-26,143.74911499023438,144.38827723904143,140.98830685004748,143.93554295679928,13619300,False,28.6200008392334,False,1.48,False,-0.030127009380980452,-0.030590153563937586,0.1826377098984208,148.15397720336915,147.2837713623047,-0.049483310766225586,-0.15999999999999992,0.5403660364237894,-0.48326826771558073,False,False,False
2021-11-29,143.12770080566406,146.27912292385244,141.87602057445622,144.97416788771696,12104400,False,22.959999084472656,False,1.52,False,-0.004322907898337558,-0.004332278680456206,0.1827547071074217,147.76959457397462,147.36356781005858,-0.05097393875960088,0.040000000000000036,-0.19776385705068866,-0.4344877351012867,False,False,False
2021-11-30,140.99717712402344,142.5950827223778,140.5177986717218,141.29012761252096,18922600,False,27.190000534057617,False,1.43,False,-0.014885474088159989,-0.014997374607617327,0.1876880327488446,147.2826774597168,147.48405395507814,-0.06460549128252246,-0.09000000000000008,0.1842335199588756,-0.4668096825678615,False,False,False
2021-12-01,140.16268920898438,144.93864687094828,140.0827973299137,142.9235103545511,12253400,False,31.1200008392334,False,1.43,False,-0.005918472497538296,-0.005936056068805353,0.18591791948364914,146.72429962158202,147.58749725341798,-0.07379593346319702,0.0,0.14453844163236207,-0.46029535841995484,False,False,False
2021-12-02,143.10995483398438,144.92090536361414,140.97053729865502,141.88489169754703,12969900,False,27.950000762939453,False,1.44,False,0.02102746202739869,0.020809436007288226,0.20544379542798782,146.31062088012695,147.69817657470702,-0.0546530712258787,0.010000000000000009,-0.10186375291794603,-0.4984806172723143,False,False,False
2021-12-03,140.51776123046875,143.660310327492,139.54127340792155,143.36735991705172,12681800,False,30.670000076293945,False,1.35,False,-0.018113300409623556,-0.018279354483341545,0.20950825341710771,145.86675872802735,147.66400665283203,-0.05942128443466699,-0.08999999999999986,0.09731660962818656,-0.5159651521600269,False,False,False
2021-12-06,142.17784118652344,144.35276169757395,141.55643726130754,142.9323982580036,11186500,False,27.18000030517578,False,1.43,False,0.011814022238312738,0.011744781485254508,0.21597852296129336,145.51655197143555,147.63021270751952,-0.04695027713595157,0.07999999999999985,-0.11379197138690988,-0.545226831040623,False,False,False
2021-12-07,144.3172607421875,145.04518719467964,143.06556696729422,143.70472916955504,9851600,False,21.88999938964844,False,1.48,False,0.015047489382381096,0.014935398968094865,0.22287058679403637,145.22848739624024,147.56967315673828,-0.03838850666988769,0.050000000000000044,-0.19462843473625668,-0.5940698907674413,False,False,False
2021-12-08,142.66607666015625,144.9386470831941,142.1866982938537,144.39713510383055,11705700,False,19.899999618530277,False,1.52,False,-0.011441348550683572,-0.011507304343768005,0.22460220903087927,144.91467742919923,147.49199310302734,-0.04213846806516619,0.040000000000000036,-0.0909090829878787,-0.5559988682056032,False,False,False
2021-12-09,142.4441680908203,142.8613858183416,140.8373766211828,141.72510042855387,11189600,False,21.57999992370605,False,1.49,False,-0.0015554403298307928,-0.0015566512830138043,0.22457322537396718,144.596875,147.4121694946289,-0.04271531806889228,-0.030000000000000027,0.08442212750654576,-0.5543599552699252,False,False,False
2021-12-10,141.87600708007812,143.5449184114819,141.26347556477396,143.20759261923024,10405400,False,18.690000534057617,False,1.48,False,-0.0039886575797187795,-0.003996633490211381,0.2245361983917177,144.2511070251465,147.3608676147461,-0.04647688677208761,-0.010000000000000009,-0.1339202687611557,-0.5352084972088584,False,False,False
2021-12-13,140.1893310546875,141.84937010986525,139.6211884042916,141.59193618595006,12069000,False,20.309999465942383,False,1.42,False,-0.01188838098917333,-0.01195961290811644,0.22702482042809619,143.85429611206055,147.21512298583986,-0.05357764611401672,-0.06000000000000005,0.08667730795045947,-0.550757554989579,False,False,False
2021-12-14,141.2634735107422,142.82586231088433,139.6389375511274,139.77209068487107,12563600,False,21.88999938964844,False,1.44,False,0.00766208418268044,0.007632879499962926,0.22996155497811807,143.52450790405274,147.0940377807617,-0.044608400963333406,0.020000000000000018,0.07779418834331064,-0.5298426958406086,False,False,False
2021-12-15,140.20704650878906,141.9026015812583,139.6832929143358,141.9026015812583,14014200,False,19.290000915527344,False,1.47,False,-0.007478415868577559,-0.007506519421569159,0.2300429326041764,143.19516220092774,146.90370880126954,-0.04487183285242258,0.030000000000000027,-0.11877563027025984,-0.5067045505142552,False,False,False
2021-12-16,142.39976501464844,143.65145870937027,140.88175149511085,142.38200674750365,19542800,False,20.56999969482422,False,1.44,False,0.015639146251625213,0.015518115055947794,0.23813738942072946,143.01495590209962,146.75084350585936,-0.024685136485708137,-0.030000000000000027,0.0663555582450257,-0.4699266664368653,False,False,False
2021-12-17,139.15956115722656,141.4854064425323,137.75695609763275,141.4321451882775,28082000,True,21.56999969482422,False,1.41,False,-0.022754278120392657,-0.023017152032026943,0.24905389024181177,142.7357666015625,146.5141763305664,-0.03857715135095252,-0.030000000000000027,0.04861448783840361,-0.45979661582351306,False,False,False
2021-12-20,136.6561737060547,137.33083876838214,134.79194872025192,137.16216911640348,15148000,False,22.8700008392334,False,1.43,False,-0.01798933131402647,-0.018153106444351044,0.25258471313098513,142.42594985961915,146.22513305664063,-0.043375750989480655,0.020000000000000018,0.06026894588789067,-0.4657449549863774,False,False,False
2021-12-21,138.56478881835938,139.53240439857666,137.67706512004878,137.96114320539073,11291300,False,21.01000022888184,False,1.48,False,0.013966548751833896,0.013869915228215794,0.2447782635406022,142.05932006835937,146.03782348632814,-0.05025858306582909,0.050000000000000044,-0.08132927599900808,-0.5349005304228036,False,False,False
2021-12-22,139.10630798339844,139.42588907307973,137.8102389026166,138.26297313566954,7273000,False,18.6299991607666,False,1.46,False,0.003908057520651376,0.0039004409015335377,0.22575054088499957,141.54532852172852,145.8840704345703,-0.06881382039331285,-0.020000000000000018,-0.11327944037066306,-0.5890480562825839,False,False,False
2021-12-23,139.60342407226562,141.25459069474886,139.5590487237726,139.91413278524888,8055200,False,17.959999084472656,False,1.5,False,0.003573641598816124,0.0035672713139100615,0.22644812580140533,141.11478118896486,145.81766876220703,-0.058097920012782356,0.040000000000000036,-0.035963505446898525,-0.5995392597218914,False,False,False
2021-12-27,140.40237426757812,140.4378772531484,138.78671073958142,139.9052511960677,6188100,False,17.68000030517578,False,1.48,False,0.005722998562692316,0.005706684420697293,0.20389259633846826,140.94744415283202,145.72339233398438,-0.0232818179289912,-0.020000000000000018,-0.015590133272275541,-0.4405054603354393,False,False,False
2021-12-28,140.82847595214844,142.1689337554261,140.33135288723983,140.4378753881238,6342300,False,17.540000915527344,False,1.49,False,0.0030348609615264976,0.003030265067250815,0.204022146645531,140.83248291015624,145.58188903808593,-0.016064149990346555,0.010000000000000009,-0.007918517377369816,-0.49721878913529755,False,False,False
2021-12-29,140.7574462890625,141.7073170054263,140.3934763764977,141.01489370842265,6398900,False,16.950000762939453,False,1.55,False,-0.0005043700331606171,-0.0005044972705107287,0.19705644438368922,140.82049636840821,145.44003051757812,-0.0017002527274008195,0.06000000000000005,-0.03363740717171748,-0.4421788877318317,False,False,False
2021-12-30,140.68646240234375,142.24886494143172,140.58881224365075,141.2457327244573,6948200,False,17.329999923706055,False,1.52,False,-0.0005042993361287218,-0.000504426537805877,0.19583738747692017,140.84668502807617,145.26088836669922,0.0037368945781171004,-0.030000000000000027,0.02241882853465449,-0.4344561074095403,False,False,False
2021-12-31,140.571044921875,141.40549377176825,140.2248332413656,140.65980915922302,5805900,False,17.219999313354492,False,1.52,False,-0.000820387964114655,-0.0008207246664841298,0.1798064574483205,140.7197395324707,145.0391357421875,-0.01774097347074599,0.0,-0.006347409742402221,-0.3937406710068872,False,False,False
2022-01-03,143.544921875,144.37938433363047,141.60080477363516,141.91151349183633,13120900,False,16.600000381469727,False,1.63,False,0.02115568646998245,0.02093501185766835,0.18374029826069876,140.87109756469727,144.9006512451172,0.021542904028810206,0.10999999999999988,-0.03600458516882421,-0.2998811822008964,False,False,False
2022-01-04,148.98667907714844,149.65247189183447,145.79086814841963,145.86188767412355,20195800,False,16.90999984741211,False,1.66,False,0.03790978552962776,0.03720886914547786,0.22301728927320555,141.2115394592285,144.8305209350586,0.04788958556272127,0.030000000000000027,0.018674666193889244,-0.14133413057845562,True,False,False
2022-01-05,146.26284790039062,150.3529939267181,146.21819294369067,149.87075582398552,17539400,False,19.729999542236328,False,1.71,False,-0.018282380637180018,-0.018451568637020403,0.22930909549255699,141.30881881713867,144.7208282470703,0.01348131989338941,0.050000000000000044,0.16676521113368237,-0.18692253569993128,False,False,False
2022-01-06,147.8167724609375,149.4688970905359,146.3432404311652,149.0581041320163,14047500,False,19.61000061035156,False,1.73,False,0.010624191876840383,0.010568151721793087,0.22709236931425747,141.56635360717775,144.63404724121094,0.036103157256161866,0.020000000000000018,-0.0060820544687740785,-0.2528860502456983,False,False,False
2022-01-07,149.28135681152344,149.6117789932496,147.40595747210386,147.95071528960912,13913300,False,18.76000022888184,False,1.76,False,0.009908106679659578,0.00985934322843413,0.22843959227389446,141.9082130432129,144.63994079589844,0.047999077900780174,0.030000000000000027,-0.04334525012819368,-0.25813890690144786,False,False,False
2022-01-10,149.42428588867188,151.20143659797546,147.82572781521154,150.98711453353607,12922500,False,19.399999618530277,False,1.78,False,0.0009574476023077594,0.0009569895417082092,0.22726376777715776,142.28562698364257,144.6037744140625,0.05320334962861839,0.020000000000000018,0.03411510564179698,-0.3309212896611061,False,False,False
2022-01-11,149.57608032226562,150.49591538758978,148.52228035920214,150.2637150155545,11854100,False,18.40999984741211,False,1.75,False,0.0010158618640268013,0.0010153462255455086,0.2208077434733002,142.75496444702148,144.5789889526367,0.0669576578827984,-0.030000000000000027,-0.0510309170404597,-0.27271135990512924,False,False,False
2022-01-12,150.42446899414062,151.45146506821953,149.29922381974978,150.442333705723,12568000,False,17.6200008392334,False,1.74,False,0.005671954165713755,0.005655929200375915,0.22040338406437043,143.2130142211914,144.57276794433594,0.06485041926072843,-0.010000000000000009,-0.04291140764402346,-0.3083965532565619,False,False,False
2022-01-13,150.23696899414062,151.64798184637473,149.93333693938789,150.33520449735903,13623400,False,20.309999465942383,False,1.7,False,-0.0012464727397993869,-0.0012472502330948723,0.21747530012005004,143.714510345459,144.55090240478515,0.07153650786533627,-0.040000000000000036,0.15266733817170586,-0.40395323919896914,False,False,False
2022-01-14,141.00283813476562,143.80699816639134,140.11871890717197,143.5658722630873,40158400,True,19.190000534057617,False,1.78,False,-0.06146377234044931,-0.06343382203885031,0.31220824195752084,143.64466400146483,144.34328857421875,-0.009809895962532789,0.08000000000000007,-0.05514519750543956,-0.1794957043533479,True,False,False
2022-01-18,135.09091186523438,139.1185396382745,134.43897924786577,139.1185396382745,32324800,True,22.790000915527344,False,1.87,False,-0.041927711156287795,-0.04283204577488756,0.3369322028605904,143.44123153686525,144.0572067260742,-0.029237296080542485,0.09000000000000008,0.18759772179685963,-0.3457833504641787,True,False,False
2022-01-19,133.00115966796875,135.94821032516654,132.66181189960528,135.3588110951531,22380000,False,23.850000381469727,False,1.83,False,-0.01546922859881461,-0.015590125524285419,0.3353882683872876,143.25848083496095,143.7335903930664,-0.026746058659214422,-0.040000000000000036,0.04651160260463971,-0.3388717042880699,False,False,False
2022-01-20,131.8670196533203,134.5014995118015,131.59910344486124,133.05477106362076,14860800,False,25.59000015258789,False,1.83,False,-0.008527294179086597,-0.008563859569712378,0.3314328037381822,142.923592376709,143.36935974121093,-0.04833673274542338,0.0,0.07295596407914773,-0.317584232349464,False,False,False
2022-01-21,129.56292724609375,131.7330193351979,128.83956321639238,131.7240937938021,20705400,False,28.850000381469727,False,1.75,False,-0.0174728481259685,-0.01762730012537656,0.3348248141602619,142.44642333984376,142.9817727661133,-0.06860494592699307,-0.08000000000000007,0.12739352127562054,-0.34499966935289467,False,False,False
2022-01-24,129.4468536376953,129.92016633763484,124.64228141213016,127.0624254247593,28471400,True,29.899999618530277,False,1.75,False,-0.0008958859672718589,-0.000896287512949041,0.3339769508110681,141.93859481811523,142.59470550537108,-0.07275301807291468,0.0,0.03639512038741466,-0.3365600274268561,False,False,False
2022-01-25,130.8578643798828,131.14364528059966,125.73178189423707,128.2858907805646,18915900,False,31.15999984741211,False,1.78,False,0.010900309297101396,0.0108413291399424,0.33638167186816553,141.46136932373048,142.2360354614258,-0.06797969006923943,0.030000000000000027,0.04214047641997154,-0.31756334057323576,False,False,False
2022-01-26,132.0991668701172,134.4657434381481,130.34880693573797,132.81360533644312,20709100,False,31.959999084472656,False,1.85,False,0.009485883757286873,0.00944117527257724,0.33876315679091656,141.0249038696289,141.9155078125,-0.06198539764782618,0.07000000000000006,0.025673916591080648,-0.3121675863309396,False,False,False
2022-01-27,129.76834106445312,134.29608485842846,128.71455471405014,133.43875583246762,17536800,False,30.489999771118164,False,1.81,False,-0.01764451556273461,-0.017802035688743507,0.34254807665803527,140.47544860839844,141.55368988037108,-0.07807121764657421,-0.040000000000000036,-0.04599497357522364,-0.2636557589051203,False,False,False
2022-01-28,130.92930603027344,131.06325730708755,126.96418471517951,128.76813912804664,14117000,False,27.65999984741211,False,1.78,False,0.008946442223867868,0.008906659907044449,0.3453963295766367,139.98759078979492,141.23639678955078,-0.06935391085580223,-0.030000000000000027,-0.09281731534766324,-0.2905967011448704,False,False,False
2022-01-31,132.70645141601562,132.87611846705255,129.1967785653274,130.06303303761217,13985700,False,24.82999992370605,False,1.79,False,0.013573320134540934,0.01348202779058009,0.3505399430803899,139.59436111450196,140.97044799804686,-0.055947464218041976,0.010000000000000009,-0.10231380836290338,-0.327035024825317,False,False,False
2022-02-01,134.98374938964844,135.26953033704814,132.43857925744965,132.78686627035202,14584900,False,21.959999084472656,False,1.81,False,0.017160416463053663,0.017014839596158425,0.34721407415720146,139.1663024902344,140.77525604248046,-0.059641068269950304,0.020000000000000018,-0.1155860188502581,-0.34981561052797655,False,False,False
2022-02-02,133.9031219482422,134.7961666312351,132.2331327516152,134.40322479043334,12441100,False,22.09000015258789,False,1.78,False,-0.008005611388722578,-0.008037828355120555,0.31223517284709135,138.41212463378906,140.59626831054686,-0.10124097820245836,-0.030000000000000027,0.0059199031664420865,-0.3889656226800909,False,False,False
2022-02-03,132.79576110839844,135.43024058418234,132.42960946425285,133.9567220918846,12474900,False,24.350000381469727,False,1.82,False,-0.008269865733763648,-0.008304250777746896,0.3086453782617643,137.73877029418946,140.33423583984376,-0.09207455608387771,0.040000000000000036,0.10230874663969036,-0.3597439535182512,False,False,False
2022-02-04,136.24295043945312,137.08241496545568,132.85831570091273,133.15302220217657,16654400,False,23.21999931335449,False,1.93,False,0.025958579568220008,0.0256273751424469,0.32315825481248867,137.16007919311522,140.0713720703125,-0.07829843548060766,0.10999999999999988,-0.04640661397998025,-0.38503660882200424,False,False,False
2022-02-07,136.69839477539062,137.18955858833567,134.71583392905356,136.87700103707832,12572300,False,22.86000061035156,False,1.92,False,0.003342883682924125,0.003337308668227495,0.3202738690430071,136.5309310913086,139.84105255126954,-0.08429024430706067,-0.010000000000000009,-0.015503820570566651,-0.3742782516242818,False,False,False
2022-02-08,139.2703399658203,141.52974231914467,138.2433438513212,138.4219500938276,20411400,False,21.440000534057617,False,1.96,False,0.018814743177165028,0.01863993513856626,0.3302032258846128,136.02323379516602,139.75147705078126,-0.0679537858418593,0.040000000000000036,-0.062117237024522765,-0.40807986320024553,False,False,False
2022-02-09,139.85079956054688,140.59201463865574,139.1542258141269,139.841860392785,9131100,False,19.959999084472656,False,1.94,False,0.004167862266071909,0.004159200786366742,0.33093870558301813,135.53696975708007,139.6859390258789,-0.06501895718062256,-0.020000000000000018,-0.06902991663801339,-0.41293726536740755,False,False,False
2022-02-10,139.2703399658203,142.02091970612452,138.61842104861955,139.90440779751842,16455600,False,23.90999984741211,False,2.03,False,-0.004150563289952891,-0.004159200786366862,0.3293004469041307,134.97926330566406,139.65140228271486,-0.07415102810670249,0.08999999999999986,0.19789583888369267,-0.36730615700027675,False,False,False
2022-02-11,137.45745849609375,141.27076373285513,136.60906863358164,138.96670643795582,16830000,False,27.36000061035156,False,1.92,False,-0.013016996082378163,-0.013102459638539577,0.3308146359222834,134.3402877807617,139.59729766845703,-0.08506235571449317,-0.10999999999999988,0.14429112442310865,-0.40722452548053073,False,False,False
2022-02-14,136.18043518066406,137.24314727031302,134.242529191137,136.394757256728,17026500,False,28.32999992370605,False,1.98,False,-0.00929031665070379,-0.009333740801100627,0.25400640675860797,134.09916763305665,139.45870727539062,-0.03420075097702979,0.06000000000000005,0.03545319048668061,-0.6988901529188726,False,False,False
2022-02-15,138.17189025878906,139.26140598689534,137.39494565622124,137.98434485810958,9500000,False,25.700000762939453,False,2.05,False,0.014623650419996359,0.014517755971420335,0.21057831688104264,134.2532165527344,139.41178985595704,0.02280670365618853,0.06999999999999984,-0.09283442173841516,-0.6449699925306535,False,False,False
2022-02-16,138.42196655273438,139.4043214434998,137.29673482704487,137.29673482704487,9076500,False,24.290000915527344,False,2.03,False,0.001809892688570347,0.0018082568063483748,0.20114553650045275,134.52425689697264,139.33667236328125,0.040757591124005454,-0.020000000000000018,-0.05486380566359328,-0.6395496630938071,False,False,False
2022-02-17,135.23377990722656,137.28778586067935,134.5550707027151,136.63586691247866,11367500,False,28.11000061035156,False,1.97,False,-0.02303237502620814,-0.023301764669782715,0.21723290233981643,134.69259490966797,139.15500274658203,0.025531480598844913,-0.05999999999999983,0.15726634626770575,-0.6829864974669809,False,False,False
2022-02-18,135.86782836914062,137.65391787767504,134.9658580729721,135.85890282723932,11733300,False,27.75,False,1.92,False,0.004688536121293385,0.004677579170505011,0.20570121324964627,135.00783996582032,139.01903778076172,0.04866284867947801,-0.050000000000000044,-0.012806851744392667,-0.6506510943465696,False,False,False
2022-02-22,135.626708984375,136.8501896226984,134.32287121151697,134.49255190326284,11333500,False,28.809999465942383,False,1.94,False,-0.0017746613577316328,-0.0017762379347352481,0.20591480816832172,135.31683273315429,138.88268859863283,0.04774048324091584,0.020000000000000018,0.03819817895287869,-0.6514014823342551,False,False,False
2022-02-23,132.7868194580078,136.90375609595887,132.14382617982338,136.74300096302238,11799000,False,31.020000457763672,False,1.99,False,-0.02093901376530749,-0.021161343974384166,0.2191050401440859,135.41328048706055,138.7009048461914,0.014740841807758809,0.050000000000000044,0.07670951172469942,-0.6887549671612371,False,False,False
2022-02-24,129.089599609375,129.4825414135197,124.82977305339416,127.65179725881598,25655100,True,30.31999969482422,False,1.96,False,-0.02784327438313272,-0.028238247172954218,0.23871757371380728,135.26280212402344,138.47891021728515,-0.0227826361971023,-0.030000000000000027,-0.02256611065794678,-0.6141065818397288,False,False,False
2022-02-25,132.14385986328125,134.07284018953146,129.4111445478189,129.71477655469602,18367700,False,27.59000015258789,False,1.97,False,0.023660002534274138,0.02338444270843504,0.24554848408700988,135.38157806396484,138.29651794433593,0.018305842390697213,0.010000000000000009,-0.09003956364492816,-0.6930472920699133,False,False,False
2022-02-28,126.63375091552734,129.54507195558378,125.8121513636117,128.19657926061055,31315300,True,30.149999618530277,False,1.83,False,-0.041697805357394424,-0.04259210749353652,0.2862939116346365,135.16680030822755,138.0250520324707,-0.03280820196016987,-0.1399999999999999,0.09278722188416744,-0.6843992125877388,True,False,False
2022-03-01,121.8559341430664,125.45490282631904,119.29290047642895,125.06196101816988,36840400,True,33.31999969482422,False,1.72,False,-0.037729410508009376,-0.038459589809484836,0.30756975142376336,134.62427444458007,137.61417541503906,-0.08176329904967772,-0.1100000000000001,0.10514096571814391,-0.6853775601284481,True,False,False
2022-03-02,124.38326263427734,125.06197168922338,121.99883496058663,122.6060988055204,19405600,False,30.739999771118164,False,1.86,False,0.020740298853592964,0.020528147232726262,0.3110904644751737,134.09425010681153,137.31864944458007,-0.07853157734396154,0.14000000000000012,-0.07743097080840666,-0.6832783289971759,False,False,False
2022-03-03,123.49915313720705,125.9014457077426,122.40071190437568,124.88337523241027,16640800,False,30.479999542236328,False,1.86,False,-0.007107945863020437,-0.007133327656673348,0.31094951526857484,133.57405166625978,137.05550903320312,-0.07769773146182957,0.0,-0.008458042642086161,-0.6811974237848811,False,False,False
2022-03-04,120.02521514892578,120.9361246564756,118.23912555666924,120.50746696983305,21016000,False,31.979999542236328,False,1.74,False,-0.028129245424231675,-0.02853245190624671,0.32246882040336433,132.93552436828614,136.68471755981446,-0.09616681927857862,-0.1200000000000001,0.04921259916429599,-0.682092899670511,False,False,False
2022-03-07,115.3903350830078,118.4981274537443,115.1581346927798,118.03374030007176,27560100,True,36.45000076293945,True,1.78,False,-0.03861588633827551,-0.03938124783008955,0.3221207928539323,131.89289360046388,136.21039810180665,-0.15305463724313795,0.040000000000000036,0.1397748994586303,-0.7074368515739242,True,False,True
2022-03-08,114.5776596069336,117.69437748374008,113.65781766709829,115.77433646293828,19207800,False,35.130001068115234,False,1.86,False,-0.007042838340746593,-0.007067756190542605,0.319336175920274,130.786856842041,135.7098828125,-0.16182146984830104,0.08000000000000007,-0.036213982639098585,-0.6971459614877942,False,False,True
2022-03-09,119.16790008544922,120.7753834480156,118.27485528699926,118.6856482632882,17536200,False,32.45000076293945,False,1.94,False,0.040062264269166814,0.03928058085075841,0.35087264624280184,129.78173484802247,135.28519332885742,-0.1443411417341598,0.07999999999999985,-0.07628807923971881,-0.694807562766363,True,False,False
2022-03-10,117.7568817138672,119.17681960117044,116.38159878958471,117.7568817138672,15604200,False,30.229999542236328,False,1.98,False,-0.011840591053213556,-0.011911249161147504,0.3483859965591756,128.6770389556885,134.8237614440918,-0.1579820631423301,0.040000000000000036,-0.0684129789987108,-0.6609233443009933,False,False,True
2022-03-11,115.10455322265624,119.73945829730503,114.68482104188722,118.3195202185928,20061800,False,30.75,False,2.0,False,-0.022523766361746467,-0.022781300831743418,0.3515517825998917,127.46874961853027,134.31070358276367,-0.17351710887684224,0.020000000000000018,0.01720147091094537,-0.7529219386331033,False,False,True
2022-03-14,116.24763488769533,118.70350798009756,115.40817063218913,115.6135807384728,15786900,False,31.770000457763672,False,2.14,False,0.009930811883939406,0.009881825421516072,0.3576741184651582,126.40825843811035,133.8219270324707,-0.15430100221881493,0.14000000000000012,0.03317074659394059,-0.7647553871233311,False,False,True
2022-03-15,118.31058502197266,119.26614960974987,117.10498257809589,117.70332102833702,15096600,False,29.82999992370605,False,2.15,False,0.017746168653412164,0.017590543867618363,0.3691736719039858,125.51476593017578,133.37671783447266,-0.13122186116518375,0.009999999999999787,-0.06106391268822098,-0.7767912734168879,False,False,False
2022-03-16,123.59741973876952,123.67780414329846,120.05203007924632,120.44497205059672,20354900,False,26.670000076293945,False,2.19,False,0.04468606689600074,0.04371642582972517,0.40585878762209343,124.78604240417481,132.97776779174805,-0.10548072037461664,0.040000000000000036,-0.10593361902427756,-0.7921709597418848,True,False,False
2022-03-17,125.16024780273438,125.19597723273596,121.38267137376688,122.22213583060076,17050500,False,25.670000076293945,False,2.2,False,0.012644503965115073,0.012565229780577537,0.41015704949990844,124.12295646667481,132.50123916625978,-0.09580646107168045,0.010000000000000231,-0.03749531297860276,-0.7987329422951563,False,False,False
2022-03-18,125.11558532714844,125.78536894533065,123.65099236046132,125.19595609090248,23656500,False,23.8700008392334,False,2.14,False,-0.00035684233908139795,-0.00035690602245927943,0.4045789552433185,123.6170467376709,132.07829391479493,-0.0748200234218066,-0.06000000000000005,-0.07012073360774285,-0.8102156065707401,False,False,False
2022-03-21,124.71368408203124,125.70496422166993,123.89208461183765,125.33882625930892,12676100,False,23.530000686645508,False,2.32,False,-0.0032122396587629387,-0.0032174099757427384,0.4034097090908882,123.05933952331543,131.6162321472168,-0.08209555139723423,0.17999999999999972,-0.014243826587096553,-0.81088771445424,False,False,False
2022-03-22,127.36604309082033,128.5359295808572,126.56230823367832,127.05348559161268,13548600,False,22.940000534057617,False,2.38,False,0.021267586057713395,0.021044587173762768,0.4132425688742811,122.6463062286377,131.17792587280275,-0.06090736813872222,0.06000000000000005,-0.025074378893781613,-0.8133549674715468,False,False,False
2022-03-23,124.8298110961914,126.44622013394346,124.31184343530798,125.90146221704735,12093200,False,23.56999969482422,False,2.32,False,-0.019912937020587385,-0.020113871488627713,0.41266134777882935,122.24845581054687,130.68603637695313,-0.0599231790797784,-0.06000000000000005,0.02746290959458708,-0.8144066166275311,False,False,False
2022-03-24,125.64247131347656,125.6603360244383,124.23145893670016,125.29418439702287,10017600,False,21.670000076293945,False,2.34,False,0.006510145374320375,0.006489045902168901,0.4028711527912048,122.07609939575195,130.20736419677735,-0.02670337739313966,0.020000000000000018,-0.08061093097712246,-0.8382488851362311,False,False,False
2022-03-25,126.74091339111328,127.86614490692877,125.7407075992773,125.99968458938416,8383500,False,20.809999465942383,False,2.48,False,0.008742601654946114,0.008704606404069202,0.3941227475401099,121.80595207214355,129.7336930847168,-0.0408868522363276,0.14000000000000012,-0.03968623014876527,-0.8301945527112734,False,False,False
2022-03-28,125.8031997680664,125.89250968681908,123.15085597712148,125.0262552566839,10818100,False,19.6299991607666,False,2.46,False,-0.007398665497645229,-0.0074261713784060475,0.36585275237469017,121.76442451477051,129.24501770019532,-0.006558687091366089,-0.020000000000000018,-0.056703524048953846,-0.7836660395185261,False,False,False
2022-03-29,126.08006286621094,128.2412433516535,125.24061217045993,128.0179821436087,11316500,False,18.899999618530277,False,2.41,False,0.002200763562890007,0.002198345429936167,0.3377224608909405,121.97563095092774,128.94656219482422,0.03466494063543224,-0.04999999999999982,-0.03718795585561385,-0.739938078119279,False,False,False
2022-03-30,125.50847625732422,126.91948829498467,124.94586745167182,126.72301740197004,8771000,False,19.32999992370605,False,2.35,False,-0.004533520969871807,-0.00454382854092157,0.3308882822979528,122.03189163208008,128.754913482666,0.009046342725028245,-0.06000000000000005,0.022751339357392597,-0.7254089499766154,False,False,False
2022-03-31,121.73988342285156,125.33885316482775,121.68628928406396,124.8744660161518,17353900,False,20.559999465942383,False,2.32,False,-0.030026600169586026,-0.030486630715965243,0.3475994153327028,121.94392814636231,128.52968795776368,-0.014245196583663522,-0.03000000000000025,0.06363163720077814,-0.7523799171275096,False,False,False
2022-04-01,120.83788299560548,122.71328242214666,119.48939032815098,122.7043432535026,15721300,False,19.6299991607666,False,2.39,False,-0.0074092433957166914,-0.007436828178943335,0.3332320489444776,121.98456153869628,128.30910522460937,0.0067708093309506445,0.07000000000000028,-0.04523347905316466,-0.7178731728598141,False,False,False
2022-04-04,121.37371826171876,122.29355328695424,118.67671923414052,119.775160488462,17416400,False,18.56999969482422,False,2.42,False,0.004434331790906798,0.004424529109900972,0.29945637645762735,122.28373069763184,128.14532104492187,0.05185341713763747,0.029999999999999805,-0.05399895625369899,-0.631832610809053,False,False,False
2022-04-05,119.96125030517578,121.81455681141192,119.66435939964433,120.61801521489215,12110300,False,21.030000686645508,False,2.54,False,-0.011637346015034966,-0.011705589894593721,0.30187301643317593,122.55291023254395,127.95560897827148,0.04698639086110634,0.1200000000000001,0.13247178418139316,-0.5962523486435914,False,False,False
2022-04-06,118.29686737060548,119.2595010626264,117.82004637523085,118.37783386541516,12914700,False,22.100000381469727,False,2.61,False,-0.01387433800778326,-0.013971486260512945,0.27202218512521736,122.50935859680176,127.70438903808594,-0.007309289785413342,0.06999999999999984,0.05087967950013872,-0.5938964247285706,False,False,False
2022-04-07,117.93699645996094,118.68371951851184,115.81378804281272,117.81104399995166,12994200,False,21.549999237060547,False,2.66,False,-0.003042100088053279,-0.003046736680232158,0.2688144978644994,122.51836433410645,127.42114562988282,0.0015295475174978979,0.050000000000000266,-0.02488692918169999,-0.6455065336123522,False,False,False
2022-04-08,120.09620666503906,120.46505863888925,118.29687785055056,118.4588108545156,13126900,False,21.15999984741211,False,2.72,False,0.018308166816942473,0.01814259021334924,0.2619984986822309,122.76794700622558,127.22770294189453,0.04336625530987526,0.06000000000000005,-0.018097420113952323,-0.625752060836275,False,False,False
2022-04-11,119.65535736083984,121.36471411773648,119.26850828352292,119.65535736083984,10466400,False,24.3700008392334,False,2.79,False,-0.0036708012387834943,-0.003677555162925462,0.26115940408698757,122.9383331298828,127.00222396850586,0.02931433810620443,0.06999999999999984,0.15170137121782057,-0.5903044022769629,False,False,False
2022-04-12,118.34185028076172,121.07683777078546,117.5861354721194,118.8816544171002,12989900,False,24.26000022888184,False,2.72,False,-0.010977419724860549,-0.01103811619928996,0.25744353633578776,122.93989639282226,126.71493194580079,0.00026426425651826513,-0.06999999999999984,-0.004513771299279878,-0.5686796156362866,False,False,False
2022-04-13,114.52727508544922,116.28161783135096,113.36670724435488,114.20339536868362,30838000,True,21.81999969482422,False,2.7,False,-0.03223352673853386,-0.03276446744092627,0.22344848927061964,122.48638916015625,126.3058024597168,-0.07338457932609421,-0.020000000000000018,-0.10057710268084696,-0.24292457169589032,False,False,False
2022-04-14,113.4656753540039,115.42694399903974,112.47603903374691,113.80754535125068,18835200,False,22.700000762939453,False,2.83,False,-0.009269405306755574,-0.009312633585121702,0.21557794556383603,121.90166053771972,125.89705352783203,-0.0934367952607631,0.1299999999999999,0.04033002201755176,-0.2326273727390681,False,False,False
2022-04-18,115.57089233398438,116.2726294523978,112.94386712693904,113.06082102537644,11834400,False,22.170000076293945,False,2.85,False,0.018553778254193354,0.018383756718556573,0.23067480525253253,121.42442588806152,125.55255615234375,-0.07628700268001698,0.020000000000000018,-0.023348047085126056,-0.234074371404361,False,False,False
2022-04-19,117.96399688720705,118.14394075729756,115.36396720676184,115.56189448162948,15015400,False,21.3700008392334,False,2.93,False,0.020706810381864393,0.020495338671015235,0.2466373319536333,121.08694152832031,125.18697708129883,-0.05412146425234732,0.08000000000000007,-0.03608476474097866,-0.25953000994793174,False,False,False
2022-04-20,118.37784576416016,120.11419150150812,118.1619213618425,119.22353251350066,13430200,False,20.31999969482422,False,2.85,False,0.003508264282947371,0.003502124679186001,0.23136647623638004,120.63753166198731,124.82056610107422,-0.07056980894233322,-0.08000000000000007,-0.04913435204370564,-0.26162416848546305,False,False,False
2022-04-21,117.46017456054688,119.48441933462188,116.92038419079994,118.95362066631144,12174200,False,22.68000030517578,False,2.9,False,-0.007752051895263623,-0.007782255242756908,0.22386547381176208,120.26904983520508,124.38436279296874,-0.05903747246693847,0.04999999999999982,0.1161417640647251,-0.2535665097029766,False,False,False
2022-04-22,114.08643341064452,117.42419417133756,113.97847808212016,117.20826978650032,14318800,False,28.209999084472656,False,2.9,False,-0.02872242581389406,-0.02914298729287484,0.23858276191993924,119.69124794006348,123.86907546997071,-0.09197556990103972,0.0,0.2438271033900683,-0.39375341443904455,False,False,False
2022-04-25,114.05045318603516,114.36534121775318,110.75768504496216,113.36671318273147,17149000,False,27.020000457763672,False,2.81,False,-0.00031537689043059647,-0.00031542663218064583,0.2339326692622626,119.05672492980958,123.364677734375,-0.1001291521855795,-0.08999999999999986,-0.042183575516809735,-0.38071972859495284,False,False,False
2022-04-26,110.67671966552734,113.72658852220916,110.54177548664798,112.13417857248098,17209500,False,33.52000045776367,False,2.77,False,-0.029581061944617626,-0.03002740582201032,0.24948577750305725,118.30040092468262,122.82906295776367,-0.12023923183533158,-0.040000000000000036,0.2405625421864992,-0.4959409831419959,False,False,False
2022-04-27,109.23724365234376,111.16252481086944,109.0573135280288,110.0559415049335,17215200,False,31.600000381469727,False,2.82,False,-0.013006131890552775,-0.013091452223022758,0.24847794066843393,117.45825996398926,122.29019912719727,-0.13358828375379084,0.04999999999999982,-0.05727923777069188,-0.45437214126649716,False,False,False
2022-04-28,110.96460723876952,111.2435078788576,108.98534824301431,110.4877861902218,13015600,False,29.989999771118164,False,2.85,False,0.01581295470913946,0.015689232512132122,0.2613488021655481,116.73106651306152,121.74605346679688,-0.11587957604342258,0.03000000000000025,-0.050949385788478296,-0.4807861239866248,False,False,False
2022-04-29,107.38396453857422,111.20753899362796,106.97011965651826,110.70372902658524,14874800,False,33.400001525878906,False,2.89,False,-0.032268331221058655,-0.03280043180769323,0.26418682607066085,116.01327056884766,121.12529342651368,-0.11792289002293077,0.040000000000000036,0.11370462756871169,-0.511279960127087,False,False,False
2022-05-02,108.36457061767578,108.59848527575916,106.35832291641712,107.851762201347,18545000,False,32.34000015258789,False,2.99,False,0.00913177384831343,0.00909033130638921,0.26958708136456866,115.38960494995118,120.58790924072265,-0.10322352617169994,0.10000000000000009,-0.031736566612720285,-0.5348390709805451,False,False,False
2022-05-03,110.68571472167967,111.71133163200636,108.66146973594628,109.33621806452408,15720900,False,29.25,False,2.97,False,0.02141976930996381,0.021193590154695782,0.2840702148092922,114.85520477294922,120.08426696777343,-0.08805863158111782,-0.020000000000000018,-0.09554731410044925,-0.5674061479399435,False,False,False
2022-05-04,114.34735107421876,114.6172531567878,110.42481349388046,110.47879802873132,17128500,False,25.420000076293945,False,2.93,False,0.03308138147498352,0.03254596871394606,0.3120283893338927,114.57450981140137,119.65867980957032,-0.0467976051989748,-0.040000000000000036,-0.13094016833183098,-0.6192012103278992,False,False,False
2022-05-05,111.48640441894533,113.44767297323388,109.9030001075869,112.68295964978664,15055400,False,31.200000762939453,False,3.05,False,-0.025019789513239354,-0.02533810512693123,0.31996184728185917,114.23398666381836,119.23267150878907,-0.05757094928240192,0.11999999999999966,0.2273800420652159,-0.6491058453838079,False,False,False
2022-05-06,111.30646514892578,111.81927351087909,109.0213170678322,111.37843993822644,14417900,False,30.190000534057617,False,3.12,False,-0.001614001913124441,-0.00161530581740376,0.3199857045180753,113.9024600982666,118.87700881958008,-0.056220961276440384,0.07000000000000028,-0.032371801416157364,-0.649808223451996,False,False,False
2022-05-09,109.6331024169922,110.95561016010112,108.4095583052652,109.8580185130612,14312300,False,34.75,False,3.05,False,-0.01503383230879407,-0.015147985921556145,0.3127646938878546,113.37930488586426,118.42679367065429,-0.08712268720717842,-0.07000000000000028,0.15104337148978209,-0.6581365855735944,False,False,False
2022-05-10,106.96109771728516,111.3604559916464,105.76454244311635,110.7576825036586,16382400,False,32.9900016784668,False,2.99,False,-0.024372243791332404,-0.024674162646688473,0.3206893535117549,112.74459190368653,118.03334060668945,-0.10609019038966316,-0.05999999999999961,-0.0506474337131857,-0.6237464496236902,False,False,False
2022-05-11,106.2863540649414,110.5597600613588,106.10642392643965,107.32996808715706,14630300,False,32.560001373291016,False,2.91,False,-0.006308308971615051,-0.00632829042978828,0.32003946199819383,112.14181709289551,117.72194900512696,-0.10187010079037206,-0.08000000000000007,-0.01303426139127628,-0.6268703469694101,False,False,False
2022-05-12,106.19638061523438,106.44828553481577,103.7942784499336,105.26072886829334,16318800,False,31.770000457763672,False,2.84,False,-0.0008465192968427626,-0.0008468777966349995,0.3038100655050033,111.72527236938477,117.3582113647461,-0.07274157587351249,-0.07000000000000028,-0.02426292635771765,-0.7634751792736623,False,False,False
2022-05-13,107.14102172851562,108.18463564562911,106.124403506964,107.42892090335586,10443200,False,28.8700008392334,False,2.93,False,0.008895228893947227,0.008855899403220315,0.30614324890277966,111.40903968811035,117.03104873657226,-0.05574067757280665,0.0900000000000003,-0.09128106946002879,-0.7684489491738329,False,False,False
2022-05-16,106.39432525634766,107.47391990637,105.46767192336434,106.64623021709318,10269000,False,27.46999931335449,False,2.88,False,-0.006969286461165347,-0.006993685366109663,0.2958906832361119,110.95021133422851,116.7584309387207,-0.07940206130032867,-0.050000000000000266,-0.04849329702742344,-0.7639540493813629,False,False,False
2022-05-17,109.92098999023438,110.63172564673346,108.6884473660938,108.8953731856393,11160200,False,26.100000381469727,False,2.98,False,0.03314711311331253,0.032609593466506916,0.312477356074933,110.54806098937988,116.64904403686523,-0.06818187844773616,0.10000000000000009,-0.04987255064177376,-0.7473628222905595,False,False,False
2022-05-18,108.04068756103516,109.73206091727764,107.53687772584507,109.1292874553332,12664900,False,30.959999084472656,False,2.89,False,-0.017105945182683158,-0.01725394204182858,0.3150417428517579,110.03120307922363,116.51830459594727,-0.08732341880692218,-0.08999999999999986,0.18620684413680677,-0.7482075824280634,False,False,False
2022-05-19,106.43930053710938,107.64485448806896,105.82752842704669,106.33134519432458,12765800,False,29.350000381469727,False,2.84,False,-0.014822073610195385,-0.014933018194017485,0.31704121953347697,109.48015937805175,116.26373260498048,-0.09382647407659517,-0.050000000000000266,-0.05200254362444057,-0.7240321332823934,False,False,False
2022-05-20,105.5666046142578,107.66282405968164,103.4793837336345,107.47389538223356,13150100,False,29.43000030517578,False,2.78,False,-0.008199000918343247,-0.00823279758575092,0.30456174313254186,109.05416793823242,116.01992706298829,-0.07467871982394536,-0.06000000000000005,0.002725721385562929,-0.6939746811935358,False,False,False
2022-05-23,112.0981903076172,113.87053039147747,108.364581427024,108.37357999351175,24376700,False,28.479999542236328,False,2.86,False,0.06187170381415541,0.06003310932072995,0.3834919491443522,108.95655479431153,115.9597998046875,-0.017117537229190072,0.08000000000000007,-0.03228001199756625,-0.6008570489472554,True,False,False
2022-05-24,113.68160247802734,114.6982208536512,110.75769296339476,111.88227354594576,19324900,False,29.450000762939453,False,2.76,False,0.014125225091189852,0.014026393689127899,0.370840993585325,109.10679893493652,115.90847915649414,0.027150089211000816,-0.10000000000000009,0.03405903217324835,-0.5353581343691186,False,False,False
2022-05-25,114.47330474853516,115.03109918853824,112.61099957820116,113.60962768471744,12780400,False,28.3700008392334,False,2.75,False,0.006964207516874543,0.006940069427350002,0.36716860776793225,109.3686019897461,115.8317335510254,0.047932929476466546,-0.009999999999999787,-0.03667232243556173,-0.5674270973176423,False,False,False
2022-05-26,116.45254516601562,117.12729336770887,115.34596195901908,115.48989780892865,15990900,False,27.5,False,2.75,False,0.017289973604136755,0.01714220288001215,0.36791054861617706,109.6429988861084,115.6888360595703,0.049456651664051554,0.0,-0.030666225361201227,-0.5636257235051377,False,False,False
2022-05-27,118.09894561767578,118.09894561767578,116.18265611791662,117.10031761850692,11177800,False,25.71999931335449,False,2.74,False,0.014137951637837043,0.014038942895555717,0.3456677402997839,110.17874794006347,115.54761001586914,0.09978194719429045,-0.009999999999999787,-0.06472729769620045,-0.5235114879854466,False,False,False
2022-05-31,118.96260833740234,119.79029785853704,116.6954641512548,117.11829374906002,17015000,False,26.190000534057617,False,2.85,False,0.007313043441746769,0.007286432797331595,0.34543882777767965,110.70864982604981,115.42455047607422,0.09779984047662404,0.10999999999999988,0.018273764900883727,-0.5194548441111536,False,False,False
2022-06-01,116.87541961669922,119.53841887481563,115.7598306839369,119.53841887481563,10768000,False,25.690000534057617,False,2.94,False,-0.017544913900874093,-0.017700650177652082,0.3483975942693722,111.01813507080078,115.26778518676758,0.05592144307495883,0.08999999999999986,-0.019091255815355868,-0.47793428479134975,False,False,False
2022-06-02,118.75572204589844,118.76471374950292,115.75983741058737,116.8664209767788,8374800,False,24.71999931335449,False,2.92,False,0.016088091365710655,0.015960049497815827,0.33382162640057744,111.23855361938476,115.09557876586913,0.03855245381957606,-0.020000000000000018,-0.03775792917626386,-0.4244547590205606,False,False,False
2022-06-03,117.1003189086914,118.5487791085296,116.94737761153944,118.04496925254918,8596000,False,24.790000915527344,False,2.96,False,-0.013939565257893194,-0.014037633415937804,0.3240568864559935,111.51924934387208,114.94098892211915,0.050355148854294596,0.040000000000000036,0.0028317801018318267,-0.3182214838421018,False,False,False
2022-06-06,116.71347045898438,119.10658129736304,116.4705709306623,117.93701471465394,11323500,False,25.06999969482422,False,3.04,False,-0.0033035644421145482,-0.0033090332588401068,0.32440732047313103,111.789599609375,114.7624089050293,0.04857763924875469,0.08000000000000007,0.011294827307630095,-0.326538022884806,False,False,False
2022-06-07,117.01935577392578,117.24427187522622,115.7148314041518,115.90376696947148,6722200,False,24.020000457763672,False,2.98,False,0.002620822718564453,0.002617394351491833,0.31768468461774146,112.15891227722167,114.56797775268555,0.06737247413504521,-0.06000000000000005,-0.041882698438058696,-0.26039703251281404,False,False,False
2022-06-08,115.15703582763672,116.46154637856398,114.1674064237718,116.05670017004012,8422100,False,23.959999084472656,False,3.03,False,-0.015914631677574342,-0.01604262926777531,0.3091641649787124,112.56870918273925,114.35505447387695,0.07662541134361489,0.04999999999999982,-0.0024979755265417403,-0.3295610353980281,False,False,False
2022-06-09,112.73695373535156,115.24702532084513,112.70096633250232,114.59026723066329,13560100,False,26.09000015258789,False,3.04,False,-0.02101549484051901,-0.021239463788848698,0.3198134724680509,112.89123916625977,114.08819229125976,0.0606907606076017,0.010000000000000231,0.08889821158196898,-0.40143667990309806,False,False,False
2022-06-10,107.55487823486328,111.01858468838157,107.34795240954236,110.28985188085524,12945200,False,27.75,False,3.15,False,-0.045966077038529285,-0.04705604950622213,0.36428319613348553,112.95916404724122,113.72912033081055,0.012792315630331563,0.10999999999999988,0.06362590408982616,-0.4671291980902311,True,False,False
2022-06-13,104.3520736694336,106.11541510077954,103.5153854881623,105.13478418220184,16805600,False,34.02000045776367,False,3.43,False,-0.029778329146873728,-0.030230706940239004,0.37858755681054457,112.81971664428711,113.38136413574219,-0.026030627803316442,0.28000000000000025,0.2259459624419342,-0.5248606896516104,False,False,False
2022-06-14,102.61571502685548,105.5486227715406,101.86000025675558,103.9562198694619,13357900,False,32.689998626708984,False,3.49,False,-0.01663942633357285,-0.016779416666420754,0.3821323720810517,112.6307861328125,113.01692077636719,-0.03551514820351509,0.06000000000000005,-0.03909470350260291,-0.5101550665572273,False,False,False
2022-06-15,103.8302764892578,105.21575368895456,101.8150231982726,104.01920519830738,14083500,False,29.6200008392334,False,3.33,False,0.01183601811949031,0.011766520304457209,0.3635140399481839,112.32625045776368,112.66605194091797,-0.05540992217698992,-0.16000000000000014,-0.09391244773461938,-0.5008848820334287,False,False,False
2022-06-16,102.0489273071289,102.79565036358842,100.64545312015964,102.43578325147227,16724900,False,32.95000076293945,False,3.28,False,-0.01715635595281484,-0.01730523145869417,0.3635407652350953,112.02666244506835,112.30780548095703,-0.05545836840885843,-0.050000000000000266,0.11242403205118334,-0.5168462819632462,False,False,False
2022-06-17,101.6890640258789,103.12852566467711,100.90636040622633,102.14789478270956,30919900,True,31.1299991607666,False,3.25,False,-0.003526379852744066,-0.0035326121862075026,0.3607047310883675,111.78915061950684,111.9756494140625,-0.044628595709103935,-0.029999999999999805,-0.05523525220126546,-0.5403818630852041,False,False,False
2022-06-21,104.2081298828125,105.28772442537144,103.49739417780154,104.24411728275042,11680500,False,30.190000534057617,False,3.31,False,0.024772239582149247,0.0244703826134112,0.37204291782798116,111.72122688293457,111.70107208251953,-0.012868413608727813,0.06000000000000005,-0.030195909156774836,-0.5487847627013137,False,False,False
2022-06-22,103.62335968017578,104.54101447039106,102.91262388576304,103.35345757863834,9842700,False,28.950000762939453,False,3.16,False,-0.005611560281278627,-0.005627364236636801,0.29042336549959924,111.2974853515625,111.37161514282226,-0.07560185052216273,-0.1499999999999999,-0.041073194739407515,-0.605224369530706,False,False,False
2022-06-23,102.48977661132812,103.6233557857286,100.29459993264686,103.47041447042326,11851500,False,29.049999237060547,False,3.09,False,-0.010939454890734668,-0.010999730720294313,0.2834933830323532,110.73789405822754,111.02830352783204,-0.09844887495197296,-0.07000000000000028,0.003454178635086791,-0.6468218826975521,False,False,False
2022-06-24,105.5486297607422,105.99846197193934,101.5091384260824,101.86900556781907,14841100,False,27.229999542236328,False,3.13,False,0.029845446546480137,0.029408739086011042,0.30697962224338876,110.29166030883789,110.77243911743165,-0.07796293648897346,0.040000000000000036,-0.06265059354983915,-0.6540693737567331,False,False,False
2022-06-27,104.70293426513672,106.61022515236664,104.03718457004187,106.21437064311846,11280500,False,26.950000762939453,False,3.2,False,-0.008012377778115254,-0.00804464937401665,0.29681632367729344,109.70417976379395,110.5759523010254,-0.10089612798181935,0.07000000000000028,-0.01028273169313021,-0.6516039326652326,False,False,False
2022-06-28,104.19915771484376,107.3209950954296,104.00123039698929,105.86353591623462,11590900,False,28.36000061035156,False,3.2,False,-0.004811484547484146,-0.004823097002999935,0.28798570687179786,109.00919036865234,110.39062194824218,-0.11769612192669432,0.0,0.052319102318953536,-0.6240159609784174,False,False,False
2022-06-29,103.7313003540039,105.09878712022906,103.2184919586827,104.36106264162848,9338400,False,28.15999984741211,False,3.1,False,-0.004490030160514524,-0.004500140621469894,0.28371911400044875,108.24762496948242,110.15383010864258,-0.12803441515168634,-0.10000000000000009,-0.007052212927895596,-0.6407020183344881,False,False,False
2022-06-30,101.31120300292967,102.63371069565692,99.79976662036916,101.8150128424851,15172600,False,28.709999084472656,False,2.98,False,-0.023330444550633822,-0.02360690784552218,0.28737880884405353,107.46941413879395,109.82077423095703,-0.13316928970020758,-0.1200000000000001,0.019531223012811516,-0.65360005611736,False,False,False
2022-07-01,102.60672760009766,102.93959903531712,100.006698032334,101.34719606689474,10573600,False,26.700000762939453,False,2.88,False,0.012787574905516852,0.012706504269248135,0.2840873918528253,106.6619644165039,109.50535186767578,-0.13598497965057454,-0.10000000000000009,-0.07001039309054802,-0.6681052995390053,False,False,False
2022-07-05,102.2164535522461,102.29813625751622,99.20314697860752,100.53734630362622,12514200,False,27.540000915527344,False,2.82,False,-0.003803591216480773,-0.0038108432646101376,0.2831411212123707,105.91777114868164,109.20047744750977,-0.12710354245961497,-0.06000000000000005,0.031460678973232126,-0.6667006982995811,False,False,False
2022-07-06,101.55387115478516,102.55225442335892,100.55548788621138,101.40865516961908,10656200,False,26.729999542236328,False,2.93,False,-0.006482150127838926,-0.006503250496242621,0.2828717234057633,105.15979118347168,108.94982620239257,-0.12988731501670692,0.11000000000000032,-0.029411813593453018,-0.6642256686132427,False,False,False
2022-07-07,104.12246704101562,104.28583938797875,102.92440547148976,103.01516634766683,10347400,False,26.07999992370605,False,3.01,False,0.02529293917624753,0.024978366077244997,0.3035577774687565,104.51494674682617,108.75126647949219,-0.1102115854904051,0.07999999999999963,-0.024317232684692214,-0.6428041582420893,False,False,False
2022-07-08,103.79570770263672,104.96654153657856,103.11499084043402,104.52180845883026,8807800,False,24.63999938964844,False,3.09,False,-0.003138221247199091,-0.0031431557899930275,0.3012048346150479,103.94688034057617,108.61364624023437,-0.09865943529499377,0.08000000000000007,-0.055214744565573626,-0.64490244421241,False,False,False
2022-07-11,102.43426513671876,103.67771032387522,101.8533873517458,103.06052681176529,7939500,False,26.170000076293945,False,2.99,False,-0.013116559403577033,-0.013203341156192431,0.29691166464147517,103.43174591064454,108.47758666992188,-0.09138696990889272,-0.09999999999999964,0.062094185249382594,-0.6321565548125975,False,False,False
2022-07-12,102.53411865234376,104.5399636191522,101.88970748492108,102.18014641847228,11250900,False,27.290000915527344,False,2.96,False,0.000974805798545253,0.0009743309839157971,0.2538285206158781,103.18070793151855,108.30897689819336,-0.04668090992168561,-0.03000000000000025,0.04279712785511025,-0.6220184926716598,False,False,False
2022-07-13,101.572021484375,102.08936595184171,100.18335345891364,101.42679858317288,12979900,False,26.81999969482422,False,2.91,False,-0.009383190499065885,-0.009427489962347156,0.23406376597732745,103.04170532226563,108.19273803710938,-0.026641082321614773,-0.04999999999999982,-0.01722246994999932,-0.5118036368041671,False,False,False
2022-07-14,98.02322387695312,98.23198008574155,96.26243412106608,98.01414571362936,26204800,True,26.399999618530277,False,2.96,False,-0.03493873170544104,-0.03556368919790226,0.2578313705881598,102.81208076477051,107.98591110229492,-0.04475426740144495,0.04999999999999982,-0.01565995828012612,-0.4841470892406311,True,False,False
2022-07-15,102.5159683227539,103.36005760475044,97.7237221764294,99.0760848153406,18863900,False,24.229999542236328,False,2.93,False,0.045833469540243366,0.044814146027467,0.30604548966924316,102.74636535644531,107.8225161743164,-0.01265823621918094,-0.029999999999999805,-0.08219697377460633,-0.543252309144086,True,False,False
2022-07-18,101.46312713623048,105.13899436116152,101.00931585478637,104.1678384958555,13977900,False,25.299999237060547,False,2.96,False,-0.010270021380559324,-0.010323121925490947,0.3020128423383086,102.71707534790039,107.56483169555663,-0.005740385385290536,0.029999999999999805,0.04416012030702099,-0.5401191784158476,False,False,False
2022-07-19,103.97722625732422,104.32212722206869,102.26182037087447,102.67932586933532,11862300,False,24.5,False,3.01,False,0.0247784509708453,0.02447644383329193,0.3142401404577188,102.83148345947265,107.41464813232422,0.02250155661638309,0.04999999999999982,-0.031620524157513485,-0.5723722474409256,False,False,False
2022-07-20,103.95906829833984,104.14059000460476,102.9969907908393,103.559712235026,11667500,False,23.8799991607666,False,3.04,False,-0.00017463400052086797,-0.0001746492508134425,0.30175203372300524,102.81903038024902,107.2677001953125,-0.002390039863038873,0.03000000000000025,-0.02530615670340397,-0.5661207257529677,False,False,False
2022-07-21,104.66702270507812,104.8576225923545,102.89716166279044,103.86831742630903,11595900,False,23.11000061035156,False,2.91,False,0.0068099341243286204,0.006786851258879531,0.3018820223611996,102.87121353149413,107.16837860107422,0.010071696460368651,-0.1299999999999999,-0.03224449654420858,-0.5911429643925372,False,False,False
2022-07-22,104.15876770019533,105.5111233857758,103.16945550163008,104.59442265445784,7645500,False,23.030000686645508,False,2.77,False,-0.004855923018990627,-0.004867751320256058,0.29954191159077925,102.9546630859375,107.11233200073242,0.016284464109981522,-0.14000000000000012,-0.003461701496892955,-0.5887416880293043,False,False,False
2022-07-25,104.5762710571289,105.70172107742036,104.16783675588512,105.1389926049694,9394000,False,23.36000061035156,False,2.81,False,0.004008336179007976,0.004000324202207431,0.2799113125368659,102.90604515075684,107.07813034057617,-0.009212423750241339,0.040000000000000036,0.01432913216964904,-0.5293238014445729,False,False,False
2022-07-26,102.94254302978516,104.903010967723,102.58857080620362,103.99538846118368,10675100,False,24.690000534057617,False,2.81,False,-0.015622358789703417,-0.01574567383746922,0.28396063194005366,102.81802558898926,107.0130535888672,-0.01681319867209996,0.0,0.05693492675324219,-0.5594266087649863,False,False,False
2022-07-27,104.59440612792967,105.04821733960456,102.83362333536574,103.4780344249909,9337400,False,23.239999771118164,False,2.78,False,0.016046457077192766,0.015919073580590647,0.28954897955946834,102.83778800964356,106.96212127685547,0.0037932016126998036,-0.03000000000000025,-0.058728259683077266,-0.5938317616352838,False,False,False
2022-07-28,104.20413970947266,105.26606332469508,103.04238398730452,104.60349583569682,10384800,False,22.32999992370605,False,2.68,False,-0.003731236046980224,-0.0037382144723758634,0.28939336623684425,102.86142997741699,106.91831756591797,0.004558309342070244,-0.09999999999999964,-0.03915662032591871,-0.5777485293380628,False,False,False
2022-07-29,104.70333862304688,105.73802778300616,104.18599404306724,104.91208793316274,12944500,False,21.32999992370605,False,2.67,False,0.004790586199032054,0.0047791478573282545,0.2757219513151376,103.03103675842286,106.81396453857423,0.03348233482154095,-0.010000000000000231,-0.04478280355650055,-0.559409281083989,False,False,False
2022-08-01,103.6595687866211,104.47643045221751,102.62487965173575,103.92278015245827,14740400,False,22.84000015258789,False,2.6,False,-0.00996883050867714,-0.010018852014453147,0.27551609424770773,103.08367881774902,106.72634216308593,0.01026093718363974,-0.06999999999999984,0.07079232228236587,-0.5517047675113648,False,False,False
2022-08-02,102.0439910888672,103.8320084015491,101.8987681748215,103.39634658402171,14942900,False,23.93000030517578,False,2.75,False,-0.015585417889201203,-0.015708147378283768,0.2811597238335707,103.07505569458007,106.6384359741211,-0.001687228008656616,0.1499999999999999,0.04772329883125637,-0.5763997348605996,False,False,False
2022-08-03,103.114990234375,103.55972330950938,101.39050614200848,102.96976731414584,14394500,False,21.950000762939453,False,2.73,False,0.010495465084025435,0.010440770057332335,0.28237351448466136,103.15311164855957,106.58940368652344,0.015372324676923732,-0.020000000000000018,-0.08274130869142016,-0.5948646879776243,False,False,False
2022-08-04,101.98047637939452,102.85179324862284,100.76425848875998,102.42520951663784,18033900,False,21.440000534057617,False,2.68,False,-0.011002414415225092,-0.01106338863159098,0.2699262344378794,103.04601211547852,106.38704940795898,-0.020571839320493113,-0.04999999999999982,-0.02323463376561352,-0.5868681114816028,False,False,False
2022-08-05,105.06640625,105.45668429006132,101.69912684603447,102.1347818665703,14174600,False,21.149999618530277,False,2.83,False,0.030260006426377162,0.02981120380925575,0.2914344540375507,103.10954704284669,106.21474548339843,0.01224230341974919,0.1499999999999999,-0.013526161767891343,-0.5776654289249576,False,False,False
2022-08-08,103.7866439819336,105.91955572873076,103.63234980026904,105.51112832441612,10332500,False,21.290000915527344,False,2.77,False,-0.012180508630144637,-0.012255298968794359,0.29086137996409916,103.17716598510742,106.0010122680664,0.013202406864634808,-0.06000000000000005,0.006619446785918859,-0.5632176678957566,False,False,False
2022-08-09,104.7214813232422,105.2751316009744,103.80478758600896,104.14968164237897,10233800,False,21.770000457763672,False,2.8,False,0.00900729906510267,0.008966975304774409,0.29231408513254875,103.28653411865234,105.76639099121094,0.021333022604066,0.029999999999999805,0.02254577367755073,-0.5565757274935651,False,False,False
2022-08-10,107.45342254638672,108.34289560451964,106.64563911049729,107.06314461138092,12847300,False,19.739999771118164,False,2.78,False,0.026087686963784273,0.025753207973645987,0.30220503501118834,103.58060417175292,105.55348052978516,0.05790375121082403,-0.020000000000000018,-0.09324761800459969,-0.6122493211545597,False,False,False
2022-08-11,109.04175567626952,110.00383321404902,108.2884274148036,108.82392823697424,11684900,False,20.200000762939453,False,2.87,False,0.014781596455870183,0.014673413434547408,0.269171327723446,104.13153076171875,105.3550634765625,0.11240735984308947,0.0900000000000003,0.023302988710988792,-0.6582309291670181,False,False,False
2022-08-12,110.84793853759766,110.95685573547384,108.40643860888144,109.52281045751783,9906700,False,19.530000686645508,False,2.84,False,0.016564139582367465,0.01642845055345386,0.2278447593037199,104.54812927246094,105.23451385498046,0.08127485260259126,-0.03000000000000025,-0.033168319355867615,-0.6062499854271979,False,False,False
2022-08-15,111.14745330810548,111.38343710291792,109.45927486177466,109.94939185502652,8456200,False,19.950000762939453,False,2.79,False,0.0027020328430036322,0.0026983889147945417,0.22162819748912643,105.03234558105468,105.08234848022461,0.09544675435512895,-0.04999999999999982,0.021505379494489052,-0.5759728517085291,False,False,False
2022-08-16,112.20938110351562,112.76303145117365,110.61197029105048,110.993170126438,9555000,False,19.690000534057617,False,2.82,False,0.009554225164893682,0.009508872201757505,0.20955900408875838,105.44395332336425,104.98452972412109,0.07917267215628887,0.029999999999999805,-0.013032592428007916,-0.5745500674770952,False,False,False
2022-08-17,111.26543426513672,111.7827857159737,110.44857958922744,111.00222984487874,8149300,False,19.899999618530277,False,2.89,False,-0.008412370062963803,-0.00844795375063146,0.21368257701076301,105.8092716217041,104.87556900024414,0.0702811797603764,0.07000000000000028,0.010665265554941294,-0.5893485455570078,False,False,False
2022-08-18,110.40319061279295,111.15651888328534,109.4138854988238,110.947762679861,9531800,False,19.559999465942383,False,2.88,False,-0.007749429623301607,-0.00777961248748388,0.2169054165249026,106.09608001708985,104.74324569702148,0.05480396556112721,-0.010000000000000231,-0.017085435130928195,-0.5677739778771527,False,False,False
2022-08-19,107.67125701904295,109.81324671950163,107.19929635562796,109.47743081896355,13464500,False,20.600000381469727,False,2.98,False,-0.024745060161634802,-0.025056365406081645,0.2367488317869824,106.27170448303222,104.5935301208496,0.03372245463730694,0.10000000000000009,0.05316978240915504,-0.6187825477132435,False,False,False
2022-08-22,105.8923110961914,106.33705108878004,104.83039447638888,105.96492255513768,8967600,False,23.799999237060547,False,3.03,False,-0.016522013136123448,-0.016660023850004525,0.24523284116078414,106.33750648498535,104.4566372680664,0.012584499578719655,0.04999999999999982,0.1553397473948257,-0.6364836867740762,False,False,False
2022-08-23,104.84854888916016,106.4550446032187,104.721482292237,105.91047248431808,7607000,False,24.11000061035156,False,3.05,False,-0.009856827150397263,-0.009905727269823932,0.24094768399017777,106.4328067779541,104.40251068115235,0.018515239698552177,0.020000000000000018,0.013025268202878193,-0.6148091249493883,False,False,False
2022-08-24,105.10269165039062,105.65634194716718,103.87739569629184,104.6398022216113,9771300,False,22.81999969482422,False,3.11,False,0.0024239034676496463,0.0024209705520861218,0.23444948654602657,106.45822105407714,104.41752304077148,0.004859586102905711,0.06000000000000005,-0.05350480642350053,-0.5833875819850497,False,False,False
2022-08-25,107.5986557006836,107.7710992758528,104.9937764983214,105.4294383676452,10758900,False,21.780000686645508,False,3.03,False,0.023747860412513866,0.02347026623181177,0.2480103156748066,106.6279468536377,104.51718185424805,0.032575634717344704,-0.08000000000000007,-0.04557401499065716,-0.6223753160414662,False,False,False
2022-08-26,104.07707214355467,108.9056236468533,104.01353884448274,108.42458482179282,11276200,False,25.559999465942383,False,3.04,False,-0.03272888061840862,-0.03327645117972139,0.2760250988600857,106.59663352966308,104.52211776733398,-0.005981342025270897,0.010000000000000231,0.17355365748976292,-0.7123763827869919,False,False,False
2022-08-29,103.82294464111328,104.24952835453824,102.97885537880298,103.4689723947842,8117300,False,26.209999084472656,False,3.12,False,-0.0024417241685168456,-0.002444710038411809,0.2737599683287821,106.6048023223877,104.55759811401367,0.0015760807844811264,0.08000000000000007,0.02543034554427015,-0.7067668258783166,False,False,False
2022-08-30,103.8411102294922,104.90302706316842,102.88810368156044,104.37660426669925,10745400,False,26.209999084472656,False,3.11,False,0.00017496699252483872,0.00017495168758581553,0.26733228142645465,106.69465827941895,104.60063903808594,0.017611219646044063,-0.010000000000000231,0.0,-0.6994741899359707,False,False,False
2022-08-31,103.22391510009766,104.40382025395049,102.86993593687028,103.90463200891637,10738300,False,25.8700008392334,False,3.15,False,-0.005943649177387655,-0.005961382964012355,0.2659594657378281,106.70010452270508,104.58095474243164,0.001056343655515768,0.040000000000000036,-0.01297208153817453,-0.6870610175110692,False,False,False
2022-09-01,103.93184661865234,104.04075687873322,101.5720296805686,102.824546143766,9979800,False,25.559999465942383,False,3.26,False,0.006858212245371531,0.006834801683222487,0.263539434090016,106.79767303466797,104.58712448120117,0.019134743320851078,0.10999999999999988,-0.011983044578061208,-0.7233623626921581,False,False,False
2022-09-02,103.20574951171876,106.60025558691288,102.73378887744438,105.16621735703508,10666600,False,25.46999931335449,False,3.2,False,-0.006986281207893685,-0.0070107995317870205,0.24104330780594477,106.7046401977539,104.60144393920899,-0.017709340260995465,-0.05999999999999961,-0.003521132803927296,-0.7461781959196911,False,False,False
2022-09-06,103.23298645019533,104.14968716060882,101.71725846017836,103.76848735316932,9751900,False,26.90999984741211,False,3.33,False,0.000263909119457173,0.0002638743015712104,0.2372569636658894,106.676957321167,104.55513107299805,-0.0053345739923399416,0.1299999999999999,0.05653712496578667,-0.7501490468304728,False,False,False
2022-09-07,105.19346618652344,105.384066111466,102.34353162852489,102.67934757620934,10647900,False,24.63999938964844,False,3.27,False,0.018990826515262516,0.018812751761657833,0.24489738728540753,106.70055656433105,104.56494171142577,0.004507049149012454,-0.06000000000000005,-0.08435527575753476,-0.7847665327296203,False,False,False
2022-09-08,107.64403533935548,107.81648584340635,104.04077263111942,104.6307286861156,11435000,False,23.61000061035156,False,3.29,False,0.023295830450978938,0.02302862449167722,0.24117626405704765,106.7100872039795,104.63383926391602,0.0017739108578553875,0.020000000000000018,-0.04180189954589031,-0.756783196546228,False,False,False
2022-09-09,108.1613540649414,108.96006616673922,107.70754288877777,108.13412650230904,9299700,False,22.790000915527344,False,3.33,False,0.004805828060561179,0.004794316934483513,0.23571364744030116,106.66606712341309,104.72244033813476,-0.008073986023683477,0.040000000000000036,-0.0347310323433323,-0.7889389704337365,False,False,False
2022-09-12,109.4411163330078,110.32151121463062,108.72409376884706,109.4774220618449,8614600,False,23.8700008392334,False,3.37,False,0.011831973435706189,0.01176252292563716,0.23178901701591448,106.5957260131836,104.88503860473632,-0.012691460239584784,0.040000000000000036,0.047389200540585596,-0.737159319345766,False,False,False
2022-09-13,105.63818359375,107.93446744065152,105.08453330758675,107.16298969054854,12904600,False,27.270000457763672,False,3.42,False,-0.03474866546213051,-0.03536676125613171,0.2611144484498964,106.32026252746581,104.94566772460938,-0.04956721499577277,0.04999999999999982,0.14243818596528657,-0.7898679213928376,True,False,False
2022-09-14,105.39313507080078,106.95424007081796,104.26767810095566,105.91955089744567,9345700,False,26.15999984741211,False,3.41,False,-0.002319696482964817,-0.002322391146859481,0.2572723064634113,105.97945022583008,105.00920135498046,-0.060745776918836314,-0.009999999999999787,-0.04070409210556314,-0.7753690482590087,False,False,False
2022-09-15,106.98147583007812,108.35198093801412,105.06639163530558,105.39313631756322,10821400,False,26.270000457763672,False,3.45,False,0.015070628254964857,0.014958194560512603,0.26413590081110205,105.76525230407715,105.11775344848633,-0.03850214995656476,0.040000000000000036,0.004204916322369412,-0.7658079739827747,False,False,False
2022-09-16,106.26444244384766,106.55488136271414,104.71240882197272,106.54580319895298,14844100,False,26.299999237060547,False,3.45,False,-0.006702406941640593,-0.006724968940688667,0.2638506255183415,105.55831489562988,105.16059295654297,-0.03748757754167409,0.0,0.001141940570009048,-0.7758565835443574,False,False,False
2022-09-19,107.2446746826172,107.76201921499737,104.8394737453862,105.28420681805444,8201300,False,25.76000022888184,False,3.49,False,0.0092244613176935,0.00918217581612473,0.25191278942884304,105.5369857788086,105.22957229614258,-0.0039618961293477195,0.040000000000000036,-0.02053228227542192,-0.7879818542353276,False,False,False
2022-09-20,105.12991333007812,106.81809169379224,104.04984036495728,106.56395850778968,9619000,False,27.15999984741211,False,3.57,False,-0.01971903368440031,-0.01991604808616266,0.254918354321915,105.49886589050293,105.28348526000977,-0.0071997462159526515,0.07999999999999963,0.054347810795459806,-0.7922267891586164,False,False,False
2022-09-21,102.09844970703124,105.82877861254008,102.03491641111836,105.7743234802176,12606300,False,27.989999771118164,False,3.51,False,-0.028835404948246768,-0.029259314189262642,0.27269794693691557,105.36136093139649,105.27477188110352,-0.026229253635509653,-0.06000000000000005,0.030559643901659994,-0.7660675268020948,False,False,False
2022-09-22,100.93670654296876,103.1059239606182,100.80963993542022,102.90624588458174,11684500,False,27.350000381469727,False,3.7,False,-0.011378656261638254,-0.011443888479538224,0.27466814387826205,105.15306167602539,105.2620655822754,-0.03963728275655798,0.1900000000000004,-0.02286528741986016,-0.7475682689862104,False,False,False
2022-09-23,99.05791473388672,100.14705891608078,97.26082614080552,99.88385449632824,18138600,False,29.920000076293945,False,3.69,False,-0.018613563622488893,-0.018788976109112766,0.26317049248561003,104.72602462768555,105.28275939941406,-0.07937590773025438,-0.010000000000000231,0.09396708076704297,-0.7483721236576619,False,False,False
2022-09-26,96.92499542236328,99.48449027364724,96.26242803382036,98.0232176783622,15753600,False,32.2599983215332,False,3.88,False,-0.021532043322872285,-0.02176724007400957,0.2496079029581606,104.36842079162598,105.17093994140625,-0.06871904228172798,0.18999999999999995,0.07820849730188573,-0.712131393848134,False,False,False
2022-09-27,96.07186126708984,98.1775456509714,94.98271679855551,97.79634577944556,12793600,False,32.599998474121094,False,3.97,False,-0.008802003565290817,-0.008840970022446265,0.2502922227704482,103.98086662292481,105.06311462402344,-0.07465674760831287,0.0900000000000003,0.010539372916239298,-0.7114390301492745,False,False,False
2022-09-28,98.01416015625,98.68580584898338,95.88124848511528,96.16260926812394,12762600,False,30.18000030517578,False,3.72,False,0.02021714645207462,0.02001549331710516,0.2641891162027426,103.6895191192627,104.94385330200195,-0.05611409643410448,-0.25,-0.07423307614159502,-0.7425713847974671,False,False,False
2022-09-29,96.35320281982422,97.36973553422632,94.75578536555122,97.07021846318578,12713900,False,31.84000015258789,False,3.76,False,-0.01694609568431693,-0.0170913238016296,0.2687990293974714,103.34598350524902,104.79173599243164,-0.06656124478141345,0.03999999999999959,0.05500330784050478,-0.7585692282081237,False,False,False
2022-09-30,94.84654235839844,97.67832678578613,94.75578150182903,96.26243110978751,15973400,False,31.6200008392334,False,3.83,False,-0.015636848774432166,-0.015760393890799435,0.26938189108160004,102.89171829223633,104.59532638549804,-0.08741598033555376,0.07000000000000028,-0.0069095261400811125,-0.7322632216241045,False,False,False
2022-10-03,97.77816772460938,98.34996736436852,94.8102384918076,95.86308383758464,12248100,False,30.100000381469727,False,3.67,False,0.030909143267797257,0.03044107629010277,0.2967951197857836,102.62033920288086,104.46771438598633,-0.052589916867888276,-0.16000000000000014,-0.048070854440891986,-0.7474006560847232,False,False,False
2022-10-04,102.3525848388672,102.5522628939969,99.71140700180528,100.3921238672329,16013600,False,29.06999969482422,False,3.62,False,0.046783624818391045,0.04572224846627878,0.34467955796669936,102.57631912231446,104.4232406616211,-0.008528297413471386,-0.04999999999999982,-0.03421929148145797,-0.733211330738014,True,False,False
2022-10-05,101.08887481689452,101.60168868963162,99.66031789337548,100.5027998233193,10943500,False,28.549999237060547,False,3.76,False,-0.012346635153006935,-0.012423488091445277,0.3394415807659329,102.371089553833,104.38616729736329,-0.03901945166775733,0.13999999999999968,-0.01788787283187543,-0.6985812397950121,False,False,False
2022-10-06,99.02845001220705,100.90572600519454,98.84530420211476,100.23723052388458,11521400,False,30.520000457763672,False,3.83,False,-0.020382310203962417,-0.020592895884201226,0.33198551292187345,101.94031028747558,104.27484817504883,-0.0800377401310457,0.07000000000000028,0.06900179591409161,-0.6937998476537143,False,False,False
2022-10-07,97.05044555664062,98.6346770234324,96.40026188286828,98.46068361891038,11681100,False,31.36000061035156,False,3.89,False,-0.019974102950440997,-0.020176282105893936,0.33495074557526155,101.38476486206055,104.13177429199219,-0.10272530890866671,0.06000000000000005,0.027522940366608184,-0.6888249309288774,False,False,False
2022-10-10,96.1438446044922,98.26836784175404,95.71344432592626,97.73724227236144,8931700,False,32.45000076293945,False,3.92,False,-0.009341543430826493,-0.009385449293936518,0.32905546829614907,100.71990127563477,103.9605844116211,-0.12150160903014373,0.029999999999999805,0.034757657250430674,-0.7329903330472964,False,False,False
2022-10-11,93.36914825439452,95.73176668930428,93.26841597322336,95.57609206806303,12739700,False,33.630001068115234,False,3.93,False,-0.028859843929811446,-0.02928447911927875,0.3228982567089678,100.106449508667,103.75477600097656,-0.11614205131108835,0.010000000000000231,0.036363644913174786,-0.7054243785368955,False,False,False
2022-10-12,94.880126953125,95.90576156520449,92.7464442175861,93.22263446077322,13181000,False,33.56999969482422,False,3.91,False,0.016182847621289742,0.016053301095159424,0.33220947229463543,99.5807991027832,103.61149871826171,-0.09975040699390314,-0.020000000000000018,-0.0017841620988797713,-0.717764060700757,False,False,False
2022-10-13,100.15481567382812,100.64015835202872,93.18601079802043,93.38747537838252,22398700,False,31.940000534057617,False,3.97,False,0.05559318784753575,0.05410287227980485,0.39072267247861797,99.23946609497071,103.55229522705078,-0.063811609470531,0.06000000000000005,-0.04855523311243615,-0.743116024735697,True,False,False
2022-10-14,101.82147216796876,105.53022733591538,101.39107181576124,102.52659124378432,33387100,True,32.02000045776367,False,4.0,False,0.016640802371085117,0.01650386133686493,0.39653802631714197,99.01731758117675,103.54911514282226,-0.04181050757619742,0.029999999999999805,0.0025046938750283854,-0.7416199997353075,False,False,False
2022-10-17,106.09797668457033,107.1510824539226,104.68773173058194,105.68589515970226,22276300,False,31.3700008392334,False,4.02,False,0.0420000263750544,0.041141968643127254,0.42473302536686447,98.95998268127441,103.56974655151367,-0.010692353736355131,0.019999999999999574,-0.02029980041342172,-0.73607480568945,True,False,False
2022-10-18,108.82688903808594,110.01735767004864,107.10529480386944,109.57780496566174,21539700,False,30.5,False,4.01,False,0.025720682323930433,0.025395470234331436,0.42765578827009315,99.1448314666748,103.67055145263672,0.03516578289568595,-0.009999999999999787,-0.02773352935793738,-0.7363620914493727,False,False,False
2022-10-19,106.69322967529295,108.81775337066692,105.92400184449336,108.04852553986728,17072000,False,30.76000022888184,False,4.14,False,-0.019605994268992344,-0.019800741452330108,0.41999577977631886,99.37457046508788,103.70998641967773,0.04500342543345481,0.1299999999999999,0.008524597668257083,-0.7243525577456636,False,False,False
2022-10-20,106.34522247314452,108.70784087660408,105.90566978530704,107.28844354669732,12207400,False,29.979999542236328,False,4.24,False,-0.003261755251083409,-0.0032670863704365853,0.4174105911561585,99.64499626159667,103.68782241821289,0.05358324157201766,0.10000000000000053,-0.02535762941617714,-0.7369985266058584,False,False,False
2022-10-21,111.93125915527344,112.07777438811137,106.5283745796984,106.64741864303946,20593300,False,29.690000534057617,False,4.21,False,0.052527387241486645,0.05119430736790947,0.444220631261834,100.28866348266601,103.74561248779297,0.1299577570956365,-0.03000000000000025,-0.009673082475206707,-0.7072337458154145,True,True,False
2022-10-24,112.0686264038086,112.7279624850652,111.10710044077992,111.7847483080427,12624200,False,29.850000381469727,False,4.25,False,0.0012272465223017726,0.00122649407085455,0.4323638820945891,101.04584503173828,103.7700262451172,0.15624071907824155,0.040000000000000036,0.005389014635704514,-0.6940491307891122,False,False,False
2022-10-25,112.36166381835938,112.88363705127983,110.7041712164928,111.58328366211862,11289100,False,28.459999084472656,False,4.1,False,0.0026148033036017537,0.0026113906530889097,0.4284901514497531,101.86033515930175,103.79431045532226,0.16955851938771294,-0.15000000000000036,-0.04656620700949654,-0.6546996647799875,False,False,False
2022-10-26,113.65286254882812,114.65101904999467,112.52649560198506,112.63638727546582,11667000,False,27.280000686645508,False,4.04,False,0.011491452570122629,0.011425927337979917,0.4263594320751232,102.64227027893067,103.82318008422851,0.15955554144062023,-0.05999999999999961,-0.041461645670640146,-0.6653992224099904,False,False,False
2022-10-27,114.10157775878906,115.56676517888997,113.74443854346964,114.6510221680063,10727600,False,27.38999938964844,False,3.96,False,0.003948120618327167,0.003940347243548772,0.41663663497703585,103.52968902587891,103.87990295410157,0.18420119331324614,-0.08000000000000007,0.004032210419143478,-0.6479074394745967,False,False,True
2022-10-28,115.45687866210938,115.6400244667623,113.59792149728024,114.7334408565705,11859500,False,25.75,False,4.02,False,0.011878020707000392,0.011808030702379308,0.40654773649197795,104.56020584106446,103.98097671508789,0.21730192573420615,0.05999999999999961,-0.05987584615530328,-0.6276190719500764,False,False,True
2022-10-31,115.27373504638672,116.69313959840396,115.00816871790636,115.10890101445288,13295200,False,25.8799991607666,False,4.1,False,-0.0015862512294190223,-0.0015875106579233173,0.4009041351788868,105.43498420715332,104.13302627563476,0.17893122492388414,0.08000000000000007,0.005048511097732078,-0.6128427210720084,False,False,False
2022-11-01,117.35245513916016,117.4715061957716,115.68581021224358,116.18031225073544,13386900,False,25.809999465942383,False,4.07,False,0.018032903088782026,0.01787223891129573,0.3768155497988791,106.18497772216797,104.36222915649414,0.1465509671681191,-0.02999999999999936,-0.0027047796404234825,-0.5871101254205544,False,False,False
2022-11-02,116.27188110351562,119.37624908165756,115.96968425941512,116.89458657625418,16546100,False,25.86000061035156,False,4.1,False,-0.00920793718685431,-0.009250592286034733,0.3748238510083177,106.94412803649902,104.59069580078125,0.15019463134912292,0.02999999999999936,0.0019372780102207,-0.6174635606680823,False,False,False
2022-11-03,116.48250579833984,117.37993001810509,115.3012034867295,115.66749509431108,12474400,False,25.299999237060547,False,4.14,False,0.001811484365998206,0.001809845606953207,0.361127092499032,107.81683082580567,104.81829208374023,0.17625294331054642,0.040000000000000036,-0.021655118332319256,-0.5667228078859474,False,False,False
2022-11-04,119.66928100585938,119.80665083109656,117.6363445290073,118.57955864183003,14953200,False,24.549999237060547,False,4.17,False,0.027358401896304008,0.0269908495183795,0.3507515669867098,108.9477725982666,105.05970458984375,0.23306266467388803,0.03000000000000025,-0.029644269668647527,-0.5360691073276345,False,False,True
2022-11-07,120.3011703491211,121.1436523507718,119.48615952348165,119.96234986289508,12011200,False,24.350000381469727,False,4.22,False,0.005280296981401422,0.0052664050940317035,0.3434014567626299,110.15563888549805,105.38418655395508,0.25126232307440066,0.04999999999999982,-0.00814659314892785,-0.5051802663777157,False,False,True
2022-11-08,120.37439727783205,120.93300098657986,119.17477635571636,120.1820991003853,9884100,False,25.540000915527344,False,4.14,False,0.0006086967275418242,0.0006085115468308822,0.3119707440596274,111.50590133666992,105.71521560668945,0.2892309668484794,-0.08000000000000007,0.04887065771724597,-0.38206733091006734,False,False,True
2022-11-09,118.80847930908205,120.35607294803224,118.33228912695223,120.2553546513454,9494000,False,26.09000015258789,False,4.12,False,-0.013008729465417423,-0.013094084030946534,0.32491433225503163,112.70231895446777,106.01456298828126,0.25219561908658394,-0.019999999999999574,0.021534816654065425,-0.4405810127489934,False,False,True
2022-11-10,123.69855499267578,123.8542296119006,121.3634077580476,121.45498763906365,16351600,False,23.530000686645508,False,3.82,False,0.0411593154969363,0.04033481874646541,0.30218087443636976,113.87950592041015,106.42405578613281,0.23507346262332507,-0.30000000000000027,-0.09812186473630413,-0.4788744652640646,True,False,True
2022-11-11,123.9000244140625,124.69671631227637,122.5080912121442,123.79929213024351,10704700,False,22.520000457763672,False,3.835,False,0.0016287128123577688,0.0016273878980533815,0.3030174376534875,114.98343353271484,106.82341934204102,0.21683591659008883,0.015000000000000124,-0.04292393537646866,-0.46198793353327333,False,False,True
2022-11-14,122.62713623046876,124.29378105790796,122.62713623046876,123.44214686010652,11085600,False,23.729999542236328,False,3.88,False,-0.01027351035331403,-0.010326647108096014,0.28621688728471095,115.80989151000976,107.21184707641602,0.155791468060128,0.04499999999999993,0.05372997601585361,-0.5317201870486457,False,False,False
2022-11-15,121.73886108398438,124.2754727820005,120.51176897449376,123.33224475737065,14038300,False,24.540000915527344,False,3.8,False,-0.007243707826748436,-0.007270070866206718,0.2821469118255167,116.45549011230469,107.5819645690918,0.11864689103976556,-0.08000000000000007,0.03413406611531178,-0.5461467195651475,False,False,False
2022-11-16,121.90369415283205,122.30662327701408,120.90553771446262,121.793809472829,7893400,False,24.11000061035156,False,3.67,False,0.0013539889184108755,0.001353073101992266,0.2665221948009695,117.21601333618165,107.91616912841796,0.14256260236783702,-0.1299999999999999,-0.017522424170070328,-0.5364063671724864,False,False,False
2022-11-17,121.37256622314452,121.69308184959206,120.21873511956515,120.87807117107586,8820200,False,23.93000030517578,False,3.77,False,-0.004356946960291874,-0.004366466113391773,0.2670992207942081,117.96738052368164,108.19073974609375,0.14130718240581874,0.10000000000000009,-0.007465794301908635,-0.5529338344415965,False,False,False
2022-11-18,122.5630111694336,123.3230793588662,121.13445465845224,123.23151346410836,9468500,False,23.1200008392334,False,3.82,False,0.009808187989536643,0.009760399935786371,0.20609649804709101,118.49896812438965,108.4787728881836,0.09498465481757479,0.04999999999999982,-0.03384870270006601,-0.7273461008382058,False,False,False
2022-11-21,121.83958435058594,123.2223509711398,121.56485871141508,122.471449128741,7800500,False,22.36000061035156,False,3.83,False,-0.005902488947889695,-0.005919977487008649,0.2091867545404483,118.98751602172851,108.72674224853516,0.0871872731942871,0.010000000000000231,-0.03287198102485189,-0.6868007753840129,False,False,False
2022-11-22,123.66193389892578,123.8725648586524,122.42568917954846,122.70956728607663,9185700,False,21.290000915527344,False,3.76,False,0.014956958020278188,0.014846205703243886,0.21245382524630763,119.55252952575684,109.08721725463867,0.10057051218851742,-0.07000000000000028,-0.04785329452669418,-0.7194487610658183,False,False,False
2022-11-23,124.98059844970705,124.99891722184935,123.4970992881457,123.570360403586,7316200,False,20.350000381469727,False,3.71,False,0.010663463761282133,0.010607010005360146,0.212132519458992,120.11891632080078,109.4789665222168,0.09966960485497878,-0.04999999999999982,-0.04415220731024261,-0.7176350045194255,False,False,False
2022-11-25,125.21871948242188,125.58501114182262,124.59600689368324,124.98061732799336,3220500,False,20.5,False,3.68,False,0.0019052639823184947,0.0019034512689970731,0.2123709364952215,120.67477340698242,109.84371139526367,0.0974319719498924,-0.029999999999999805,0.007370988487393815,-0.7199176311450863,False,False,False
2022-11-28,123.03008270263672,125.19123683050562,122.88356046305546,124.60516184531048,9906900,False,22.209999084472656,False,3.69,False,-0.017478511111051587,-0.017633063835206055,0.22450884241042895,121.05343360900879,110.17902420043946,0.06559335509745345,0.009999999999999787,0.08341458948647107,-0.7573709661860692,False,False,False
2022-11-29,125.05386352539062,125.12712464315098,123.0850216381753,123.31395739125288,7925300,False,21.88999938964844,False,3.75,False,0.016449479495558528,0.016315652404091226,0.22842260699705272,121.54244003295898,110.53520797729492,0.08484264412069531,0.06000000000000005,-0.014407911211843816,-0.7480520223843392,False,False,False
2022-11-30,126.53733825683594,126.53733825683594,121.96779045213349,124.62343908487884,14761200,False,20.57999992370605,False,3.68,False,0.011862686122801058,0.011792876009737236,0.2244744837901927,122.00168418884277,110.96335647583008,0.07826749859458904,-0.06999999999999984,-0.05984465520642612,-0.7751788839275785,False,False,False
2022-12-01,124.76082611083984,126.9769224009966,124.01906257456254,126.53735571880368,8858500,False,19.84000015258789,False,3.53,False,-0.014039430341029169,-0.014138915383014695,0.22882056525771824,122.42613143920899,111.41660400390624,0.07300944068984827,-0.15000000000000036,-0.03595722905060639,-0.7044675881529368,False,False,False
2022-12-02,123.77181243896484,123.9458058238679,122.10515367108044,123.15826637907824,8931900,False,19.059999465942383,False,3.51,False,-0.007927277357047458,-0.007958865268366595,0.2324283417152342,122.79059677124023,111.87330612182618,0.0625785528107079,-0.020000000000000018,-0.039314550435815665,-0.6639319229161106,False,False,False
2022-12-05,120.3011703491211,123.23155953954412,119.5960582006578,122.92936263028932,10154500,False,20.75,False,3.6,False,-0.02804065014039614,-0.028441296528320698,0.23896369651469643,122.82219123840332,112.29817123413086,0.005280296981401422,0.0900000000000003,0.08866739671621793,-0.7500666703676657,False,False,False
2022-12-06,120.50263214111328,123.72605179142124,118.92755287864072,122.15097252894866,13966700,False,22.170000076293945,False,3.51,False,0.0016746453206359924,0.0016732446656765139,0.23832297715678544,122.83226432800294,112.76972396850586,0.0016746453206359924,-0.0900000000000003,0.06843373861657565,-0.7031310508158967,False,False,False
2022-12-07,120.42020416259766,121.8670797753192,119.34878653237514,120.24621075738447,11739400,False,22.68000030517578,False,3.42,False,-0.0006840346725297541,-0.0006842687309885195,0.2383370314077887,122.83455467224121,113.25669082641602,0.0003805367736120502,-0.08999999999999986,0.02300406978469849,-0.7209699154037108,False,False,False
2022-12-08,121.68392944335938,121.77549535581866,120.35609096797695,121.1802680188828,8907300,False,22.290000915527344,False,3.48,False,0.010494296115420632,0.010439613229497532,0.23574614522641088,122.97832717895508,113.7300862121582,0.02420239827156445,0.06000000000000005,-0.017195740052941555,-0.7151653346116393,False,False,False
2022-12-09,121.0246124267578,122.48979301470985,120.87809017602332,121.06123600287596,7957800,False,22.82999992370605,False,3.57,False,-0.005418275195562927,-0.005433007287727536,0.18347964900196512,122.84463005065918,114.22351440429688,-0.02161660308866431,0.08999999999999986,0.024226064872098885,-0.6395104502306916,False,False,False
2022-12-12,122.90185546875,123.3047705899854,120.51176604366964,121.24434915364463,8841600,False,25.0,False,3.61,False,0.015511250185810566,0.015392180446469339,0.19253983382711184,122.79472160339355,114.78462066650391,-0.008056244944526503,0.040000000000000036,0.09505037597659727,-0.42639924100154586,False,False,False
2022-12-13,122.78282165527344,125.53920302213729,121.86707866617364,125.35605721894316,10025400,False,22.549999237060547,False,3.51,False,-0.0009685273914097348,-0.0009689967171247014,0.1889689074130198,122.8025058746338,115.28471374511719,0.0012695837935257082,-0.10000000000000009,-0.09800003051757811,-0.3529861771766712,False,False,False
2022-12-14,122.16929626464844,124.27550829168251,121.5740548368282,122.50811675672064,9966100,False,21.13999938964844,False,3.49,False,-0.004996834103939585,-0.005009360023520369,0.18797158080248308,122.82402763366699,115.68104797363281,0.0035357253783334652,-0.019999999999999574,-0.06252771153512038,-0.30048325771195405,False,False,False
2022-12-15,119.1381607055664,120.95132779332344,118.17662783505968,120.09967960294496,12087800,False,22.82999992370605,False,3.44,False,-0.024810943925844153,-0.025123923115374994,0.20781838504627148,122.68575096130371,116.04203369140625,-0.022686215265949716,-0.050000000000000266,0.07994326314338251,-0.3973183442877342,False,False,False
2022-12-16,118.39640045166016,118.95500421288943,117.60886095178166,118.26819699694174,21133700,False,22.6200008392334,False,3.48,False,-0.006226050910248748,-0.006245513591031578,0.20831639829983425,122.5369426727295,116.42939270019531,-0.024520909988939743,0.040000000000000036,-0.00919838305626075,-0.3948598965867372,False,False,False
2022-12-19,119.10153198242188,120.26452950136444,118.21326015727044,118.72607400001164,9017200,False,22.420000076293945,False,3.57,False,0.00595568385585854,0.005938018874094362,0.20606316703595146,122.3638687133789,116.87041442871094,-0.028242445693721585,0.08999999999999986,-0.008841766380156879,-0.38061948956478286,False,False,False
2022-12-20,119.67845916748048,120.92387025075504,119.22974005117491,119.93486609876084,8549900,False,21.479999542236328,False,3.69,False,0.004843994661158257,0.004832300268863606,0.20644535693543675,122.25581245422363,117.3411067199707,-0.017737463523241792,0.1200000000000001,-0.041926874703784645,-0.40636586365525174,False,False,False
2022-12-21,121.0246124267578,121.77551450879292,120.66747317379934,121.04291722825144,8051700,False,20.06999969482422,False,3.68,False,0.01124808314413106,0.011185293857624297,0.20307991640224363,122.12394638061524,117.89421600341797,-0.02132686582698584,-0.009999999999999787,-0.06564245239575606,-0.40967216436544573,False,False,False
2022-12-22,119.65099334716795,120.23706835533226,117.59057143161893,120.05392253524288,8648200,False,21.96999931335449,False,3.67,False,-0.011349915129215016,-0.01141481697017496,0.20133831083762896,121.85746612548829,118.38963333129882,-0.042643459614123636,-0.010000000000000231,0.09466864212360959,-0.41729642365872494,False,False,False
2022-12-23,120.21873474121094,120.36525696844744,118.71691684485836,119.57771746346202,5091900,False,20.8700008392334,False,3.75,False,0.004744978525967447,0.00473375659989243,0.2023373622055197,121.60746688842774,118.79091171264649,-0.039930010160444396,0.08000000000000007,-0.05006820703232584,-0.4320697337657521,False,False,False
2022-12-27,120.63997650146484,121.07952918763898,119.550240198278,120.484301882885,5411000,False,21.649999618530277,False,3.84,False,0.0035039610187270753,0.003497836449980366,0.19454840436281157,121.48796157836914,119.16728179931641,-0.019427006376552258,0.08999999999999986,0.03737416137667626,-0.36029166402562285,False,False,False
2022-12-28,121.2993392944336,122.1692924600138,119.97150059771896,120.74073543474422,8827700,False,22.13999938964844,False,3.88,False,0.0054655414572362115,0.005450659585890025,0.18523420437021937,121.30023536682128,119.47130905151367,-0.0300232565801114,0.040000000000000036,0.02263278428415183,-0.34641744938601654,False,False,False
2022-12-29,121.99529266357422,122.04108261161034,121.16196311796013,121.729719348843,6585200,False,21.440000534057617,False,3.83,False,0.005737486891427501,0.005721090200815976,0.18061044430217543,121.0731330871582,119.73467712402343,-0.035894903874480244,-0.04999999999999982,-0.03161693201844029,-0.3161446736715526,False,False,False
2022-12-30,122.8011474609375,123.01176444801732,121.28101065841544,121.61983111238688,9292500,False,21.670000076293945,False,3.88,False,0.006605622067611838,0.006583900549782507,0.1768277551089411,120.97514915466309,120.05683547973632,-0.015707483759055285,0.04999999999999982,0.010727590322163083,-0.36557786237411766,False,False,False
2023-01-03,123.73519134521484,125.21870452680464,122.60883135261088,123.84509000841412,11054800,False,22.899999618530277,False,3.79,False,0.007606149483045055,0.007577368577183178,0.1770407805739956,120.97331809997559,120.40463485717774,-0.00029587587858959097,-0.08999999999999986,0.05676047706072218,-0.3631712369271489,False,False,False
2023-01-04,124.88904571533205,126.07950054076596,124.14729605627132,124.53190647307576,11687600,False,22.01000022888184,False,3.69,False,0.009325191625541684,0.009281980453365061,0.14525126075408323,121.20271186828613,120.6637905883789,0.038136581322498087,-0.10000000000000009,-0.03886460281546322,-0.25776870805145685,False,False,False
2023-01-05,124.86133575439452,125.19343885785884,123.33919066504112,125.14731068975593,8381300,False,22.459999084472656,False,3.71,False,-0.00022187663280481829,-0.00022190125106645603,0.1454484281540764,121.4206470489502,120.91964477539062,0.036171024116527395,0.020000000000000018,0.020445199950535287,-0.2688070607674388,False,False,False
2023-01-06,127.25064086914062,127.6565462748384,124.06799395823543,125.58090514907298,10029100,False,21.1299991607666,False,3.55,False,0.019135668382131765,0.018954884124370068,0.15744587717865663,121.76216888427734,121.21742431640625,0.05672168349191775,-0.16000000000000014,-0.05921638370081361,-0.3301835843673398,False,False,False
2023-01-09,126.7248306274414,128.11782573988478,126.272811033153,127.85952480704994,8482300,False,21.96999931335449,False,3.53,False,-0.004132083250094953,-0.004140643896428272,0.15653456259808848,122.01421394348145,121.47886367797851,0.04142618673757115,-0.020000000000000018,0.03975391320164223,-0.3408765885216597,False,False,False
2023-01-10,127.85950469970705,127.97020106027225,126.66946251825928,127.11226203686306,9048700,False,20.57999992370605,False,3.61,False,0.008953841695014564,0.00891399373935093,0.1557171767468916,122.3559585571289,121.75402221679687,0.05647522545949579,0.08000000000000007,-0.06326806705012156,-0.35273140411657816,False,False,False
2023-01-11,128.80967712402344,128.92037347696242,127.39824231868354,128.13623677339942,8703700,False,21.09000015258789,False,3.54,False,0.007431378891604279,0.007403902237804384,0.1494834178146611,122.65134963989257,122.02107818603515,0.04806942606961373,-0.06999999999999984,0.024781352321307404,-0.5173304338614839,False,False,False
2023-01-12,128.6805419921875,129.94437242636852,128.43146109210693,129.15101562447867,11001700,False,18.82999992370605,False,3.43,False,-0.0010025266324641402,-0.001003029498407634,0.14949360539048234,122.94623565673828,122.28921432495117,0.04803375795901288,-0.10999999999999988,-0.1071598014476316,-0.5056926993766885,False,False,False
2023-01-13,131.92774963378906,132.37056322485412,124.35397340286052,125.09198197829284,20200000,False,18.350000381469727,False,3.49,False,0.0252346438034019,0.024921507175813762,0.16715140707940726,123.43415832519531,122.58072021484375,0.07987648015915094,0.06000000000000005,-0.025491213180092953,-0.5459798639039373,False,False,False
2023-01-17,129.88900756835938,130.57165384016318,128.44066460814747,130.23033070426126,14292900,False,19.36000061035156,False,3.53,False,-0.01545347412571596,-0.015574123640437806,0.14803939884288414,123.97170066833496,122.85306274414063,0.090238482775995,0.03999999999999959,0.05504088326350964,-0.4960142101285496,False,False,False
2023-01-18,125.98683166503906,129.82445142479642,125.8392271152633,128.15471542494893,13392600,False,20.34000015258789,False,3.37,False,-0.030042387545894833,-0.030502906940438362,0.18909512312582186,124.35122222900391,123.04314926147461,0.06411032079035195,-0.1599999999999997,0.050619809470064725,-0.5385855731873156,False,False,False
2023-01-19,124.30782318115234,125.36870064270028,123.23771164038068,124.83365894865472,13303400,False,20.520000457763672,False,3.39,False,-0.013326856955580002,-0.01341645645731134,0.19753948339209573,124.61153678894043,123.13592010498047,0.0437130497993834,0.020000000000000018,0.008849572459461275,-0.529439858524974,False,False,False
2023-01-20,124.61226654052734,124.99049784740328,123.20083173812868,124.68606880111352,13092500,False,19.850000381469727,False,3.48,False,0.002449108604623662,0.0024461144258612405,0.19729958094669228,124.85822715759278,123.22214202880859,0.04122552552370684,0.08999999999999986,-0.03265107511439913,-0.5255391182630924,False,False,False
2023-01-23,126.63257598876952,127.26910825273292,124.3724360086998,124.64917692664584,10487100,False,19.809999465942383,False,3.52,False,0.016212765438987642,0.016082742034224443,0.20110450169532854,125.13862533569336,123.34730560302734,0.04633738088114581,0.040000000000000036,-0.0020151594336836887,-0.4904810465469301,False,False,False
2023-01-24,127.72110748291016,129.41851719919742,124.53846074578614,125.84841916224752,6945000,False,19.200000762939453,False,3.46,False,0.008595983187115852,0.008559248089713756,0.19547514902682228,125.54213104248046,123.52555816650391,0.06744711355907196,-0.06000000000000005,-0.030792464384042373,-0.44303748448424396,False,False,False
2023-01-25,128.33921813964844,128.33921813964844,126.61413389807234,127.35214259398586,8967000,False,19.07999992370605,False,3.46,False,0.00483953411397553,0.004827861214536029,0.19548444343420324,125.94815521240234,123.61837142944336,0.06754756998497835,0.0,-0.006250043461718646,-0.44915146150870583,False,False,False
2023-01-26,129.13255310058594,129.2063553652818,127.63809595043652,128.6159513240574,7487600,False,18.729999542236328,False,3.49,False,0.006181547405675003,0.006162520013734322,0.19574404363920958,126.3727840423584,123.72302200317382,0.07039603989825016,0.03000000000000025,-0.01834383558014918,-0.46252432865530185,False,False,False
2023-01-27,129.4462432861328,130.31338840568634,128.9204073189552,129.71376423474106,7489900,False,18.51000022888184,False,3.52,False,0.00242921074519864,0.002426264982397631,0.19563219047741406,126.78012924194336,123.85940414428711,0.06716363039640294,0.029999999999999805,-0.01174582587994133,-0.4741478641923789,False,False,False
2023-01-30,128.34841918945312,129.23401813554992,128.14546649840148,128.44066145498658,6729300,False,19.940000534057617,False,3.55,False,-0.008480926667396749,-0.008517094361519642,0.19977593422718867,127.0977855682373,123.99159530639649,0.05207681695882216,0.029999999999999805,0.07725555307905907,-0.506812688086954,False,False,False
2023-01-31,129.11410522460938,129.21558157284034,127.53661182508124,129.04030296441033,9188700,False,19.399999618530277,False,3.52,False,0.005965683410763534,0.0059479591779926805,0.19961932918998854,127.4134334564209,124.13580352783202,0.05140797048073176,-0.029999999999999805,-0.02708128891997852,-0.5172657323293833,False,False,False
2023-02-01,128.77279663085938,129.9628389860808,127.41670971054376,127.4997460694358,8841800,False,17.8700008392334,False,3.39,False,-0.0026434648108837333,-0.002646964933648558,0.19951541176681495,127.66531372070312,124.28380813598633,0.040712793433113736,-0.1299999999999999,-0.07886591800937315,-0.5111480774546899,False,False,False
2023-02-02,128.17315673828125,129.5753716687089,127.30599769020552,129.15101214948385,11822100,False,18.729999542236328,False,3.4,False,-0.004656572725503905,-0.004667448335457567,0.19894641406300115,127.82951927185059,124.39601104736329,0.02629622961836775,0.009999999999999787,0.04812527490848306,-0.5107453240568599,False,False,False
2023-02-03,130.15655517578125,131.30046932687927,127.42594137506876,127.47205548026778,11501200,False,18.32999992370605,False,3.53,False,0.015474366770492631,0.015355859740882794,0.20498713058128384,128.09428024291992,124.56235046386719,0.0424088000452163,0.1299999999999999,-0.02135609334256916,-0.5099765804135881,False,False,False
2023-02-06,130.92222595214844,131.21743502591008,129.17868782973096,129.36318646266028,8406200,False,19.43000030517578,False,3.63,False,0.0058826908512839005,0.005865455386366583,0.19561277189750476,128.27785949707032,124.70755630493164,0.028853175574836687,0.10000000000000009,0.06001093213574471,-0.4218085978407846,False,False,False
2023-02-07,132.5181427001953,133.15467486781688,130.23954897835594,130.42406166418485,10447900,False,18.65999984741211,False,3.67,False,0.012189807623880222,0.012116110219262883,0.1979506978778448,128.567525100708,124.8583071899414,0.045715682112732026,0.040000000000000036,-0.039629461949033495,-0.4280155042441659,False,False,False
2023-02-08,131.58642578125,132.8779302241988,131.25432262787135,131.5956457857201,6958000,False,19.6299991607666,False,3.63,False,-0.007030863095125017,-0.007055696079721393,0.198966208969543,128.75387115478514,124.98566131591797,0.029148564983855207,-0.040000000000000036,0.05198281464557564,-0.43490213005793826,False,False,False
2023-02-09,129.53843688964844,132.23215575774526,129.03105520229417,132.02920308280358,6443100,False,20.709999084472656,False,3.67,False,-0.015563830991246363,-0.015686218953345078,0.20649401549613064,128.7903091430664,125.1158283996582,0.005657647638719787,0.040000000000000036,0.055017828317822426,-0.4959130412229219,False,False,False
2023-02-10,130.1104278564453,130.33183468351544,127.85028770927389,128.94807368610296,6582900,False,20.530000686645508,False,3.74,False,0.004415608066076437,0.004405887871987268,0.2069141090499948,128.8618034362793,125.2169596862793,0.011111904271778883,0.07000000000000028,-0.008691376426090858,-0.5929536059524285,False,False,False
2023-02-13,131.52183532714844,131.66942575539255,129.83364575635736,130.35024744606255,7134600,False,20.34000015258789,False,3.72,False,0.010847765962774147,0.010789351017660945,0.1898233869621628,128.84150772094728,125.31664962768555,-0.0030767924698736904,-0.020000000000000018,-0.009254774851576553,-0.5891550721859857,False,False,False
2023-02-14,132.10302734375,132.66575729505092,130.62702427939897,131.45727512332502,9249400,False,18.90999984741211,False,3.77,False,0.00441897738999697,0.004409242378072466,0.18140516371879714,128.95220870971679,125.46349365234374,0.0170454745697044,0.04999999999999982,-0.07030483256873721,-0.5382034411968628,False,False,False
2023-02-15,132.65652465820312,132.7395469194213,130.35025689320076,130.63623184384645,6728300,False,18.229999542236328,False,3.81,False,0.004189891220379494,0.00418113806748135,0.13988753119766908,129.285693359375,125.64118789672851,0.052939604123840134,0.040000000000000036,-0.03595982605303094,-0.49162882650591094,False,False,False
2023-02-16,130.82997131347656,132.27830022529912,130.70080679865134,131.83550073283425,8165300,False,20.170000076293945,False,3.86,False,-0.013769042641760598,-0.013864715136985223,0.1405632562032676,129.6118007659912,125.85176391601563,0.052467720577968446,0.04999999999999982,0.10641802428809233,-0.6158583351313489,False,False,False
2023-02-17,131.21743774414062,131.76171364927728,129.21559867888436,130.0550695875544,7948800,False,20.020000457763672,False,3.82,False,0.0029616029627925755,0.002957226056381199,0.14056785645021747,129.9420593261719,126.06606002807617,0.0530057865648812,-0.040000000000000036,-0.007436768367024893,-0.623918724990285,False,False,False
2023-02-21,128.80967712402344,130.3871564587718,127.99786633222568,129.7875324452297,9996300,False,22.8700008392334,False,3.95,False,-0.018349395183375306,-0.01851983351509677,0.14950387241094865,130.05091438293456,126.23384948730468,0.017192267615617318,0.13000000000000034,0.14235765815702117,-0.7485777350934189,False,False,False
2023-02-22,127.82259368896484,128.62517043791877,126.7893901430616,128.15469683962553,11107500,False,22.290000915527344,False,3.93,False,-0.007663115513504404,-0.007692628051862143,0.14953562728491981,130.0559886932373,126.3566227722168,0.0007945922804362127,-0.020000000000000018,-0.025360730320178493,-0.6929502946806165,False,False,False
2023-02-23,128.8465576171875,129.30781114087313,127.25062436661048,127.979398740444,8068000,False,21.13999938964844,False,3.88,False,0.008010821081555486,0.007978904791510866,0.15128727954461174,130.08135566711425,126.51306167602539,0.00395311335765669,-0.050000000000000266,-0.05159270877722599,-0.7049045982478102,False,False,False
2023-02-24,130.00892639160156,130.4056117873212,128.16391208452364,128.3299706918585,9126900,False,21.670000076293945,False,3.95,False,0.009021341321881149,0.008980892111005674,0.15309142581900867,130.12517433166505,126.65520309448242,0.006786617858728361,0.07000000000000028,0.025070988739244182,-0.6707318967126156,False,False,False
2023-02-27,131.14358520507812,132.2044625170074,130.73767991400797,131.0974570444859,10014700,False,20.950000762939453,False,3.92,False,0.008727545446062912,0.008689680573414293,0.15581642063243706,130.2100414276123,126.82241836547851,0.013112330461328536,-0.03000000000000025,-0.03322562578770549,-0.6796354029522471,False,False,False
2023-02-28,132.2414093017578,132.6196265458736,130.90376263556865,131.8631779812996,11019800,False,20.700000762939453,False,3.92,False,0.008371161234939084,0.008336317385334541,0.154123705643563,130.40469093322753,127.02386062622071,0.030331422364916705,0.0,-0.011933173789771434,-0.660189657871317,False,False,False
2023-03-01,131.50341796875,132.34290298712642,130.8115374961782,131.08829250047577,7139200,False,20.57999992370605,False,4.01,False,-0.005580637236887065,-0.005596267169986654,0.15517225300617934,130.52415657043457,127.27116577148438,0.01850543548270056,0.08999999999999986,-0.0057971417782866075,-0.6403051233514182,False,False,False
2023-03-02,130.13809204101562,131.39268826747863,128.72664313356037,131.2174237309055,11106800,False,19.59000015258789,False,4.08,False,-0.010382436812850226,-0.010436710297454332,0.15991674948310663,130.5924213409424,127.50599960327149,0.010602358928881728,0.07000000000000028,-0.0481049453249891,-0.6143768785805054,False,False,False
2023-03-03,132.52737426757812,132.6011765252421,130.1473042441955,130.54397554325527,9513100,False,18.489999771118164,False,3.97,False,0.018359591639083517,0.01819308919330163,0.17045118607944373,130.81013221740722,127.77451644897461,0.03397136842145354,-0.10999999999999988,-0.05615111653403504,-0.6356431512966298,False,False,False
2023-03-06,131.7524871826172,132.87793303450798,131.60488264991764,132.3244371513992,9261300,False,18.61000061035156,False,3.98,False,-0.005846996435592278,-0.005864157043956955,0.16433546677546984,130.88992881774902,128.01599700927736,0.012261633727786991,0.009999999999999787,0.006490040060511015,-0.6356003521931223,False,False,False
2023-03-07,127.8779296875,131.28198313844652,127.13070118877344,131.00522819320005,11747600,False,19.59000015258789,False,3.97,False,-0.029407850872270935,-0.02984893072318145,0.19444755203582137,130.7377140045166,128.1530633544922,-0.023252707800439643,-0.009999999999999787,0.05265983396535834,-0.6823656906805713,False,False,False
2023-03-08,127.12151336669922,127.85028796654456,126.28202831492362,127.30601201812318,10002500,False,19.11000061035156,False,3.98,False,-0.0059151436268108926,-0.005932707384555982,0.18856176967815827,130.4678825378418,128.3024737548828,-0.040723701853452976,0.009999999999999787,-0.024502273532291063,-0.6543727537143653,False,False,False
2023-03-09,120.23957824707033,126.70636236099288,119.2063747461258,126.16207244585634,25888100,True,22.61000061035156,False,3.93,False,-0.054136667644736236,-0.05565718933597127,0.2641763053360252,129.90054016113282,128.302890625,-0.08623114023206868,-0.04999999999999982,0.18315017730057592,-0.7942014053903559,True,False,False
2023-03-10,123.29305267333984,124.77828947933573,117.91484231032793,118.96650674628522,37599700,True,24.799999237060547,False,3.7,False,0.02539491963282825,0.02507782583288427,0.28064081055976486,129.5882709503174,128.3559521484375,-0.04821259516686105,-0.22999999999999998,0.09685973319727981,-0.5954232335728835,False,False,False
2023-03-13,121.07906341552734,123.50526172401648,119.38165363815746,121.04216932312453,42901100,True,26.520000457763672,False,3.55,False,-0.01795712904990987,-0.018120314808614424,0.28472920510566774,129.13670272827147,128.3515466308594,-0.0694130715708855,-0.15000000000000036,0.06935489006518969,-0.607067781932442,False,False,False
2023-03-14,124.18792724609376,125.02741226082236,121.11597627206211,124.7967854376339,29648100,True,23.729999542236328,False,3.64,False,0.025676312178739114,0.025352211766743602,0.29909773369921266,128.77000732421874,128.39539932250977,-0.05576190495526656,0.0900000000000003,-0.10520365261572151,-0.654935128114794,False,False,False
2023-03-15,118.3207550048828,120.83920951063872,116.90932731300352,120.82997543082509,34280600,True,26.13999938964844,False,3.51,False,-0.04724430442891958,-0.04839676121288923,0.336663660396048,128.08089370727538,128.30579147338867,-0.1043297236709334,-0.13000000000000034,0.10155920328285828,-0.6807664543058899,True,False,False
2023-03-16,120.61781311035156,121.72481890489128,116.25435107656224,118.09013838380623,24558500,True,22.989999771118164,False,3.56,False,0.01941382224423749,0.01922777802771745,0.3465339069876321,127.47895812988281,128.2434439086914,-0.09075099456185787,0.050000000000000266,-0.12050496144149458,-0.7023743616474631,False,False,False
2023-03-17,116.06063079833984,118.52372338026191,115.72852763693784,118.43148110430432,38396000,True,25.51000022888184,False,3.39,False,-0.03778200080482652,-0.03851424359869344,0.36502779031477955,126.74049110412598,128.06687561035156,-0.11288958001640526,-0.16999999999999993,0.10961289616581449,-0.7300750983144094,True,False,False
2023-03-20,117.28756713867188,119.43701064586844,116.24513651602736,117.14918964833144,22875500,False,24.149999618530277,False,3.47,False,0.010571511906254383,0.010516024191045492,0.36841109475949874,126.04399757385254,127.91540023803711,-0.10615868473693602,0.08000000000000007,-0.05331244994705253,-0.736688982890111,False,False,False
2023-03-21,120.43331146240234,121.52186314469816,120.1012083247568,120.4702055548776,17807800,False,21.3799991607666,False,3.59,False,0.02682078246205899,0.0264674098392961,0.381893140850439,125.62517929077148,127.77905364990234,-0.06502900906704367,0.11999999999999966,-0.11469981372746096,-0.770786065213621,False,False,False
2023-03-22,117.32447052001952,120.53479879711034,117.23222120408217,120.44254244300132,17250200,False,22.26000022888184,False,3.48,False,-0.02581379607213874,-0.026152819147187853,0.3901298271103138,125.10027313232422,127.59104644775391,-0.08213041893431439,-0.10999999999999988,0.041160014156131686,-0.7780767161191773,False,False,False
2023-03-23,117.01081848144533,119.49236528429716,116.2543628032985,117.98868097137064,16677600,False,22.61000061035156,False,3.38,False,-0.0026733727174218513,-0.0026769525598571227,0.3876078507054905,124.50848617553712,127.37407272338868,-0.09185918005591598,-0.10000000000000009,0.01572328741558593,-0.7738245819024336,False,False,False
2023-03-24,115.2303695678711,115.94069696475898,113.56985391022673,115.89456879275797,22311100,False,21.739999771118164,False,3.38,False,-0.015216105114729706,-0.015333057936446683,0.3859224825400458,123.76955833435059,127.10248657226562,-0.11367340100337253,0.0,-0.038478585393539544,-0.7686214280296889,False,False,False
2023-03-27,118.532958984375,119.35398985556544,116.5034388565988,116.96469247134272,18853900,False,20.600000381469727,False,3.53,False,0.028660755223549605,0.028257718552085476,0.4019796016247343,123.13902702331544,126.89953491210937,-0.09615892535637971,0.1499999999999999,-0.052437874960925224,-0.7676201065296644,False,False,False
2023-03-28,118.89274597167967,119.31709144922272,117.84108116887144,118.73592141899252,10820500,False,19.96999931335449,False,3.55,False,0.003035332876083041,0.0030307355538349767,0.4001142075287145,122.47159385681152,126.63883483886718,-0.1009416294076102,0.020000000000000018,-0.030582575555772373,-0.7704829446235714,False,False,False
2023-03-29,119.13258361816406,120.12889311989856,117.86874617402836,120.0181967562647,14595300,False,19.1200008392334,False,3.57,False,0.0020172605529820142,0.002015228615085939,0.4008764951361458,121.85305213928223,126.42370635986327,-0.09407234079288873,0.020000000000000018,-0.042563770823600966,-0.7711577395704594,False,False,False
2023-03-30,118.77279663085938,120.03662693329808,117.75804016436588,119.87980240554847,12134700,False,19.020000457763672,False,3.55,False,-0.0030200552726855623,-0.003024624842164705,0.40032462632160964,121.28478736877442,126.2794256591797,-0.08733258058351012,-0.020000000000000018,-0.005230145244791484,-0.7868781819256679,False,False,False
2023-03-31,120.21192169189452,120.23959578425315,118.86506894262816,119.612297588999,13105200,False,18.700000762939453,False,3.48,False,0.01211662183477813,0.01204380319294617,0.39624001389189883,120.66901473999023,126.19750762939454,-0.09292761321006948,-0.06999999999999984,-0.01682437892337696,-0.7782516270979974,False,False,False
2023-04-03,120.07354736328124,121.25435552036944,119.3816669239088,119.84292055015707,11775400,False,18.549999237060547,False,3.43,False,-0.0011510865699987383,-0.0011517495789805452,0.39638913238023604,120.08506774902344,126.10673324584961,-0.08864303110383187,-0.04999999999999982,-0.008021471644866773,-0.7784443194582339,False,False,False
2023-04-04,118.46837615966795,120.47021514899892,117.5366489297888,120.38719287706124,11579900,False,19.0,False,3.35,False,-0.01336823337747195,-0.013458392624089535,0.3869059735043641,119.61459007263184,125.94344924926757,-0.07358231049584962,-0.08000000000000007,0.02425880223436394,-0.7751925889904858,False,False,False
2023-04-05,118.64501953125,119.14707668722164,117.57580902387382,117.89192670388562,9614700,False,19.07999992370605,False,3.3,False,0.0014910592793471178,0.0014899487542286527,0.38719309512212885,119.19076538085938,125.76192749023437,-0.06668024641114545,-0.050000000000000266,0.004210522300318376,-0.778461903975411,False,False,False
2023-04-06,118.51486206054688,119.08200834987258,117.94771577122116,118.0778797956493,8760200,False,18.399999618530277,False,3.3,False,-0.001097032738646364,-0.0010976349195095615,0.3371066876063886,119.1045295715332,125.56544036865235,-0.014343997306606293,0.0,-0.035639429134949996,-0.6972950761858295,False,False,False
2023-04-10,118.90534973144533,119.22146032380778,117.35267385939126,117.65019263184118,9477300,False,18.96999931335449,False,3.41,False,0.003294841373556734,0.003289425277242988,0.3234359268150034,118.88514442443848,125.36089630126953,-0.03558759270499667,0.11000000000000032,0.030978244926167076,-0.8767696396478999,False,False,False
2023-04-11,119.49110412597656,119.8815962149106,118.5799488250562,119.28655862413277,10516300,False,19.100000381469727,False,3.43,False,0.004926224058498629,0.004914129919457833,0.31825559988888824,118.80574645996094,125.1617935180664,-0.013115060892906927,0.020000000000000018,0.0068529822256619966,-0.865292634984639,False,False,False
2023-04-12,119.47248840332033,121.26689328717843,119.06339745718536,120.10470954784653,11821000,False,19.09000015258789,False,3.41,False,-0.00015579170342761017,-0.00015580384021559557,0.3029526866098725,118.56997451782226,124.98427490234376,-0.03797018717793088,-0.020000000000000018,-0.000523572182309362,-0.8486865042805722,False,False,False
2023-04-13,119.9280776977539,119.9745537010394,117.919820654687,119.43531289368852,12450200,False,17.799999237060547,False,3.45,False,0.0038133406319920127,0.0038060882798831614,0.2510430937226025,118.65034065246581,124.80055435180664,0.013584452641506317,0.040000000000000036,-0.06757469383008197,-0.7950481180175315,False,False,False
2023-04-14,128.98382568359375,129.34642652580754,125.42289218861391,125.65532898969498,43931300,True,17.06999969482422,False,3.52,False,0.07550982355159896,0.07279480362312363,0.36107921170347257,119.06864128112792,124.80477493286133,0.06935967712818858,0.06999999999999984,-0.04101121199580893,-0.6186383687468321,True,False,False
2023-04-17,130.0065460205078,130.22038389324814,127.98899640224876,130.11811113901308,16050500,False,16.950000762939453,False,3.6,False,0.007929058790850707,0.007897788988836448,0.32638862946646663,119.76593704223633,124.84144271850586,0.12016060162898445,0.08000000000000007,-0.007029814530175482,-0.49537658235763987,False,False,False
2023-04-18,131.46624755859375,131.8195560320996,129.26275124856613,130.41564287639508,13760100,False,16.829999923706055,False,3.58,False,0.011227907999768583,0.011165342921789716,0.3265219355732105,120.47487106323243,124.8676365661621,0.12088817907833382,-0.020000000000000018,-0.007079695211328563,-0.4900452789444155,False,False,False
2023-04-19,131.2988739013672,131.55920192925032,130.53647454341413,131.30816626421534,9158100,False,16.459999084472656,False,3.6,False,-0.001273130254607513,-0.0012739413734431538,0.3177790853891129,121.01814918518066,124.87516952514649,0.09022057358571356,0.020000000000000018,-0.02198460136130065,-0.4414712904194176,False,False,False
2023-04-20,130.91769409179688,131.49413278576523,130.01583822017926,130.08092733043537,10586200,False,17.170000076293945,False,3.54,False,-0.002903146068538698,-0.0029073683710403755,0.29860809546327766,121.69781036376953,124.84316055297852,0.11586008879075149,-0.06000000000000005,0.043134935073663616,-0.3497346142276474,False,False,False
2023-04-21,130.66664123535156,131.19660385164096,129.0302915712904,129.922854961478,11842500,False,16.770000457763672,False,3.57,False,-0.0019176388507826658,-0.0019194798741521404,0.29834035768284567,122.38060150146484,124.82476486206055,0.1167056425305808,0.029999999999999805,-0.023296424971048224,-0.3271624412618666,False,False,False
2023-04-24,130.8433074951172,131.18732357463173,130.20177971600685,130.59228598862495,7567500,False,16.889999389648438,False,3.52,False,0.0013520379654314851,0.0013511247851118032,0.288574102552401,123.16124839782715,124.85086227416993,0.13549325569115722,-0.04999999999999982,0.0071555711752655515,-0.40581959745043755,False,False,False
2023-04-25,127.99829864501952,130.1274277329189,127.96111499825328,129.79271816475563,10629300,False,18.76000022888184,False,3.4,False,-0.02174363293440773,-0.02198350928453938,0.29272744944193263,123.63451538085937,124.80861968994141,0.07985407385208565,-0.1200000000000001,0.11071645392595397,-0.46141751669630837,False,False,False
2023-04-26,125.72968292236328,128.1284318863963,124.5860980839009,127.9517776863872,14416100,False,18.84000015258789,False,3.43,False,-0.01772379591503659,-0.017882743286822256,0.3027420264048252,123.97636222839355,124.6927766418457,0.05750508069106397,0.03000000000000025,0.004264388205224456,-0.46448945312846773,False,False,False
2023-04-27,127.4218521118164,128.22143524314188,126.12950411678274,126.44561474881895,9041100,False,17.030000686645508,False,3.53,False,0.013458788331614846,0.013369023361523822,0.30498224237622334,124.39082565307618,124.59915313720703,0.06958019579446506,0.09999999999999964,-0.09607215771140842,-0.4745878350317664,False,False,False
2023-04-28,128.52825927734375,128.60264075648055,126.13880214058032,126.96627658910433,9887300,False,15.779999732971191,False,3.44,False,0.0086830252989607,0.008645544642181417,0.30447317585501427,124.87859878540038,124.51658782958984,0.0821354967064043,-0.08999999999999986,-0.07339993560038638,-0.46594015799042404,False,False,False
2023-05-01,131.28028869628906,133.29783821644935,130.93628680641368,132.26581836000824,20415800,False,16.079999923706055,False,3.59,False,0.02141186253061167,0.0211858491551646,0.3094566771820054,125.43201713562011,124.52559417724609,0.09207378809535194,0.1499999999999999,0.01901141925294425,-0.4234098742890195,False,False,False
2023-05-02,129.1604766845703,132.4052994535761,128.7048954586178,131.46624572118586,14113400,False,17.780000686645508,False,3.44,False,-0.016147222349753076,-0.01627900933260381,0.3176161642023027,125.88636360168456,124.48445495605469,0.07567802834871418,-0.1499999999999999,0.10572144098292036,-0.47526575226112494,False,False,False
2023-05-03,126.42700958251952,128.92803160871594,126.22246408088758,128.71419374312444,12930900,False,18.34000015258789,False,3.38,False,-0.021163340150302634,-0.021390494243220114,0.32435098801001194,126.28429527282715,124.43680160522462,0.06717939150381502,-0.06000000000000005,0.031496031738794894,-0.48210060422343975,False,False,False
2023-05-04,124.69766998291016,126.18527093974366,122.54995656425722,125.47866828799552,17089200,False,20.09000015258789,False,3.37,False,-0.0136785612925584,-0.013772974760966694,0.32998601541093014,126.58692779541016,124.37430313110352,0.0510147874354383,-0.009999999999999787,0.09541984653435587,-0.5083789483130151,False,False,False
2023-05-05,127.13365173339844,128.1935630947966,126.3619597669778,126.85472470422673,11261400,False,17.190000534057617,False,3.44,False,0.01953510238661349,0.019346741422095748,0.33493533710569523,127.01786727905274,124.34004501342774,0.07272328147712304,0.06999999999999984,-0.14435040301165503,-0.531738865601212,False,False,False
2023-05-08,127.44044494628906,128.27721168217766,126.89188336179542,127.83093703549144,7484900,False,16.979999542236328,False,3.52,False,0.0024131550435912974,0.002410248060686812,0.3349648642574528,127.44462203979492,124.28867538452148,0.0717805820690216,0.08000000000000007,-0.01221646220459538,-0.5341283335127428,False,False,False
2023-05-09,126.8267822265625,127.32883932696264,125.7110887470415,126.38049348530426,7343600,False,17.709999084472656,False,3.53,False,-0.004815290153649343,-0.0048269210156191055,0.33626557643154914,127.81140594482422,124.20233932495117,0.06139099771688539,0.009999999999999787,0.042991729205911655,-0.5403459441746907,False,False,False
2023-05-10,126.89188385009766,128.36088601235872,125.39499040898734,128.25861326097296,8133400,False,16.940000534057617,False,3.43,False,0.0005133113242505871,0.0005131796250593154,0.3361856389600024,128.1823757171631,124.09534881591797,0.06210128830438877,-0.09999999999999964,-0.0434781812659798,-0.5305990160625158,False,False,False
2023-05-11,126.4920883178711,127.19869096486416,125.42287070396289,125.51585108319456,7057300,False,16.93000030517578,False,3.39,False,-0.003150678515411287,-0.003155652353021517,0.33693174333582915,128.51057624816895,123.99512222290039,0.05473289279813187,-0.040000000000000036,-0.0005903322648502796,-0.5421859897657072,False,False,False
2023-05-12,124.67909240722656,127.36606097216954,123.77723658077858,127.20800566679816,9988600,False,17.030000686645508,False,3.46,False,-0.014332879903828588,-0.014436587774705151,0.20524533873583625,128.2953395843506,123.88594223022461,-0.03337420993332141,0.06999999999999984,0.005906696967935332,-0.704611351183638,False,False,False
2023-05-15,125.72968292236328,126.13877387252892,124.54891444607372,124.83713374637767,7639500,False,17.1200008392334,False,3.5,False,0.00842635677604453,0.008391053213424675,0.20555943652829164,128.08149642944335,123.74998840332032,-0.032897290398514856,0.040000000000000036,0.005284800291198266,-0.6962393285019665,False,False,False
2023-05-16,124.88362884521484,126.3898145056844,124.5489193443534,125.94353990014044,6477200,False,17.989999771118164,False,3.54,False,-0.006729151442073311,-0.006751894265660178,0.2005276851819615,127.75236549377442,123.61261123657226,-0.050070788781318765,0.040000000000000036,0.050817692128321434,-0.7089962083057033,False,False,False
2023-05-17,128.7234649658203,128.8536289739523,125.94353060925548,126.3526073585183,12711500,False,16.8700008392334,False,3.57,False,0.030747313768121565,0.03028408650700309,0.23272986423228856,127.62359504699707,123.62952194213867,-0.019614859282658714,0.029999999999999805,-0.062256750757876844,-0.7142039440663472,False,False,False
2023-05-18,129.69973754882812,129.91357543771105,128.08197227429838,128.55615243737296,10999600,False,16.049999237060547,False,3.65,False,0.00758426277032731,0.00755564684549418,0.23449621085744687,127.56269721984863,123.68108642578125,-0.00930322330696376,0.08000000000000007,-0.04860708721874096,-0.7226900993977728,False,False,False
2023-05-19,129.40220642089844,130.62018715038363,128.42598322593338,129.96935277131868,13492200,False,16.809999465942383,False,3.7,False,-0.002293999460235452,-0.002296634707939818,0.23453308906065887,127.49947547912598,123.86433898925782,-0.009676798932756525,0.050000000000000266,0.0473520414335562,-0.7223365883670956,False,False,False
2023-05-22,128.3329620361328,131.68934887505054,127.98896022676163,131.0943114331809,11402500,False,17.209999084472656,False,3.72,False,-0.008262953270578355,-0.008297280697020024,0.2360681647674869,127.37395820617675,123.96513717651368,-0.019185891178102876,0.020000000000000018,0.02379533796777844,-0.7248533936306245,False,False,False
2023-05-23,126.99415588378906,129.26274112947746,126.87329840506368,127.87741281159326,9514900,False,18.530000686645508,False,3.7,False,-0.010432285915498496,-0.010487083653836134,0.22599829736670815,127.32375106811523,124.0834390258789,-0.007844969596160545,-0.020000000000000018,0.07669969043541625,-0.696749146019571,False,False,False
2023-05-24,125.83197784423828,126.77103155998756,125.59024868871114,125.88776040422024,8578000,False,20.030000686645508,False,3.73,False,-0.009151429303678182,-0.009193560872532307,0.21917710575438915,127.32886581420898,124.1163200378418,0.0008136099566731225,0.029999999999999805,0.0809498081174409,-0.7316196144378899,False,False,False
2023-05-25,126.1387710571289,126.69662491977871,125.12535025390105,125.34849463632358,8472500,False,19.13999938964844,False,3.83,False,0.0024381180217192266,0.002435150634223903,0.2137116173265359,127.26471176147462,124.27268035888672,-0.010069552697770878,0.10000000000000009,-0.0444334132045463,-0.7103822313188302,False,False,False
2023-05-26,127.3195571899414,127.9331936183434,126.10159088275203,126.5478654730383,8579900,False,17.950000762939453,False,3.8,False,0.009361008696348483,0.009317465979352058,0.2141078334158937,127.20427665710449,124.40671524047852,-0.009404173791805248,-0.03000000000000025,-0.06217338895802571,-0.7137043479718844,False,False,False
2023-05-30,127.80299377441406,128.04472282079553,126.46415619209624,127.18935751805016,7399900,False,17.459999084472656,False,3.69,False,0.003797033190678256,0.0037898426562036377,0.19891293607561034,127.03041191101075,124.6415625,-0.026487563033316897,-0.10999999999999988,-0.027298142486906207,-0.7909210085381657,False,False,False
2023-05-31,126.17595672607422,127.2265610650918,124.9579763828472,127.12428833968532,14219900,False,17.940000534057617,False,3.64,False,-0.012730821088680733,-0.012812552403596885,0.1958696432625081,126.88118591308594,124.81933029174805,-0.023107068316144064,-0.04999999999999982,0.02749149339943724,-0.7701196628008042,False,False,False
2023-06-01,127.91462707519533,128.51895710691062,125.93426091276513,126.92909726996506,12248100,False,15.649999618530272,False,3.61,False,0.013779727883464599,0.01368565068678816,0.18748166317223885,126.95556678771973,124.9689566040039,0.011766611403592808,-0.03000000000000025,-0.1276477618370171,-0.800370252306403,False,False,False
2023-06-02,130.60157775878906,131.54061723322627,129.55095898404744,129.7555044833213,12922500,False,14.600000381469728,False,3.69,False,0.021005812587908235,0.020788232200513485,0.1926745333464556,127.25076217651367,125.2344987487793,0.047345774597777446,0.08000000000000007,-0.06709260464244993,-0.7854472713608859,False,False,False
2023-06-05,129.3185272216797,130.26687328356348,128.42597790551957,130.26687328356348,8511900,False,14.729999542236328,False,3.69,False,-0.00982415801652159,-0.009872733460610428,0.18608583065804182,127.36000595092773,125.48065292358399,0.017185658230465695,0.0,0.008904051874655705,-0.7524267327785088,False,False,False
2023-06-06,129.5509796142578,130.25759661038836,128.5003748590288,128.93734301871834,9329500,False,13.960000038146973,False,3.7,False,0.0017975180940597024,0.0017959044917739658,0.1860330099911164,127.46553268432618,125.76706512451172,0.01656094867573832,0.010000000000000231,-0.05227423815469123,-0.7421047027848524,False,False,False
2023-06-07,130.80612182617188,131.3453768468258,129.076791651942,129.74621069918032,9281400,False,13.9399995803833,False,3.79,False,0.009688403867352369,0.009641772231429013,0.1872570286015326,127.66449966430665,126.01252838134765,0.03137617725332431,0.08999999999999986,-0.0014326975436259604,-0.7230989262379952,False,False,False
2023-06-08,130.8433074951172,130.99207043832266,129.6811236016028,130.7875249381189,7368100,False,13.649999618530272,False,3.73,False,0.00028428079990572286,0.0002842403997755982,0.1872766074916711,127.86207084655761,126.25153961181641,0.031140081817112142,-0.06000000000000005,-0.020803441218256835,-0.7316325910907368,False,False,False
2023-06-09,131.1036376953125,131.83814587263618,130.3598513407576,130.49001537148624,7249100,False,13.829999923706056,False,3.75,False,0.0019896332886955026,0.0019876565898866642,0.1864340987315988,128.0926483154297,126.49096069335937,0.036457215931582354,0.020000000000000018,0.013186835912539552,-0.7281283282360306,False,False,False
2023-06-12,131.09432983398438,131.39185569008666,129.94143842180847,131.15941893506186,7596600,False,15.010000228881836,False,3.73,False,-7.099620950068442e-05,-7.099872985085706e-05,0.17662281237033006,128.41341018676758,126.73739135742187,0.051453995236060646,-0.020000000000000018,0.08532178681744873,-0.7157962058565015,False,False,False
2023-06-13,132.0426788330078,132.83295530635525,130.29474985485163,130.61086044419062,7701600,False,14.609999656677246,False,3.84,False,0.007234096243707855,0.007208055680684272,0.176148572513805,128.72905998229982,126.97400650024414,0.050210863209944945,0.10999999999999988,-0.02664893844804339,-0.7292594642056119,False,False,False
2023-06-14,131.54991149902344,133.5209706496138,130.81540340563754,132.95382439764776,9068700,False,13.880000114440918,False,3.83,False,-0.003731879255551629,-0.003738860090107053,0.17437572847517552,129.06237411499023,127.20353378295898,0.05337995632775061,-0.009999999999999787,-0.0499657467070983,-0.6788758402181855,False,False,False
2023-06-15,133.03750610351562,133.32572542805949,130.1924823122168,130.71313840646567,9343100,False,14.5,False,3.72,False,0.011308214407299122,0.011244754514673572,0.1438236085886449,129.278076171875,127.49491638183594,0.03351402278396409,-0.10999999999999988,0.044668579282937326,-0.616215915710596,False,False,False
2023-06-16,133.195556640625,133.8556832851755,132.4889539932474,133.00031770567188,13813500,False,13.539999961853027,False,3.77,False,0.0011880148819567449,0.0011873097506925722,0.1421280774178661,129.45286712646484,127.78592712402343,0.026953170128665827,0.04999999999999982,-0.06620689918254985,-0.58637553654806,False,False,False
2023-06-20,132.516845703125,132.9538279509158,131.1315174934463,132.5912271694313,8428600,False,13.880000114440918,False,3.74,False,-0.00509559744047039,-0.005108624268933088,0.14342761993830105,129.60859909057618,128.065966796875,0.02406944493740526,-0.029999999999999805,0.025110794205745357,-0.5914368487620465,False,False,False
2023-06-21,132.3215789794922,133.90214579283753,131.73583392209747,132.8608196700457,9926500,False,13.199999809265137,False,3.72,False,-0.0014735237818009894,-0.0014746104856225607,0.13943774075513996,129.80802993774415,128.33429138183592,0.03108022194825022,-0.020000000000000018,-0.048991376049651536,-0.5601751172054514,False,False,False
2023-06-22,129.77410888671875,132.58194925175235,129.18836364249506,132.312314633662,10075200,False,12.90999984741211,False,3.8,False,-0.019252113770258594,-0.019439849153791915,0.15241588034690812,129.94702758789063,128.53995147705078,0.021890401047065522,0.07999999999999963,-0.02196969439722829,-0.42277489827751885,False,False,False
2023-06-23,129.0954132080078,129.40221732055474,127.95181385942702,128.80717963940447,9919500,False,13.4399995803833,False,3.74,False,-0.00522982345656775,-0.005243546851460626,0.14951637880514423,130.1101993560791,128.73240997314454,0.02593486504526843,-0.05999999999999961,0.041053426741707755,-0.386424099904032,False,False,False
2023-06-26,129.41146850585938,130.1738535585867,128.01684820731813,129.11394269916784,8429700,False,14.25,False,3.72,False,0.002448230266262952,0.0024452382330071914,0.14951738326968822,130.27383422851562,128.92207778930663,0.02594521431676422,-0.020000000000000018,0.06026789024599055,-0.3547038040450063,False,False,False
2023-06-27,129.42079162597656,130.0158291939676,128.80715514394416,129.2348450460071,8154000,False,13.739999771118164,False,3.77,False,7.204245670666687e-05,7.203986177351219e-05,0.14649988614834494,130.37889595031737,128.9308171081543,0.01650362664158833,0.04999999999999982,-0.03578948974609375,-0.32068024838463793,False,False,False
2023-06-28,128.8536376953125,129.43009050189633,128.26790671248017,129.3836003129569,7558600,False,13.43000030517578,False,3.71,False,-0.0043822474236066,-0.004391877614732763,0.14719971188964406,130.4314281463623,128.9077589416504,0.008220808369739263,-0.06000000000000005,-0.022561824680231157,-0.3082096732880437,False,False,False
2023-06-29,133.35362243652344,133.4744941017453,130.02514023569887,130.22968573677505,15423200,False,13.539999961853027,False,3.85,False,0.03492322624101307,0.03432724642112735,0.1833553901163919,130.79031143188476,128.945506439209,0.05688616038023642,0.14000000000000012,0.008190592269372798,-0.13753102349854707,True,False,False
2023-06-30,135.22242736816406,135.74308350074216,133.56747858097697,134.44144316929692,14212800,False,13.59000015258789,False,3.81,False,0.01401390451564355,0.013916617615057799,0.18354261021371285,131.15570144653321,129.02397750854493,0.05713029432257821,-0.040000000000000036,0.00369277628328879,-0.00907641768602729,False,False,False
2023-07-03,136.31021118164062,137.11908654933129,135.7430649319183,135.91971913562398,8021600,False,13.56999969482422,False,3.86,False,0.008044403836316993,0.008012220103859,0.17193174354561763,131.44113311767578,129.1318278503418,0.043710294475882705,0.04999999999999982,-0.001471704013179198,0.1312892049313501,False,False,False
2023-07-05,135.40216064453125,136.14169879641477,135.14004477164264,135.68300316098157,8934900,False,14.18000030517578,False,3.95,False,-0.006661647203373144,-0.0066839350125971,0.16934617226784524,131.74531478881835,129.2265382385254,0.04704378833840961,0.0900000000000003,0.0449521462100122,0.09489189238928722,False,False,False
2023-07-06,134.06350708007812,134.2320040302401,132.40654898226205,133.8856396654107,9709500,False,15.4399995803833,False,4.05,False,-0.009886500762476547,-0.009935696730348692,0.1748454265252515,131.97094116210937,129.2909422302246,0.03483205977489723,0.09999999999999964,0.08885749281314292,-0.026569105043230404,False,False,False
2023-07-07,135.12132263183594,136.52552097664736,133.866908872023,134.71879262942724,8981500,False,14.829999923706056,False,4.06,False,0.007890406381253046,0.007859439910191056,0.17387932080497778,132.18670120239258,129.43340270996094,0.032989287851516114,0.009999999999999787,-0.03950775085850755,-0.04961590212264893,False,False,False
2023-07-10,135.87960815429688,136.66597020322197,135.27112782587213,135.27112782587213,9100100,False,15.06999969482422,False,4.01,False,0.005611886471293959,0.005596198501780305,0.1743396617794077,132.43851623535156,129.6364012145996,0.03849108338512175,-0.04999999999999982,0.01618339665224955,-0.04950582970379792,False,False,False
2023-07-11,138.00460815429688,138.37906960740568,136.4038300805188,136.99358365726889,11260900,False,14.84000015258789,False,3.99,False,0.015638844038959654,0.015517817496808176,0.18098936580010813,132.78356475830077,129.84805633544923,0.052637520821675166,-0.019999999999999574,-0.015262080085862495,-0.07502390951195506,False,False,False
2023-07-12,138.68797302246094,140.29812147148584,137.61142675811843,138.03268337093755,11323200,False,13.539999961853027,False,3.86,False,0.004951753983461371,0.004939534372109218,0.18087351898096626,133.16324691772462,130.05125061035156,0.05792503152571915,-0.13000000000000034,-0.0876010901191373,-0.06980178622387008,False,False,False
2023-07-13,139.3620147705078,139.83008093340652,138.3135511365733,139.20287398923173,11234900,False,13.609999656677246,False,3.76,False,0.004860131223763053,0.0048483589139122025,0.18031108700754891,133.52921371459962,130.21288513183595,0.05543159228658667,-0.10000000000000009,0.005169844536294876,-0.05816690871298858,False,False,False
2023-07-14,140.2045440673828,143.12527238693303,138.93140351809885,141.87085848397194,27028400,True,13.34000015258789,False,3.83,False,0.006045616506495044,0.0060274150893753365,0.17897600872025515,133.9619453430176,130.4337664794922,0.065789725509801,0.07000000000000028,-0.019838318214570272,-0.10021201531385981,False,False,False
2023-07-17,143.58395385742188,143.93031818225228,140.7474745833013,140.7474745833013,17262400,False,13.479999542236328,False,3.81,False,0.02410342555241929,0.023817523033040806,0.19191151609959176,134.4892677307129,130.77690536499023,0.07927424425485041,-0.020000000000000018,0.010494706750155292,-0.10681111618372552,False,False,False
2023-07-18,143.84608459472656,144.5388133160355,143.05973693495963,143.58396870813758,13491700,False,13.300000190734863,False,3.8,False,0.0018256269608301068,0.0018239625293761203,0.19180574466117667,135.02179412841798,131.15987365722657,0.07996158597720915,-0.010000000000000231,-0.013353068072256224,-0.12992745211580659,False,False,False
2023-07-19,144.39842224121094,145.29711562742418,142.49807461798855,142.99422364567243,12510000,False,13.760000228881836,False,3.75,False,0.003839782278680204,0.0038324291316846767,0.18883317969172658,135.61587295532226,131.5051690673828,0.08966087651002508,-0.04999999999999982,0.03458646853760361,-0.10688605020762705,False,False,False
2023-07-20,146.1770477294922,146.58894821231368,144.5481867273733,144.6605180284174,9935900,False,13.989999771118164,False,3.85,False,0.01231748561151269,0.012242242625136016,0.18951777285227517,136.30864639282225,131.87990112304686,0.10471057598358446,0.10000000000000009,0.016715082733324893,-0.1336353616126388,False,False,False
2023-07-21,145.0536651611328,146.16766463887615,144.81027595893158,145.84938315501867,10636400,False,13.600000381469728,False,3.84,False,-0.007685081795045234,-0.0077147642084533785,0.17361885555663978,137.07262420654297,132.24443878173827,0.11773963547499111,-0.010000000000000231,-0.02787701186768954,-0.17157634225238572,False,False,False
2023-07-24,147.90887451171875,148.64841259921064,144.84771848900857,145.07239533945494,14381400,False,13.90999984741211,False,3.86,False,0.01968381390028462,0.0194925928682029,0.17544976186392147,138.0132972717285,132.6647785949707,0.1457329957447624,0.020000000000000018,0.022794077738759633,-0.08616348201037446,False,False,False
2023-07-25,146.80426025390625,147.6467735305015,145.99918598070113,147.25359971580744,9944700,False,13.859999656677246,False,3.91,False,-0.007468208121108932,-0.007496234814019479,0.1821761125392345,138.88293685913087,133.0710220336914,0.13439915294106553,0.050000000000000266,-0.003594550056315482,-0.04926239504924845,False,False,False
2023-07-26,147.6842498779297,148.14295991985267,146.29877785425592,146.70132223476946,8728600,False,13.1899995803833,False,3.86,False,0.005994305768112218,0.005976411391261888,0.1806599439465926,139.7961097717285,133.53112518310547,0.1411168794634956,-0.050000000000000266,-0.04834055504259438,-0.07352386229159402,False,False,False
2023-07-27,146.0553436279297,148.6390632476469,145.6153603699145,147.69357490821167,10778400,False,14.40999984741211,False,4.01,False,-0.01102965449156823,-0.011090932128041709,0.18747250773613225,140.65619506835938,133.9376383972168,0.13349802334096594,0.1499999999999999,0.09249433706148413,-0.2588565976016579,False,False,False
2023-07-28,146.88851928710938,147.53445284492707,146.4485359733566,147.234883659289,9103800,False,13.329999923706056,False,3.96,False,0.005704520207779451,0.00568831104682133,0.15413436139196554,141.33293991088868,134.3777362060547,0.1014962818653733,-0.04999999999999982,-0.07494794830966012,-0.3116571841537311,False,False,False
2023-07-31,147.87144470214844,149.2007506770254,147.11316564135666,147.14124846387747,8892700,False,13.630000114440918,False,3.97,False,0.006691642204642578,0.006669352547964383,0.15053486819446277,141.96539077758788,134.76069580078126,0.09354230344900905,0.010000000000000231,0.022505640844104002,-0.31540221777277244,False,False,False
2023-08-01,147.14126586914062,147.90890120016138,146.17705075722094,147.37529894065986,6853900,False,13.93000030517578,False,4.05,False,-0.004937929932845253,-0.004950161792178949,0.15353143340615216,142.5069435119629,135.1095263671875,0.07945886514009604,0.07999999999999963,0.022010285268964314,-0.3280877871879746,False,False,False
2023-08-02,145.47494506835938,145.74643141841656,144.1081999906907,145.6247296556844,8299400,False,16.09000015258789,False,4.08,False,-0.011324632766603893,-0.011389244687589313,0.15858469337536063,143.0105827331543,135.4309811401367,0.0743916077548572,0.03000000000000025,0.15506100503167608,-0.4290867648518908,False,False,False
2023-08-03,146.36427307128906,146.89786098978126,144.4920086983106,145.10048890583116,6084000,False,15.920000076293944,False,4.2,False,0.006113272649883372,0.006094662406451961,0.15044329600729459,143.62562103271483,135.79160736083983,0.09175327618323093,0.1200000000000001,-0.010565573317698473,-0.36231892018298095,False,False,False
2023-08-04,146.0553436279297,147.72165773027706,145.7557744802414,146.41106413550557,6209400,False,17.100000381469727,False,4.05,False,-0.0021106888783501976,-0.0021129195214692493,0.15158645595324993,144.17232208251954,136.17283111572266,0.08092002641126883,-0.15000000000000036,0.07412062182919787,-0.37770165643606946,False,False,False
2023-08-07,146.7480926513672,147.6280592895261,146.59832234097993,146.59832234097993,7251800,False,15.770000457763672,False,4.09,False,0.004743058393003707,0.004731845533064997,0.15149080204694687,144.71574630737305,136.59115341186524,0.07998613364213347,0.040000000000000036,-0.07777777158106369,-0.365089678656704,False,False,False
2023-08-08,145.92430114746094,146.01790580284208,142.84441801525406,144.46393710846394,8623400,False,15.989999771118164,False,4.02,False,-0.005613643687099601,-0.0056294594017858475,0.14839641997601216,145.11173095703126,136.98686401367186,0.05738716336420735,-0.07000000000000028,0.013950495051900047,-0.35815185652801496,False,False,False
2023-08-09,143.9677734375,145.58729252584976,143.66821854323672,145.40006893140463,6277800,False,15.960000038146973,False,4.0,False,-0.013407826486582342,-0.013498522999877473,0.1588642803495005,145.3757209777832,137.31982833862304,0.03806963430191579,-0.019999999999999574,-0.0018761559349974588,-0.32242490233847343,False,False,False
2023-08-10,143.75244140625,145.5123743058116,143.3124581813596,144.5200765762263,5995100,False,15.850000381469728,False,4.09,False,-0.0014956960582812595,-0.0014968157282271896,0.15890467613995177,145.59524230957032,137.63881729125976,0.031503754039234,0.08999999999999986,-0.006892209048516729,-0.3152541827912243,False,False,False
2023-08-11,144.5856170654297,144.65115317660656,142.88186387000218,143.25631104053193,5180700,False,14.84000015258789,False,4.16,False,0.005795906149691721,0.00577917450454441,0.15881445429837293,145.81429595947264,138.00701049804687,0.03124772472382431,0.07000000000000028,-0.0637224103831967,-0.3203558696690679,False,False,False
2023-08-14,144.8851776123047,145.02559172184132,143.15332741205629,143.799260884411,5044300,False,14.81999969482422,False,4.19,False,0.002071855783133847,0.002069712449881818,0.1348293833617965,145.8793571472168,138.34642150878906,0.00906245941781858,0.03000000000000025,-0.0013477397276294711,-0.38830238407007844,False,False,False
2023-08-15,141.1968231201172,143.48098800077395,140.63513807973655,143.0878141862051,10300300,False,16.459999084472656,False,4.21,False,-0.025457086452674194,-0.025786724526596652,0.16305762503135868,145.74689407348632,138.55832641601563,-0.018417334625919324,0.019999999999999574,0.11066122965044278,-0.5107674720790625,False,False,False
2023-08-16,140.5977325439453,141.3185585176941,140.12029586070057,140.98155027009378,6978200,False,16.780000686645508,False,4.28,False,-0.004242946568721484,-0.0042519734091637455,0.16247854792851593,145.55685958862304,138.78391052246093,-0.026320853360272456,0.07000000000000028,0.019441167677507476,-0.5257491563330842,False,False,False
2023-08-17,139.1373291015625,141.59934699720856,138.9220084176471,141.2436264856294,9953900,False,17.889999389648438,False,4.3,False,-0.010387105225373006,-0.010441427699113152,0.15717340846159183,145.20487365722656,138.97563751220704,-0.04815885077222948,0.019999999999999574,0.06615009878315026,-0.5767258519542837,False,False,False
2023-08-18,139.4556427001953,139.95179172208907,138.02336129220063,138.21994109410372,8517500,False,17.299999237060547,False,4.26,False,0.0022877656247122236,0.002285152673390048,0.15672685215789428,144.9249725341797,139.1486279296875,-0.03859276809530421,-0.040000000000000036,-0.03297932770916012,-0.6146002554748711,False,False,False
2023-08-21,139.93304443359375,140.5134561406489,138.56629935066977,140.09218520164686,8327000,False,17.1299991607666,False,4.34,False,0.003423323173984194,0.003417476941769572,0.13629610967714448,144.52618103027345,139.33042266845703,-0.05392394543231471,0.08000000000000007,-0.009826594438788527,-0.73894385676898,False,False,False
2023-08-22,137.03103637695312,140.08282221486544,136.534887452353,139.72708740694694,9673300,False,16.969999313354492,False,4.34,False,-0.020738547270139573,-0.020956611094977304,0.14987511247970542,144.0375198364258,139.44897064208985,-0.06657316252300705,0.0,-0.009340330137234454,-0.6431537605339829,False,False,False
2023-08-23,137.95782470703125,138.1637749740239,136.1698227115898,137.00297996106144,7858000,False,15.979999542236328,False,4.19,False,0.006763346133708437,0.006740577312869951,0.15053757608181068,143.55119857788085,139.58624053955077,-0.06585959693696475,-0.14999999999999947,-0.058338232832990555,-0.6477916118622029,False,False,False
2023-08-24,137.82675170898438,139.86752750903037,137.60208910349877,138.0795114244007,6534000,False,17.200000762939453,False,4.23,False,-0.0009500946997766935,-0.0009505463258269698,0.14795395718583845,143.1397689819336,139.70192199707031,-0.05633886247878295,0.040000000000000036,0.07634551036616566,-0.5976867376961389,False,False,False
2023-08-25,137.65826416015625,139.12798451368934,136.53490820324166,137.87357059987212,6695500,False,15.68000030517578,False,4.25,False,-0.0012224589692418908,-0.0012232067817164677,0.1446458894586297,142.67825622558593,139.82408905029297,-0.0628385061797212,0.019999999999999574,-0.0883721157175058,-0.5488211989053012,False,False,False
2023-08-28,138.13568115234375,139.11862293308627,137.73315111613948,138.14505161734553,5094100,False,15.079999923706056,False,4.2,False,0.00346813171806426,0.003462131618013557,0.14215327477182402,142.19146804809571,139.92605255126952,-0.0658393753399451,-0.04999999999999982,-0.03826532970612695,-0.5933785326692773,False,False,False
2023-08-29,139.25900268554688,139.34326542853302,137.77991228921118,138.27607543171382,6337000,False,14.449999809265137,False,4.12,False,0.008132015738672616,0.00809912906833269,0.14769308150171742,141.797354888916,140.04732147216797,-0.05356935824246478,-0.08000000000000007,-0.04177719612919539,-0.6075614526726357,False,False,False
2023-08-30,138.69735717773438,139.62411896057506,137.78930775518225,139.127970012283,6277300,False,13.880000114440918,False,4.12,False,-0.004033100172925463,-0.00404125505511755,0.1442791016073657,141.45847549438477,140.17093170166015,-0.046589382710817806,0.0,-0.03944634618325349,-0.5859763221199683,False,False,False
2023-08-31,136.98422241210938,138.87521339871287,136.637858079505,138.79095064722685,10933900,False,13.56999969482422,False,4.09,False,-0.01235160352356024,-0.012428518584153374,0.1448119866774455,140.98947296142578,140.2641845703125,-0.06408702385049236,-0.03000000000000025,-0.02233432399573032,-0.5621458125005405,False,False,False
2023-09-01,137.44296264648438,138.62248430088263,136.39448466943944,136.75957572562794,7903500,False,13.09000015258789,False,4.18,False,0.0033488545344653176,0.0033432596087008075,0.14667456448376326,140.55885391235353,140.41756164550782,-0.05896655861756772,0.08999999999999986,-0.03537211149823449,-0.6177196457188088,False,False,False
2023-09-05,135.9263916015625,138.74415864513009,135.74852419936798,137.76121698537963,7854700,False,14.010000228881836,False,4.27,False,-0.011034184768139998,-0.011095512939760202,0.14632867376281478,140.01776885986328,140.5541812133789,-0.07374338469607267,0.08999999999999986,0.07028266352709411,-0.6148564555492503,False,False,False
2023-09-06,135.7017364501953,136.24468058187983,134.9060183286584,135.45833292470454,8629200,False,14.449999809265137,False,4.3,False,-0.0016527706556480615,-0.0016541379878668796,0.14634659658772137,139.506640625,140.67998657226562,-0.07005388833032966,0.03000000000000025,0.03140610800820931,-0.5973924229896616,False,False,False
2023-09-07,134.54092407226562,135.9919318730385,134.2319987249338,134.92474171145767,8373700,False,14.399999618530272,False,4.27,False,-0.008554145350643472,-0.00859094204510375,0.14300123712575946,139.0352981567383,140.7823892211914,-0.06547888558773052,-0.03000000000000025,-0.003460220857775087,-0.6094271245641119,False,False,False
2023-09-08,134.6439208984375,134.91539300149014,133.53927727068842,134.21329372186668,7107900,False,13.84000015258789,False,4.26,False,0.0007655427289658956,0.0007652498505953655,0.14361229544474885,138.57987213134766,140.8981948852539,-0.06336254479373649,-0.009999999999999787,-0.038888852831757026,-0.6149529811995788,False,False,False
2023-09-11,135.23367309570312,135.78598770305322,134.5128472530841,135.5051451671015,6854200,False,13.800000190734863,False,4.29,False,0.004380087814811029,0.004370523149390593,0.14251606606379016,138.11227493286134,140.9357958984375,-0.06468101156627848,0.03000000000000025,-0.0028901706222559387,-0.5784630332023256,False,False,False
2023-09-12,136.99362182617188,137.9110419287154,134.84988476128495,135.27114151468874,8363200,False,14.229999542236328,False,4.27,False,0.013014130949643432,0.012930174774032773,0.1529001315099007,137.7176971435547,140.97121978759765,-0.05446765442942458,-0.020000000000000462,0.031159372866542467,-0.47768345177949756,False,False,False
2023-09-13,137.0591278076172,138.26673213964824,136.506813201659,137.92972395420438,8325900,False,13.479999542236328,False,4.25,False,0.0004781681115668679,0.00047805382562588524,0.12741022841359298,137.51081237792968,140.9861981201172,-0.029304450490221234,-0.019999999999999574,-0.052705553346921175,-0.2773518457322936,False,False,False
2023-09-14,139.71774291992188,140.3262231887897,138.0982380736045,138.39779297567569,10034900,False,12.81999969482422,False,4.29,False,0.019397577927363185,0.01921184294233066,0.1467209897293515,137.46681289672853,141.072509765625,-0.006258917609132775,0.040000000000000036,-0.04896141467543502,-0.3230782554239164,False,False,False
2023-09-15,139.3058319091797,140.16707182842225,138.83776580409716,139.4088070236676,19863400,False,13.789999961853027,False,4.33,False,-0.00294816536635778,-0.002952519766304812,0.14222715150798496,137.47523803710936,141.17735626220704,0.001211053918493743,0.040000000000000036,0.07566304915127442,-0.25691760577040434,False,False,False
2023-09-18,139.59605407714844,139.61478072408826,138.31355730457247,138.6973750034845,6512400,False,14.0,False,4.32,False,0.002083345427763339,0.002081178273110155,0.14218726692385242,137.48225860595704,141.26685089111328,0.0010068533207723274,-0.009999999999999787,0.015228429204342975,-0.24381148544819484,False,False,False
2023-09-19,139.41815185546875,140.1577042404797,137.80801772654655,139.95175402826723,7943400,False,14.109999656677246,False,4.37,False,-0.0012744072377673943,-0.0012752199852588044,0.14170291741089378,137.45651397705078,141.33762176513673,-0.003679563895784055,0.04999999999999982,0.007857118334088975,-0.2461199945835263,False,False,False
2023-09-20,138.82839965820312,140.65385448013163,138.6786150871108,140.0921694806569,7332000,False,15.140000343322754,False,4.35,False,-0.004230096220734669,-0.004239068388781805,0.12039980790126997,137.54638214111327,141.35409759521485,0.01311646856633053,-0.020000000000000462,0.07299792428826057,-0.32737496906732944,False,False,False
2023-09-21,137.74252319335938,139.34331591065376,137.26510080327012,138.15442374210164,8052400,False,17.540000915527344,False,4.49,False,-0.007821717080346624,-0.007852467159957436,0.12174760744127841,137.53561706542968,141.3351885986328,-0.001560632853765953,0.14000000000000057,0.15852050976095722,-0.37165931445871875,False,False,False
2023-09-22,136.42251586914062,138.08882972925824,135.91701086120517,137.88287954122202,7071700,False,17.200000762939453,False,4.44,False,-0.009583150457943557,-0.009629364330956677,0.12636305663439135,137.4654052734375,141.27639862060548,-0.01018841278947602,-0.04999999999999982,-0.019384272225830057,-0.34060131494500523,False,False,False
2023-09-25,137.09657287597656,137.16210899360448,134.52220904350628,136.06683591353567,7044700,False,16.899999618530273,False,4.55,False,0.004940951297823126,0.0049287848573615275,0.1277700662648625,137.43732070922852,141.21423919677736,-0.004080331011047766,0.10999999999999943,-0.017441926226863136,-0.382664606565928,False,False,False
2023-09-26,135.67364501953125,136.52552882591283,135.0183552777935,135.36473393604743,7468400,False,18.940000534057617,False,4.56,False,-0.01037901842909339,-0.010433256056159473,0.13192214989194886,137.3142189025879,141.05603302001953,-0.017823317713960063,0.009999999999999787,0.12071011606950299,-0.4384320770590138,False,False,False
2023-09-27,136.46932983398438,136.75952848555323,135.28043812455698,135.91701534975712,6717800,False,18.21999931335449,False,4.61,False,0.005864696967038618,0.005847566575520132,0.13010399162391112,137.17473526000975,140.9084979248047,-0.02003226217167231,0.05000000000000071,-0.038014846906072375,-0.4296079771555129,False,False,False
2023-09-28,138.16375732421875,139.36200547860716,136.68466663396703,136.9374263446685,8868100,False,17.34000015258789,False,4.59,False,0.012416177996152467,0.012339729407216862,0.13785468835256107,137.14805526733397,140.78380462646484,-0.003847224376682501,-0.020000000000000462,-0.04829852875579399,-0.5018132657133437,False,False,False
2023-09-29,135.75791931152344,139.2590452079911,135.6081347051916,139.1092748859055,11917800,False,17.520000457763672,False,4.59,False,-0.01741294576297392,-0.01756633434249549,0.1447892463476635,137.08674011230468,140.57542205810546,-0.008952148495588563,0.0,0.010380640345549086,-0.5193427426954476,False,False,False
2023-10-02,134.58775329589844,136.3195895900525,133.52056297766828,135.58005131127518,9170600,False,17.610000610351562,False,4.69,False,-0.008619504641492193,-0.008656867425681967,0.14688568838746854,136.9439796447754,140.3661038208008,-0.02077377623130694,0.10000000000000053,0.0051369948765045415,-0.4935188662783801,False,False,False
2023-10-03,133.59542846679688,134.41921506435102,133.25842031372002,134.0541240888714,9431100,False,19.780000686645508,False,4.81,False,-0.0073730692785983765,-0.007400384702388329,0.1441202160465148,136.82743148803712,140.07983489990235,-0.01714871635523374,0.11999999999999922,0.1232254401523627,-0.4870329286883967,False,False,False
2023-10-04,134.19456481933594,134.3068961192718,132.86524444361987,134.044780229925,8128700,False,18.57999992370605,False,4.73,False,0.004484706994954957,0.004474680662139894,0.14529474925920854,136.75207290649413,139.82764099121093,-0.011106502173703015,-0.07999999999999918,-0.06066737721347193,-0.49939237105970397,False,False,False
2023-10-05,134.76039123535156,134.94901072046437,132.8083061933225,133.9493763741643,8576200,False,18.489999771118164,False,4.72,False,0.004216462989968139,0.004207598618688522,0.14298027820935866,136.76304626464844,139.56916381835939,0.0016312297882543625,-0.010000000000000675,-0.004843926423974687,-0.5287500069557748,False,False,False
2023-10-06,136.83509826660156,137.57066825366812,134.04369376953446,134.76983853766583,10270600,False,17.450000762939453,False,4.78,False,0.01539552543763878,0.015278216822253738,0.15294033091115694,136.87260513305665,139.38475891113282,0.016273867795463914,0.0600000000000005,-0.05624656684978524,-0.5745299991265188,False,False,False
2023-10-09,136.5238800048828,137.11798531189535,135.32621539355333,135.47710521963256,6964900,False,17.700000762939453,False,4.69,False,-0.0022744037579626175,-0.0022769941426555276,0.15272797984209993,136.93711547851564,139.17746612548828,0.009540574323279927,-0.08999999999999986,0.01432664693808805,-0.5711702466077723,False,False,False
2023-10-10,137.3537139892578,138.4099281416334,137.00479393684975,137.13681890719138,11288800,False,17.030000686645508,False,4.66,False,0.006078306479022633,0.006059908090583692,0.14708176653311897,136.95512008666992,138.96711151123046,0.002628532323518229,-0.03000000000000025,-0.03785311002340763,-0.6302892515805272,False,False,False
2023-10-11,137.82525634765625,138.84374102392985,136.75963119469503,138.16475123974746,8698200,False,16.09000015258789,False,4.58,False,0.003433051387567998,0.003427171919155291,0.14753664351256998,136.99342651367186,138.78079132080077,0.005589766637902782,-0.08000000000000007,-0.05519674081955506,-0.6439607370899411,False,False,False
2023-10-12,137.50460815429688,138.58911237840664,136.86334810356874,137.96670276001075,10484400,False,16.690000534057617,False,4.7,False,-0.0023264835622766045,-0.002329194029880967,0.12930446528125839,136.8827697753906,138.62138458251954,-0.015840040923746135,0.1200000000000001,0.03729026574143468,-0.6330838101594111,False,False,False
2023-10-13,139.56988525390625,144.38881902981274,139.41899543795483,140.0414051365208,29427000,True,19.31999969482422,False,4.63,False,0.01501969372031442,0.01490801498563382,0.14052631288075765,136.89597244262694,138.48549682617187,0.0018954938289927892,-0.07000000000000028,0.15757933352966802,-0.3370330921067899,False,False,False
2023-10-16,139.4284210205078,141.00329554327354,138.3627815883004,140.9372758593186,12663500,False,17.209999084472656,False,4.71,False,-0.0010135727570534936,-0.0010140867692756234,0.14038582397343574,136.88759078979493,138.35295837402344,-0.0012008438042810932,0.08000000000000007,-0.10921328383441054,-0.3020496974716079,False,False,False
2023-10-17,139.1266632080078,140.80527293299247,138.428808562367,139.164392858932,11482700,False,17.8799991607666,False,4.83,False,-0.002164248940720759,-0.0021665943120487588,0.14052649713870802,136.87301635742188,138.20052978515625,-0.0020907510505742133,0.1200000000000001,0.03893086065869911,-0.3056362556136282,False,False,False
2023-10-18,137.59893798828125,139.07950296279404,137.0896884480104,138.24019813274663,9620300,False,19.21999931335449,False,4.91,False,-0.01098082268703926,-0.011041556937753301,0.14514587041174026,136.8115432739258,138.03402252197264,-0.008855981002077518,0.08000000000000007,0.07494408364001481,-0.3267065900110598,False,False,False
2023-10-19,137.01426696777344,138.64573642948045,136.62763152732992,137.19344685926188,11143600,False,21.399999618530277,False,4.98,False,-0.004249095444018636,-0.0042581485040434925,0.1432664346155103,136.77513046264647,137.89495239257812,-0.005287083528763503,0.07000000000000028,0.11342353709976849,-0.29299764899857283,False,False,False
2023-10-20,134.80755615234375,136.87281591727077,134.02483127766632,136.33529063565342,13332900,False,21.709999084472656,False,4.93,False,-0.01610570099206321,-0.01623680740717491,0.15059956892294946,136.69438247680665,137.7160546875,-0.011837926507278107,-0.05000000000000071,0.01448595661066987,-0.3046392360259082,False,False,False
2023-10-23,132.96861267089844,135.49595244442185,132.71398789413,134.7981121972243,10133400,False,20.3700008392334,False,4.86,False,-0.013641249303319114,-0.013735146034907447,0.15595892839011957,136.48798446655275,137.48371459960939,-0.03010987159257772,-0.0699999999999994,-0.06172263020488311,-0.20628053826994505,False,False,False
2023-10-24,133.12893676757812,133.6570367926189,132.36507677495513,133.1478015940857,8881400,False,18.96999931335449,False,4.83,False,0.0012057288818714262,0.0012050025745643119,0.15257783988561033,136.3607490539551,137.24858978271484,-0.01875609851557236,-0.03000000000000025,-0.06872859441333223,-0.15258582907426876,False,False,False
2023-10-25,132.40277099609375,133.1383408268775,131.56346622047414,132.56310041145807,8242600,False,20.190000534057617,False,4.95,False,-0.005454605055189021,-0.005469535732058146,0.15120359402174233,136.15742111206055,137.07270874023436,-0.02979833522182318,0.1200000000000001,0.06431213836914962,-0.1488393275790506,False,False,False
2023-10-26,132.7422637939453,133.60043337964612,131.48801925860812,131.79922408824612,9109400,False,20.68000030517578,False,4.86,False,0.002564091335079288,0.0025608096613690505,0.14302784457013512,135.88634643554687,136.91559936523439,-0.03923962141208437,-0.08999999999999986,0.024269428338627552,-0.08765086742968153,False,False,False
2023-10-27,127.96106719970705,131.17683623137796,127.489547320212,131.0353716337426,17434700,False,21.270000457763672,False,4.84,False,-0.0360186458900541,-0.036683326768254074,0.18012479644058127,135.49650382995605,136.69207412719726,-0.057432024233702084,-0.020000000000000462,0.02852998761514658,-0.10769337244183323,True,False,False
2023-10-30,129.592529296875,130.17720937589277,128.29112975104002,128.6683543097979,9855500,False,19.75,False,4.88,False,0.012749675607360844,0.012669082791908398,0.18695336502900453,135.2467426300049,136.49481185913086,-0.03711499654832018,0.040000000000000036,-0.07146217325109949,-0.17717459920948617,False,False,False
2023-10-31,131.1391143798828,131.30886902920932,129.63968452745254,129.86601926333935,9672500,False,18.13999938964844,False,4.88,False,0.011934214814689259,0.011863563628524329,0.19184855227602154,135.1239269256592,136.31893325805663,-0.0183862136235039,0.0,-0.08151901824564856,-0.20359751498870338,False,False,False
2023-11-01,131.0259552001953,132.52538506399418,130.58272533258497,131.3182952427371,9432000,False,16.8700008392334,False,4.77,False,-0.0008628941885310271,-0.0008632666960264456,0.19080985884802895,134.96549644470215,136.1988316345215,-0.023612056296068884,-0.11000000000000032,-0.07001094780299522,-0.18435204194860952,False,False,False
2023-11-02,133.36468505859375,133.42126514351625,131.29942562105097,132.1104404141124,10186200,False,15.65999984741211,False,4.67,False,0.01784936316491703,0.017691933863794165,0.20169713198687442,134.89571113586425,136.10696884155274,-0.010356946606961737,-0.09999999999999964,-0.07172501076628712,-0.24165533500671046,False,False,False
2023-11-03,134.8546905517578,135.58083522229103,133.77020054443747,134.0908306209058,9538700,False,14.90999984741211,False,4.57,False,0.01117241414029091,0.011110463718217518,0.19781847713053993,134.79669075012208,136.0475276184082,-0.01447295131096582,-0.09999999999999964,-0.047892720773170416,-0.22924001496236812,False,False,False
2023-11-06,135.87315368652344,135.97688862298904,134.65662448709557,135.01498415663912,7625100,False,14.890000343322754,False,4.67,False,0.007552300410156976,0.007523924568446545,0.1998162673787325,134.7641544342041,136.01182540893555,-0.004766391918659907,0.09999999999999964,-0.0013413483765277734,-0.22320345245043255,False,False,False
2023-11-07,135.80715942382812,136.04291937904668,134.68495412429016,135.33563951339102,6297900,False,14.8100004196167,False,4.58,False,-0.0004857049454196627,-0.00048582293827468756,0.1984507756586923,134.68682670593262,135.96525497436522,-0.011259648687407475,-0.08999999999999986,-0.005372728130387805,-0.21379621780647934,False,False,False
2023-11-08,136.47671508789062,136.58987525429612,135.4393655970245,135.90146025925483,7618200,False,14.449999809265137,False,4.49,False,0.0049301941584165565,0.004918080549843116,0.19891404156756584,134.61939964294433,135.90960922241212,-0.009784427727556722,-0.08999999999999986,-0.02430794059092134,-0.210481614402836,False,False,False
2023-11-09,136.07119750976562,137.3537321294573,135.5148075176755,137.15570184261244,7992500,False,15.289999961853027,False,4.62,False,-0.0029713316140694834,-0.002975754783825585,0.1990093225767584,134.54772911071777,135.85708602905274,-0.010424455323873816,0.1299999999999999,0.058131499216304006,-0.21271539313379093,False,False,False
2023-11-10,138.08932495117188,138.13647982386263,135.87318983117473,136.68420471665647,7983300,False,14.170000076293944,False,4.61,False,0.014831407956569231,0.014722498162129226,0.19881624881279997,134.47370109558105,135.879188079834,-0.01060802120773352,-0.009999999999999787,-0.07325048321473959,-0.47947499161547275,False,False,False
2023-11-13,137.47633361816406,137.91956345188186,136.89165357778936,137.40088871139884,6676300,False,14.760000228881836,False,4.63,False,-0.004439092835196057,-0.004448974863467126,0.19931442840303334,134.37609672546387,135.8798554992676,-0.014000641964213467,0.019999999999999574,0.04163727236494141,-0.5201042993384533,False,False,False
2023-11-14,139.98483276367188,140.74869271323962,138.174198041455,138.32507347607216,9927700,False,14.15999984741211,False,4.44,False,0.018246770767651466,0.018082296186238515,0.21010569649606592,134.41900520324708,135.96102432250976,0.00616826089173883,-0.1899999999999995,-0.04065043171853533,-0.5311458704429083,False,False,False
2023-11-15,141.21078491210938,141.60685990157586,140.00369511859856,140.00369511859856,8365300,False,14.18000030517578,False,4.53,False,0.008757749852137175,0.008719623201642525,0.20760330134977512,134.59959754943847,136.07120529174804,0.026249090121144292,0.08999999999999986,0.0014124617216946245,-0.48844572419835214,False,False,False
2023-11-16,142.82337951660156,142.89882442983355,141.5408447709493,141.5408447709493,8126200,False,14.31999969482422,False,4.45,False,0.011419769428346882,0.011355056069852853,0.20941263557186957,134.8900531768799,136.23685440063477,0.04239786613020713,-0.08000000000000007,0.00987301739319002,-0.48035560488981166,False,False,False
2023-11-17,144.11534118652344,144.15305644499725,142.90823707069305,143.53064675784515,7812400,False,13.800000190734863,False,4.44,False,0.009045869620888602,0.009005200814774964,0.19908992543969395,135.35544242858887,136.42628280639647,0.06904498011714644,-0.009999999999999787,-0.03631281530524788,-0.4622253213074723,False,False,False
2023-11-20,144.5585479736328,144.99235256315117,143.26658820100812,143.41747800515745,7019000,False,13.40999984741211,False,4.42,False,0.0030753616059220334,0.003070642354545832,0.18866013028176098,135.9349391937256,136.61278030395508,0.0871629407115786,-0.020000000000000462,-0.028260894053073637,-0.5649721036371347,False,False,False
2023-11-21,144.2567901611328,144.87919984297054,143.87958002103724,144.47368527220556,7083500,False,13.350000381469728,False,4.41,False,-0.0020874435772213484,-0.0020896253242767187,0.18972526030604253,136.49133186340333,136.7580436706543,0.08358703722679128,-0.009999999999999787,-0.004474233156233742,-0.6014432114363621,False,False,False
2023-11-22,144.59629821777344,145.11497299989654,144.19078361006055,144.6717431305955,5174500,False,12.850000381469728,False,4.42,False,0.002353497927282344,0.002350732788684302,0.18651239468418782,137.10100822448732,136.90878707885742,0.09209419961489651,0.009999999999999787,-0.03745318245039286,-0.5792290835055929,False,False,False
2023-11-24,144.79434204101562,145.6430865972685,144.5491568436877,144.84149691463753,3496900,False,12.460000038146973,False,4.47,False,0.0013696327339163261,0.0013686956425531668,0.18672327865086188,137.70361213684083,137.0103190612793,0.0907930745084975,0.04999999999999982,-0.030350220369265823,-0.5862799609495762,False,False,False
2023-11-27,144.46426391601562,144.78489398263042,144.01160885787445,144.69058425026378,6259100,False,12.6899995803833,False,4.39,False,-0.0022796341372682827,-0.002282236458814428,0.1140874635953408,138.52877197265624,137.113487701416,0.12897045232166016,-0.08000000000000007,0.018459032225695893,-0.6285461244631574,False,False,False
2023-11-28,144.79434204101562,145.10554693934364,144.0210567942755,144.4925767512003,6582700,False,12.6899995803833,False,4.34,False,0.0022848427427830664,0.002282236458814474,0.11203639330715867,139.2888626098633,137.21745346069335,0.11730469978956726,-0.04999999999999982,0.0,-0.6113775961896787,False,False,False
2023-11-29,145.5299072265625,146.76528704849733,145.22812758688474,145.3884426243466,9126100,False,12.979999542236328,False,4.27,False,0.005080068566066798,0.005067208552527888,0.109497416171243,140.00840225219727,137.33968856811524,0.10973684636143366,-0.07000000000000028,0.02285263762351275,-0.5698799235074715,False,False,False
2023-11-30,147.18966674804688,147.23682162015268,145.586501823976,146.08631181107492,9869800,False,12.920000076293944,False,4.37,False,0.011404937673054727,0.01134039166987756,0.10908378537361245,140.81658782958985,137.5069139099121,0.12336266904641091,0.10000000000000053,-0.004622455166284789,-0.6761714137411083,False,False,False
2023-12-01,147.90635681152344,148.86826142383205,146.94446658886,146.94446658886,8916000,False,12.630000114440918,False,4.22,False,0.004869160174833187,0.004857344154968137,0.09946113756301647,141.54367141723634,137.7101905822754,0.10903689943511519,-0.15000000000000036,-0.022445817348339392,-0.6078798955638702,False,False,False
2023-12-04,148.9908905029297,149.04747059896158,147.00107558446888,147.13310060509266,9607500,False,13.079999923706056,False,4.28,False,0.007332569842067427,0.00730581724906099,0.09731717037413697,142.25048141479493,137.96155807495117,0.104825422781615,0.0600000000000005,0.0356294382571396,-0.524596460797393,False,False,False
2023-12-05,148.9719696044922,149.4717794508536,148.02892998650574,148.30240514427905,9135600,False,12.850000381469728,False,4.18,False,-0.0001269936596367538,-0.00012700172401430488,0.09847194619740346,142.90542221069336,138.1990660095215,0.0964047389978846,-0.10000000000000053,-0.01758406296467019,-0.5061797234213626,False,False,False
2023-12-06,147.40655517578125,150.15080456532945,147.11421512755064,149.79244482122945,9366000,False,12.970000267028809,False,4.12,False,-0.01050811392819051,-0.010563714001626702,0.11100712216338628,143.48539199829102,138.4337242126465,0.08541078247394629,-0.05999999999999961,0.009338512217643702,-0.5001142003275,False,False,False
2023-12-07,147.85919189453125,148.34957657978003,147.25564704716516,147.76489655598155,8130900,False,13.0600004196167,False,4.14,False,0.003070668860080339,0.0030659639854037682,0.11102545943834863,144.05451583862305,138.66152145385743,0.08340233569741429,0.019999999999999574,0.00693910182998847,-0.5018640318769588,False,False,False
2023-12-08,149.49066162109375,149.73584676995327,148.0383723826528,148.3024223551613,7369400,False,12.350000381469728,False,4.23,False,0.01103394185818507,0.01097351203481338,0.11042939566573386,144.72548904418946,138.8880595397949,0.09862090109381905,0.09000000000000075,-0.05436447284339441,-0.4915567819033836,False,False,False
2023-12-11,150.0376434326172,150.22624852159782,149.14174407807883,149.4906786018212,8093900,False,12.630000114440918,False,4.23,False,0.0036589697683582223,0.0036522920226313878,0.10380624316510151,145.32290496826172,139.1736540222168,0.08652601122983405,0.0,0.022672042455262442,-0.3879284542331412,False,False,False
2023-12-12,151.37672424316406,151.49930960914045,149.83013983774387,150.16019507185587,10223000,False,12.06999969482422,False,4.2,False,0.008924965628031023,0.008885373520058554,0.09985626639297267,146.0179244995117,139.50943344116212,0.10111115316479036,-0.03000000000000025,-0.044338908514846564,-0.3303228983918766,False,False,False
2023-12-13,151.88595581054688,152.8007053745427,150.6694410568931,151.3767207575305,12379100,False,12.1899995803833,False,4.04,False,0.003364001764001756,0.0033583561677218788,0.08643980683437433,146.61298065185548,139.8752439880371,0.08501723230949576,-0.16000000000000014,0.009941995740939236,-0.23071236509670145,False,False,False
2023-12-14,154.64910888671875,155.45068411871856,152.49897919789595,152.61213937426157,13643000,False,12.479999542236328,False,3.92,False,0.018192288164012194,0.018028788468034705,0.0987850661187817,147.28489685058594,140.28433486938476,0.09516499736881623,-0.1200000000000001,0.023789989486111995,-0.0705976525520121,False,False,False
2023-12-15,155.81846618652344,155.8656210556817,153.14023653822656,153.79093631953123,20309300,False,12.279999732971191,False,3.91,False,0.0075613581495723725,0.007532914373440405,0.09615300678810479,147.93465118408204,140.7054963684082,0.09098711089112221,-0.009999999999999787,-0.016025626330215204,-0.12109376049311339,False,False,False
2023-12-18,156.76150512695312,157.61024959807705,156.19568986918287,156.46916508532496,8469600,False,12.5600004196167,False,3.95,False,0.006052164185089692,0.006033923399913228,0.09480442306056909,148.56695938110352,141.10402450561523,0.08775029664650491,0.040000000000000036,0.022801359343169958,-0.057164641063198046,False,False,False
2023-12-19,158.85507202148438,158.87393684903017,156.12026200288022,156.54462708995365,10345700,False,12.529999732971191,False,3.93,False,0.013355108403914517,0.013266715075639505,0.10002075715857404,149.2817855834961,141.55064834594725,0.0988978116358723,-0.020000000000000018,-0.0023885896212750835,-0.06303724632178122,False,False,False
2023-12-20,157.0632781982422,159.76037254396363,156.9689684644074,158.42125778345093,10734700,False,13.670000076293944,False,3.86,False,-0.01127942470102472,-0.011343519838443368,0.11284848778088037,149.92210998535157,141.94483963012695,0.08877563422009249,-0.07000000000000028,0.09098167339325469,-0.3747339529927057,False,False,False
2023-12-21,157.95916748046875,158.5155575124074,156.24282812678547,157.3367577550905,7601700,False,13.649999618530272,False,3.89,False,0.005704002186276647,0.005687795963488395,0.1127142395592022,150.59025344848632,142.3475178527832,0.09241501634135729,0.03000000000000025,-0.0014630912693524012,-0.4108044484407961,False,False,False
2023-12-22,157.8648681640625,158.64759298134297,157.7045531132431,157.95917790673107,6576300,False,13.029999732971191,False,3.9,False,-0.0005969853976212081,-0.0005971636643556502,0.11364019359788845,151.24377975463867,142.7547230529785,0.09026959160700088,0.009999999999999787,-0.045421238306659895,-0.3629304097611331,False,False,False
2023-12-26,158.79844665527344,159.15680632823958,157.6573623432536,157.9214266846687,4683600,False,12.989999771118164,False,3.89,False,0.0059137824778132675,0.005896364702437102,0.11098649270347727,151.96048889160156,143.13929428100585,0.0992230351693828,-0.009999999999999787,-0.003069835968746104,-0.34962344224612085,False,False,False
2023-12-27,159.7509307861328,159.8169504768574,158.03460589267718,158.27979105184372,6428600,False,12.43000030517578,False,3.79,False,0.0059980695713419685,0.0059801527605393145,0.11066834564016445,152.70831832885742,143.54574447631836,0.10329539493249307,-0.10000000000000009,-0.0431100443271355,-0.3463932235394014,False,False,False
2023-12-28,160.5996856689453,160.93918058278578,159.3737310139855,159.7038007098136,6320100,False,12.470000267028809,False,3.84,False,0.005312988654499806,0.005298924523331325,0.11067505828677499,153.46180725097656,143.9752049255371,0.10355107571752953,0.04999999999999982,0.0032180177691849554,-0.35114869009175503,False,False,False
2023-12-29,160.41107177734375,160.96746179209865,159.96784193110983,160.3167620438129,6435100,False,12.449999809265137,False,3.88,False,-0.0011744349985239877,-0.001175125187748041,0.10996749541012317,154.1228775024414,144.43144760131835,0.0898256332893852,0.040000000000000036,-0.001603885913022296,-0.3482836757048811,False,False,False
2024-01-02,162.27828979492188,162.3631599230326,159.2888553688662,159.45859562508764,9977400,False,13.199999809265137,False,3.95,False,0.011640206607246517,0.011572980582604083,0.11299044440106822,154.84147415161132,144.93672805786133,0.09716913656194337,0.07000000000000028,0.06024096477831753,-0.22773733356369197,False,False,False
2024-01-03,161.5709991455078,162.24054929758722,160.6656746705868,162.07080905271448,9852300,False,14.039999961853027,False,3.91,False,-0.004358504457422474,-0.004368030427373628,0.11689207182709695,155.47047958374023,145.4719969177246,0.08443542152216854,-0.040000000000000036,0.06363637611557316,-0.32716177328360946,False,False,False
2024-01-04,162.6432342529297,164.4840152154625,161.81772058185263,161.9126118704199,11972500,False,14.130000114440918,False,3.99,False,0.006636309195911183,0.006614385836051567,0.11612111238374959,156.1540428161621,146.06548934936524,0.09177071824138139,0.08000000000000007,0.006410267295756666,-0.3506518652007727,False,False,False
2024-01-05,163.45924377441406,164.5124733318374,162.70015693042274,162.70015693042274,10066000,False,13.350000381469728,False,4.05,False,0.005017174709003758,0.005004630627709594,0.10183926287721409,156.95667724609376,146.67209548950194,0.10890077839136869,0.05999999999999961,-0.055201679168708995,-0.3608999490508017,False,False,False
2024-01-08,163.2220001220703,163.54460726616028,160.82139873382036,163.2220001220703,11229900,False,13.079999923706056,False,4.01,False,-0.0014513933067692442,-0.001452447598285958,0.10432868411085486,157.7248176574707,147.28848007202149,0.10390161092248795,-0.040000000000000036,-0.020224752812624813,-0.31899306273570943,False,False,False
2024-01-09,161.93157958984375,163.00377577413855,161.40022316605578,162.8424721796584,9923600,False,12.760000228881836,False,4.02,False,-0.007905922799999243,-0.00793734030680517,0.11117733894497696,158.34686355590821,147.87226638793945,0.08322204098797381,0.009999999999999787,-0.024464808615499822,-0.17704144217512047,False,False,False
2024-01-10,162.273193359375,162.3301223453623,160.3090564725397,161.3053571624542,9670200,False,12.6899995803833,False,4.04,False,0.0021096179657884573,0.0021073958464740868,0.11138143118480026,158.9586410522461,148.5585089111328,0.08154986739879622,0.020000000000000462,-0.00548594414129322,-0.1739687686590007,False,False,False
2024-01-11,161.58998107910156,161.64691005258496,160.0148785803073,161.61844556584327,11919500,False,12.4399995803833,False,3.98,False,-0.004210259662299043,-0.004219147761754762,0.1133428350495786,159.46930389404298,149.19845794677735,0.0674691362691362,-0.06000000000000005,-0.019700552266877946,-0.09439886295077618,False,False,False
2024-01-12,160.40391540527344,167.29259640908697,160.26157849064393,164.9109759460637,19436500,False,12.699999809265137,False,3.96,False,-0.007339970373828608,-0.007367040500331977,0.1194586518378994,159.89520187377929,149.78375396728515,0.05608128512784516,-0.020000000000000018,0.020900340647264315,-0.12574167905609854,False,False,False
2024-01-16,159.39813232421875,159.49300912270533,155.8968555922771,156.43769533094127,17206400,False,13.84000015258789,False,4.07,False,-0.006270315026372653,-0.0062900560163862695,0.10860764834475027,160.1326530456543,150.35119750976563,0.030708378934007907,0.11000000000000032,0.08976380790896399,-0.3133473119765141,False,False,False
2024-01-17,158.54412841796875,160.4228711492247,157.9748242847424,158.78134209307314,11107500,False,14.789999961853027,False,4.1,False,-0.005357678247527642,-0.005372082076051239,0.10878241269884119,160.26893615722656,150.85478637695311,0.01749254949142265,0.02999999999999936,0.06864160395890595,-0.34228724157551504,False,False,False
2024-01-18,158.85728454589844,158.9616591633274,156.788787827513,158.57262518214884,9382300,False,14.130000114440918,False,4.14,False,0.0019751985207809852,0.0019732503810693833,0.10716690065173341,160.37372512817382,151.33483825683595,0.013369222356266919,0.040000000000000036,-0.04462473624843866,-0.3593431247573828,False,False,False
2024-01-19,161.5994415283203,161.8461530163083,158.53464490339175,158.98060777035218,13115700,False,13.300000190734863,False,4.15,False,0.017261764169395732,0.01711447251148026,0.11397344975477725,160.5109436035156,151.84936401367187,0.017275932533427518,0.010000000000000675,-0.058740263056175857,-0.4696949642656168,False,False,False
2024-01-22,161.40969848632812,163.1840524158629,161.03016233915122,161.7418034738899,12837500,False,13.1899995803833,False,4.11,False,-0.0011741565453302627,-0.0011748464071834777,0.10496136756936643,160.72826461791993,152.36141479492187,0.027673052147809907,-0.040000000000000036,-0.00827072246421412,-0.3543275653341887,False,False,False
2024-01-23,160.3470001220703,161.0681246579549,159.82512701395376,160.99221452601276,8360800,False,12.550000190734863,False,4.14,False,-0.006583856944307631,-0.006605626133198397,0.10729434381223324,160.84765625,152.83882049560546,0.01511677150296964,0.02999999999999936,-0.04852156254805884,-0.2741303699676644,False,False,False
2024-01-24,161.77975463867188,162.26366540807356,160.22363323770475,160.69806067066273,9967100,False,13.140000343322754,False,4.18,False,0.008935337209369898,0.008895653301393646,0.11095403851310506,161.04340057373048,153.3529916381836,0.024798972185127388,0.040000000000000036,0.04701196363514493,-0.21145633546169543,False,False,False
2024-01-25,164.09500122070312,164.14244687077485,162.16882655050438,163.49721788223468,8873500,False,13.449999809265137,False,4.14,False,0.014311102073323312,0.014209664891841535,0.11932491249530229,161.30822830200196,153.87310516357422,0.03335394443075179,-0.040000000000000036,0.02359204397585213,-0.14834626206127646,False,False,False
2024-01-26,163.4687042236328,164.2088098113454,162.9942768223619,163.78182804587664,7443000,False,13.260000228881836,False,4.15,False,-0.0038166732222876254,-0.003823975305228243,0.11968709208172512,161.49411697387694,154.39295257568358,0.02327231158657339,0.010000000000000675,-0.014126363054103419,-0.10275773756850635,False,False,False
2024-01-29,163.89569091796875,164.00006552852224,162.5388354591491,163.4307613169015,6971200,False,13.600000381469728,False,4.08,False,0.0026120393892141713,0.0026086339431459363,0.11883034053284877,161.65891723632814,154.87116973876954,0.020523111457501297,-0.07000000000000028,0.02564103670581641,-0.0968244144627918,False,False,False
2024-01-30,167.25465393066406,167.71958355620103,163.99059082342822,163.99059082342822,10822100,False,13.3100004196167,False,4.06,False,0.02049451693258053,0.02028733033082018,0.13697608751358248,162.00109634399413,155.3920471191406,0.04266277930503115,-0.020000000000000462,-0.021323526008731553,-0.15386380333780952,False,False,False
2024-01-31,165.4423370361328,169.18082757038678,165.42335588463555,167.18822653609234,11521800,False,14.350000381469728,False,3.99,False,-0.010835673937554802,-0.010894807407694765,0.13948216181441442,162.1592987060547,155.84442626953125,0.019497661980598213,-0.0699999999999994,0.07813673396435394,-0.3402514857676275,False,False,False
2024-02-01,164.8445281982422,165.89775752773647,162.6621594234444,164.75913474734716,9354800,False,13.880000114440918,False,3.87,False,-0.003613396961142157,-0.003619941048955611,0.13912695678789264,162.3229751586914,156.25901000976563,0.020260622698670572,-0.1200000000000001,-0.032752630978026054,-0.28516086099493965,False,False,False
2024-02-02,165.7934112548828,166.82767409091414,164.39859340512308,164.4365557087008,8607600,False,13.850000381469728,False,4.03,False,0.005756230231066528,0.005739726440621271,0.13869179775578028,162.48048400878906,156.68370727539062,0.019368632309993528,0.16000000000000014,-0.0021613640290951697,-0.292506484776279,False,False,False
2024-02-05,165.5751953125,166.13501628029312,164.07600269490123,164.96792869965805,7820200,False,13.670000076293944,False,4.17,False,-0.0013161918844128984,-0.0013170588257421184,0.1380768123942781,162.58628158569337,157.11007537841797,0.012944826424170275,0.13999999999999968,-0.01299641156809006,-0.268421172642959,False,False,False
2024-02-06,166.14451599121094,166.87512391545872,164.87303928994038,165.67957182983469,6764800,False,13.0600004196167,False,4.09,False,0.0034384418368731406,0.0034325439116554136,0.1381670885499689,162.7324073791504,157.54103973388672,0.017905159028531292,-0.08000000000000007,-0.04462323725477402,-0.2857328720727631,False,False,False
2024-02-07,166.45758056640625,166.8750789697446,165.06277741470677,166.70429206567405,7225500,False,12.829999923706056,False,4.09,False,0.0018842907533094255,0.0018825177044316044,0.1341821324250925,162.9587074279785,157.97430450439452,0.02795008230035423,0.0,-0.017611063439567087,-0.33078690134459166,False,False,False
2024-02-08,165.85983276367188,166.34374353104843,164.69274533742478,166.04960084038564,6060300,False,12.789999961853027,False,4.15,False,-0.0035909917752042775,-0.0035974548634058385,0.13531063932936047,163.13803939819337,158.40221588134764,0.02210247626269246,0.0600000000000005,-0.003117689952524594,-0.324334503337537,False,False,False
2024-02-09,166.05909729003906,166.14450523792445,164.78763514943896,166.04961395288615,6296700,False,12.93000030517578,False,4.17,False,0.0012014031549827386,0.0012006820477149154,0.13383445219741974,163.36149520874022,158.82751098632812,0.02765713679209969,0.019999999999999574,0.010946078478523136,-0.34718633200114524,False,False,False
2024-02-12,166.7991943359375,167.76703037532326,164.81609109548293,165.84085611158963,8539300,False,13.93000030517578,False,4.17,False,0.004456829273290497,0.004446927020569981,0.1301177139691481,163.68125915527344,159.25289672851562,0.03986984304283259,0.0,0.07733951866959421,-0.2841167433589378,False,False,False
2024-02-13,165.34747314453125,167.21671872127277,163.791351466665,166.35327164321183,8397600,False,15.850000381469728,False,4.31,False,-0.008703406495372157,-0.00874150234117207,0.13243200783939998,163.97872619628907,159.61605285644532,0.03732377998138281,0.13999999999999968,0.13783201968635717,-0.336425909096798,False,False,False
2024-02-14,167.02691650390625,167.09334329239704,165.49925963075256,166.11602396443158,7056700,False,14.380000114440918,False,4.27,False,0.010157054882278027,0.010105818647757992,0.13265721783248682,164.40286560058593,159.99846405029297,0.0535042714642473,-0.040000000000000036,-0.09274449411038443,-0.35152469360805516,False,False,False
2024-02-15,170.67054748535156,170.9931691950975,167.14080565948487,167.14080565948487,8723400,False,14.010000228881836,False,4.24,False,0.021814633579493092,0.021580099185560364,0.1490173224619113,164.9935287475586,160.43205718994142,0.07436399893918577,-0.02999999999999936,-0.02573017264356725,-0.37369569888114873,False,False,False
2024-02-16,169.87350463867188,170.77491396724415,169.04800544533634,170.42384226035486,8152600,False,14.239999771118164,False,4.3,False,-0.004670066736313094,-0.004681005567976867,0.14261439224161915,165.40723190307617,160.850087890625,0.051201062529052876,0.05999999999999961,0.016416812168366768,-0.3170085643985442,False,False,False
2024-02-20,170.5376739501953,171.23034839812226,169.28519310769673,170.02529871425853,9668000,False,15.420000076293944,False,4.27,False,0.003909787538298959,0.0039021641830073437,0.14199976255854824,165.86363067626954,161.31271026611327,0.0565515923111668,-0.03000000000000025,0.082865191302115,-0.2982787086644238,False,False,False
2024-02-21,171.64784240722656,171.73325035019496,169.38957763277347,170.7464331647667,7024000,False,15.34000015258789,False,4.32,False,0.00650981352868385,0.006488716202868049,0.13808554723938757,166.42867279052734,161.78848327636717,0.07047741633178695,0.05000000000000071,-0.005188062471480848,-0.387565061345026,False,False,False
2024-02-22,173.7068634033203,174.03895391200567,171.97045729976963,172.52079484720994,9296500,False,14.539999961853027,False,4.33,False,0.011995612454066329,0.011924235336178106,0.140111285076572,167.02502822875977,162.2728073120117,0.07372435933833077,0.009999999999999787,-0.05215125050698921,-0.4541985081809449,False,False,False
2024-02-23,174.57980346679688,175.72790969059875,173.8207167154575,174.40900207051712,7105800,False,13.75,False,4.26,False,0.005025363111011538,0.0050127781189728444,0.13445902262491063,167.54926834106445,162.7636505126953,0.06389470835855615,-0.07000000000000028,-0.054332872347019445,-0.49500734090998616,False,False,False
2024-02-26,173.98202514648438,175.02577126846347,173.14702824890108,174.3520779572995,7145400,False,13.739999771118164,False,4.28,False,-0.0034240977962046726,-0.0034299734354066376,0.13419677272619918,168.07493438720704,163.21575653076172,0.06431396745195239,0.020000000000000462,-0.0007272893732244157,-0.50784685195947,False,False,False
2024-02-27,174.06741333007812,174.15280678882112,172.91930710908773,173.9345742347972,5717100,False,13.43000030517578,False,4.31,False,0.0004907873875008573,0.0004906669907621822,0.13452147847897747,168.5835205078125,163.65938568115234,0.06206217109881429,0.02999999999999936,-0.022561824680231157,-0.49791311865969207,False,False,False
2024-02-28,174.9498748779297,175.7279283839972,173.60250262820136,174.04845112073724,6131600,False,13.84000015258789,False,4.27,False,0.005069653940213303,0.005056846512589289,0.11813479075895673,168.9682815551758,164.06540100097655,0.046009009414205604,-0.040000000000000036,0.030528655107632474,-0.5035718775980184,False,False,False
2024-02-29,176.5439453125,176.89501700223315,174.44698403277337,176.1644091332413,9643000,False,13.399999618530272,False,4.25,False,0.009111583736099105,0.00907032369715901,0.10968401528347936,169.52336196899415,164.4799105834961,0.06710258374760869,-0.019999999999999574,-0.03179194575191857,-0.444686639102637,False,False,False
2024-03-01,175.81333923339844,176.90453118689683,175.63306894251502,176.20237326408164,6311800,False,13.109999656677246,False,4.19,False,-0.004138380830950195,-0.004146967627378375,0.11013621219008307,170.07180252075196,164.860947265625,0.0665403404956526,-0.05999999999999961,-0.021641788814083074,-0.4547480104437759,False,False,False
2024-03-04,177.13221740722656,177.99567880021087,174.84548820991387,175.26298666271404,7063600,False,13.489999771118164,False,4.22,False,0.007501581959473924,0.007473585020568928,0.11083524240999276,170.63874282836915,165.22649017333984,0.06839117469458422,0.02999999999999936,0.02898551673472971,-0.42982753917895083,False,False,False
2024-03-05,178.90660095214844,179.61824215364595,176.82860632723535,176.82860632723535,6617800,False,14.460000038146973,False,4.13,False,0.010017282970282926,0.00996744255852729,0.11182228078829981,171.30531311035156,165.66335662841797,0.08051571743271846,-0.08999999999999986,0.07190513591449865,-0.3583768621538656,False,False,False
2024-03-06,179.83644104003906,180.34883071700543,178.03362279204532,179.57076286619525,7572900,False,14.5,False,4.11,False,0.005197349247830774,0.00518388964425957,0.11189966639374194,171.98990936279296,166.10090209960939,0.0824097320765762,-0.019999999999999574,0.0027662490835065334,-0.37005272781815035,False,False,False
2024-03-07,178.26136779785156,180.75686085108097,177.08479697238374,180.19703992745505,7618300,False,14.4399995803833,False,4.09,False,-0.008758365285024827,-0.008796945196078433,0.12059593406878318,172.58009872436523,166.50883209228516,0.07091168327258202,-0.020000000000000462,-0.004137959973565475,-0.33288799000134695,False,False,False
2024-03-08,178.5934600830078,180.7189001480093,178.3088007338345,178.80220930717653,6172200,False,14.739999771118164,False,4.09,False,0.0018629515147265963,0.0018612183727259924,0.11789095175935042,173.21678009033204,166.90473236083983,0.07677342432558487,0.0,0.020775637081209553,-0.3537115454280126,False,False,False
2024-03-11,178.65985107421875,178.80218797100855,176.6957293082124,177.70151300734722,5762600,False,15.220000267028809,False,4.1,False,0.0003717436863595047,0.00037167460679472846,0.11816356680943695,173.84681777954103,167.28291076660156,0.07588114105047317,0.009999999999999787,0.032564484624427736,-0.3607812918149092,False,False,False
2024-03-12,180.13059997558594,180.43424047505957,178.2993170776544,179.28611974419184,5708400,False,13.84000015258789,False,4.16,False,0.00823211758279263,0.008198418519625756,0.11924352816262808,174.51338806152344,167.67352905273438,0.0799248802892818,0.0600000000000005,-0.09067017675620026,-0.40463940290398814,False,False,False
2024-03-13,181.5918731689453,181.92396372942363,180.1306283720305,180.62403702226987,7795500,False,13.75,False,4.19,False,0.008112298485418057,0.008079570671449847,0.11031572511274473,175.32560806274415,168.0971450805664,0.09824401737433708,0.03000000000000025,-0.00650290112685159,-0.235745870627053,False,False,False
2024-03-14,178.35626220703125,181.8290747228508,177.5307630516754,181.25975597395745,10310900,False,14.399999618530272,False,4.29,False,-0.01781803835958995,-0.017978690806876328,0.13414643092635795,175.8920753479004,168.4187045288086,0.067829460905243,0.09999999999999964,0.04727269952947433,-0.28744889383856653,False,False,False
2024-03-15,180.5670928955078,181.1743594608808,176.9424601771041,176.9424601771041,17214200,False,14.40999984741211,False,4.31,False,0.012395587691282017,0.012319391413117773,0.12038419795052235,176.38690261840821,168.79862640380858,0.0579862522032728,0.019999999999999574,0.0006944603574134955,-0.24085826023103127,False,False,False
2024-03-18,182.80638122558597,182.84432904958828,180.17804920335632,180.8802070135972,9013800,False,14.329999923706056,False,4.34,False,0.012401419849928041,0.012325152147279587,0.1214872543772045,177.0335464477539,169.2018893432617,0.07613239400942984,0.03000000000000025,-0.005551694972461774,-0.2309512262802281,False,False,False
2024-03-19,183.87860107421875,184.0114401929125,182.54072654965236,182.8538504319401,8478700,False,13.81999969482422,False,4.3,False,0.005865330528640911,0.00584819644294134,0.1217294061037839,177.7005928039551,169.6102764892578,0.07822862136562025,-0.040000000000000036,-0.03558968817844477,-0.26980274011071853,False,False,False
2024-03-20,186.2886657714844,186.5068983228866,183.7077795412809,184.2581170660835,9367000,False,13.039999961853027,False,4.27,False,0.013106825281387069,0.013021674081142982,0.12585873311988055,178.43263397216796,170.0716098022461,0.08529570287008426,-0.03000000000000025,-0.05643992403728593,-0.32695960999683116,False,False,False
2024-03-21,188.8790435791016,189.2301152395076,186.2886739000261,186.4689586375457,11203800,False,12.920000076293944,False,4.27,False,0.013905182029671836,0.013809391950289194,0.12761168614263327,179.19124298095704,170.61055908203124,0.0873435849253339,0.0,-0.009202445238506884,-0.2779878542332771,False,False,False
2024-03-22,186.5638427734375,190.2264232070592,186.48793264526572,188.83160536845347,8108800,False,13.0600004196167,False,4.22,False,-0.012257584334359972,-0.012333328114810947,0.14029284711259238,179.79044494628906,171.0963720703125,0.06864504982055308,-0.04999999999999982,0.010835939821674856,-0.291687466979147,False,False,False
2024-03-25,184.85592651367188,186.86749435505877,184.419446870424,186.54488715000187,8620000,False,13.1899995803833,False,4.25,False,-0.009154594129151317,-0.009196754933280898,0.1453528002634414,180.33414001464843,171.5616909790039,0.06250014251778135,0.03000000000000025,0.009953993613303291,-0.3022913540214355,False,False,False
2024-03-26,185.7193603515625,186.60180291274617,184.13477445009167,184.6376663748181,5961500,False,13.239999771118164,False,4.24,False,0.004670847476598405,0.004659972917646685,0.14512398774768995,180.91673736572267,172.06799987792968,0.06693927828633361,-0.009999999999999787,0.003790765149775055,-0.31370170971085953,False,False,False
2024-03-27,189.31553649902344,189.3914466295502,186.33613264813877,186.4499906047404,8725800,False,12.779999732971191,False,4.2,False,0.01936349630245049,0.01917840927975326,0.1559233810087678,181.63502044677733,172.66634796142577,0.0821130145484088,-0.040000000000000036,-0.0347432058987206,-0.3747196805956238,False,False,False
2024-03-28,190.05563354492188,190.45415085331143,188.38563970590693,189.28706341600085,8628300,False,13.010000228881836,False,4.2,False,0.003909330737375871,0.0039017091610196258,0.15475025176772972,182.31060485839845,173.29657806396483,0.07653441871656863,0.0,0.017996909289228258,-0.3578018354966326,False,False,False
2024-04-01,188.7651824951172,190.66289215811688,188.4141108405425,189.7614829638672,7309000,False,13.649999618530272,False,4.33,False,-0.006789859504478635,-0.006813015477248667,0.1568129220872903,182.95819702148438,173.89473602294922,0.07366814894815632,0.1299999999999999,0.04919288073705452,-0.4377720249950432,False,False,False
2024-04-02,188.6892852783203,189.5622300456081,187.9491796173942,188.2433223187396,7014700,False,14.609999656677246,False,4.36,False,-0.0004020721183517484,-0.0004021529710190548,0.1567189038936793,183.53605041503906,174.4365328979492,0.06524543101339986,0.03000000000000025,0.07032967508978882,-0.4573727880923441,False,False,False
2024-04-03,188.15792846679688,189.353480421599,187.5886097387711,188.8600718225351,9353400,False,14.329999923706056,False,4.36,False,-0.00281604125395718,-0.0028200137577048924,0.15594599386943095,183.99861679077148,174.9714974975586,0.05171037549991153,0.0,-0.019164937683158745,-0.5501786392635916,False,False,False
2024-04-04,186.7263336181641,190.5725228336972,186.63090338860292,190.06669747224808,9243800,False,16.350000381469727,False,4.31,False,-0.007608474754681405,-0.007637566857021699,0.15966493986387212,184.34311141967774,175.49908416748048,0.038311993599734695,-0.05000000000000071,0.14096304734949738,-0.5547657489401938,False,False,False
2024-04-05,188.44422912597656,189.08366842916283,186.21096089165496,187.21307291356743,6532300,False,16.030000686645508,False,4.39,False,0.009200070898009338,0.009158008036456916,0.1564129813007904,184.85225448608398,176.03237365722657,0.0571232087687803,0.08000000000000007,-0.019571846321599473,-0.5955186219026815,False,False,False
2024-04-08,189.42726135253903,189.90445619693176,188.60648563767035,188.60648563767035,8001000,False,15.1899995803833,False,4.42,False,0.005216568483534134,0.00520300932457459,0.15659157694356182,185.39394454956056,176.5390188598633,0.060661802870585646,0.03000000000000025,-0.05240181349224815,-0.5883543836167491,False,False,False
2024-04-09,188.15792846679688,189.80903317635733,186.02010480291608,189.03597982912677,7351500,False,14.979999542236328,False,4.36,False,-0.006700898680997325,-0.006723450504009962,0.1601355477869407,185.86884841918945,177.03280334472657,0.053162908932642194,-0.05999999999999961,-0.013824887685854326,-0.5565862928942591,False,False,False
2024-04-10,186.55455017089844,188.0815794697576,185.32337934002092,186.63090309212447,7681400,False,15.800000190734863,False,4.55,False,-0.0085214495555066,-0.008557964696037043,0.1633875513936024,186.19004592895507,177.48598052978517,0.035662736904130465,0.1899999999999995,0.05473969783420429,-0.5835183855351815,False,False,False
2024-04-11,186.516357421875,187.60437557468177,184.4262563759214,187.0603664982784,10137700,False,14.90999984741211,False,4.56,False,-0.00020472697657847316,-0.00020474793600663168,0.16178785767810752,186.43627014160157,177.87121459960937,0.027118417619648394,0.009999999999999787,-0.05632913497334324,-0.5432795252898167,False,False,False
2024-04-12,174.45286560058594,180.3128170621153,174.21426820465587,179.7306533963621,31532300,True,17.309999465942383,False,4.5,False,-0.06467792952873863,-0.06686434860924141,0.2787769099091835,186.2411003112793,178.05142517089843,-0.02188539139665502,-0.05999999999999961,0.16096577083110009,-0.7241034421266452,True,False,False
2024-04-15,174.54832458496094,178.90989232756837,173.88979338856458,176.0848925222756,14766600,False,19.229999542236328,False,4.63,False,0.0005471906927201342,0.0005470410384834827,0.27438916272173,185.94016189575194,178.24550109863281,-0.03333258687412033,0.1299999999999999,0.11091855202373435,-0.6724852609854038,False,False,False
2024-04-16,172.5536346435547,174.80599457830863,171.45607791641797,174.55784397352923,16451800,False,18.399999618530277,False,4.67,False,-0.011427723217333652,-0.011493521408955164,0.27134300401560396,185.4275245666504,178.38070556640625,-0.05608527729335244,0.040000000000000036,-0.043161723529065,-0.6266392368530057,False,False,False
2024-04-17,171.86648559570312,174.09975382543902,171.02661806472688,173.0976418055842,9017100,False,18.209999084472656,False,4.59,False,-0.0039822345630158296,-0.003990184772491708,0.2694463408708184,184.8269187927246,178.5065313720703,-0.06532633709600166,-0.08000000000000007,-0.010326116195473967,-0.615813810541859,False,False,False
2024-04-18,172.98313903808594,174.9969019564357,171.76152134535386,172.839986403325,9557700,False,18.0,False,4.64,False,0.006497214616988378,0.0064761986989353955,0.2651174496783736,184.1616424560547,178.64330383300782,-0.07142424193278629,0.04999999999999982,-0.011532075509642303,-0.5979138719688881,False,False,False
2024-04-19,177.3256072998047,177.40196022253804,173.1358371435667,174.08067361637623,13402300,False,18.709999084472656,False,4.62,False,0.02510341924574888,0.024793504325750056,0.27758927565313196,183.58397064208984,178.86066436767578,-0.061168439125743324,-0.019999999999999574,0.039444393581814285,-0.5207816060884471,False,False,False
2024-04-22,180.7709503173828,181.45811204263345,177.49738618697634,177.5069394038577,11529700,False,16.940000534057617,False,4.62,False,0.019429472539479686,0.019243130159274147,0.2862292689281252,183.2943260192871,179.15888671875,-0.031050456347479716,0.0,-0.09460174436266822,-0.5753555415809869,False,False,False
2024-04-23,183.37640380859372,183.4622953712603,181.8302974292818,182.4124756254026,9144400,False,15.6899995803833,False,4.61,False,0.01441300987042693,0.014310129806306117,0.28998043361026327,183.2203498840332,179.5052328491211,-0.008003653077191086,-0.009999999999999787,-0.07378990048797274,-0.600014733656976,False,False,False
2024-04-24,184.2735595703125,184.41671219594372,181.4962821304213,181.8398629947669,6964900,False,15.970000267028809,False,4.65,False,0.004892427504769037,0.004880498473450015,0.290031255831573,183.1480598449707,179.8547201538086,-0.007784868408512335,0.040000000000000036,0.017845805872141796,-0.5970472493333645,False,False,False
2024-04-25,184.55032348632807,185.0943325814848,182.46020780549335,183.4814117295957,9802300,False,15.369999885559082,False,4.7,False,0.001501918759592602,0.0015007920076645412,0.2808122397070294,182.90979919433593,180.23877716064453,-0.02517074457182733,0.04999999999999982,-0.03757046784203688,-0.5807832813318301,False,False,False
2024-04-26,184.6648712158203,185.9819191199223,184.25447606565837,184.74122414056745,6413700,False,15.029999732971191,False,4.67,False,0.000620685606659066,0.0006204930610173285,0.28027300578807895,182.64026107788087,180.5915362548828,-0.028364128063730343,-0.03000000000000025,-0.022121025056567434,-0.5829148134957507,False,False,False
2024-04-29,184.4644317626953,185.3997295490782,183.65319472901305,184.6553067815528,5387800,False,14.670000076293944,False,4.63,False,-0.0010854227542321793,-0.0010860122521181008,0.2795175451554864,182.42522354125975,180.86741394042969,-0.022783601698015077,-0.040000000000000036,-0.023952073391426576,-0.5768223572820853,False,False,False
2024-04-30,182.9947052001953,186.0964720452048,182.8992603952158,184.01589471187933,8153700,False,15.649999618530272,False,4.69,False,-0.007967533623992828,-0.007999444031200032,0.2805907869003069,182.1404945373535,181.12983795166016,-0.0301796684942941,0.0600000000000005,0.06680296776684846,-0.5958060118520737,False,False,False
2024-05-01,183.1092071533203,185.59062618122607,182.08800319125083,183.50051042268325,7445300,False,15.390000343322754,False,4.63,False,0.0006257118368520054,0.0006255161608209015,0.28062288556469733,181.8880584716797,181.38126861572266,-0.02683236021259383,-0.0600000000000005,-0.016613372622684808,-0.5995735277172582,False,False,False
2024-05-02,182.91830444335935,184.67437771831507,180.87591139115835,184.26399720243225,6501700,False,14.68000030517578,False,4.58,False,-0.0010425620476917086,-0.0010431058935315657,0.2796021553563039,181.69765701293946,181.60667785644532,-0.020393637581894386,-0.04999999999999982,-0.0461338546009209,-0.6238938850578826,False,False,False
2024-05-03,181.8207550048828,183.74862604851333,179.86426800149363,183.2428007323514,8922800,False,13.489999771118164,False,4.5,False,-0.006000216554688187,-0.006018290187446091,0.2775337242378968,181.36648330688476,181.76895568847655,-0.03514819292590754,-0.08000000000000007,-0.08106270499449875,-0.5828778167516888,False,False,False
2024-05-06,183.2428131103516,183.4336881281088,181.1622506599864,182.98512382682264,7911100,False,13.489999771118164,False,4.49,False,0.00782120889020943,0.0077907817841510575,0.2785391382704997,181.0572608947754,181.94221588134766,-0.032648142606452546,-0.009999999999999787,0.0,-0.5715613182267341,False,False,False
2024-05-07,183.00424194335935,184.13041490362048,182.9087971393772,182.9565195413683,7688800,False,13.229999542236328,False,4.47,False,-0.0013019401030947009,-0.0013027883634467731,0.27786258541723485,180.79957656860353,182.12266021728516,-0.027390217172522546,-0.020000000000000462,-0.01927355324634561,-0.5749194076531907,False,False,False
2024-05-08,186.7263336181641,187.6807232907595,182.2884274657276,182.2884274657276,9227600,False,13.0,False,4.48,False,0.020338827315034225,0.020134755777599392,0.28657710707752265,180.80816574096679,182.3758386230469,0.0009208215350859916,0.010000000000000675,-0.017384697671535276,-0.5588841873096307,False,False,False
2024-05-09,188.49197387695312,188.57786545857687,186.2014443233279,186.26824403253585,7977300,False,12.6899995803833,False,4.45,False,0.009455764618607976,0.009411338710727758,0.28843947165223677,180.9069465637207,182.64668060302733,0.010592188708733685,-0.03000000000000025,-0.023846186124361513,-0.5719366287497019,False,False,False
2024-05-10,189.7040557861328,190.24805037411755,189.2268609083632,189.48453565711972,7529800,False,12.550000190734863,False,4.5,False,0.006430416554345841,0.006409829633666828,0.15366137223368048,181.66950607299805,182.9098828125,0.08742298461559717,0.04999999999999982,-0.011032261172400193,-0.08170361234007968,False,False,False
2024-05-13,189.66583251953125,190.73475872572587,189.007301395376,189.7326467786561,7049200,False,13.600000381469728,False,4.48,False,-0.00020148892675575514,-0.00020150922837663805,0.15392299100396448,182.42538146972657,183.18693267822266,0.08660929843077292,-0.019999999999999574,0.0836653525718698,-0.08484499949256638,False,False,False
2024-05-14,192.3190460205078,192.38586028369684,189.12184954887877,189.9235333301681,8596200,False,13.420000076293944,False,4.45,False,0.013988884902099263,0.013891943473901672,0.14591610078646172,183.4136520385742,183.49066925048828,0.11454647952089037,-0.03000000000000025,-0.013235316185802426,-0.14647484045251982,False,False,False
2024-05-15,192.89170837402344,193.44525616341704,190.65843990714103,192.79626357615743,8370000,False,12.449999809265137,False,4.36,False,0.0029776684388012065,0.002973243965036778,0.14197009786632156,184.46491317749025,183.7703713989258,0.12233462914799942,-0.08999999999999986,-0.07228019832446086,-0.11789584678416806,False,False,False
2024-05-16,193.2352600097656,195.15357782872616,192.7771570875777,192.99666261404684,8497900,False,12.420000076293944,False,4.38,False,0.00178105963516062,0.0017794754292132092,0.14265920225494394,185.4775192260742,184.03834777832031,0.11707569352883995,0.019999999999999574,-0.0024096171430354474,-0.12527738878011713,False,False,False
2024-05-17,195.449462890625,195.6976135361828,193.5597753367388,194.51416504960696,9260500,False,11.989999771118164,False,4.42,False,0.01145858618529294,0.011393433816931024,0.1250374735679802,186.38371200561522,184.38210968017577,0.10220664610598673,0.040000000000000036,-0.034621602458483114,-0.3406851550370641,False,False,False
2024-05-20,186.6595458984375,196.48976306989655,186.4877481736679,195.06771712380632,17373300,False,12.149999618530272,False,4.44,False,-0.0449728377974945,-0.04601549680901118,0.20756926811557833,186.67814178466796,184.54343139648438,0.032574899732042084,0.020000000000000462,0.01334444123990064,-0.24977722106529104,True,False,False
2024-05-21,190.4198455810547,190.7825037806312,187.6330292793257,188.0147793513531,14420800,False,11.859999656677246,False,4.41,False,0.020145231065027858,0.019945000557712044,0.2131527866850766,187.03031387329102,184.7786312866211,0.03840974970701705,-0.03000000000000025,-0.023868310366918832,-0.19935274025599614,False,False,False
2024-05-22,189.2650146484375,191.77506416081212,188.6732977083887,189.92354585608183,9425300,False,12.289999961853027,False,4.43,False,-0.006064656386487899,-0.00608312110767599,0.21470536897832868,187.27988662719727,184.9613195800781,0.027087201711216924,0.019999999999999574,0.03625635055846632,-0.2398645356259144,False,False,False
2024-05-23,187.9384002685547,189.25546259056455,187.12717783768824,188.7878064390088,8069400,False,12.770000457763672,False,4.47,False,-0.007009295311904418,-0.007033975818546174,0.21678073742084236,187.44929046630858,185.08825012207032,0.01835855238952,0.040000000000000036,0.03905618367782915,-0.26872250948479864,False,False,False
2024-05-24,191.5555877685547,191.60329560943492,188.54925108861556,188.7305874850261,7356200,False,11.93000030517578,False,4.46,False,0.019246665369244464,0.019063791060409032,0.2262251221005213,187.7938262939453,185.35223663330078,0.037314712361730784,-0.009999999999999787,-0.0657791795204834,-0.3335148123251432,False,False,False
2024-05-28,190.40072631835935,191.2692243545398,189.59904254472963,190.74430715889065,6910200,False,12.920000076293944,False,4.54,False,-0.006028858064901166,-0.006047105005459066,0.22777465319795176,188.09064102172852,185.54890930175782,0.03218124219904239,0.08000000000000007,0.08298405245544349,-0.3572692629145884,False,False,False
2024-05-29,189.0741424560547,189.91401004508248,187.90978586684105,188.9691590074262,6120000,False,14.279999732971191,False,4.61,False,-0.006967325639748556,-0.006991710785208833,0.227239574371806,188.39461288452148,185.67426452636718,0.0332219298323877,0.07000000000000028,0.10526313070017879,-0.3509724955514381,False,False,False
2024-05-30,190.2384796142578,190.7347662809771,189.35088971872463,189.50359554891972,6829100,False,14.470000267028809,False,4.55,False,0.006158098315711014,0.006139214713344393,0.22772971790295113,188.75107650756837,185.80146209716796,0.038934538419840514,-0.0600000000000005,0.01330535977664793,-0.34637881188447794,False,False,False
2024-05-31,193.3879852294922,194.0274245665969,189.3031985702233,190.20986585230213,14417900,False,12.920000076293944,False,4.51,False,0.01655556552817572,0.016420016171385513,0.23310444880774472,189.274560546875,185.94344848632812,0.057236922340786256,-0.040000000000000036,-0.10711818674023654,-0.41561157737606486,False,False,False
2024-06-03,192.6149444580078,193.1875695647281,190.1048947798636,193.082586110738,6444300,False,13.109999656677246,False,4.41,False,-0.0039973567673659005,-0.004005367553034062,0.23219792059046865,189.81427001953125,186.01816650390626,0.05936720179626964,-0.09999999999999964,0.014705849788029024,-0.4960044719157447,False,False,False
2024-06-04,190.07623291015625,192.7676039624625,189.2363654167245,191.0306224934816,6848300,False,13.15999984741211,False,4.33,False,-0.013180241829081063,-0.013267872059892542,0.23829018981702227,190.15594100952148,186.08841430664063,0.037291611517061174,-0.08000000000000007,0.003813897181103032,-0.4872527741411269,False,False,False
2024-06-05,188.26290893554688,190.70615882571187,187.9384199292547,190.6488832103386,8351600,False,12.630000114440918,False,4.29,False,-0.009539982705078609,-0.009585779842092702,0.2415489642250892,190.41887435913085,186.15655395507812,0.028735219120303856,-0.040000000000000036,-0.04027353640702469,-0.44972890294014445,False,False,False
2024-06-06,187.92886352539065,188.9882365858564,186.4209261786032,188.2628911546147,7640300,False,12.579999923706056,False,4.28,False,-0.0017743559368382789,-0.0017759319709064342,0.2312435187796638,190.4790008544922,186.2007440185547,0.006440065972085129,-0.009999999999999787,-0.0039588432527163375,-0.44828727653413064,False,False,False
2024-06-07,190.8302154541016,191.755974617706,188.024307437637,188.42514935958465,6964500,False,12.220000267028809,False,4.43,False,0.015438564754151951,0.015320602674182735,0.2352829582989395,190.5959129333496,186.23103759765624,0.012404992791230862,0.14999999999999947,-0.028616825028659587,-0.45365105906285835,False,False,False
2024-06-10,190.5057373046875,191.67963261173605,189.38910305220256,190.15261775965763,6070800,False,12.739999771118164,False,4.47,False,-0.0017003499610476203,-0.0017017971968134914,0.2344352961857746,190.63599700927733,186.24003967285157,0.004225958771585159,0.040000000000000036,0.042553149977613725,-0.45016935404595937,False,False,False
2024-06-11,185.4951629638672,188.9118794743479,184.76983211155977,188.88324895141668,9235300,False,12.850000381469728,False,4.39,False,-0.026301435388303207,-0.02665350515718949,0.2527868121194725,190.42746353149414,186.17463928222656,-0.02198956712582678,-0.08000000000000007,0.008634270983343129,-0.46098436430239237,False,False,False
2024-06-12,182.79428100585935,187.74756650025716,182.58431408049444,187.0604046650324,12751300,False,12.039999961853027,False,4.31,False,-0.01456039022717781,-0.014667433036315791,0.2506548278325319,189.95122528076172,186.05673919677736,-0.04952585410408494,-0.08000000000000007,-0.06303505023896794,-0.3894002533373893,False,False,False
2024-06-13,184.82711791992188,185.70515472071864,182.1739156454097,183.54823918155475,8587800,False,11.9399995803833,False,4.24,False,0.011120899969498277,0.011059517428236382,0.2546146728394797,189.54799575805663,185.99012298583983,-0.041808901596039894,-0.0699999999999994,-0.008305679550378975,-0.3837215392893883,False,False,False
2024-06-14,184.94163513183597,185.97237775666235,182.68927485451107,182.71790538052036,6874000,False,12.65999984741211,False,4.2,False,0.000619590962640526,0.0006193990954087444,0.2544186318542976,189.13331451416016,185.9544290161133,-0.042919831905991135,-0.040000000000000036,0.060301532021133974,-0.35958495395542356,False,False,False
2024-06-17,186.08688354492188,186.65952314056108,183.85361533502265,184.6552991186537,8725400,False,12.75,False,4.28,False,0.006192485603739417,0.006173390953117459,0.2513737688397221,188.665185546875,185.9072821044922,-0.047902814401400984,0.08000000000000007,0.0071090168777756535,-0.333319645877807,False,False,False
2024-06-18,188.0147705078125,188.930991025547,185.27567673463204,185.72424105772285,9023000,False,12.300000190734863,False,4.22,False,0.01036014428402865,0.010306845793202096,0.19793392177533237,188.73294677734376,185.87903228759765,0.007260408798553497,-0.0600000000000005,-0.03529410268746169,-0.4162069121140688,False,False,False
2024-06-20,189.6085968017578,190.35301959036525,187.16536154039684,187.43258948693125,8731100,False,13.279999732971191,False,4.25,False,0.008477133416914695,0.008441404299758542,0.18652858566787892,188.6923843383789,185.90804565429687,-0.004260316338464576,0.03000000000000025,0.07967475829590032,-0.32322106407666373,False,False,False
2024-06-21,187.34669494628903,188.17700929825324,185.36156268713376,187.7379982056773,20972100,False,13.199999809265137,False,4.25,False,-0.01192932121022805,-0.012001046556324037,0.19012301700432155,188.5964683532715,185.9238885498047,-0.010135627578672035,0.0,-0.006024090761646117,-0.2936161028272649,False,False,False
2024-06-24,189.8090362548828,190.14306392636604,188.11022368178232,188.7878322423663,9785900,False,13.329999923706056,False,4.25,False,0.01314323324091582,0.0130576103757573,0.19430052462012967,188.69000015258788,185.98974212646485,0.009953452746511937,0.0,0.009848493660558288,-0.26457068949532075,False,False,False
2024-06-25,189.03598022460935,190.9447596786857,188.721029867147,189.05505753391145,6862500,False,12.84000015258789,False,4.23,False,-0.004072809416909795,-0.004081125893814014,0.18179510685164688,188.56401977539062,186.2814044189453,-0.013153401439740975,-0.019999999999999574,-0.03675917283740948,-0.1566480705230353,False,False,False
2024-06-26,188.42514038085935,188.9118884193973,187.3275981156472,188.44423225132735,7758600,False,12.550000190734863,False,4.32,False,-0.003231341689683642,-0.003236573748327824,0.18095622888578264,188.46524047851562,186.55894073486328,-0.01037593698144157,0.08999999999999986,-0.022585666542580096,-0.11875793596893389,False,False,False
2024-06-27,190.0857696533203,190.74430078925036,187.919301243349,188.4346797683504,7913500,False,12.239999771118164,False,4.29,False,0.0088132043797573,0.008774594777752671,0.18209526386483174,188.5158218383789,186.9095834350586,0.005350425944683268,-0.03000000000000025,-0.024701228279307874,-0.07490275692847924,False,False,False
2024-06-28,193.0348663330078,193.3593699170051,190.2098808173549,190.8874893872689,15307600,False,12.4399995803833,False,4.36,False,0.015514557902288395,0.015395437634501772,0.1889664742725506,188.6556411743164,187.33295104980468,0.014699374829004963,0.07000000000000028,0.01633985400367921,-0.04743518005637324,False,False,False
2024-07-01,196.07937622070312,197.64457486806845,193.41663515800704,193.58841832722447,10205800,False,12.220000267028809,False,4.48,False,0.01577181338029976,0.01564873080185004,0.18811819368753388,188.79021072387695,187.79487579345704,0.013917053781893785,0.1200000000000001,-0.017684832859754307,0.12412175927922225,False,False,False
2024-07-02,199.30519104003903,199.33382156432344,195.43037141669657,195.92664354617935,7802900,False,12.029999732971191,False,4.43,False,0.016451576302981552,0.016317715276179413,0.1951350188154643,189.1247230529785,188.23446746826173,0.03473378766562818,-0.05000000000000071,-0.015548324869538943,0.107970517586106,False,False,False
2024-07-03,199.1715850830078,200.78450597577336,198.17901165846092,199.9923607921085,5560900,False,12.09000015258789,False,4.36,False,-0.0006703586411072049,-0.0006705834319269848,0.18730964049925505,189.5794906616211,188.60248016357423,0.04785107550585077,-0.0699999999999994,0.004987566163634494,0.12410237658771033,False,False,False
2024-07-05,196.53245544433597,199.00842649532183,196.2733529220472,198.64375880499992,8093100,False,12.479999542236328,False,4.28,False,-0.013250532888875455,-0.013339104483790993,0.19087745947198173,189.99296798706055,188.86560119628905,0.043925521790488364,-0.08000000000000007,0.03225801362500036,-0.0027361757203185383,False,False,False
2024-07-08,196.89712524414065,198.55736401431693,195.7455146211485,196.7723624234459,8707000,False,12.369999885559082,False,4.28,False,0.001855519481401835,0.0018538001316583232,0.19030385541003694,190.44138107299804,189.11807250976562,0.04772157693348844,0.0,-0.008814075377564845,-0.004213723850374006,False,False,False
2024-07-09,199.2579345703125,201.30203861673223,197.16582905485703,197.33857869799743,9058900,False,12.510000228881836,False,4.3,False,0.011990064980606396,0.011918753604245123,0.18754433010304764,190.8627670288086,189.41222473144532,0.044163441812169024,0.019999999999999574,0.01131773198205055,0.05969659607648306,False,False,False
2024-07-10,199.4210968017578,199.58424030901236,197.2906104118053,197.8280277635907,8328500,False,12.850000381469728,False,4.28,False,0.000818849356223339,0.0008185142819936472,0.18705671631822268,191.30853500366212,189.70734924316406,0.04679837795547037,-0.019999999999999574,0.027178269094107144,0.07838875368592658,False,False,False
2024-07-11,199.0852203369141,199.70901989248077,197.0986942703721,197.89522885627903,10658100,False,12.920000076293944,False,4.2,False,-0.0016842574342954553,-0.0016856773904530685,0.15463739463750686,191.98803787231446,189.99976501464843,0.07326367521342925,-0.08000000000000007,0.005447446906317488,0.12858514832567197,False,False,False
2024-07-12,196.6764068603516,199.08519330986303,193.9509249213505,195.77430721941596,15443400,False,12.460000038146973,False,4.18,False,-0.012099408848562643,-0.012173202539907479,0.15101123029705718,192.68214416503906,190.27339904785157,0.0759439834665685,-0.020000000000000462,-0.035603717912586874,0.035289230866254295,False,False,False
2024-07-15,201.58038330078125,203.07747876015205,198.38465354242032,198.83570341075963,10719700,False,13.119999885559082,False,4.23,False,0.024934238522629215,0.024628452993290244,0.167105416490204,193.51980743408203,190.64282257080077,0.09064289682922988,0.05000000000000071,0.0529694899993165,0.20050072022489268,False,False,False
2024-07-16,205.0064239501953,205.121595275812,199.68981390311083,201.5323940342005,11557000,False,13.1899995803833,False,4.17,False,0.016995903040337046,0.016853088582730442,0.17222373963815316,194.523046875,191.0845849609375,0.10849254579184464,-0.0600000000000005,0.0053353426398474735,0.25309368558392126,False,False,False
2024-07-17,208.12535095214844,208.78753107622651,204.670519141144,205.17914727979343,11572500,False,14.479999542236328,False,4.16,False,0.015213801313420428,0.015099232000004108,0.1758391470521988,195.62497024536134,191.61067687988282,0.11843106288523786,-0.009999999999999787,0.09780136488947022,0.3190931834074216,False,False,False
2024-07-18,201.51318359375,207.9046426279673,200.8030312411865,206.93537311360464,12415100,False,15.93000030517578,False,4.2,False,-0.03177011992123291,-0.03228574047912007,0.219185954085105,196.2998908996582,191.97608428955078,0.0717944289668273,0.040000000000000036,0.10013817740186948,-0.049557761916707174,False,False,False
2024-07-19,201.3212432861328,203.78762269683403,200.49591964655664,202.6839842457076,8095900,False,16.520000457763672,False,4.25,False,-0.0009524950387570508,-0.0009529489504117686,0.21893790533564755,196.88552322387696,192.34242431640624,0.06177276073943516,0.04999999999999982,0.037037045906157084,-0.0977425589340741,False,False,False
2024-07-22,201.80108642578125,203.61487723988253,201.25407758649305,201.97383607849395,7663200,False,14.90999984741211,False,4.26,False,0.0023834699797002923,0.002380634020516698,0.21168814914636744,197.60824279785157,192.6439193725586,0.07715317040226499,0.009999999999999787,-0.09745766136434542,-0.09607593983293947,False,False,False
2024-07-23,201.8490753173828,202.95269915898984,200.9085949784075,202.5112554797567,5557300,False,14.720000267028809,False,4.25,False,0.00023780293977360145,0.00023777466913632394,0.20908025668011665,198.21024475097656,192.9110614013672,0.06343238077628821,-0.009999999999999787,-0.012743097406287318,-0.09416990961198685,False,False,False
2024-07-24,200.1792449951172,203.4805398970385,199.6802229423339,201.10054238495405,7119000,False,18.040000915527344,False,4.28,False,-0.008272667683218327,-0.008307076096163738,0.21152508657602634,198.76740798950195,193.12056518554687,0.05894785086557386,0.03000000000000025,0.22554351822499452,-0.23029257873176318,False,False,False
2024-07-25,200.25601196289065,201.71472666285024,199.66101627259545,200.2368143021804,6403800,False,18.459999084472656,False,4.27,False,0.0003834911445257383,0.0003834176305908016,0.21051021602416595,199.35895156860352,193.33236877441405,0.06278817974139672,-0.010000000000000675,0.023281493771090345,-0.2508778066346856,False,False,False
2024-07-26,203.6820831298828,204.5649852156185,200.20803848586092,200.8030488593653,8027800,False,16.389999389648438,False,4.2,False,0.01710845598796329,0.016963754436467544,0.21547948705786452,200.03876724243165,193.55962951660158,0.07152725583487674,-0.0699999999999994,-0.11213433355830271,-0.31024973944328205,False,False,False
2024-07-29,202.34811401367188,204.99682004630137,202.0602076823259,204.0755227146991,6533600,False,16.600000381469727,False,4.17,False,-0.006549270783725691,-0.006570811359175933,0.21345150810804217,200.50442962646486,193.74875762939453,0.04824645338732547,-0.03000000000000025,0.012812751655983723,-0.3106406814394448,False,False,False
2024-07-30,206.51312255859372,207.08892060425245,204.37304460068856,204.63214713164876,8850700,False,17.690000534057617,False,4.15,False,0.02058338208499655,0.020374407019578544,0.21806930409820166,201.02611694335937,194.0143148803711,0.053211849909939435,-0.019999999999999574,0.06566265828551643,-0.23151045544742072,False,False,False
2024-07-31,204.2194976806641,207.66473846208044,204.09473484474648,206.11965617262396,9071600,False,16.360000610351562,False,4.09,False,-0.011106436479739301,-0.011168573453978384,0.21693305116979847,201.27183227539064,194.18971557617186,0.024657193397626065,-0.0600000000000005,-0.07518371303299154,-0.13318192766658468,False,False,False
2024-08-01,199.57464599609372,205.207951245614,198.0583529785628,204.6033494115887,10918600,False,18.59000015258789,False,3.99,False,-0.022744408527698323,-0.023007052685838743,0.23314711256147136,201.29198532104493,194.448017578125,0.0020236868272043296,-0.09999999999999964,0.13630803539367387,-0.2411867799456768,False,False,False
2024-08-02,191.1103057861328,196.41732477251185,188.9510299533684,195.65918547882612,18041700,False,23.38999938964844,False,3.8,False,-0.04241190141019502,-0.04333755318882606,0.2747360959607859,201.02087783813477,194.46182678222655,-0.02758908011373662,-0.1900000000000004,0.2582032919667485,-0.47717591583037944,True,False,False
2024-08-05,187.04124450683597,188.26003972022244,183.2025323392783,186.2255269573448,13927000,False,38.56999969482422,True,3.78,False,-0.02129168943850912,-0.021521627157488184,0.2834104044534423,200.52808380126953,194.41735137939452,-0.05005599104143332,-0.020000000000000018,0.6489953271180455,-0.4661251107114082,False,False,False
2024-08-06,192.2619171142578,194.4307991057657,186.17756115587804,187.5211047088707,10605800,False,27.709999084472656,False,3.9,False,0.027911879121564676,0.027529442659877237,0.29932947750699107,200.17828292846679,194.5038217163086,-0.035110358195477476,0.1200000000000001,-0.2815660019776688,-0.5452472739193408,False,False,False
2024-08-07,192.3194732666016,197.4537566355557,192.12754058739836,195.30407255531497,9204400,False,27.850000381469727,False,3.96,False,0.00029936324992307917,0.00029931844968618355,0.2992791172128082,199.82320175170898,194.51909942626952,-0.03561119484873687,0.06000000000000005,0.005052374652567915,-0.5450721351178333,False,False,False
2024-08-08,195.83192443847656,196.6476567379348,193.65345089893853,194.30603966721048,7761200,False,23.790000915527344,False,3.99,False,0.01826362724593089,0.018098850462903392,0.30750472554871616,199.6605369567871,194.62772338867188,-0.016341222582630377,0.03000000000000025,-0.1457809483063327,-0.5710074426540426,False,False,False
2024-08-09,197.5017547607422,198.14473732678184,194.7186795008032,195.265703043516,5540200,False,20.3700008392334,False,3.94,False,0.00852685448020618,0.008490706198614374,0.30602633547515795,199.70180435180663,194.79627563476564,0.0041964764028692425,-0.050000000000000266,-0.1437578791374391,-0.5981738181488016,False,False,False
2024-08-12,197.87600708007807,198.78769824177664,195.44802293711757,198.08713740933769,6936000,False,20.709999084472656,False,3.9,False,0.0018949316161229746,0.0018931384980747947,0.29212741390257174,199.51658554077147,194.94902618408204,-0.01837667019005429,-0.040000000000000036,0.01669112573546916,-0.6323619037078202,False,False,False
2024-08-13,199.5554351806641,199.6993810156932,197.1178449883329,199.3538963680999,6387800,False,18.1200008392334,False,3.85,False,0.008487275063653321,0.008451460646510195,0.286778640566946,199.24403610229493,195.07237518310546,-0.02658935590650313,-0.04999999999999982,-0.12506027811373066,-0.6477417884504914,False,False,False
2024-08-14,201.76275634765625,202.26177848391828,198.76855031244577,199.3635607726469,6999800,False,16.190000534057617,False,3.83,False,0.011061192921123952,0.011000465329415423,0.2839934944766437,198.9259063720703,195.25533142089844,-0.030570973576184213,-0.020000000000000018,-0.10651215318914042,-0.6905041214115134,False,False,False
2024-08-15,203.0198974609375,205.2655406172805,202.58804526064463,204.4114277256701,7001000,False,15.229999542236328,False,3.92,False,0.006230788754268746,0.00621145764715942,0.261211807108846,199.0012420654297,195.51420471191406,0.007476998975039839,0.08999999999999986,-0.05929592094835401,-0.7175546031208805,False,False,False
2024-08-16,205.3423309326172,205.45748762244867,203.0582922941184,203.15426596466205,7931200,False,14.800000190734863,False,3.89,False,0.01143943771386513,0.011374502095013107,0.26398540449681335,199.2022964477539,195.85579315185547,0.019973489040941983,-0.029999999999999805,-0.028233707447526624,-0.7156677322116597,False,False,False
2024-08-19,206.7626495361328,206.8394255435169,205.19838414670025,205.37111918066995,6090800,False,14.649999618530272,False,3.86,False,0.006916832964079411,0.006893021412247227,0.2647620891286082,199.45037460327148,196.2324688720703,0.024586404356035763,-0.03000000000000025,-0.010135173666990571,-0.7192355461328703,False,False,False
2024-08-20,205.87013244628903,207.290451812223,205.0639917823852,206.33077379457384,5640000,False,15.880000114440918,False,3.82,False,-0.004316626295155945,-0.004325969824486135,0.2655080089797868,199.65142745971679,196.53326721191405,0.01992110750363163,-0.040000000000000036,0.08395908040535804,-0.7218828324528449,False,False,False
2024-08-21,205.9469146728516,206.3307800341097,204.25787193885597,205.7837565186157,5202300,False,16.270000457763672,False,3.79,False,0.00037296438123490816,0.00037289484730865447,0.2632148628264839,199.9398109436035,196.84209075927734,0.02881252588336558,-0.029999999999999805,0.024559215397492062,-0.7176537969036656,False,False,False
2024-08-22,207.89505004882807,208.05819355178016,205.6973792260983,205.92770721801395,5247100,False,17.549999237060547,False,3.86,False,0.009459405493260853,0.009414945474109183,0.2646476758751102,200.3217628479004,197.29008850097657,0.038146360806151414,0.06999999999999984,0.07867232595473528,-0.702563063772635,False,False,False
2024-08-23,209.50732421875,210.35184563489813,207.77030919614816,208.82596096633333,7214000,False,15.859999656677246,False,3.81,False,0.007755231158910414,0.007725313930874331,0.2596032666966553,200.61302490234374,197.82434936523438,0.028599673566538364,-0.04999999999999982,-0.09629627657273676,-0.6968253916641146,False,False,False
2024-08-26,210.3326416015625,210.82207214735465,209.2578068452228,210.17908959536388,5105200,False,16.149999618530273,False,3.82,False,0.00393932472714309,0.003931585904655476,0.25793332717875833,201.0122512817383,198.3344598388672,0.039459362528830644,0.009999999999999787,0.018284991685414864,-0.7011739234811186,False,False,False
2024-08-27,211.3018951416016,211.5322231334125,210.3518232928703,210.65891263842735,5185200,False,15.43000030517578,False,3.83,False,0.004608193633944602,0.004597608416358222,0.24879147184231773,201.25168991088867,198.8616650390625,0.023188708415607717,0.010000000000000231,-0.044582001879949096,-0.7482148953117056,False,False,False
2024-08-28,212.3671417236328,213.25005838467985,210.3518266760892,210.40940501408693,6506400,False,17.110000610351562,False,3.84,False,0.005041348925514111,0.005028683874147222,0.2447111411853688,201.6590721130371,199.38727020263673,0.03989650418056123,0.009999999999999787,0.10887882514248881,-0.7739548633323924,False,False,False
2024-08-29,213.2500457763672,213.98898726168144,210.11189474931132,213.19245279825017,6416100,False,15.649999618530272,False,3.87,False,0.004157441897877812,0.00414882361472768,0.22647952899096924,202.34284210205078,199.8919757080078,0.06852273099129613,0.03000000000000025,-0.0853302711712347,-0.7808404443830439,False,False,False
2024-08-30,215.7356414794922,216.38821556365377,212.98135535356383,213.52837890369267,8574100,False,15.0,False,3.91,False,0.01165578039655668,0.011588375057174789,0.1496587876312507,203.57410888671876,200.4145166015625,0.12885404370038023,0.040000000000000036,-0.041533522963198344,-0.8722205898779092,False,False,False
2024-09-03,211.4170684814453,215.06384784728323,210.39981213405105,213.336424500989,8956100,False,20.71999931335449,False,3.84,False,-0.020017893049245616,-0.02022096569771859,0.14660135409485053,204.79290008544922,200.89592407226561,0.13032325591545368,-0.07000000000000028,0.38133328755696594,-0.8737902223034797,False,False,False
2024-09-04,210.48619079589844,213.1157139537024,208.4516779932841,212.12723207920712,7389500,False,21.31999969482422,False,3.77,False,-0.004403039415091348,-0.004412761340980942,0.126589205065195,205.70411376953126,201.30946716308594,0.09478878581456285,-0.06999999999999984,0.028957548327861904,-0.8244286901199277,False,False,False
2024-09-05,208.854736328125,211.8969139547451,207.31924560820755,211.27311444323647,8067900,False,19.899999618530277,False,3.73,False,-0.007750885992114376,-0.007781080231544742,0.13324061360790707,206.53087692260743,201.70584228515625,0.08597810081666313,-0.040000000000000036,-0.06660413211162808,-0.7387274340985458,False,False,False
2024-09-06,203.89321899414065,209.9199963918961,202.57845001745773,208.82596392525963,7777000,False,22.3799991607666,False,3.72,False,-0.023755828674095647,-0.024042548318889922,0.15584178990505382,206.93394165039064,202.01520385742188,0.04116435345656155,-0.009999999999999787,0.12462309496363133,-0.6950458197238762,False,False,False
2024-09-09,208.0677795410156,209.3537445138377,205.54382177933104,206.513105906515,8935100,False,19.450000762939453,False,3.7,False,0.020474249057762517,0.02026746929702445,0.16772906860774306,207.4622428894043,202.37484405517577,0.05349838432105747,-0.020000000000000018,-0.13092039802055044,-0.7149915775666019,False,False,False
2024-09-10,197.2714080810547,209.82399812562028,192.52100489184315,209.78561744862617,28406900,True,19.07999992370605,False,3.65,False,-0.05188872339473716,-0.05328340323035527,0.2562731219620244,207.43201293945313,202.4595748901367,-0.003055443699036764,-0.050000000000000266,-0.019023178648836403,-0.43583704150320757,True,False,False
2024-09-11,198.8740692138672,199.3251190484655,193.6918138354718,196.97391086092543,13658700,False,17.690000534057617,False,3.65,False,0.008124143019012653,0.008091319822839942,0.25611630840037314,207.39794464111327,202.51546875,-0.0034144194878983347,0.0,-0.07285112134206151,-0.4318551035503691,False,False,False
2024-09-12,198.26950073242188,200.3615919553569,196.62844474311245,199.27715101962823,9054400,False,17.06999969482422,False,3.68,False,-0.003039956309211722,-0.0030445863622128675,0.2528769496919685,207.22328186035156,202.49475494384765,-0.01731367908760706,0.03000000000000025,-0.035048096128643014,-0.40612016445719684,False,False,False
2024-09-13,196.0814208984375,199.46908315177689,194.8338365384953,198.51899663631963,10226700,False,16.559999465942383,False,3.66,False,-0.01103588714301218,-0.011097234310015039,0.25398029827040647,206.87635803222656,202.43295166015625,-0.03417633763624084,-0.020000000000000018,-0.029876991095463934,-0.38095748026386583,False,False,False
2024-09-16,199.47869873046875,199.8145919368192,197.30022525287092,197.53055327809923,8634900,False,17.139999389648438,False,3.63,False,0.017325852783323548,0.017177471630726842,0.2588062733099736,206.58317642211915,202.4918765258789,-0.02855539905248561,-0.03000000000000025,0.03502415111177348,-0.34685543286489673,False,False,False
2024-09-17,200.8126373291016,201.4652113916493,199.28675270326917,199.35392255393128,7573300,False,17.610000610351562,False,3.65,False,0.006687123021767993,0.006664863394753228,0.25871058863020235,206.2856758117676,202.57018676757812,-0.02877701664386645,0.020000000000000018,0.027421309068831112,-0.3383640004274014,False,False,False
2024-09-18,199.1619873046875,202.81835838288768,198.36545275492745,200.58230673818105,8259900,False,18.229999542236328,False,3.7,False,-0.00821985133191061,-0.008253820586087241,0.2596773407947053,205.9502685546875,202.56826782226562,-0.03258435335855081,0.050000000000000266,0.03520720672322497,-0.338776735954758,False,False,False
2024-09-19,201.9929962158203,203.36534319975965,198.97960825636804,201.32122462808044,11635200,False,16.329999923706055,False,3.73,False,0.01421460465144797,0.014114524444147692,0.26560015307471435,205.75257263183593,202.61970581054686,-0.019198726348059747,0.029999999999999805,-0.10422378860340853,-0.3716387208144772,False,False,False
2024-09-20,202.57846069335935,202.89515624559215,201.05257592275956,201.4652305055459,20885000,False,16.149999618530273,False,3.73,False,0.0028984394929885138,0.0028942471161879364,0.2632384291236761,205.4867431640625,202.68957061767577,-0.02557342925779149,0.0,-0.011022676424785383,-0.4031898316500403,False,False,False
2024-09-23,202.9143218994141,203.25980657066543,201.52279170592425,202.4920612297152,7223500,False,15.890000343322754,False,3.75,False,0.0016579314745763796,0.001656558623375202,0.2613823188666163,205.1570930480957,202.81432891845702,-0.03146907796145615,0.020000000000000018,-0.01609902670890473,-0.38980054872158537,False,False,False
2024-09-24,203.05825805664065,204.36342068093103,201.88744976234236,202.6359974070873,7323200,False,15.390000343322754,False,3.74,False,0.0007093444951504768,0.0007090930292543493,0.2607470257981415,204.79337387084962,202.8438864135742,-0.034585138519307224,-0.009999999999999787,-0.031466330345934046,-0.394491776953168,False,False,False
2024-09-25,201.7147216796875,203.682064513432,200.1984286785804,203.14463253149495,8976500,False,15.40999984741211,False,3.79,False,-0.006616506956237167,-0.006638493072913137,0.26023017471246984,204.31401519775392,202.77805236816405,-0.04537192368998566,0.04999999999999982,0.0012995129072905787,-0.3876979296376679,False,False,False
2024-09-26,201.3212432861328,203.16382323049552,200.5822871493728,202.61681440246963,7807500,False,15.369999885559082,False,3.79,False,-0.00195066770674035,-0.001952572736781597,0.2588333140297554,203.7617202758789,202.64197021484375,-0.05201321799525249,0.0,-0.002595714617073419,-0.4239430778565096,False,False,False
2024-09-27,202.01223754882807,203.87401538274105,200.8894159429532,202.1561834046356,7032500,False,16.959999084472656,False,3.75,False,0.0034322968178432944,0.0034264199307616717,0.2585971896776541,203.19982986450196,202.6519512939453,-0.05269779983692979,-0.040000000000000036,0.10344822451218505,-0.38639267532236765,False,False,False
2024-09-30,202.3577117919922,202.45368545325596,196.9835089187661,197.99117378793656,8663800,False,16.729999542236328,False,3.81,False,0.0017101649254323004,0.0017087042584800225,0.2537015444987941,202.53093338012695,202.6726806640625,-0.062010753511823946,0.06000000000000005,-0.013561294495994303,-0.37611797853943163,False,False,False
2024-10-01,198.6917266845703,200.6590695133516,197.87600917065316,200.47672835038065,8540100,False,19.26000022888184,False,3.74,False,-0.018116359761916168,-0.018282470277719905,0.2521017328804524,201.8946662902832,202.6104934692383,-0.06019070214282074,-0.06999999999999984,0.15122538887453674,-0.37377738020704654,False,False,False
2024-10-02,198.93165588378903,200.5247249559692,197.39617979497947,198.73013169432917,5810900,False,18.899999618530277,False,3.79,False,0.0012075449905351032,0.0012068164944852135,0.2524672384452319,201.31693954467772,202.55214508056642,-0.05489450338009805,0.04999999999999982,-0.018691620253031727,-0.3754374010744776,False,False,False
2024-10-03,196.9547119140625,198.16391556637384,196.10059907948147,197.85681157736644,7251300,False,20.489999771118164,False,3.85,False,-0.009937804825197905,-0.009987514417918142,0.25316628582918166,200.7219383239746,202.4876544189453,-0.056977517595611316,0.06000000000000005,0.0841269938984015,-0.4126458373950352,False,False,False
2024-10-04,203.94537353515625,204.37987213930612,199.78381659479555,202.09150201972523,10211700,False,19.209999084472656,False,3.98,False,0.035493751599829704,0.034878367648748174,0.27458940049477737,200.72454605102538,202.56144165039063,0.0002557934063374123,0.1299999999999999,-0.06246953152482426,-0.3815441033339637,True,False,False
2024-10-07,203.66534423828125,205.98269458084312,202.46806055788844,203.76190602752732,6718900,False,22.63999938964844,False,4.03,False,-0.0013730603054191715,-0.0013740038164842857,0.2638913691287926,200.50442428588866,202.56110687255858,-0.02115865951203899,0.050000000000000266,0.17855286145995897,-0.25433398574083915,False,False,False
2024-10-08,203.49154663085935,204.05157258412177,201.20317665741183,203.32740337902976,6021800,False,21.420000076293945,False,4.04,False,-0.0008533489488450341,-0.000853713258329437,0.18296931811941786,200.8154312133789,202.58397552490234,0.03153086709478403,0.009999999999999787,-0.05388689691892434,-0.4481313035176584,False,False,False
2024-10-09,206.069580078125,206.8613454534999,202.1687285781039,202.47769976692015,7024000,False,20.86000061035156,False,4.06,False,0.012668995297098418,0.012589415006216393,0.18580273525815402,201.1752067565918,202.57510467529298,0.03618124219362073,0.019999999999999574,-0.02614376582389244,-0.44509644850064206,False,False,False
2024-10-10,205.50958251953125,207.4117350068248,204.1867713494914,207.4117350068248,7927100,False,20.93000030517578,False,4.09,False,-0.0027175168619330003,-0.0027212160140725173,0.18569383602714729,201.53721084594727,202.6009063720703,0.036516366664383515,0.03000000000000025,0.003355689970089726,-0.46251694130297527,False,False,False
2024-10-11,214.63412475585935,216.8935442355541,207.74969842677683,208.24212826127743,18320700,False,20.459999084472656,False,4.08,False,0.04439959501869417,0.043442170078202155,0.23289671002347606,202.46484603881837,202.90209594726562,0.09461734708170755,-0.009999999999999787,-0.022455863060207304,-0.4750585726891254,True,False,False
2024-10-14,213.85202026367188,215.99556259342347,211.34157550325287,215.51278305488955,9048900,False,19.700000762939453,False,4.0425,False,-0.0036438962959738364,-0.003650551458147786,0.22960832027854663,203.18351211547852,203.3569302368164,0.07205441796381495,-0.037499999999999645,-0.037145569674535084,-0.4744951946137874,False,False,False
2024-10-15,214.7306365966797,217.6852443827513,214.1802757018522,215.9569004873874,9235800,False,20.63999938964844,False,4.03,False,0.004108524819753878,0.004100107877923595,0.2293281590003638,203.87941207885743,203.9107180786133,0.06930838343987578,-0.012500000000000178,0.047715664482478326,-0.4739961329381877,False,False,False
2024-10-16,215.9375915527344,215.9762074260548,213.4271325223828,214.67271175254336,6382500,False,19.57999992370605,False,4.02,False,0.005620786000470446,0.005605048327360761,0.22520944492854036,204.71819229125975,204.3842315673828,0.08423095428538163,-0.010000000000000675,-0.05135656479108286,-0.46459517512673876,False,False,False
2024-10-17,216.69073486328125,218.0714918044211,215.61896385393163,216.54590691604216,6470200,False,19.11000061035156,False,4.09,False,0.0034877823038186317,0.0034817140967493454,0.22204516567242755,205.4530792236328,204.8716567993164,0.0727636052873688,0.07000000000000028,-0.024004050826652468,-0.43639510025683464,False,False,False
2024-10-18,217.60801696777344,218.13907733966104,215.4162087479307,217.2507648690765,7000500,False,18.030000686645508,False,4.08,False,0.004233139479041137,0.004224204949315769,0.2220390365799967,206.2045570373535,205.30717864990234,0.07419128481366122,-0.009999999999999787,-0.05651490786039193,-0.4299364267291446,False,False,False
2024-10-21,215.3196563720703,217.92666271781536,215.22309457904748,217.46319852448005,5870000,False,18.3700008392334,False,4.19,False,-0.010515975594970972,-0.010571659188567973,0.2276409634050721,206.82482376098633,205.6635366821289,0.06113582499517034,0.11000000000000032,0.018857467534081795,-0.43036546050458274,False,False,False
2024-10-22,216.4010772705078,217.5211292408237,213.4850997132088,215.3389712158381,9586800,False,18.200000762939453,False,4.2,False,0.005022397474798268,0.005009827307284263,0.22756322635688825,207.4919647216797,206.0340380859375,0.06570931584641748,0.009999999999999787,-0.009254222565459602,-0.4411167327617801,False,False,False
2024-10-23,215.7155303955078,217.0576567581256,214.86583379761672,215.95692013506684,6180500,False,19.239999771118164,False,4.24,False,-0.0031679457590825244,-0.003172974322200655,0.22589662632069687,208.1920051574707,206.35723999023438,0.06940895835085792,0.040000000000000036,0.05714280025176999,-0.46107612807517534,False,False,False
2024-10-24,217.23146057128903,217.3087070595921,214.02581233964895,214.18995560232,6002200,False,19.07999992370605,False,4.21,False,0.007027450332397489,0.007002872880678373,0.22529410689187726,208.9875160217285,206.66661407470704,0.07902900372288801,-0.03000000000000025,-0.008316000484173358,-0.47035952952270677,False,False,False
2024-10-25,214.6534118652344,217.84940969268465,213.2726696126605,217.25076784703845,6369700,False,20.32999992370605,False,4.25,False,-0.011867750183489623,-0.011938734102610822,0.23216063751350666,209.61957473754882,206.89928436279297,0.0625762798818108,0.040000000000000036,0.06551362709634656,-0.51433844803128,False,False,False
2024-10-28,217.73355102539065,217.868728693903,215.27137266803004,215.6576051018232,6843000,False,19.799999237060547,False,4.28,False,0.01434936036371992,0.014247382677650978,0.23544053687304167,210.38836669921875,207.14710876464844,0.07598346066100814,0.03000000000000025,-0.026069881388808613,-0.528265656937652,False,False,False
2024-10-29,215.2230987548828,218.9405068594728,215.13620197943288,217.4535524575936,6580000,False,19.34000015258789,False,4.28,False,-0.011529928477651552,-0.011596913489045478,0.2283742008491578,211.21493530273438,207.31631774902343,0.08320110930716607,0.0,-0.023232277888761477,-0.3959129942290356,False,False,False
2024-10-30,216.68109130859372,218.5156474524891,213.94855766414204,214.87548602178535,7110900,False,20.350000381469727,False,4.29,False,0.00677433120397275,0.00675148852688701,0.22829373804218533,212.1024070739746,207.53253692626953,0.08922378565618261,0.009999999999999787,0.05222338267389759,-0.38719169084067506,False,False,False
2024-10-31,214.27685546875,217.91701709128077,214.18030840692387,216.96110835965536,7829900,False,23.15999984741211,False,4.28,False,-0.011095734405452307,-0.011157751241384604,0.2292916756947516,212.968514251709,207.6991357421875,0.08794988140342475,-0.009999999999999787,0.13808350925148427,-0.409149882866286,False,False,False
2024-11-01,215.26171875,218.36115478761525,215.0299792936343,215.86036059570225,6923500,False,21.8799991607666,False,4.37,False,0.004596218658779128,0.004585688300025259,0.19762155950332122,213.53433151245116,207.84646911621093,0.0554871386327036,0.08999999999999986,-0.055267732948130144,-0.33373937582295227,False,False,False
2024-11-04,212.2105407714844,216.0534611932713,211.6215492339804,214.98169019005127,8229600,False,21.979999542236328,False,4.31,False,-0.014174271190592669,-0.014275685630255419,0.2062231937036217,213.96159133911132,207.90053344726562,0.0419570475534885,-0.0600000000000005,0.004570401522182799,-0.3553711782835185,False,False,False
2024-11-05,213.86167907714844,214.31549300886093,212.42299079009575,212.45195638290625,5600700,False,20.489999771118164,False,4.26,False,0.007780661128619526,0.007750547884591325,0.20683958875263386,214.48009796142577,207.97111419677734,0.05096099871460935,-0.04999999999999982,-0.06778888999770039,-0.3904659633142902,False,False,False
2024-11-06,238.55101013183597,239.4586379717928,226.68429620853013,226.9063706587553,23987800,False,16.270000457763672,False,4.42,False,0.11544532504012128,0.10925371983008449,0.45101520717954735,216.10416946411132,208.51609649658204,0.15762360481055282,0.16000000000000014,-0.20595409275225196,-0.7254449559546825,True,True,False
2024-11-07,228.2388458251953,236.1467765550335,227.1187938261944,236.07918035167896,16451100,False,15.199999809265137,False,4.31,False,-0.043228340558866596,-0.044190516373772144,0.4850718825057289,217.24063262939453,208.83353057861328,0.11059953033335512,-0.11000000000000032,-0.06576525005492273,-0.5944894586654028,True,True,False
2024-11-08,228.8181610107422,231.0968807735096,227.65949319123996,231.0968807735096,9502100,False,14.9399995803833,False,4.3,False,0.0025381971392834934,0.002534981357300896,0.463012456869961,217.94983444213867,209.14489288330077,0.06608472101543406,-0.009999999999999787,-0.017105278430553206,-0.613435905810608,False,True,False
2024-11-11,231.0485992431641,233.76183232238975,230.7685936247478,231.734152593889,9017100,False,14.970000267028809,False,4.3975,False,0.009747645128208138,0.009700443325175436,0.4626782424372301,218.80966339111328,209.4511520385742,0.08041345112517262,0.09750000000000014,0.002008078145122605,-0.6180293041835047,False,True,False
2024-11-12,231.30931091308597,233.1438818469388,230.5368607690037,232.26521962387952,6861000,False,14.710000038146973,False,4.43,False,0.0011283845510245971,0.001127748403678022,0.46281188814528634,219.6385971069336,209.84899688720702,0.07720684192607963,0.03249999999999975,-0.017368084451840793,-0.6299992360940008,False,True,False
2024-11-13,232.8542022705078,235.68328295062503,232.03347126141185,232.29417630585863,11472600,False,14.020000457763672,False,4.44,False,0.006678898274018685,0.006656693248180416,0.46287297925965604,220.48442764282225,210.29635711669923,0.07834027691117496,0.010000000000000675,-0.04690683742990798,-0.6317602310866971,False,True,False
2024-11-14,233.5397491455078,235.87640014281013,232.7479984317867,234.07080953881768,10172200,False,14.3100004196167,False,4.43,False,0.002944103513337515,0.0029397781280972256,0.4628874975920944,221.3268783569336,210.79005737304686,0.07775604385142398,-0.010000000000000675,0.020684732695029018,-0.6293518983247501,False,True,False
2024-11-15,236.8612518310547,237.93302280132795,233.14385889927163,233.14385889927163,11518800,False,16.139999389648438,False,4.43,False,0.014222429790645252,0.01412223988126943,0.46427182363683456,222.28954010009767,211.44941802978516,0.08847667991079833,0.0,0.1278825238553527,-0.54594054331795,False,True,False
2024-11-18,236.59092712402344,239.39104240803505,234.32185751806605,239.22689914149407,9051400,False,15.579999923706056,False,4.42,False,-0.0011412787230562493,-0.0011419304775543183,0.4613981957894822,223.3531036376953,212.0198809814453,0.09878926573798985,-0.009999999999999787,-0.03469637466662745,-0.5352132641839346,False,True,False
2024-11-19,234.7177276611328,236.70677679200912,233.2307733224933,233.90666165823853,6792700,False,16.350000381469727,False,4.39,False,-0.007917461103268186,-0.007948970625573638,0.4637084600117653,224.26893615722656,212.76880737304688,0.08464214051822228,-0.03000000000000025,0.049422365952137115,-0.5417100756976947,False,True,False
2024-11-20,232.4872894287109,236.1853820806055,230.42099380614764,235.9826082126915,9015300,False,17.15999984741211,False,4.41,False,-0.009502640702290899,-0.009548078876657127,0.4656309374750393,225.1075241088867,213.44107177734375,0.07774942769513449,0.020000000000000462,0.049541250583724494,-0.5481649900982376,False,True,False
2024-11-21,236.3302154541016,237.03508413180523,233.771489998293,234.8529113632746,8783500,False,16.8700008392334,False,4.43,False,0.016529617747421232,0.016394490648924037,0.46763014218359045,226.06246185302734,214.20228607177734,0.08791891760330417,0.019999999999999574,-0.016899709251596895,-0.5490550707148528,False,True,False
2024-11-22,239.9897003173828,240.5690268965465,234.65981033615955,235.21983634263424,7997300,False,15.239999771118164,False,4.41,False,0.015484625426544163,0.015365962018763375,0.46491535803857037,227.32927627563475,215.08045166015626,0.11803347653311591,-0.019999999999999574,-0.0966212796103989,-0.5375009228854618,False,True,False
2024-11-25,241.66973876953125,245.55128980408415,240.4821054076885,240.9938504633305,10295400,False,14.600000381469728,False,4.27,False,0.00700046064446358,0.006976071178687626,0.4638917405583621,228.5260856628418,215.9242724609375,0.10993339166800853,-0.14000000000000057,-0.04199471123755005,-0.5349568129862411,False,True,False
2024-11-26,241.3607635498047,242.3552880551951,239.7868978011776,241.86285831172583,6212100,False,14.100000381469728,False,4.3,False,-0.0012785018980850937,-0.0012793198789044816,0.4602800162802454,229.83296890258788,216.73523498535155,0.1214445147669303,0.03000000000000025,-0.0342465744476691,-0.5390220869472173,False,True,False
2024-11-27,241.18695068359372,242.5387419809446,240.2020912154385,240.76211714435047,5472300,False,14.100000381469728,False,4.25,False,-0.0007201372072851431,-0.0007203966306382177,0.4609084893810868,231.0582618713379,217.5757342529297,0.11309643692028093,-0.04999999999999982,0.0,-0.552366939817748,False,True,False
2024-11-29,241.119384765625,243.09878358106323,240.8586797210085,241.25456243074825,5494800,False,13.510000228881836,False,4.18,False,-0.00028013919400371456,-0.0002801784403175147,0.45724937760863504,232.40038833618163,218.3582620239258,0.1252703155371333,-0.07000000000000028,-0.041843981320970225,-0.5552248763067985,False,True,False
2024-12-02,237.76889038085935,241.63112616369568,236.5909072884335,240.95523784835137,8899700,False,13.34000015258789,False,4.19,False,-0.013895582837615605,-0.013993030227474723,0.462836552130521,233.5257469177246,219.06207061767577,0.10455724204728978,0.010000000000000675,-0.012583277084667777,-0.5584858289707835,False,True,False
2024-12-03,236.3881683349609,240.4628138790036,236.2047097622973,239.68071342355267,6657700,False,13.300000190734863,False,4.23,False,-0.00580699200676249,-0.00582391814328006,0.4590885835233327,234.73462829589843,219.7315475463867,0.11393226498353726,0.040000000000000036,-0.002998497855734139,-0.5555675572023707,False,True,False
2024-12-04,235.01705932617188,236.89991119978995,233.88735704195787,236.2722889974968,7346300,False,13.449999809265137,False,4.19,False,-0.005800243804276128,-0.005817130548185244,0.4608338870953752,235.79239730834962,220.37072357177735,0.09892085548150886,-0.040000000000000036,0.01127816664504766,-0.564559715798687,False,True,False
2024-12-05,237.02542114257807,238.66686850941545,236.19503980642355,236.93852436784667,6572500,False,13.539999961853027,False,4.17,False,0.00854560014564254,0.008509293201172372,0.2085058392090128,235.71611785888672,221.07693756103515,-0.00639523173016443,-0.020000000000000462,0.006691461253842901,0.1405260933812185,False,False,False
2024-12-06,238.84066772460935,239.20758484833837,236.4074549916763,237.23783629630563,5519700,False,12.770000457763672,False,4.15,False,0.0076584468167206765,0.007629269785375278,0.13442962564460376,236.24620895385743,221.8273260498047,0.04645055867279413,-0.019999999999999574,-0.056868501200791455,-0.15957932766191665,False,False,False
2024-12-09,235.41294860839844,239.33311597717807,235.3646677094542,238.6186117125457,7076500,False,14.1899995803833,False,4.2,False,-0.014351488583858707,-0.014455467227323701,0.14683982909006169,236.57594833374023,222.49534027099608,0.028821084692428167,0.04999999999999982,0.1111980479026784,-0.3241375699621296,False,False,False
2024-12-10,234.4956512451172,239.42000786865492,233.87769409575165,235.49017580217017,9108300,False,14.18000030517578,False,4.22,False,-0.0038965459151830695,-0.0039041572285391604,0.14459903392314183,236.7483009338379,223.1380990600586,0.01491916425048423,0.019999999999999574,-0.0007046705780981988,-0.3325355064744505,False,False,False
2024-12-11,235.142578125,235.85709707692163,233.8390676036829,235.59639202600604,7884400,False,13.579999923706056,False,4.26,False,0.0027588011822299308,0.002755002674862365,0.1447668420929213,236.9399642944336,223.8671160888672,0.016572040255458553,0.040000000000000036,-0.04231314305760059,-0.33581278126649156,False,False,False
2024-12-12,233.21145629882807,235.692949917877,232.73832710066324,234.63082916006215,6113800,False,13.920000076293944,False,4.32,False,-0.008212557000822573,-0.008246465826795233,0.14647059051910746,236.95782699584962,224.55271209716796,0.0015342391283332812,0.0600000000000005,0.025036830228132967,-0.329847767927239,False,False,False
2024-12-13,231.67620849609372,234.36046110198652,230.90375841719612,233.7328537003409,10392700,False,13.8100004196167,False,4.4,False,-0.006583071977249388,-0.00660483596408991,0.14792848772756603,236.8646499633789,225.24714202880858,-0.007979543766029384,0.08000000000000007,-0.007902274143272159,-0.32863899706578686,False,False,False
2024-12-16,231.32861328125,232.38106899290696,229.33956421642745,232.32313781366128,9032000,False,14.6899995803833,False,4.39,False,-0.0015003492033131005,-0.0015014758542332585,0.13753564051794667,236.58801803588867,225.79480682373048,-0.023358141135515598,-0.010000000000000675,0.06372187791657047,-0.6580076218357348,False,False,False
2024-12-17,230.150634765625,230.7879072165109,228.4802218867217,230.43064038196303,8083600,False,15.869999885559082,False,4.4,False,-0.0050922300484843586,-0.00510523963591842,0.13824723923290327,236.26600341796876,226.32451263427734,-0.027221214425616425,0.010000000000000675,0.0803267759620312,-0.6536438934240432,False,False,False
2024-12-18,222.4358062744141,230.8361807627836,221.62474030815744,230.7685845656322,11322400,False,27.6200008392334,False,4.5,False,-0.033520778680742436,-0.034095479458536734,0.1784294941946204,235.65190734863282,226.70339782714845,-0.05232634752007481,0.09999999999999964,0.7403907396600702,-0.7589575974375046,True,False,False
2024-12-19,224.9366149902344,228.21950946148152,224.27037697069505,224.27037697069505,11790800,False,24.09000015258789,False,4.57,False,0.011242833416554854,0.011180102509140867,0.18295910590129336,235.27437362670898,227.08073852539061,-0.03247779462279732,0.07000000000000028,-0.1278059587033482,-0.7761135068084516,False,False,False
2024-12-20,229.41680908203125,230.97135955828864,223.613790447508,223.93242666437249,32348400,True,18.36000061035156,False,4.52,False,0.01991758474711358,0.01972182476420735,0.18774106906572446,234.92870330810547,227.55888305664064,-0.029253163243584512,-0.05000000000000071,-0.23785801186974176,-0.8336688910951852,False,False,False
2024-12-23,230.1795959472656,230.40167037895355,226.79048935961865,227.93950685968343,8611500,False,16.780000686645508,False,4.59,False,0.0033248952781030905,0.003319380035486075,0.17792757672043033,234.4381980895996,227.86979248046876,-0.04087718913413163,0.07000000000000028,-0.08605663786390239,-0.844921817262932,False,False,False
2024-12-24,233.96458435058597,234.1383926210489,230.836182814854,231.1837698892596,3729100,False,14.270000457763672,False,4.59,False,0.0164436312773244,0.01630989881261792,0.18719640339095928,234.05294036865234,228.27204376220703,-0.03188299229426206,0.0,-0.14958284422952606,-0.8478224847621083,False,False,False
2024-12-26,234.76600646972656,234.8818688310357,232.4969370056862,233.11489415476905,4451800,False,14.729999542236328,False,4.58,False,0.003425399281541175,0.0034195459642462054,0.1880304725089127,233.72320251464845,228.67275115966797,-0.02732323590249708,-0.009999999999999787,0.03223539381334706,-0.8429548944678154,False,False,False
2024-12-27,232.86387634277344,235.0074186310496,231.7727898921543,234.3604958299229,5730200,False,15.949999809265137,False,4.62,False,-0.008102238290612185,-0.008135239801554674,0.1895394274754151,233.30704879760742,229.01127685546874,-0.03450880869479167,0.040000000000000036,0.08282418906603617,-0.8435406867182336,False,False,False
2024-12-30,231.0775604248047,232.5451993283752,228.94366879713556,230.54650008911693,5723800,False,17.399999618530273,False,4.55,False,-0.007671073530268413,-0.0077006475549141135,0.19062478007416195,232.8049575805664,229.29901336669923,-0.041646690292368005,-0.07000000000000028,0.0909090800379102,-0.8452135057492455,False,False,False
