Price,Close,High,Low,Open,Volume
Ticker,JPM,JPM,JPM,JPM,JPM
Date,,,,,
2018-01-02,85.51602935791016,85.57148184634795,84.61294252114149,85.26253140449909,13578800
2018-01-03,85.60317993164062,85.94381841328286,85.14371899210931,85.44474595854275,11901000
2018-01-04,86.82948303222656,87.61782677757108,86.16058070636457,86.28799298761523,12953700
2018-01-05,86.27206420898438,87.23560288759464,85.82613337120587,87.00467268221591,14155000
2018-01-08,86.39947509765625,86.54281087539455,85.76242584651894,86.12076832854065,12466500
2018-01-09,86.83745574951172,87.2993101228466,86.39151879975896,86.57467245194621,13292300
2018-01-10,87.79302215576172,88.15135859156264,87.10819628148904,87.17190242685217,15834500
2018-01-11,88.26285552978516,88.3345264737049,87.6337769878581,88.12748450559089,13676800
2018-01-12,89.7200927734375,89.86342857127254,88.26284650800673,88.90786063594079,18884200
2018-01-16,89.40155792236328,90.32527875329848,88.44599009584942,88.79636780073547,22703300
2018-01-17,89.97489929199219,90.22175906804839,88.63710071577701,89.09896112222852,14940300
2018-01-18,90.18989562988281,90.55619678329909,89.40154589990416,89.79174140981931,14572900
2018-01-19,89.99083709716797,91.049922923903,89.82361301926244,90.7314043423796,18785500
2018-01-22,91.04195404052734,91.08973060734755,89.58470799899263,89.71212027764896,12475700
2018-01-23,90.94640350341797,91.2888164407667,90.26157762872052,90.5163961349787,12320800
2018-01-24,92.10901641845703,92.37179972057432,91.30474908824729,91.4640083817624,15904500
2018-01-25,92.13289642333984,92.50716241234636,91.6391890126096,92.40364448840177,13510000
2018-01-26,92.62662506103516,92.62662506103516,91.54364477434058,92.13291149419251,13883900
2018-01-29,92.53104400634766,93.44679998391335,92.38770823529083,92.38770823529083,11679900
2018-01-30,91.66309356689453,92.84959181098277,91.5595756245758,91.9975417577887,14279100
2018-01-31,92.10901641845703,92.89736632480891,91.7029033973877,92.09309291924656,13141400
2018-02-01,93.06458282470703,93.16013596289145,91.95771442148872,92.18863855566913,13800600
2018-02-02,91.00212860107422,93.10438242090072,90.8508280516162,92.7619695447361,16477300
2018-02-05,86.63836669921875,91.24898753965525,82.80015999575345,89.98285994858294,30097600
2018-02-06,89.274169921875,89.56880633156274,84.8944720189479,85.08558440815851,33114800
2018-02-07,89.87934112548828,91.13750391783044,88.50968955562941,88.82821416553755,21878300
2018-02-08,85.90576934814453,90.07046598801698,85.87391627518852,90.07046598801698,27425800
2018-02-09,87.62581634521484,88.43008989084618,84.59188192530024,86.87728416955676,28188000
2018-02-12,88.9795150756836,89.76786490911924,87.6496812642386,88.52561944825946,18043300
2018-02-13,89.52896881103516,90.02268228974039,88.23098808643124,88.64506585137448,16358200
2018-02-14,91.59937286376953,91.79048521744444,89.60860145987868,89.68823110096388,15186900
2018-02-15,91.98161315917969,92.36383790605908,90.95437427949304,92.1647607450815,12130200
2018-02-16,91.32067108154297,92.42753955667239,91.17733528960198,91.21715315000046,13214300
2018-02-20,91.34455108642578,91.88604113185043,90.75528447313634,91.296774518561,13461500
2018-02-21,91.72679901123047,93.52645225805172,91.31271509444899,91.57549841755802,14212500
2018-02-22,91.55956268310547,92.71420768742644,91.38437382444108,91.97364046920575,17070400
2018-02-23,93.41496276855469,93.47866891658062,91.8223455200223,91.8223455200223,12162500
2018-02-26,94.57756805419922,94.68109205856986,93.4229230350292,94.0758958323151,16511200
2018-02-27,93.45478057861328,95.02350953961307,93.44681579127625,94.68906137568948,17563300
2018-02-28,91.97364807128906,94.35460920770677,91.84623577251014,93.82108387611383,17735600
2018-03-01,90.32527160644531,92.8814211117028,89.70415196082126,91.95770642920725,18690000
2018-03-02,90.23768615722656,90.42879851133495,88.4858097479699,89.49711895028533,18353700
2018-03-05,91.62328338623047,92.3160741900569,89.09898609151516,89.22639840845717,13933000
2018-03-06,91.70288848876953,92.22844893220841,91.03398619897723,92.08511316120659,10674400
2018-03-07,91.36048889160156,91.65511918711887,90.0704667648435,90.58010378583008,13006500
2018-03-08,91.36845397949219,91.75864959728378,90.15010270131941,91.66309037092306,11173700
2018-03-09,93.99626922607422,94.02812229957503,92.1090156297812,92.80977109609384,15366600
2018-03-12,93.69367218017578,94.56164563233712,93.36718274013917,93.96441418623814,12339300
2018-03-13,92.57086944580078,94.33867540856403,92.23642131104884,94.12366869668627,13312300
2018-03-14,91.53567504882812,92.84162072256946,91.25696824199663,92.81773243560572,12905100
2018-03-15,91.7665786743164,92.371774761785,91.4400953882202,92.2682568565059,8748000
2018-03-16,91.92587280273438,92.84958768059178,91.84623707718993,91.84623707718993,19888900
2018-03-19,91.20121765136719,91.93382006243094,90.2217615328553,91.65511328380366,13214900
2018-03-20,91.28883361816406,91.93384175451494,91.13753301320133,91.47198730182176,9921200
2018-03-21,91.36845397949219,92.87347686139421,90.94641136159997,91.42419534269771,13633000
2018-03-22,87.55415344238281,90.46068188741923,87.22766998121472,90.14215714029736,22550400
2018-03-23,85.21295928955078,88.32652181741497,85.01388219958616,87.80892016843686,23081500
2018-03-26,87.8407974243164,88.51766457689419,86.5189283420746,86.9489357038696,20217500
2018-03-27,86.13671875,88.9397290407297,85.44393400384506,88.4460154130087,18039900
2018-03-28,86.00130462646484,86.9329839685007,84.92628953370418,86.22426999973659,19189300
2018-03-29,87.5700454711914,88.21505340290229,85.82612793688969,86.39947102078898,13274600
2018-04-02,85.88188934326172,88.17526221440836,84.47242566233038,87.56210113274922,18822500
2018-04-03,87.06040954589844,87.19578053247632,85.4120511980246,86.28798933076908,14050700
2018-04-04,88.3823013305664,88.5574902174528,85.22095480453466,85.28466095892121,15302600
2018-04-05,89.54278564453125,90.30311866513337,89.15061747543119,89.34269897166132,16627000
2018-04-06,87.30980682373047,89.27866481422454,86.29336933821192,88.4783182219183,18906000
2018-04-09,88.35826873779297,90.42316449849538,87.95009024877966,88.04613404212401,15974300
2018-04-10,90.04700469970703,90.33512998667462,89.17462366245506,89.742869060041,13951400
2018-04-11,88.53436279296875,89.48677130673234,88.45432323022848,89.36672417494461,14503300
2018-04-12,90.7353286743164,91.55167981141753,89.2386777991085,89.28669665830205,16435500
2018-04-13,88.2782211303711,92.15990042261478,87.27778800834132,92.0558514699818,39152800
2018-04-16,88.20619201660156,89.21463037331081,87.870047933085,88.79044768132664,16580500
2018-04-17,88.20619201660156,89.57478387619862,88.03011479966635,89.13459694002013,15501400
2018-04-18,87.49390411376953,88.89451088861885,87.1497547762744,88.46232292249746,16081400
2018-04-19,89.41474151611328,89.53479475203287,87.63797072175493,87.6619801477066,17911000
2018-04-20,89.21466827392578,90.23110613146055,88.7424604364339,89.87895765414822,15584400
2018-04-23,88.7824478149414,89.59879865317569,88.54234139455255,89.29466914602173,11285800
2018-04-24,88.36628723144531,90.35914892094323,87.7099970372564,89.43874894103371,16453100
2018-04-25,88.0301284790039,88.46231641332434,86.91764709676002,88.25422456950476,13548200
2018-04-26,88.1181869506836,88.69443765958394,87.50992163504858,88.01414405841733,10299500
2018-04-27,87.55792236328125,88.16618751055599,87.34182535417567,87.67797557876655,9384000
2018-04-30,87.06172180175781,88.27825232751164,87.03771237532975,87.83805915579255,13744900
2018-05-01,87.06172180175781,87.21378964401738,86.06929350370912,86.79760589872636,10503400
2018-05-02,86.3734130859375,87.62995714159585,86.22135136743763,86.52548091059802,12162100
2018-05-03,85.82917785644531,86.25336062778177,84.18046561882487,86.1092979784448,15379100
2018-05-04,86.78158569335938,87.02969119571222,84.82073888422956,85.18089242675211,11967900
2018-05-07,87.533935546875,87.78204111176657,86.72558353375625,87.04572348900581,9356700
2018-05-08,88.83048248291016,89.11060261916441,87.46189029764419,87.6619769815631,12543200
2018-05-09,90.7673110961914,90.95138739526755,88.86248227480876,89.19062731270274,11368100
2018-05-10,91.47162628173828,91.59167950955326,90.23909161474876,90.59124612136314,9159700
2018-05-11,91.12751007080078,91.82381416025967,90.97544218655777,91.63172648348016,10253000
2018-05-14,91.15950775146484,91.7997815699818,91.03144932406431,91.32757985780661,8710700
2018-05-15,90.46318054199219,91.16748949936151,90.09502181707656,91.16748949936151,11536200
2018-05-16,90.71131134033203,90.99143762984038,90.1430657952118,90.35115769119564,7571100
2018-05-17,90.40715026855469,90.76730989852703,89.79888514911866,90.59923174084399,8617200
2018-05-18,88.94251251220703,90.27909593059393,88.71041127315972,90.2390761594562,11806300
2018-05-21,89.7588882446289,90.07102298519644,89.57480580744652,89.67885479174306,9441900
2018-05-22,90.44718170166016,91.47162449416102,89.87093110433825,89.91894995206151,11507600
2018-05-23,90.031005859375,90.25510197652511,88.93453469958179,90.0470162141207,11453900
2018-05-24,89.02259063720703,89.75890833844976,88.13420506712588,89.75090315952079,14084800
2018-05-25,88.56635284423828,88.90249693237986,88.19818805494837,88.40627986929492,8283500
2018-05-29,84.7807388305664,87.39787024351796,84.00440143869591,87.3818659938397,30643800
2018-05-30,86.71758270263672,86.91766942142738,85.35699545732511,86.14933715401071,17490800
2018-05-31,85.64510345458984,86.58951282003001,85.17289571878935,86.39742521250396,19808200
2018-06-01,86.7575912475586,87.18977923688666,86.2773844059145,86.7095662890813,13594200
2018-06-04,86.79759216308594,87.44587710486002,86.65352952115396,87.22978008888187,9415400
2018-06-05,86.30938720703125,86.68555114177714,85.69312292039031,86.62952711571887,10415200
2018-06-06,88.32625579833984,88.63038532373342,86.82160631132274,86.96566895096397,15453600
2018-06-07,88.67839050292969,89.23863058431382,88.06212030724821,88.98251996051552,13444400
2018-06-08,88.9265365600586,88.95054598791609,88.08616994807592,88.53436832400881,10383200
2018-06-11,88.70242309570312,89.56679896667333,88.65439814320888,88.93452436325033,12642900
2018-06-12,88.19022369384766,89.26268557032643,87.65398664944622,88.95055077904308,15294100
2018-06-13,88.0141372680664,89.19864709505413,87.70200250918711,88.4063054845268,14979700
2018-06-14,86.46146392822266,88.32627343988429,86.26137722798845,88.26224423033058,20487300
2018-06-15,86.35741424560547,86.74157726036938,85.05284515481044,86.27738079304308,26028600
2018-06-18,86.58150482177734,86.75758206985805,85.38898996817711,85.84518733540409,9786800
2018-06-19,86.07730102539062,86.34141082945325,85.31696789954792,85.55707438269015,12707200
2018-06-20,86.06927490234375,86.94965494935207,85.98924146282663,86.58149624264531,8876900
2018-06-21,86.04528045654297,86.60552073682778,85.26093795798313,85.71713535940394,11048700
2018-06-22,84.63666534423828,86.73357594152857,84.44458384183456,86.5655038636552,19478900
2018-06-25,83.86833190917969,84.5966442351743,83.20404267887196,84.56463574041123,16907600
2018-06-26,83.92436981201172,84.204489983715,82.5237628473335,83.80431656523551,17086800
2018-06-27,82.6277847290039,84.77271395093138,82.61978565910464,83.78028583516202,16276800
2018-06-28,83.98036193847656,84.40454462391307,82.84387132727699,82.9799287723869,14491300
2018-06-29,83.39612579345703,85.55706560146247,83.35611212114785,85.38098834605155,18972400
2018-07-02,84.10043334960938,84.10843242023529,82.73984028542735,83.01196134072806,11130000
2018-07-03,82.92391967773438,84.66067050103736,82.85188530161368,84.36454613854272,8311700
2018-07-05,83.46306610107422,83.99416224315496,83.31017190381412,83.79298825279925,10723400
2018-07-06,83.7366714477539,84.09073968470057,82.2399362598261,82.98026131338217,12173700
2018-07-09,86.3277816772461,86.4726271957385,84.25971330392514,84.25971330392514,13900800
2018-07-10,85.79669952392578,87.22905758513569,85.72427368319983,86.92326914105,14575900
2018-07-11,85.61161804199219,86.1507629584096,85.46677249765007,85.54724088020812,10186500
2018-07-12,85.98175811767578,86.55309148610522,85.27362791582155,86.44043454806801,12456800
2018-07-13,85.58747100830078,86.74623526646631,84.60574086061538,86.34388724786368,21289100
2018-07-16,88.9832763671875,89.13616441733784,86.08637228109797,86.14270074996233,24662600
2018-07-17,88.91890716552734,89.2649266878538,88.31538517119118,89.07180136868233,14821900
2018-07-18,89.74773406982422,90.22250785029232,88.6774870335799,88.85452111648858,14244900
2018-07-19,88.42801666259766,89.3936491198149,88.29926853332803,89.36950922928568,16775300
2018-07-20,89.54656982421875,89.91672924719379,88.33952582520931,88.51655992735894,13578100
2018-07-23,91.21228790283203,91.92846683229617,89.26492510899342,89.36953337599789,18140000
2018-07-24,91.85604858398438,92.36300484805957,91.26861780934911,91.37323221733992,14000400
2018-07-25,92.68489074707031,92.95848445559872,91.2364354097328,91.63878343239949,13329100
2018-07-26,92.41932678222656,93.01480005430741,92.20206158138043,92.87800321898419,11897800
2018-07-27,93.36888885498047,93.58616024316456,92.38715861644584,92.68489838792829,12802700
2018-07-30,93.93218231201172,94.64031269893007,93.39303123696787,93.57006536853352,13411600
2018-07-31,92.49980163574219,94.21380802438118,92.3951933671594,94.21380802438118,15843800
2018-08-01,93.07115173339844,93.8999877150504,92.76536329324762,93.14357143384855,13531600
2018-08-02,93.46546173095703,93.54593012039598,92.00091494152763,92.19404030405002,11058100
2018-08-03,94.22185516357422,94.25404374148101,93.29645964096387,93.34473943815232,11016100
2018-08-06,94.24600982666016,94.57593203654726,93.48959352498412,93.98045863913423,9857400
2018-08-07,94.59200286865234,95.187476099067,94.41496879328363,94.74489091064522,10562100
2018-08-08,94.7851333618164,95.17138396623332,94.3747367226986,94.41497397452407,8997100
2018-08-09,94.05290222167969,94.72885031252021,93.90805664073855,94.55986482464648,9694200
2018-08-10,93.1274642944336,93.3044922450542,92.28253109755087,92.94238152601466,12630600
2018-08-13,91.6468276977539,93.24817103182333,91.59049922286734,92.99066855529286,10336300
2018-08-14,92.25839233398438,92.57222326482896,91.45369638015869,91.95260394235115,10597600
2018-08-15,91.49393463134766,92.00089705098357,90.9065099772641,91.59050036350291,10152100
2018-08-16,92.3549575805664,92.78949415899025,91.97675561613282,92.0169867326845,10118600
2018-08-17,92.3549575805664,92.59636883724964,91.97675561613282,92.25034931032009,8505100
2018-08-20,92.23428344726562,92.58030306931782,91.82388665382116,92.2101374034848,8618700
2018-08-21,92.79753875732422,93.65856319726124,92.44347056691694,92.83777601144978,10976700
2018-08-22,92.51590728759766,92.86997551968642,92.3630130711332,92.78950100196171,8314700
2018-08-23,92.32276916503906,92.6607399910369,92.08135792398754,92.50784579574807,9265400
2018-08-24,92.28252410888672,92.71706062243192,92.09744135448433,92.52393532952595,8845700
2018-08-27,93.91606140136719,94.37473783661527,92.67682893049599,92.71706618279639,13768000
2018-08-28,93.45738220214844,94.17356106864727,93.32058537132114,94.14942117371804,8302600
2018-08-29,93.15161895751953,93.6424840522908,92.82973930104502,93.62638669282798,7221700
2018-08-30,92.69290924072266,93.37689942864314,92.52392386295465,93.01478264256176,8991800
2018-08-31,92.20206451416016,92.41128104330598,91.59049386591612,92.40323850403779,13065700
2018-09-04,92.66073608398438,92.7331557696405,91.43759485193343,92.00892821636596,10174200
2018-09-05,92.21011352539062,93.10332659428681,91.9365198268389,92.54004183883127,11462400
2018-09-06,91.81583404541016,92.29865053151113,91.33301755930917,92.13771374925904,9877600
2018-09-07,91.99284362792969,92.35495436098773,91.43760144052047,92.13768914902153,10955600
2018-09-10,91.50196838378906,92.5158869183167,91.46173727312816,92.41932120191423,8276900
2018-09-11,92.08136749267578,92.20207312574475,91.07549744934032,91.36518851296842,9333800
2018-09-12,90.99501037597656,92.44345925714448,90.80992762472272,91.93650306963706,10800800
2018-09-13,91.3490982055664,91.83996331575193,90.66510775116912,91.22839870252406,12470800
2018-09-14,91.3330078125,92.1296552365178,91.11574256571117,91.58246164017312,10337900
2018-09-17,91.60659790039062,92.08137177538536,91.17206742408197,91.56636678039217,9561300
2018-09-18,91.97676086425781,92.26645193306994,91.38128136761976,92.00090076343488,7944200
2018-09-19,94.64833068847656,95.00239269745497,92.0893975695732,92.0893975695732,16052800
2018-09-20,95.46109008789062,95.95195516895478,95.01851094452277,95.35648181167865,15590000
2018-09-21,94.83341979980469,95.94390417886284,94.74490275105822,95.86342966957106,24788200
2018-09-24,93.92413330078125,95.32430284833585,93.69077068629811,94.7610180129243,12492500
2018-09-25,93.65855407714844,94.92997505585659,93.6022256104635,94.18160763313267,9308300
2018-09-26,92.55613708496094,94.04482969078992,92.26645215479631,93.94826395450595,14023600
2018-09-27,92.15377807617188,93.15160548081661,91.86409318053315,92.87800566362598,13283000
2018-09-28,90.80189514160156,91.92847078744153,90.54439266306757,91.45370308675272,15815100
2018-10-01,91.3330078125,92.22622097917066,90.96284834134684,91.22839952913412,10146300
2018-10-02,91.71119689941406,91.83190251780265,90.77774666584129,91.22033188681851,13753100
2018-10-03,92.5722427368164,93.07115654329516,92.12161487247702,92.49177435237641,17142000
2018-10-04,93.4068603515625,94.65477094969813,92.54791138988992,92.82342717037115,16357400
2018-10-05,92.88016510009766,94.07945182342107,92.39396143040477,93.86066511792843,13777600
2018-10-08,93.44739532470703,93.82014694116101,91.85104184440553,92.58034117326618,14370900
2018-10-09,92.79911041259766,93.21238098488226,92.11033024701354,92.92066130825023,14069500
2018-10-10,90.32762908935547,93.14757849159257,90.32762908935547,92.94499567087806,23086400
2018-10-11,87.6211166381836,90.32762625275068,87.01336819512552,89.9224606240453,33705600
2018-10-12,86.6649169921875,89.80900591872538,85.57097113863217,89.43625431882026,32075700
2018-10-15,86.17059326171875,88.20452574823037,86.15438936238064,86.8674783976178,18903200
2018-10-16,88.0181884765625,88.14783827040253,86.48666280640781,86.83510551446263,19302800
2018-10-17,88.99866485595703,89.78468700028897,87.70213635195694,87.82368106925728,18794500
2018-10-18,87.58870697021484,89.00678674069351,87.3618151961122,88.34231532410556,17582500
2018-10-19,87.4428482055664,88.50438016533222,86.92423051751676,87.23216034939031,15234500
2018-10-22,86.18681335449219,87.79126541572593,85.9842305863935,87.63730671595904,16199100
2018-10-23,85.28734588623047,86.02475013409801,84.03133024347531,84.43649578212722,21407500
2018-10-24,83.6990966796875,85.10907100567478,83.39117309976753,84.8902843377408,23168900
2018-10-25,84.97132873535156,85.81407391143367,84.04755167706348,84.42030328108004,17464700
2018-10-26,83.80443572998047,84.72821263264431,83.24531150931674,84.27442922286848,19174900
2018-10-29,84.96319580078125,86.40558385048521,84.03131400548907,84.6471672362881,18445200
2018-10-30,86.46234130859375,86.68923925019926,84.97133478634959,85.66011510765449,18019700
2018-10-31,88.3423080444336,89.52539708162813,87.34560409285167,87.58060089161843,20860000
2018-11-01,88.30987548828125,89.31468420164283,87.77505405841036,88.82848683597335,13065000
2018-11-02,87.82369232177734,89.7927973646994,87.1024980558254,89.0553991951431,19009200
2018-11-05,88.39903259277344,88.56110255125479,87.85611214211868,88.01007705709175,10276400
2018-11-06,88.81227111816406,88.86899403752054,87.32126513374558,88.05866308537975,10825000
2018-11-07,90.33572387695312,90.53830667466735,88.6097144837327,89.43625576051508,12679600
2018-11-08,91.06501007080078,91.51069466478019,89.94675533818321,89.95486038052898,11662500
2018-11-09,90.18177795410156,91.04883226352543,89.80902626972976,90.94349141218264,10432200
2018-11-12,88.28557586669922,90.70847044405278,88.00196120212125,90.28709478610607,13279700
2018-11-13,88.8041763305664,90.04398802364656,88.40711584922806,88.40711584922806,13746100
2018-11-14,86.97284698486328,89.71176414610126,85.87890112893801,89.32280864202556,18361400
2018-11-15,89.1931381225586,89.20124316408489,86.55145717749802,87.71023082234652,19100000
2018-11-16,89.12831115722656,89.75226953272626,87.96143864006609,88.69073164491564,13798600
2018-11-19,89.80899810791016,90.10881666092327,88.75556519546134,89.10400781890188,13987000
2018-11-20,87.8803939819336,89.53346995450009,87.49954360724068,88.9581356896218,18936200
2018-11-21,87.22404479980469,88.82039816012256,87.22404479980469,88.3504046077002,10619600
2018-11-23,86.42181396484375,87.02145725412728,85.94371539597627,86.49474079709339,6488400
2018-11-26,88.53678894042969,89.12022839556316,87.07008525951458,87.28887814635786,13948300
2018-11-27,88.9095230102539,89.16072365518895,88.02625895873727,88.13160595100183,9238200
2018-11-28,89.89813995361328,90.27089154153846,88.22075471678197,88.97436293520393,13977300
2018-11-29,89.18505859375,89.7847081915287,88.84472094031044,89.35522742046979,11144300
2018-11-30,90.1007080078125,90.20604881467328,88.79607457224684,89.01486122721462,18652700
2018-12-03,90.9515380859375,91.4782544050936,90.54637263771498,91.06498391685308,16034500
2018-12-04,86.8918228149414,90.43296642715283,86.48665718920834,90.43296642715283,23555900
2018-12-06,85.2387466430664,85.37650147257682,83.36687724109751,85.09288676995632,27213900
2018-12-07,83.6990966796875,86.68922029624288,83.39117309976753,85.2144180011139,19248600
2018-12-10,82.13513946533203,83.86114203455845,80.4496497311856,83.35874083969482,23636400
2018-12-11,81.33293914794922,83.99892935355768,81.2032831973895,83.56944865408059,16860700
2018-12-12,81.8596420288086,83.3830683981759,81.08172494294112,82.37825960172235,22621500
2018-12-13,81.94066619873047,82.62944625555005,81.57601356935464,82.28910874733346,17250900
2018-12-14,81.26810455322266,82.60515206836874,80.91966194239471,81.02500275689228,19879500
2018-12-17,80.23086547851562,81.48687468506868,79.76897710510347,80.846712521509,25113500
2018-12-18,79.85002899169922,81.75430587972033,79.50969140640233,80.56311814884543,20837200
2018-12-19,78.83712768554688,81.50311822745465,78.27799714731495,79.74470090694211,28767900
2018-12-20,78.15643310546875,79.63934052088798,77.54058591300154,78.28608905062126,31825200
2018-12-21,76.30888366699219,79.76089613121192,75.91992817325075,78.34281660467674,41313900
2018-12-24,74.66390991210938,76.34940014826773,74.66390991210938,75.27165826032972,17009300
2018-12-26,77.75938415527344,77.75938415527344,73.82927892288713,75.10960375114045,22542900
2018-12-27,78.6345443725586,78.7236813036601,75.80649007237764,76.83560802827233,20304700
2018-12-28,78.46434783935547,79.67173923098936,78.14831926156093,79.37191455206408,17963300
2018-12-31,79.10453033447266,80.06882021417093,78.41574390025599,79.08021520642744,13237200
2019-01-02,80.47398376464844,80.85484039070879,77.74317177175233,77.75127063189353,15670900
2019-01-03,79.33029174804688,80.78439350466591,78.98719034688669,80.58016558980276,16286400
2019-01-04,82.25483703613281,82.45089408941247,80.28607694400105,80.96411511758065,16935200
2019-01-07,82.3120346069336,82.89204123628033,81.4542747250231,82.04245221747117,15430700
2019-01-08,82.15680694580078,83.17794654005233,81.32355977920976,83.02273132731283,13578800
2019-01-09,82.01795196533203,82.90838290083812,81.63400239404304,82.35288258690693,14230300
2019-01-10,82.00978088378906,82.28753415628833,81.09483735958474,81.70752125276927,14376100
2019-01-11,81.6176528930664,81.83004545272244,80.83341215765003,81.60131116845174,15439900
2019-01-14,82.4590835571289,82.80218503592079,80.59652554935268,80.76807628874862,21258500
2019-01-15,83.0635757446289,83.70893668766867,80.54748639943263,80.78439152276681,26504900
2019-01-16,83.73345184326172,84.50951548928009,83.16161612856838,83.5292239119367,18533000
2019-01-17,84.0765609741211,84.55037131400978,83.25964917398574,83.41486441042503,14247600
2019-01-18,85.4408187866211,85.69406573200055,84.00305822644083,84.77095122964921,16428700
2019-01-22,84.0929183959961,84.62390617915715,83.43121547625307,84.20728557075789,17083700
2019-01-23,83.88050842285156,84.71375576172696,83.30050176129798,84.50136316963764,12146700
2019-01-24,83.92950439453125,84.21542223648777,83.27597878899373,83.43118777031783,11296800
2019-01-25,84.46051788330078,85.21207530915942,83.92952392039565,84.55854955158176,14369400
2019-01-28,84.86076354980469,85.15485218554369,83.80694697716326,84.05202291779246,12283100
2019-01-29,85.09769439697266,85.86559342641743,84.73825746976736,84.86078924464306,9743300
2019-01-30,85.29376983642578,85.97180193985402,84.77911137856066,85.07320014518562,12526300
2019-01-31,84.55038452148438,84.79546059282488,83.92136507944073,84.47686543960826,17520600
2019-02-01,84.86076354980469,85.65316869429367,84.56667491406569,84.95879517256438,13000800
2019-02-04,85.16305541992188,85.16305541992188,84.15008652982317,84.78727673863594,9871500
2019-02-05,84.78728485107422,85.4081396255572,84.37882891069862,85.3836270337985,12763000
2019-02-06,84.74642944335938,85.46531582514835,84.52586599692843,84.72192308626066,8745000
2019-02-07,83.63542938232422,84.55037285890889,82.86753651429494,84.3461449051434,13177500
2019-02-08,82.80217742919922,83.60274747283495,81.74018963616484,83.39035490026181,12892600
2019-02-11,82.41004943847656,83.33316364142766,82.32018865354253,83.12893571794879,10978500
2019-02-12,83.81515502929688,84.07656657344796,83.2351483604786,83.2841610773373,12852300
2019-02-13,84.21542358398438,84.83627821683935,84.06021460017683,84.06021460017683,10754100
2019-02-14,83.6681137084961,84.22361403921677,82.79401824144742,83.7089617957353,11518500
2019-02-15,86.22505187988281,86.34758367649195,84.68108891717715,84.87714602429483,14716900
2019-02-19,85.92279815673828,86.0780134198574,84.80362655446407,85.70223467510792,12764900
2019-02-20,86.33939361572266,86.42925439513155,85.67769094620792,85.94727328443462,10030300
2019-02-21,86.15968322753906,86.58447459501267,85.7430564901312,86.14334150232352,8400100
2019-02-22,85.7757339477539,86.66616476568659,85.59601236513284,86.34756968105545,10647300
2019-02-25,86.67433166503906,87.63011687522818,86.33940110300381,86.38841381146219,11230700
2019-02-26,86.01264953613281,86.15969391860844,84.90981978383705,85.3672884259644,15465400
2019-02-27,85.90645599365234,86.08617137129117,85.37546202699045,85.9227914888766,9968800
2019-02-28,85.25291442871094,85.94728819983942,85.1058700580273,85.78390833576529,15156900
2019-03-01,85.31010437011719,86.51913664512591,85.12221190312358,85.85743381140303,13813300
2019-03-04,85.1140365600586,86.52729038626244,84.36247301921502,85.7103786426628,12466300
2019-03-05,85.04867553710938,85.40811867086511,84.35430185534248,85.06501102839759,10856600
2019-03-06,84.73011016845703,85.4244840935214,84.59123662995289,84.84447734517146,9070800
2019-03-07,84.11739349365234,84.52584931814708,83.45569705238407,84.3461277581628,12705700
2019-03-08,84.15007019042969,84.3297917493096,83.31681682335751,83.31681682335751,10582400
2019-03-11,85.2447738647461,85.40816001943573,84.68110877056428,84.94252038552318,9763200
2019-03-12,84.9914779663086,85.60416162561081,84.75457287014021,85.44077557693927,10219100
2019-03-13,85.27742767333984,85.75940890661239,84.91798446429203,85.11404779606873,13022200
2019-03-14,86.05347442626953,86.4864428572707,85.33459438284056,85.36727159834301,10926500
2019-03-15,87.04195404052734,87.24618198878524,85.9636307230274,86.11067509507478,24811700
2019-03-18,87.56477355957031,88.0549193691221,87.00110245068758,87.04195053170945,12935500
2019-03-19,87.24617767333984,88.55323523103102,87.04194973518365,88.38984914098084,12889300
2019-03-20,85.38361358642578,87.12363960721045,85.29375902763425,86.9439180245433,14920700
2019-03-21,84.03572082519531,84.54220216270731,83.55373961243423,84.54220216270731,19751000
2019-03-22,81.49512481689453,83.58641707933499,81.29906149288382,83.17796116979318,31115200
2019-03-25,80.81708526611328,82.15682013016601,80.13087610773319,81.35624381747964,21032300
2019-03-26,81.62582397460938,82.01794437331111,80.72722225857318,81.54413404270468,15987100
2019-03-27,81.34810638427734,82.05881590471742,80.93965034446782,81.59317626863634,12753200
2019-03-28,82.27117156982422,82.344696859287,81.47876627167236,81.69116504590326,12454100
2019-03-29,82.69599151611328,83.31684005118638,82.17316218427561,82.94923220193144,14523400
2019-04-01,85.48165130615234,85.51432852645986,83.42303628711798,83.447542644213,17499300
2019-04-02,85.89009857177734,86.13517458316116,85.22840206659964,85.44896549081157,10295400
2019-04-03,86.0616683959961,86.88675116947964,85.6041997212139,86.43744712635907,11499200
2019-04-04,86.89305114746094,87.03299357709494,85.9793400633407,86.06166135614879,11952100
2019-04-05,86.68726348876953,87.34579617272448,86.42385167123417,87.09061774080266,9933700
2019-04-08,86.96714782714844,86.96714782714844,86.35800913636996,86.52263917812624,8056300
2019-04-09,86.32506561279297,86.59670450250476,85.81470253110086,86.4979290081486,9092200
2019-04-10,86.7119369506836,87.02474272802286,85.99578957673661,86.5390735748953,10882300
2019-04-11,87.44458770751953,87.85616911081529,86.89306385412551,87.016539531161,11183800
2019-04-12,91.54393005371094,92.07075371923307,89.62595931004542,90.08693472755239,25834100
2019-04-15,90.49851989746094,91.37107045246736,89.82352665523764,91.30521592146174,15163800
2019-04-16,91.453369140625,91.69208706270507,90.4326492132947,90.46557647291601,11583200
2019-04-17,94.08749389648438,94.38383295444439,91.37928801026987,91.94726597116599,17791900
2019-04-18,93.39604949951172,94.6225602994561,93.28904059758156,94.27683343454298,12501900
2019-04-22,93.51127624511719,93.78292142821267,92.73750762085943,92.87744376479371,7975900
2019-04-23,93.62651824951172,94.14511473945164,92.893903991889,93.01737964569531,9193100
2019-04-24,93.47013854980469,93.96403497427424,92.8609935553996,93.23142058392709,9245700
2019-04-25,93.51950073242188,93.9640092769502,92.60578977093014,93.02560444302333,9311800
2019-04-26,94.22743225097656,94.31798064749037,93.51127846406723,93.79938414377807,7889300
2019-04-29,95.58564758300781,96.44173747834265,94.21096120748247,94.33443685896746,14242200
2019-04-30,95.52803802490234,96.07955555076641,94.87773870983429,95.84083760369839,11389100
2019-05-01,94.79542541503906,96.310041862293,94.75426476539772,95.25639454590184,10412900
2019-05-02,95.0011978149414,95.30576395481782,94.31797135591064,94.80363427097423,8613300
2019-05-03,95.58564758300781,96.04661664963714,95.2152206285528,95.4868658057733,8185400
2019-05-06,94.73779296875,95.0505988168735,93.61006407909692,93.98871817082737,9387000
2019-05-07,93.19024658203125,93.8652397308329,92.43293842098217,93.8652397308329,15017700
2019-05-08,92.69634246826172,93.56889282945845,92.57286682011085,92.73750311105611,9575800
2019-05-09,92.62224578857422,92.80334255133356,91.02531473927188,91.48628374976347,12205900
2019-05-10,92.6140365600586,92.88567547639383,90.99240504629643,91.9884311534802,13189000
2019-05-13,90.09516906738281,90.9183318958842,89.7082878133837,90.61376566868843,13783700
2019-05-14,90.81130981445312,91.96373886321119,90.13631664421717,90.17747729176438,10503600
2019-05-15,90.46559143066406,91.28875421660234,89.40371068317565,89.89760709869188,10142000
2019-05-16,91.62625122070312,92.3341717462835,91.0335729871722,91.05827314709758,9672700
2019-05-17,91.18172454833984,91.9884267136952,90.40795592305132,90.54789206717201,9570100
2019-05-20,91.6591567993164,92.0378108522037,90.85246094584463,91.02532434301715,8518200
2019-05-21,91.97197723388672,92.12837388653045,91.55216247103581,91.73325928168653,7967900
2019-05-22,91.222900390625,92.02136930398595,91.16527924637388,91.70033631741063,7918900
2019-05-23,89.42838287353516,90.37502110382998,88.48997802756834,90.25154545983811,14558000
2019-05-24,90.30917358398438,90.5149642464983,89.88113176925775,90.15277067079934,8537300
2019-05-28,89.32959747314453,90.40794468794977,89.2637492418919,89.8893482602991,11665500
2019-05-29,89.08265686035156,89.23082637836914,88.12778523752006,88.44881814651943,9966400
2019-05-30,88.12779235839844,89.87289945825395,87.69975053855681,89.43662425334824,10367800
2019-05-31,87.22232055664062,87.74091080637835,86.30037605465157,86.89305421448502,10952800
2019-06-03,87.6338882446289,87.96315453542363,86.67902290957959,87.09060420301495,11680700
2019-06-04,90.33390808105469,90.46561717880375,88.18545209584792,88.77813047524778,12858600
2019-06-05,90.65489196777344,90.8606826111691,89.42838149160026,90.43264083620822,8340500
2019-06-06,90.85248565673828,91.26406708011353,89.66712914774263,90.67138882561571,8726700
2019-06-07,89.85643768310547,90.56435178267321,89.69180138534225,90.30093998648466,10618900
2019-06-10,90.82776641845703,91.54392020559317,90.72899091694363,91.16526612924861,11380600
2019-06-11,91.10765075683594,91.84026508049253,90.85247232147312,91.2228930360471,9847700
2019-06-12,89.94697570800781,91.2887347827993,89.63417617682502,91.12409849251969,9670500
2019-06-13,90.16923522949219,90.67959832089474,89.7658872993214,90.10338071184687,8406900
2019-06-14,90.39974975585938,90.79487071260087,89.42018389161856,90.19395903011026,9077400
2019-06-17,89.90583038330078,90.85246873681334,89.77412133783717,90.30094495922569,8128600
2019-06-18,91.13233947753906,91.70855712122585,89.70827155918883,89.73296543473217,11057300
2019-06-19,90.47381591796875,91.85672323329776,90.30094622331958,91.22289071377196,13126500
2019-06-20,90.70429992675781,91.44514133260476,89.74942818020298,91.27227791922495,13638000
2019-06-21,90.08692169189453,91.92257086951246,89.79880974255518,90.70429367436589,27089500
2019-06-24,89.44486999511719,90.35857489601086,89.34608820139974,89.95522689540671,13039600
2019-06-25,88.70402526855469,89.7082848914536,88.62993735068105,89.46133353885317,18660100
2019-06-26,89.29666900634766,89.97988909492905,89.03325726273967,89.1484995080537,10324600
2019-06-27,89.59302520751953,90.17747625082471,89.26376515187488,89.59302520751953,10906600
2019-06-28,92.02957916259766,92.54816932827777,91.28873158288884,91.40397384192887,21634700
2019-07-01,93.57713317871094,94.26858681144674,93.08323682958067,93.20671248692145,12724500
2019-07-02,93.6759033203125,94.00516332532975,93.19846752071263,93.43718542051256,10174900
2019-07-03,93.5267105102539,94.39715308889488,93.06247784148313,93.95778279915595,6849400
2019-07-05,94.08212280273438,94.72873433080824,93.60959850724231,94.09870615328222,7929400
2019-07-08,93.5681381225586,94.07382271523439,93.2614094324243,93.64274421425137,6917200
2019-07-09,93.96605682373047,94.08211496912159,92.97127091332243,93.07903738413002,8947300
2019-07-10,93.69251251220703,94.36399918239533,93.46039616189847,93.98266427478895,9242300
2019-07-11,94.58780670166016,94.8033459841551,93.77539962291736,93.98264723020614,11595200
2019-07-12,95.58261108398438,95.62405681585989,94.4468917757051,94.61268735259885,10783400
2019-07-15,94.42200469970703,95.80641710395822,94.11527598496917,95.78154840473252,12946600
2019-07-16,95.43338012695312,95.74839421197244,93.60959739476522,94.07383633416133,16945000
2019-07-17,94.49662780761719,95.28417259813256,94.28109482573345,94.86138566110624,13120900
2019-07-18,95.0603256225586,95.39192304042501,94.13186044216626,94.44687451055727,9397200
2019-07-19,94.12359619140625,95.43340289502356,94.00753801004234,95.24273226867055,10402800
2019-07-22,94.72874450683594,94.87796305432055,93.48525871936282,93.60132321158044,9061100
2019-07-23,96.4613265991211,96.53593270170322,95.18468058247942,95.23441798420083,12752200
2019-07-24,96.85094451904297,96.89239024190202,95.76496285514655,95.81470657714966,10011000
2019-07-25,95.92247772216797,97.19083201292298,95.59917197451257,96.90068663998798,10138400
2019-07-26,96.34526824951172,96.58567623183507,95.77326283209773,95.97221876327411,12800400
2019-07-29,96.03852844238281,97.14108709894336,95.988791046497,96.54421304953632,8500400
2019-07-30,95.82299041748047,96.22920023808396,95.13493324166953,95.49139934105348,7121100
2019-07-31,96.16288757324219,96.31210610005053,95.21783901168763,96.24578534931462,13648000
2019-08-01,93.62617492675781,96.82607827853666,93.34431491056606,95.60746141598167,15664500
2019-08-02,93.61788177490234,94.03237695564225,92.34952753378937,93.17851789526917,11025500
2019-08-05,90.83245849609375,92.00133774656928,89.75476867613874,91.84382758027141,15855300
2019-08-06,91.54539489746094,91.60342396282068,89.8128019608166,91.23038087475005,10203500
2019-08-07,89.55583953857422,89.76308715625107,87.82325249064944,89.53097083640425,17320900
2019-08-08,91.07288360595703,91.25526250141442,90.12783507921843,90.40140342240451,10903300
2019-08-09,90.97342681884766,91.56200938682716,89.77139297680023,90.65012099030535,9980800
2019-08-12,89.26568603515625,89.95374958130736,88.8760595373431,89.89572050661359,9393700
2019-08-13,90.64179992675781,91.46250490977664,88.72683428243582,89.4895038704686,12124700
2019-08-14,86.87818908691406,88.62735918864674,86.58803741174869,88.12167458152814,19491800
2019-08-15,87.20979309082031,88.18800207795664,86.49686079555002,86.89477899569667,13365600
2019-08-16,89.2988510131836,89.5143902980262,87.76521996748133,88.17971518657357,11830600
2019-08-19,90.10296630859375,90.98169408634546,89.87913536445664,90.88221296398511,8265400
2019-08-20,88.95897674560547,89.89574014491176,88.90094765823486,89.40663241590565,8374000
2019-08-21,89.20765686035156,89.88742873087077,89.07501536137475,89.70504983212504,8189300
2019-08-22,90.1278305053711,90.5837713961816,89.47292737977972,89.83768515218361,9343400
2019-08-23,87.88955688476562,90.17757209354716,87.13517893141155,89.53096061218805,14762300
2019-08-26,88.5942153930664,88.6936902034436,87.8812830701177,88.3869677718533,8209500
2019-08-27,87.65745544433594,89.16621793138741,86.9113627145422,88.99213068188482,14331800
2019-08-28,88.5361557006836,88.87603839311679,87.07713118088728,87.11029154777961,10585500
2019-08-29,90.5423355102539,91.09775757879352,89.54754320236269,89.64702433056033,10002200
2019-08-30,91.07288360595703,91.65317434178084,90.7495778638988,91.05630025653655,10170300
2019-09-03,89.99520111083984,90.35166725686321,88.96725472509385,90.34338190615455,9868800
2019-09-04,91.08116912841797,91.37131447673146,89.99518750373855,90.73298838574753,6929200
2019-09-05,93.15365600585938,94.27279181072645,92.18373240525925,92.22518445624117,13224700
2019-09-06,93.35257720947266,93.65930582843016,92.81373237063063,93.3940292450346,7836600
2019-09-09,95.66551208496094,96.21264256684009,94.17332654402499,94.26451601178752,13985100
2019-09-10,96.88411712646484,97.21570824998774,95.939068510095,96.41159281827991,14333100
2019-09-11,97.14937591552734,97.15766126480175,95.64889916193357,96.9006762940251,9919200
2019-09-12,97.74626159667969,98.21049419913695,96.09656613851432,96.61883414097359,12283500
2019-09-13,99.66951751708984,99.81044436566745,98.44260895524509,98.64985655304561,16257200
2019-09-16,98.7824935913086,99.37107598352328,98.13587580262319,98.56695432841346,11993900
2019-09-17,98.29339599609375,98.32655637258237,97.19083719545394,98.16904616543522,10735400
2019-09-18,99.2799072265625,99.54518394206004,97.61363449734898,98.0861588444757,10665600
2019-09-19,98.96485900878906,99.76068893196896,98.72445106459503,99.23013564984903,9382600
2019-09-20,98.56696319580078,99.76070511183272,98.54209449490148,99.2633121197615,21862800
2019-09-23,98.55036926269531,98.74933149791453,97.5555833853767,97.63848115437087,9135100
2019-09-24,97.26544952392578,98.86540132086294,97.02504153815133,98.44261442693579,11696500
2019-09-25,97.82086181640625,98.11929884995729,97.0913525814451,97.21569607484597,9389400
2019-09-26,97.01675415039062,97.86232797561395,96.95043339455049,97.7213947882798,9899200
2019-09-27,97.58875274658203,98.35142241108696,97.22399493977753,97.78770867543224,10207800
2019-09-30,97.56387329101562,98.45917803449426,97.17424682664256,98.11929529037141,9755000
2019-10-01,95.78982543945312,98.64983925780618,95.67376731100767,98.15244637522656,11250300
2019-10-02,93.8831787109375,95.25101436769167,93.61790199096728,95.17640193020534,12548700
2019-10-03,93.74946594238281,94.35112142370821,92.35395699944638,93.81631159280558,12735200
2019-10-04,95.78004455566406,96.04744626822402,93.81630625600222,93.87480018139472,9453100
2019-10-07,95.57113647460938,96.51539737457311,95.32044458063544,95.42072261329695,6771600
2019-10-08,93.4402847290039,94.47646567847805,93.30658704618162,94.47646567847805,10806300
2019-10-09,94.11712646484375,94.56001629357873,93.64917509906698,94.15055247316484,7273700
2019-10-10,95.43742370605469,96.4318267191195,94.42631087675379,94.54329871648386,10994100
2019-10-11,97.05020141601562,98.59611777107267,96.82458381029022,96.95828147933052,15076500
2019-10-14,97.30924224853516,97.66021216736311,96.64909926811771,96.80786484710035,8779000
2019-10-15,100.24231719970703,101.60439374988037,98.4958510655957,99.31476606496271,23379000
2019-10-16,100.00833892822266,100.7938342700826,99.75764702645802,100.24231463634436,11087700
2019-10-17,100.56822204589844,101.58769321511762,100.17547432903262,100.90247582889236,10818500
2019-10-18,100.74370574951172,101.12809537583563,100.15876639974944,100.27575426970189,10417400
2019-10-21,103.24224853515625,103.42608206384106,101.93865938617867,101.98880159887526,12714600
2019-10-22,104.27840423583984,104.53744783300309,102.88290184897575,103.15865526274081,12549100
2019-10-23,104.5541763305664,104.57924424609915,103.76032287832304,103.78539079385577,8828300
2019-10-24,104.4789810180664,105.00543282031626,103.67677573050955,104.69624694241335,8020500
2019-10-25,105.31458282470703,105.83267638369217,104.24497607422336,104.45388384190719,9055700
2019-10-28,105.71570587158203,106.30064516682992,105.62378592870591,105.76584170392894,9522200
2019-10-29,105.64884948730469,106.47612256370805,105.23939199751958,105.33966365807763,9797300
2019-10-30,105.06390380859375,105.50678728334114,104.38703826430783,105.33130551270686,8513700
2019-10-31,104.38706970214844,105.06393545028334,103.50130248589066,104.86337933027818,11589100
2019-11-01,106.79367065429688,106.95243624815829,105.30624175262977,105.45665562469227,11682600
2019-11-04,107.64601135253906,108.14738239438586,107.42873909209123,107.8632708622674,9159900
2019-11-05,107.87998962402344,108.88274448231078,107.66271735840265,108.12231705407763,13747600
2019-11-06,108.04711151123047,108.49834672720145,107.44545605612277,107.53737599372866,11231100
2019-11-07,108.63204193115234,109.71000042922991,108.56518991372387,108.991357180272,13528900
2019-11-08,108.94960021972656,108.96630366325148,108.00533288103904,108.53178461863938,9293400
2019-11-11,108.56520080566406,108.71562104764887,108.08889766593849,108.29780545984195,8679000
2019-11-12,107.93013763427734,109.15015214514467,107.8047852936455,108.32288535029221,9099000
2019-11-13,107.36189270019531,107.64601699793393,106.47612567083186,107.06942943145994,8023300
2019-11-14,107.46218872070312,107.66273206933074,106.61819295949002,106.72682910714435,8483400
2019-11-15,108.23929595947266,108.23929595947266,107.29502873103861,107.9886040779473,10163600
2019-11-18,109.150146484375,109.17521440105705,107.78807625867523,108.26437942635462,8749300
2019-11-19,109.11671447753906,109.67658580451199,108.78245437513192,109.4593263009867,8824500
2019-11-20,108.32286834716797,109.15013501216679,107.74628082264196,108.88273967875602,11782800
2019-11-21,108.57357788085938,109.23373380415457,108.12234255097383,108.63207819715863,7705500
2019-11-22,109.29219055175781,109.65151857023253,108.7156157791306,108.7573871353111,8167900
2019-11-25,109.87715148925781,110.36181911715715,109.3590514728301,109.67659541024835,10068500
2019-11-26,110.02757263183594,110.15292497828399,108.93289766008753,110.15292497828399,10490700
2019-11-27,110.35346984863281,110.6626493561561,110.010857947975,110.5456614816293,6607900
2019-11-29,110.10276794433594,110.64593590250591,109.84372429922264,110.1946878910588,5712000
2019-12-02,109.86044311523438,110.92169838894945,109.76017144395209,110.56237031565267,8615600
2019-12-03,108.44820404052734,108.59862427015297,107.4538009831362,108.43985231971655,10361300
2019-12-04,110.58744049072266,110.69607663731,108.62371463394224,108.94961032298282,10318200
2019-12-05,111.18909454345703,111.39800236057631,110.4537349469663,110.8715505812049,9587400
2019-12-06,112.84362030029297,113.4619919164245,112.51772467506449,112.55115706010885,10170600
2019-12-09,112.31718444824219,113.1945996942976,112.31718444824219,112.50102431887167,8498200
2019-12-10,112.39241027832031,112.61803430038223,111.03869164739233,111.34787114933964,7532900
2019-12-11,112.12498474121094,112.8269246175063,111.98292897180063,112.21690468032581,9011900
2019-12-12,115.33383178710938,115.70986330954597,112.15007867937364,112.38405441558845,13717400
2019-12-13,114.32270050048828,116.01067906617281,113.82968116099033,115.2753195423657,10592100
2019-12-16,114.76557159423828,116.01901823747124,114.74886815284592,115.6346350739489,11372000
2019-12-17,115.46749877929688,115.87696260678835,114.67365178786686,115.09146733606356,11546800
2019-12-18,115.35054016113281,116.16946802359998,115.08314477291312,115.44246011505375,10381500
2019-12-19,114.77397918701172,115.5009744329939,114.56507133465146,115.11657837433275,9350400
2019-12-20,114.68206024169922,116.05249525533947,114.39793586941305,115.33385172680107,29992600
2019-12-23,114.64857482910156,115.2418784710446,114.3811795297272,114.98283489171652,9738400
2019-12-24,114.96614074707031,115.00792485674951,114.53160895770289,114.75723294939445,3324300
2019-12-26,116.1861572265625,116.23630580950797,115.13326649767286,115.22518644032579,6770900
2019-12-27,116.26971435546875,116.79616604505104,115.87696670621196,116.40341839579426,7868200
2019-12-30,115.84354400634766,117.05520655678005,115.70983996955985,116.90478632771409,6963000
2019-12-31,116.4869613647461,116.55381337773898,115.55941040438606,115.74325025243708,7201600
2020-01-02,117.89918518066406,117.90754965186449,116.36997878502586,116.81286223422663,10803700
2020-01-03,116.3433609008789,117.09184668179886,115.28371076698781,115.63692747828485,10386800
2020-01-06,116.25086212158203,116.28450914453764,114.79594277694515,114.84640047879925,10259000
2020-01-07,114.27452087402344,115.93968907365868,114.2240631759403,115.45190993789112,10531300
2020-01-08,115.16596221923828,115.70419899603493,114.03903097291045,114.12312284994235,9695300
2020-01-09,115.58647155761719,116.25085263209532,115.2500655184183,116.09947953888953,9469000
2020-01-10,114.434326171875,115.42669524273886,114.21565900993012,115.39306105075192,10190900
2020-01-13,115.38461303710938,115.38461303710938,114.17357711750338,114.53521195888024,12355200
2020-01-14,116.73023986816406,118.3785847360349,115.79673385482607,116.00698284132041,24906000
2020-01-15,114.9809341430664,116.56201017941282,114.50156043020883,115.93126339885882,16293400
2020-01-16,115.42665100097656,115.97329303115703,115.08183971051812,115.59484756160325,10783800
2020-01-17,116.2256088256836,116.30129536254609,115.48554129984484,115.67054855687206,14697700
2020-01-21,115.08186340332031,116.11629748766266,114.95571916502377,115.37621706944914,8474200
2020-01-22,114.9472885131836,115.55280645641561,114.6950000639838,115.4182568943678,7549100
2020-01-23,114.8295669555664,114.99777639051999,113.29896119159876,114.13155169733747,9345700
2020-01-24,111.97858428955078,114.73704945375246,111.28056907661808,114.68659175957201,15166400
2020-01-27,111.03668212890625,111.80199143966892,109.08557841086929,109.55653403823759,12860500
2020-01-28,113.0550765991211,113.50922158711916,111.41513710374916,111.71789615155471,13062800
2020-01-29,112.88685607910156,113.98855845985048,112.432724019833,113.37463515465771,9326000
2020-01-30,114.28290557861328,114.48474916708052,111.59172189526366,111.59172189526366,9048900
2020-01-31,111.31421661376953,113.39147749054321,110.56573078429983,113.1055419675051,12785200
2020-02-03,112.16358184814453,112.89525676444664,111.5664821435733,111.5664821435733,10021100
2020-02-04,113.77832794189453,114.88004333357934,113.60172599181281,113.99699508543418,9157100
2020-02-05,115.71260070800781,115.83033959822458,114.38382589980321,114.85479429324693,10150700
2020-02-06,115.72944641113281,116.30131746398324,115.30894846077372,116.25927793501056,8992300
2020-02-07,115.3593978881836,115.77989580838515,114.6277356134579,114.98935766519374,6379800
2020-02-10,115.83878326416016,115.93129332916138,115.00619267914925,115.17438929753888,5960700
2020-02-11,116.0573959350586,116.74701850532311,115.8723758714547,116.2760501772383,6578600
2020-02-12,116.0573959350586,117.14227464203167,115.88919937703,116.56199844171921,7958000
2020-02-13,115.95650482177734,116.34335570290457,114.71182180034648,115.84717126153042,7447500
2020-02-14,115.6032943725586,116.21721774560972,115.16597294051893,115.92286406715303,6627600
2020-02-18,114.0726547241211,115.81352195970462,113.57647034750991,115.50234482867361,8996400
2020-02-19,115.62849426269531,116.38538519976986,114.66134158468343,115.14071525538562,7071200
2020-02-20,115.62849426269531,116.36015635737236,114.82113280825082,115.3593695003555,7422800
2020-02-21,114.21562957763672,115.1491353638228,113.46714388115069,114.83797104595297,9772800
2020-02-24,111.1460189819336,112.02064905395697,110.00226406770068,110.54050091954095,13618400
2020-02-25,106.18412780761719,111.20486716913082,105.62065576485577,110.17044596426729,20797200
2020-02-26,106.50371551513672,108.44641390432542,106.25141418986762,106.74760508521973,24825600
2020-02-27,102.07167053222656,105.64590296153398,102.01280107827777,103.36680493538914,23005500
2020-02-28,97.64803314208984,99.64960104716418,94.74659989283339,98.83383400858712,45931400
2020-03-02,102.19779968261719,102.24826379018259,96.26037180091474,98.0853310200374,27355400
2020-03-03,98.36286163330078,103.40042435277543,97.7573436698757,101.73525636964482,32547700
2020-03-04,100.79337310791016,101.07931509513632,96.46224226174411,99.51506196299643,25795900
2020-03-05,95.84829711914062,97.9171461200698,94.67931341231018,97.2779874837236,25025600
2020-03-06,90.89482116699219,92.77864982902386,88.32136983816046,89.3642091760374,38159400
2020-03-09,78.58263397216797,83.4519994554225,78.21259384057048,81.21494799263765,40352000
2020-03-10,84.68824768066406,85.17602663013955,79.54135912062546,83.25855783982817,31102700
2020-03-11,80.70196533203125,84.14164187980985,79.51616445629044,82.1652963930927,38127000
2020-03-12,74.0496826171875,81.5429518446184,72.59475706275796,75.34481050041656,49725200
2020-03-13,87.38787841796875,87.45515320694433,77.37161515840447,80.7271866714309,38543300
2020-03-16,74.31039428710938,79.03679330372756,71.10620213165055,71.65284430456052,38589700
2020-03-17,78.85176086425781,81.94662538465855,73.5871258364281,76.43810082695923,35239800
2020-03-18,70.55115509033203,76.35402886929977,67.58244018797399,73.73011899615781,41525600
2020-03-19,71.73695373535156,74.10015019074883,64.68099855924639,68.59162441021337,32175100
2020-03-20,70.22314453125,75.23547838891515,69.36533169666986,72.57793517785515,30150800
2020-03-23,66.46389770507812,70.43339894696398,65.67335959204307,69.53353368871103,32536600
2020-03-24,74.3692626953125,75.77372421400952,69.71855670749157,71.40054839444535,34363200
2020-03-25,77.14454650878906,80.02075056579275,71.09778473575086,75.05046237551932,38111700
2020-03-26,82.51850891113281,82.89695444867942,78.6667466676584,79.12088516248753,29826300
2020-03-27,76.63993835449219,79.76003173426614,76.15216570881124,78.37239391660881,30041500
2020-03-30,78.63312530517578,79.12930986097201,75.10094470290322,76.23628800961296,21656900
2020-03-31,75.71483612060547,79.19655754209593,75.13454707826122,77.41365089930203,23379300
2020-04-01,70.94640350341797,72.79659162654521,70.01289768761337,71.56873857519153,28029600
2020-04-02,73.59554290771484,73.93194250481626,69.76900952122737,70.23155976927791,24018000
2020-04-03,71.42023468017578,74.3348262072918,70.3325683532088,73.07721546081088,21199400
2020-04-06,76.01727294921875,77.31736613061885,74.52173791512259,75.61789656372473,26820800
2020-04-07,77.01996612548828,80.29994315831685,76.79903324971741,80.25745382272008,22563800
2020-04-08,80.1300048828125,80.60585435950712,76.94349895931195,78.2605841845811,22903300
2020-04-09,87.31877136230469,88.70383709346046,82.33082452433764,82.35631553733995,42055900
2020-04-13,83.43547058105469,87.61616466677734,82.67920705069699,87.61616466677734,26911900
2020-04-14,81.14970397949219,86.67298226081888,79.5691961372754,85.8402389905145,46151300
2020-04-15,77.1474380493164,78.20110758794159,76.58660986205513,77.4533431545565,30118600
2020-04-16,74.20735168457031,76.9604909940041,73.9694269456389,76.67158423471965,32449600
2020-04-17,80.87776184082031,81.31962110244152,77.2918798004581,78.17560480666282,30191900
2020-04-20,77.92918395996094,80.47838856375277,76.86701537504767,78.57498427481771,23679400
2020-04-21,75.66890716552734,77.64878486232163,75.05709690543353,75.30352084258041,23035000
2020-04-22,75.91529846191406,78.06513279703039,75.77934427482936,77.06244554580451,16662400
2020-04-23,75.9577865600586,77.56378467190311,75.8473233796588,76.25519241725917,16638800
2020-04-24,77.07945251464844,77.41084860921961,75.19303998680465,77.01997133057061,15809200
2020-04-27,80.40193939208984,81.26016719559622,77.78475366645394,78.124649011063,22870200
2020-04-28,80.97124481201172,83.579930870088,80.75031190801242,83.11257405065933,20238900
2020-04-29,83.15507507324219,84.5061507325396,82.65372800715686,84.19175290345144,20462600
2020-04-30,81.37061309814453,82.28832183217847,80.34243468173572,81.23465240690241,19127600
2020-05-01,79.23778533935547,79.65415365620386,78.03965592910423,79.45021908021165,18547700
2020-05-04,78.2945785522461,78.74493704294645,77.15593681975562,78.19260802336623,15725900
2020-05-05,78.17561340332031,80.05352681690104,78.09064120708322,79.5776773316029,18064100
2020-05-06,76.70555877685547,78.82140313060907,76.41665205203188,78.3115635390037,20978000
2020-05-07,77.50430297851562,78.94885589127242,76.96897243915976,77.6147661581715,16771900
2020-05-08,78.77042388916016,79.94306221889974,78.26908340201166,78.85540256688145,20487800
2020-05-11,76.45064544677734,77.4193426565702,75.90681566173441,77.4193426565702,31907600
2020-05-12,73.95243072509766,77.14743591188332,73.84196751686271,76.60360606940445,27962900
2020-05-13,71.40322875976562,73.80798028980062,70.8678980605236,73.40010465016621,35451600
2020-05-14,74.36878967285156,74.87013659506553,70.01815148042758,70.29006636745407,35152500
2020-05-15,72.99224853515625,74.16488067380611,72.48240875674173,73.7994943107322,26099000
2020-05-18,76.85853576660156,77.45335421527285,74.67471685969953,75.36300668626254,30504400
2020-05-19,75.34600830078125,77.49583702484038,75.27802793818736,76.5186468651511,19597300
2020-05-20,77.60628509521484,78.50700195805506,76.79054042044142,77.07944715646096,20552400
2020-05-21,76.62060546875,77.9716875264744,76.19573795724584,76.70557767445808,14621400
2020-05-22,76.0257797241211,76.7820432384705,75.38847857272805,76.48463733107958,13557900
2020-05-26,81.42159271240234,82.84914751349177,78.69394463375978,78.93186935344762,41233900
2020-05-27,86.13762664794922,87.16580506916546,83.95380827762195,86.73243846750816,39402000
2020-05-28,84.85450744628906,87.48018455083502,84.46363026323179,87.47169187158859,24713900
2020-05-29,82.68769836425781,84.27670490961923,82.23733991912954,83.83484562844505,26526400
2020-06-01,83.78385925292969,84.55712111830216,82.74718164496176,83.06158588961256,15176800
2020-06-02,84.06427001953125,85.33037314661163,83.2145351589206,85.21141078476315,21195000
2020-06-03,88.60186004638672,89.15418905837475,85.87421164523576,86.31607744801146,25941100
2020-06-04,90.44578552246094,90.59023890065494,87.34425181714155,88.21947773356301,26784700
2020-06-05,94.51602172851562,98.37381271232482,93.07146841781511,97.6600384632207,42231000
2020-06-08,96.40243530273438,97.03124388446543,95.11934009190641,96.36845160698583,24881800
2020-06-09,93.92970275878906,94.85591074846037,92.62960931415007,94.02317412253099,17031100
2020-06-10,90.12288665771484,93.90421107227657,89.94444309629861,93.86172173162181,24913300
2020-06-11,82.60275268554688,86.3160976038757,82.03343169418397,84.99900553565199,36259200
2020-06-12,84.863037109375,85.93369854574796,82.7047094231407,85.5768114002903,24856800
2020-06-15,86.0356674194336,86.18861997638668,81.46409552400115,81.93144587699531,22153600
2020-06-16,86.72395324707031,89.79999632426723,84.38718196415387,89.53658054510501,22193600
2020-06-17,84.53163146972656,87.13181821271667,84.30219941419045,87.12331904841014,15639800
2020-06-18,84.07278442382812,85.41536081991968,83.38449465354789,83.84335233941349,16591900
2020-06-19,83.11256408691406,85.4833251101459,82.19485537063275,85.42384392961876,40371200
2020-06-22,82.21185302734375,83.23153233217215,82.03340947314693,82.6367204848494,16216900
2020-06-23,83.21455383300781,84.94801411561299,83.14657347299256,84.09827906431421,15381400
2020-06-24,80.43592834472656,82.28834465443941,80.13851587088922,82.21187160662824,22919800
2020-06-25,83.24004364013672,83.45247739988073,80.09602658911093,80.17249963079612,25743600
2020-06-26,78.67695617675781,81.03922479149597,78.1756156663719,80.81829188851349,41896300
2020-06-29,79.02536010742188,80.29146352402054,78.32857762170725,79.36525542598207,18499700
2020-06-30,79.92606353759766,80.43590966982472,78.65996033728295,78.88089322905049,19137000
2020-07-01,79.24629211425781,81.3281403813834,79.05085020139795,80.63135790378149,18755700
2020-07-02,79.50369262695312,81.47712368540391,78.87733864235875,81.28835929152241,27845600
2020-07-06,81.51143646240234,81.68303686807937,80.20725635930368,81.02236810547336,18625300
2020-07-07,79.21195983886719,80.7392257864948,78.93739524767723,80.49898258747062,25757200
2020-07-08,80.05281066894531,80.08712551201175,78.76578803147761,79.18621359346575,18762200
2020-07-09,78.31963348388672,80.75640027601123,77.89062584513087,80.24158587259457,25600800
2020-07-10,82.60110473632812,83.09017304560018,78.82584381022436,78.93738340843193,28954200
2020-07-13,83.7851791381836,85.17515946563465,82.56679921906556,84.71183705390828,32079200
2020-07-14,84.26566314697266,85.75860760508982,82.91857968644726,84.40294870668428,42731700
2020-07-15,85.56986236572266,86.90836403910548,84.64320433977912,86.56515663548157,22508400
2020-07-16,85.81009674072266,86.84829428373791,84.55739541081658,84.75473522891994,16886900
2020-07-17,84.2227783203125,85.8701659947784,84.20561434983492,85.80152320514148,16137700
2020-07-20,83.48487854003906,84.42011193185591,83.45055714775181,83.59641815537047,14458100
2020-07-21,85.29529571533203,85.84442492956325,83.77660511805465,83.83666592129441,17798100
2020-07-22,84.67752075195312,85.91305816770324,83.68221999462538,85.50121454449867,14271200
2020-07-23,84.92635345458984,85.24381491178363,84.05975620764814,84.51450324881314,12870200
2020-07-24,84.32573699951172,85.62992383416474,84.03401495915897,85.45831685795419,12744200
2020-07-27,83.14167785644531,83.76802531423586,82.51532385251801,83.66506767522193,11959100
2020-07-28,83.50203704833984,83.99110543905097,82.79846486264778,82.79846486264778,11754300
2020-07-29,85.52696990966797,85.55270932265348,83.2274885216571,83.28754933400248,12743500
2020-07-30,83.24464416503906,83.86241624800799,82.41237479640657,83.69081580102215,14834800
2020-07-31,82.91858673095703,83.16741191947195,81.72594615071623,82.78130770571838,14535000
2020-08-03,82.45525360107422,83.71653690358755,82.2407498161879,83.24462595838324,12962800
2020-08-04,81.98334503173828,82.3265458331899,81.53717351603409,82.29223098995328,13366200
2020-08-05,83.40766143798828,84.48876248293871,82.12922055191625,82.2579241482903,15260900
2020-08-06,83.4333724975586,84.17126588348928,82.83276464674739,83.72510098662019,10482100
2020-08-07,85.26954650878906,85.36392870258658,82.84994395517444,83.16741192941481,14743700
2020-08-10,86.35066223144531,87.5518850018929,85.82727235679413,85.89591515422255,14989900
2020-08-11,89.07914733886719,91.08690652580658,88.81316469315506,89.11346873607798,31518600
2020-08-12,88.3240737915039,91.31854456614012,87.26871237043305,91.08688337651435,19240800
2020-08-13,87.83502197265625,88.68445522247593,87.20866797074122,87.51755397906415,13598600
2020-08-14,87.86933898925781,88.64154742545092,87.01989923562712,87.08854202208673,12134400
2020-08-17,85.55269622802734,87.51755185421223,85.39825322761563,87.08854424708373,14988000
2020-08-18,84.36003875732422,85.72428607954564,84.1884383671958,85.72428607954564,13246500
2020-08-19,84.55740356445312,86.30774887366344,84.37721460548995,84.87486501013638,13533000
2020-08-20,83.5449447631836,84.11123140734226,83.05587634708156,83.45056256480103,13672600
2020-08-21,83.50203704833984,84.57455602324461,83.17599363657787,83.45913367088913,12228300
2020-08-24,85.8530044555664,85.98170805324621,83.5878447024947,84.47159936915277,17898300
2020-08-25,86.23053741455078,87.50040293538385,85.62992932464562,86.89120631344647,13648900
2020-08-26,85.0207290649414,86.03318733470255,84.98641421510409,85.75004727365462,12052400
2020-08-27,87.8178482055664,88.07525536583262,84.94349879789513,84.94349879789513,22163900
2020-08-28,88.17822265625,88.59007284858231,87.35452881772211,88.49569064921734,13756700
2020-08-31,85.96455383300781,87.67200242387527,85.8186862589267,87.62052360133909,14219400
2020-09-01,85.92163848876953,86.54799244235784,84.9778231122198,85.41541268127091,11595600
2020-09-02,87.21722412109375,87.46604925110059,85.42396940695312,85.75859472582631,14475700
2020-09-03,86.94267272949219,90.08300463034531,86.35064020840574,88.65012096669412,23281200
2020-09-04,88.82174682617188,90.27179487344692,86.97701904657393,89.27650046388067,26325500
2020-09-08,85.73287963867188,88.86463651650978,85.35535739136299,88.35841067633203,22108600
2020-09-09,86.54798889160156,87.25156103937934,85.42398461509933,86.48792809408893,13434000
2020-09-10,85.65567016601562,87.87792668189736,85.49264516197552,87.0027539439784,15922800
2020-09-11,86.71959686279297,86.96842205879878,85.4497314738903,85.77578144265348,13784300
2020-09-14,87.92082214355469,88.77025539295524,86.97700669464999,87.09712830381223,19017400
2020-09-15,85.18374633789062,88.24686027996765,85.06362473593752,88.14390264751432,23683000
2020-09-16,85.54412078857422,86.77108290069103,84.73759087683202,85.31245954329883,19270600
2020-09-17,84.56597900390625,85.23522983616077,83.83666736737598,84.68610061245774,18290100
2020-09-18,84.38580322265625,85.36394013837908,83.60501270571203,83.99111697123628,20121600
2020-09-21,81.77743530273438,82.41237133138854,80.49899435187068,81.68305309701923,28378800
2020-09-22,80.88508605957031,82.07773315156494,80.37027827402802,81.47711861331882,19257000
2020-09-23,79.57232666015625,81.81174682334387,79.50369042021616,81.32267842828773,19952700
2020-09-24,79.50369262695312,80.91083704989596,78.405427657655,79.21196405109902,18366500
2020-09-25,80.19866943359375,80.41317320054094,78.82584663435888,78.98028960840628,13293100
2020-09-28,82.50675201416016,83.16742089583418,80.95373991450965,81.56292997443005,20894100
2020-09-29,81.81173706054688,82.39518758029944,80.93656455398582,82.39518758029944,12848200
2020-09-30,82.60110473632812,83.39905898262833,81.73451426212684,81.81173247331627,16400600
2020-10-01,83.20174407958984,83.88815238688501,82.3952076087274,83.33044768287556,15778700
2020-10-02,83.99110412597656,84.59171212407911,81.58865904129398,81.72594461008097,15149600
2020-10-05,85.766357421875,85.94821178749147,84.45873038505584,85.1428529644015,13871900
2020-10-06,84.88306427001953,87.34244243302857,84.44142074845577,86.65831979700901,19220400
2020-10-07,86.36389923095703,86.90080080542934,85.44595901078009,85.6970931630156,16358500
2020-10-08,88.13912963867188,88.26036587861638,86.51109541164594,87.03934186006683,15659000
2020-10-09,87.63687133789062,88.42491359340647,86.69295956216847,88.32965559313796,13689100
2020-10-12,88.710693359375,89.19563840543573,87.33378637948009,87.55028064745446,16058000
2020-10-13,87.2731704711914,89.38615669463158,86.82286528936496,89.1956406768616,21697300
2020-10-14,86.78820037841797,88.2690199890993,86.6842807786428,87.48963950798307,15204100
2020-10-15,88.08717346191406,88.139129962973,85.7663550493406,85.81831155039954,17171200
2020-10-16,87.90534210205078,88.61544309880146,87.22121936262688,87.81874570866779,13275000
2020-10-19,86.42452239990234,88.21709484000885,86.21668312649771,87.98327730914899,11725700
2020-10-20,86.91810607910156,88.13046848494864,86.70161184850322,86.86614297107984,11257100
2020-10-21,86.0521469116211,87.45502558694771,86.01750703475265,86.90946239175192,10730500
2020-10-22,89.09171295166016,89.40346520570483,86.00017527145063,86.00883689152974,14837200
2020-10-23,89.8970718383789,90.45129659958526,89.13501444344024,89.62862107785466,15087600
2020-10-26,87.67151641845703,88.93584214352782,86.81420097200176,88.89254725430362,12410700
2020-10-27,86.0174789428711,87.39437891259394,85.87026446941874,87.03933185268656,10391700
2020-10-28,83.6014175415039,85.12553885981308,83.19440730818725,84.43275464052346,16389500
2020-10-29,84.14700317382812,84.84844920047064,82.47566690887574,83.23773107541261,14208800
2020-10-30,84.90039825439453,85.22946718390789,83.33298177000981,84.78782360645391,15194500
2020-11-02,86.814208984375,87.3597722084928,84.74452413165213,86.06946810942488,15011600
2020-11-03,89.5506820678711,90.70242642225817,88.92717758938427,89.21294496962408,17482600
2020-11-04,86.814208984375,88.39028712759664,85.67111941464152,87.46369184460723,18886500
2020-11-05,90.36470794677734,91.01419076375018,87.4636860190082,87.51564253016414,17837400
2020-11-06,89.1609878540039,91.01417803742142,88.6673812463998,90.95355991392195,12552800
2020-11-09,101.23270416259766,102.96465801787946,95.56055264379788,97.99395230314697,47792400
2020-11-10,100.90365600585938,101.70901503076787,99.31892282068192,101.62241863594703,20539300
2020-11-11,99.3968276977539,101.28465760731208,98.68672690279419,101.22403948848185,14443400
2020-11-12,98.1758041381836,98.68672734103887,97.04136989949501,97.44838010211096,22063000
2020-11-13,98.7906494140625,99.46611035999612,98.34899933138296,99.32755088037916,11847900
2020-11-16,101.5791244506836,102.71355242657862,100.21954056117836,102.00345141308317,19858600
2020-11-17,100.548583984375,100.83435796293307,99.22364031072553,99.92507952456823,14553200
2020-11-18,99.80384063720703,102.71352363465994,99.76053914819175,101.6137292397162,12571200
2020-11-19,100.07230377197266,100.29745965037274,98.34034970679137,98.87725784547453,10202500
2020-11-20,99.21501159667969,100.15026859657446,98.79933961665469,99.09377531227281,12718900
2020-11-23,102.07270050048828,102.33248960869965,100.0809509698038,100.49662279257325,13209200
2020-11-24,106.79228973388672,106.94816586744243,103.66611204921102,103.97786431632244,20121600
2020-11-25,105.67518615722656,105.97827682573,104.32426397367917,105.10364469760307,11715600
2020-11-27,104.9737319946289,105.95228361680714,104.8524957443371,105.64919299107761,5983600
2020-11-30,102.08136749267578,104.54074563502374,101.98610949308848,103.91724113113608,14411800
2020-12-01,103.69207763671875,105.28547865251527,103.59681964413353,104.21166248280552,12668900
2020-12-02,105.683837890625,105.91764878248655,103.28507780957806,103.65744819800972,10811300
2020-12-03,104.99104309082031,105.55392942713759,104.22898575676109,105.51928955646947,12904400
2020-12-04,105.94361877441406,106.76630085566177,105.38073903241501,106.06486162789808,13583700
2020-12-07,105.54527282714844,105.79640694627558,104.0990928440977,104.9131133263112,9724300
2020-12-08,105.64918518066406,105.9349591524596,104.57537564022951,104.81784812288767,9592100
2020-12-09,104.82650756835938,106.77495561530375,104.29826112485965,106.66237438863297,13073900
2020-12-10,104.15104675292969,104.5926968553428,103.53620390013651,103.90857425964562,13668400
2020-12-11,103.53620147705078,103.93455007910623,102.5056934047107,102.99929999930983,9981600
2020-12-14,102.44508361816406,105.14692767922207,102.28054587095029,105.07764793230257,12112400
2020-12-15,104.19436645507812,104.6966347685988,102.72220799890351,103.30241108165272,12590200
2020-12-16,104.49744415283203,104.85249789803675,103.7960048893245,104.1770368877139,11169400
2020-12-17,103.6314697265625,105.17290778482672,103.55353496506574,105.00837664159565,11618000
2020-12-18,103.12054443359375,103.81332208080546,102.41909855943351,103.17250094024254,28954800
2020-12-21,106.99146270751953,108.24712673489216,104.8611534393222,106.66238721384207,28323600
2020-12-22,105.36341857910156,106.96547468605456,105.31146207400603,106.85290005605422,11788200
2020-12-23,108.30772399902344,109.56338778452627,105.95226591788688,106.32463622640302,14973200
2020-12-24,107.8314437866211,108.72340556908915,107.00876835067902,108.32505036956225,4164900
2020-12-28,108.54154968261719,109.6759840000812,108.06526631572827,108.95722153307727,8072600
2020-12-29,108.25578308105469,109.35557092807544,108.15186346597494,109.28629118468895,8389200
2020-12-30,108.55886840820312,108.98319525372217,108.16051981346773,108.67144303055889,7398000
2020-12-31,110.03971099853516,110.26486689684722,108.09126250289242,108.32507341534189,8580200
2021-01-04,109.00054168701172,110.72383429346053,108.05662319743895,110.41208200395768,16819900
2021-01-05,109.5936279296875,110.1605680372547,107.95386228598781,109.01796382384546,13731200
2021-01-06,114.73969268798828,115.8037942607368,111.53866397118186,113.28309768799502,24909100
2021-01-07,118.50762939453125,120.53117085365899,117.67902933333953,118.35063737214384,21940400
2021-01-08,118.63848114013672,118.92631318527744,116.981267544683,118.5948678044024,12035100
2021-01-11,120.40907287597656,120.5398995736476,116.97254965532191,117.38249105325308,15937900
2021-01-12,122.30176544189453,123.55775488199887,121.08938933408388,121.62144004665808,18033500
2021-01-13,122.41517639160156,122.79893917199219,120.45269591491419,120.88007203434903,14816800
2021-01-14,123.13035583496094,124.50845451174091,122.10986782237286,122.53725715096215,18565600
2021-01-15,120.92363739013672,123.54899432820166,119.5019256167588,119.86825356330851,27881000
2021-01-19,120.40034484863281,122.72043593667526,120.20847012417228,121.9877797959003,19843800
2021-01-20,118.59488677978516,120.51375407882382,118.1326146266643,120.20848729768336,16028800
2021-01-21,117.60055541992188,118.76060104713716,117.1557312973192,118.3506596108685,13411700
2021-01-22,116.6934585571289,117.22550941680454,115.3066420456368,115.73403152600712,12933200
2021-01-25,115.23686218261719,116.15268916898226,113.44010420858275,115.25431018196504,14212800
2021-01-26,114.76585388183594,116.15267015214809,114.5565178507066,115.7863420793631,11307800
2021-01-27,111.5212173461914,113.25692698222981,111.07638660311244,113.03014295715568,17603900
2021-01-28,113.48370361328125,115.28046136661983,112.50682871257423,113.3005329149375,13761800
2021-01-29,112.22769927978516,114.88795287554309,111.80904056421492,114.42568082713998,14808100
2021-02-01,113.05631256103516,113.44881929341398,112.06198967744794,112.86442452131463,11080700
2021-02-02,116.53646850585938,117.21679410097127,114.45187837541663,115.07987327996982,12253600
2021-02-03,117.87093353271484,118.41170165154475,116.4492212486558,116.57133060803424,10600800
2021-02-04,120.58354187011719,120.94115267486848,118.1587888921626,118.1587888921626,12419500
2021-02-05,120.34801483154297,121.66506573237106,119.82469471764381,121.57783905892698,10051300
2021-02-08,122.2320327758789,122.37159016817513,120.52248799256378,120.53993599383217,10136400
2021-02-09,121.74356079101562,122.09244086419132,120.83645130648415,121.61272078188348,8614800
2021-02-10,121.81336212158203,122.86873319000941,121.27258060599009,122.10991156982409,10323200
2021-02-11,121.47322845458984,122.58966113477373,120.55740123644267,121.81339132888138,9201000
2021-02-12,123.20018005371094,123.51417750514285,121.23769930949253,121.28131265448225,8324600
2021-02-16,126.16570281982422,126.75009769418088,124.20322205022426,125.20627576226337,12130600
2021-02-17,126.55817413330078,126.80239282921238,124.83118195788494,125.55512070252315,10810100
2021-02-18,126.98556518554688,127.16000523051382,125.07541541719137,125.59874886101453,10587800
2021-02-19,129.10504150390625,129.82024962837912,127.22105721532382,127.22105721532382,11969800
2021-02-22,130.3174285888672,130.99775408735456,128.03222005727807,128.101998737754,11488400
2021-02-23,131.36404418945312,132.846804121236,130.47438290681598,132.14903082718564,16234400
2021-02-24,133.6754608154297,134.1115676456745,130.92799310845703,130.92799310845703,15061400
2021-02-25,131.86122131347656,135.10585637111618,131.34661857863202,134.55637095463845,18127700
2021-02-26,128.36366271972656,131.59085009648362,127.78799859979135,131.09369530848298,19829200
2021-03-01,131.26812744140625,132.035679555068,129.5062525027379,130.4133619659602,14845500
2021-03-02,130.8407440185547,132.38456565981377,130.69246931872738,130.90180535261874,14221700
2021-03-03,133.37017822265625,135.1756533653807,131.54725508228984,131.90485252595272,14324100
2021-03-04,131.3204803466797,134.65234275952952,129.62838379639877,133.10852092740717,20093900
2021-03-05,131.62574768066406,133.87606019666146,129.06143775990142,133.6405588158569,18465100
2021-03-08,133.37017822265625,135.5943254552518,131.4861937450043,132.98640212806907,17133300
2021-03-09,132.42819213867188,134.53894744807985,130.67504759847006,132.14036005435398,16238800
2021-03-10,135.30648803710938,136.20486690078857,132.14906603482623,132.49795942926417,14342200
2021-03-11,134.5999755859375,136.1961143641845,133.7626448827489,134.41680491967375,11771500
2021-03-12,136.19615173339844,137.48703747620974,135.25417273361805,136.8154292608615,12849500
2021-03-15,135.51580810546875,136.86774170092568,134.2859971773602,136.3705869233758,12101100
2021-03-16,133.89352416992188,134.8442472452134,132.74220897325014,134.39940972763037,12805600
2021-03-17,135.2715606689453,136.83282996548195,133.4922513512241,135.48961399904894,13952400
2021-03-18,137.5044403076172,141.02818997659742,137.03345091685122,137.46084028376376,21898500
2021-03-19,135.3152313232422,136.0130049369704,131.86998990980723,135.63794612966004,54418800
2021-03-22,131.67808532714844,134.29472606893358,131.3640879057773,133.27423777670813,19944800
2021-03-23,130.36102294921875,132.68110051989453,129.9249162414264,131.1198443619229,17076300
2021-03-24,131.37283325195312,133.60569836477484,130.70995558062353,130.83206497557703,13079800
2021-03-25,133.05616760253906,133.4224956631225,130.24763916247807,130.8320205907127,15608300
2021-03-26,135.2715606689453,135.5855579966513,133.05614469101684,134.58251800174224,16754400
2021-03-29,133.1695098876953,134.08533644317663,131.73908071941932,132.68107260715,17570300
2021-03-30,134.73951721191406,135.95189325972552,134.21619717704942,134.72208252699576,13184300
2021-03-31,132.77708435058594,134.748295778724,132.68114031373918,133.69291137340966,16736700
2021-04-01,134.06796264648438,134.13772802488742,132.18397801543156,132.48924479994716,16561500
2021-04-05,134.778564453125,135.93667340951507,133.8836766820651,135.46289669560832,13508000
2021-04-06,133.83103942871094,135.35763411870155,133.23444751439894,134.05037705379144,13071600
2021-04-07,135.9279022216797,136.19111004078079,133.9275442162006,134.32236263850515,16903500
2021-04-08,136.09461975097656,136.43678594687682,133.62926672573258,135.111991370403,12335500
2021-04-09,137.11231994628906,137.77910143331653,135.96299306002243,136.69996418578512,12122400
2021-04-12,136.8227996826172,137.96335794243225,136.48941561575833,136.49818430080802,12273400
2021-04-13,135.19093322753906,136.16479280287132,133.73452820725734,135.76998776147846,16113600
2021-04-14,132.66419982910156,134.9628542854535,132.41852932679228,132.89230618237104,19939600
2021-04-15,133.50645446777344,133.5327739177996,131.0060130041242,132.6992934299165,17694100
2021-04-16,134.4978485107422,135.55943523079884,133.96266411381282,134.9979313870785,13773400
2021-04-19,133.92758178710938,135.00673280942917,133.55032740416715,134.60314558861444,11900200
2021-04-20,130.96212768554688,133.1379534230256,130.41816121069638,133.12918473646477,13716700
2021-04-21,132.07640075683594,132.13782174675092,128.78633482799842,129.66368574235509,12236700
2021-04-22,129.29513549804688,131.8657793567874,129.19862641009473,131.80435839749703,15256100
2021-04-23,131.76930236816406,132.5940141593287,128.698574950948,129.1284682214804,14041900
2021-04-26,132.0938720703125,133.7608458373082,131.93595542662374,132.28689022635731,10799100
2021-04-27,132.69931030273438,132.9800689884577,131.69913091263928,132.0412971937952,12821200
2021-04-28,133.55908203125,134.13813665729336,132.83087940528182,133.73454947896698,8943700
2021-04-29,136.15602111816406,136.23497944724213,134.4100888693724,134.70838481520443,12976900
2021-04-30,134.9453125,135.54191795276398,134.24342924446398,135.19975170644523,11705100
2021-05-03,134.5504913330078,136.41047035952002,134.3487044392825,135.85774857346306,11801100
2021-05-04,136.4104766845703,136.55085600293526,133.4801286970724,134.1205909295631,12977700
2021-05-05,138.2002716064453,138.86705324950864,135.66472888324276,136.86669493301082,10506700
2021-05-06,140.98146057128906,141.09552042555404,137.88441423263083,138.682806437872,13542400
2021-05-07,141.4639892578125,141.6920955519647,137.76156934330305,137.93703675321285,14257800
2021-05-10,141.44647216796875,143.64861746920158,141.35873174847708,141.69212927777525,14014300
2021-05-11,139.0951385498047,142.47294323672426,138.65646331188296,141.3236162553383,15451700
2021-05-12,138.13885498046875,141.06043420524304,137.7703693197731,140.0339355674534,14381700
2021-05-13,141.6920928955078,142.52557311743215,138.34060786365194,138.77928307385477,15395000
2021-05-14,143.89427185058594,144.28030826933596,142.12203321877266,142.47296811546823,10584000
2021-05-17,144.4733428955078,144.63127298808246,143.03448823586294,143.33278427068097,9886800
2021-05-18,142.4378662109375,145.20151507034456,142.34135711557974,144.48208119816726,11098100
2021-05-19,141.34996032714844,141.41136790975796,139.1829032032472,141.2534512224979,13278900
2021-05-20,141.10427856445312,142.00794848312677,139.95495158365298,141.10427856445312,10426000
2021-05-21,142.70982360839844,143.20113770534178,141.20077980361245,141.55171461934194,10249000
2021-05-24,143.4818878173828,144.0872617745552,142.23605177517982,143.32397116106247,9440300
2021-05-25,141.9991912841797,145.3769828553027,141.7447521288418,143.7538923769107,12609100
2021-05-26,141.9816436767578,143.65738647047058,141.52541763407373,143.50823848075424,13058300
2021-05-27,144.19253540039062,144.54347018552497,142.63085284812618,143.84158722795237,15707500
2021-05-28,144.09603881835938,144.7101814392377,143.23622576182467,144.4820617605507,10291300
2021-06-01,145.68405151367188,146.4385734704176,145.18395530856208,145.5261214641034,9445400
2021-06-02,145.69281005859375,146.9035579342258,145.2278154023332,146.74562789564962,10498600
2021-06-03,145.78933715820312,146.73687734484395,144.4645426664783,145.12255556937,13354400
2021-06-04,146.0262451171875,146.2280320193317,144.78917748104757,145.8244582150433,8510800
2021-06-07,145.34193420410156,146.60532147601964,144.88570804761767,146.51758104262677,7267200
2021-06-08,144.76284790039062,145.42962953189502,143.14852602160676,144.31540391722018,10370700
2021-06-09,142.9555206298828,144.0785284189971,142.37646597344016,144.00833875876384,12377400
2021-06-10,140.72703552246094,144.9734227407462,140.64807717881288,144.20134990336555,12119400
2021-06-11,140.6305389404297,141.42893129678694,139.55140131922167,140.7533675039224,13683800
2021-06-14,138.24415588378906,140.6656389903827,137.44576353580487,140.50770890337157,19917900
2021-06-15,136.14724731445312,137.67384203920778,135.22603997798194,137.48082385375696,24485500
2021-06-16,137.1035919189453,138.28800728215856,134.33116060962737,135.75246440040678,25321200
2021-06-17,133.14674377441406,138.14765371320848,132.6992997154662,137.83180691062472,29722400
2021-06-18,129.7777099609375,131.33939308810042,129.46186318312314,130.9884581737773,43595700
2021-06-21,131.97984313964844,132.65540684399085,130.74278897917915,130.79542787273434,18664800
2021-06-22,131.78683471679688,132.4536163290822,130.42693865886216,132.12900090284302,14251200
2021-06-23,132.585205078125,133.39236594261897,131.68153512182707,131.77804421363103,12733300
2021-06-24,133.80470275878906,134.33988703057864,132.67292664949218,133.28706924319224,13733200
2021-06-25,135.15585327148438,135.5506583367514,133.06775470378264,133.87491559355055,15484900
2021-06-28,135.40150451660156,135.53310173691733,133.46255401767664,134.84876941666292,14125800
2021-06-29,135.2347869873047,137.13863570471858,134.76979235706236,135.98930884931565,14528700
2021-06-30,136.4630889892578,136.9368657495864,134.8575493773277,134.89263750642692,12531000
2021-07-01,137.8142547607422,137.8668936627582,136.3578493308533,137.09482073369716,10479400
2021-07-02,137.68186950683594,137.9377749029148,136.8788764514139,137.61127537910568,11424000
2021-07-06,135.36997985839844,137.46127888466538,134.43463115406732,137.46127888466538,15083400
2021-07-07,135.52880859375,136.13767122178757,133.72870529144512,134.13460473383392,12271800
2021-07-08,133.19041442871094,134.59343727062452,132.39624064812526,133.78162505773517,17834600
2021-07-09,137.45245361328125,137.78775890144348,134.63757494231,135.0523070422969,13694500
2021-07-12,139.42019653320312,140.44379108099128,135.8376290803964,136.1994188978054,19940400
2021-07-13,137.34657287597656,138.88196510625443,135.44940419646616,137.69954357144834,22671700
2021-07-14,136.87887573242188,138.784876777768,134.96405547032572,137.61127465626654,14622800
2021-07-15,137.17892456054688,138.1230925425676,135.62588045635567,135.80235906879872,11539300
2021-07-16,134.04635620117188,137.90246776693053,133.26101506281606,137.6201047273012,14002700
2021-07-19,129.68728637695312,132.20215032641758,128.57545901705512,131.08149028413274,22172900
2021-07-20,132.10507202148438,133.34925484973104,129.12253399160963,129.29019336693918,15385200
2021-07-21,134.8846435546875,135.58173869000836,133.56103394769963,134.16989652122658,12356700
2021-07-22,133.1815643310547,135.39641256065912,132.33446189988717,134.90226723173632,9913300
2021-07-23,132.9257049560547,134.8669964220075,132.581566984656,133.6669231306897,9666100
2021-07-26,133.8169403076172,134.09049763269448,132.5109824579729,132.528634358016,8208000
2021-07-27,133.6404571533203,134.55816742197234,132.18449186398647,132.71392766717415,11218700
2021-07-28,133.8610382080078,134.8052194485583,133.137472015464,134.38165471372804,9217300
2021-07-29,135.00816345214844,135.77585262197732,134.0463438198074,135.13169979516056,9063500
2021-07-30,133.93165588378906,135.59940361017456,133.41985850420323,134.637583768199,9805200
2021-08-02,133.39337158203125,136.28766344718284,133.305139022218,134.15224161158034,10203200
2021-08-03,134.91111755371094,135.29055931734123,131.93741221506667,134.08165336128764,10394800
2021-08-04,133.4551544189453,135.3346709744882,133.1639586789139,133.46397363611462,10155000
2021-08-05,135.1405487060547,135.61705575127223,134.1346058449287,134.37285936753747,9151500
2021-08-06,138.97900390625,139.26138040886985,136.87005321094915,136.94064733660412,13328800
2021-08-09,138.8289794921875,139.9055162142255,137.5671315298687,138.99663883709604,9516900
2021-08-10,140.5320587158203,141.16739249274676,137.92896215270906,138.3084039610328,8667000
2021-08-11,142.20858764648438,142.50860252559653,140.3731811189656,141.18499321421328,9156500
2021-08-12,142.7645263671875,143.27632369791723,141.6703510420337,142.84395317663672,8844200
2021-08-13,141.16734313964844,143.09099569850187,140.8055668228559,142.76449624165934,8980900
2021-08-16,140.2408447265625,140.32909075362585,138.3436763247806,140.24967740794082,8755800
2021-08-17,138.54660034179688,140.17905728862203,137.01122208541403,139.04075915149508,9347200
2021-08-18,137.28475952148438,139.42900014500523,137.07297718426187,137.92891228358383,8065500
2021-08-19,136.13768005371094,137.26715934891328,135.01701997671375,135.1493890365227,9517700
2021-08-20,136.52590942382812,136.6847361014185,135.14935769356958,136.19942338803534,6974100
2021-08-23,138.27308654785156,138.61722452110422,136.98478068468157,137.06419403286594,7934600
2021-08-24,139.12901306152344,139.90553498869335,138.4230852608647,138.53780239950194,7670900
2021-08-25,141.996826171875,142.75569616047386,139.24372270833126,139.87022366767383,11335000
2021-08-26,142.7292022705078,144.56460877478992,142.1997531668774,143.17922458347866,11027500
2021-08-27,143.87635803222656,143.97342326928566,142.29684312594244,142.72922708456065,8780200
2021-08-30,141.57330322265625,144.26464578252833,141.07915772926103,144.0175730358307,7937600
2021-08-31,141.140869140625,142.3938843301651,140.61143349875672,141.57325302626668,12340800
2021-09-01,140.93795776367188,141.8556545374964,140.27615293325061,141.37916098395274,8729900
2021-09-02,141.59097290039062,142.60573513284578,140.68208168979936,141.20271183127355,8813300
2021-09-03,140.73500061035156,141.97036417603067,140.43497220344116,141.52916097908056,7959700
2021-09-07,140.4879150390625,142.40273512283778,140.26731346077798,141.176190886154,9285600
2021-09-08,139.86138916015625,140.81438951590906,139.45547636504924,140.20552705547388,7852700
2021-09-09,140.4702911376953,141.9174372410717,139.4908193963308,139.6584787835529,7904300
2021-09-10,138.85546875,141.82035473081487,138.73193239515157,141.6791664782873,8311600
2021-09-13,141.0614776611328,141.22913701958183,139.481976241257,139.887875616442,10052800
2021-09-14,138.599609375,142.367475815019,137.88484872788126,141.58213448951287,11685600
2021-09-15,139.56138610839844,140.02906037851577,138.0701172807047,138.29071885960727,11691500
2021-09-16,139.49960327148438,141.93505318133947,138.73191412917842,140.66438600479788,10880900
2021-09-17,139.13787841796875,140.31148091454844,138.53784834032598,138.87316718633656,25581600
2021-09-20,134.97286987304688,136.3847118356804,132.7933252946273,135.79350124661838,15819900
2021-09-21,134.9905242919922,136.37590877203897,134.63756712564353,135.4758504940612,8999900
2021-09-22,137.57598876953125,138.75841014598367,136.86124172054812,136.9494742842582,11236200
2021-09-23,142.22625732421875,142.6939451042889,139.1290157023009,139.42021143051676,12336100
2021-09-24,143.86753845214844,144.352864681638,141.90860856444667,142.45569624253298,10102400
2021-09-27,147.34423828125,147.7148474072901,145.2529391184325,145.59707712578796,13220900
2021-09-28,146.55007934570312,149.39142947325993,146.17947021573335,147.97957362765158,13387900
2021-09-29,146.4353485107422,147.2736319500807,145.63235540524306,146.66478280628706,7777100
2021-09-30,144.44110107421875,147.35304479243578,143.64692726136718,147.29126988350671,13161200
2021-10-01,147.4765625,148.5089762081689,144.36166948025215,144.71462659837022,11285000
2021-10-04,147.31773376464844,150.39733669652807,146.24119696734735,147.33538566125475,14120000
2021-10-05,149.72349548339844,151.0373228806252,147.95692029071319,148.43629871583514,12292900
2021-10-06,150.04302978515625,150.11404929063713,147.36210102199217,149.12867566366666,8692600
2021-10-07,150.992919921875,152.25348594238827,150.50466918086212,151.97829376443244,10195400
2021-10-08,151.10833740234375,152.10258366508177,150.29163318001045,150.930795361939,8190100
2021-10-11,147.93026733398438,152.0581768558747,147.77048358011973,151.6232009399624,12154700
2021-10-12,146.79396057128906,147.9746344684042,146.27020694984586,147.14017219934644,13032600
2021-10-13,142.9235076904297,146.83837223897822,142.56842364856442,145.64882579858283,22753500
2021-10-14,145.11619567871094,145.59556052113143,142.089054582482,143.5893098167956,15176800
2021-10-15,147.9036407470703,148.4007638334521,145.71096220524572,146.78511380271135,14267400
2021-10-18,147.85037231445312,149.67908081294712,147.28222973680852,147.7882251588793,12672900
2021-10-19,149.64356994628906,149.71457591236566,147.87699515082716,148.60492144060018,8053900
2021-10-20,151.65867614746094,151.68530676822732,148.65817999457113,149.4038644672004,8185600
2021-10-21,150.46914672851562,152.0936825045063,149.74120689142813,151.58767356229862,8415200
2021-10-22,152.49319458007812,152.7683867931292,150.64672743486955,150.93967791683724,8817900
2021-10-25,151.7474822998047,153.54068785849694,151.33912346235658,153.31875694687224,10159200
2021-10-26,152.15582275390625,153.12345179247123,151.39237990036722,151.8007387248317,8015100
2021-10-27,148.98667907714844,151.53444191342504,148.551689561808,151.1971160983183,9847000
2021-10-28,151.23260498046875,151.3657581127488,149.10207359045828,149.40389638735192,7212900
2021-10-29,150.8153533935547,152.90150915464721,150.37149161847853,151.96051081319317,8140100
2021-11-01,150.7355194091797,152.98145976988548,150.03420994971995,152.72401225595004,7435500
2021-11-02,151.3302459716797,152.413269867337,149.95427165713926,150.73547277416088,7173800
2021-11-03,151.38352966308594,151.91616933012273,150.15846655625495,151.028445582121,8402700
2021-11-04,149.39500427246094,151.09055966282864,147.79711256915726,150.91301764530465,9574200
2021-11-05,149.18197631835938,150.992926777002,148.61383367000195,149.93653336546495,7975600
2021-11-08,150.07855224609375,151.72971871249374,149.7944877328828,150.06967988635157,6413700
2021-11-09,148.94227600097656,149.5548074994686,147.89476857414357,148.5605613254457,7990300
2021-11-10,148.8002166748047,149.98089061827108,148.32972427834792,148.64930529722292,6999200
2021-11-11,148.79136657714844,149.74122387123737,148.16107680416025,148.71147469687327,5815300
2021-11-12,148.12554931640625,148.90675036034077,147.11354503021204,148.8268449476939,8113400
2021-11-15,147.85923767089844,148.95113388414381,147.3621146322042,148.4362661266297,6492500
2021-11-16,146.79396057128906,148.3119737377473,146.58090205187457,148.30308783344725,9706100
2021-11-17,146.00389099121094,146.9715063941235,145.04514794724378,146.6608112839994,9909600
2021-11-18,144.74334716796875,146.34125248380784,144.30835769306057,145.93289363536465,8122500
2021-11-19,142.85250854492188,143.90890200666547,141.54755350930802,143.1898479147129,12193600
2021-11-22,145.8973846435547,147.34436495575113,144.69007995967803,145.72871498582677,14549900
2021-11-23,149.38613891601562,149.63470046131974,146.80285977133175,146.91826818364734,12354400
2021-11-24,148.21437072753906,150.4159219456947,147.75275056151622,149.54595641962828,9629800
2021-11-26,143.74911499023438,144.38827723904143,140.98830685004748,143.93554295679928,13619300
2021-11-29,143.12770080566406,146.27912292385244,141.87602057445622,144.97416788771696,12104400
2021-11-30,140.99717712402344,142.5950827223778,140.5177986717218,141.29012761252096,18922600
2021-12-01,140.16268920898438,144.93864687094828,140.0827973299137,142.9235103545511,12253400
2021-12-02,143.10995483398438,144.92090536361414,140.97053729865502,141.88489169754703,12969900
2021-12-03,140.51776123046875,143.660310327492,139.54127340792155,143.36735991705172,12681800
2021-12-06,142.17784118652344,144.35276169757395,141.55643726130754,142.9323982580036,11186500
2021-12-07,144.3172607421875,145.04518719467964,143.06556696729422,143.70472916955504,9851600
2021-12-08,142.66607666015625,144.9386470831941,142.1866982938537,144.39713510383055,11705700
2021-12-09,142.4441680908203,142.8613858183416,140.8373766211828,141.72510042855387,11189600
2021-12-10,141.87600708007812,143.5449184114819,141.26347556477396,143.20759261923024,10405400
2021-12-13,140.1893310546875,141.84937010986525,139.6211884042916,141.59193618595006,12069000
2021-12-14,141.2634735107422,142.82586231088433,139.6389375511274,139.77209068487107,12563600
2021-12-15,140.20704650878906,141.9026015812583,139.6832929143358,141.9026015812583,14014200
2021-12-16,142.39976501464844,143.65145870937027,140.88175149511085,142.38200674750365,19542800
2021-12-17,139.15956115722656,141.4854064425323,137.75695609763275,141.4321451882775,28082000
2021-12-20,136.6561737060547,137.33083876838214,134.79194872025192,137.16216911640348,15148000
2021-12-21,138.56478881835938,139.53240439857666,137.67706512004878,137.96114320539073,11291300
2021-12-22,139.10630798339844,139.42588907307973,137.8102389026166,138.26297313566954,7273000
2021-12-23,139.60342407226562,141.25459069474886,139.5590487237726,139.91413278524888,8055200
2021-12-27,140.40237426757812,140.4378772531484,138.78671073958142,139.9052511960677,6188100
2021-12-28,140.82847595214844,142.1689337554261,140.33135288723983,140.43787538812379,6342300
2021-12-29,140.7574462890625,141.7073170054263,140.3934763764977,141.01489370842265,6398900
2021-12-30,140.68646240234375,142.24886494143172,140.58881224365075,141.2457327244573,6948200
2021-12-31,140.571044921875,141.40549377176825,140.2248332413656,140.65980915922302,5805900
2022-01-03,143.544921875,144.37938433363047,141.60080477363516,141.91151349183633,13120900
2022-01-04,148.98667907714844,149.65247189183447,145.79086814841963,145.86188767412355,20195800
2022-01-05,146.26284790039062,150.3529939267181,146.21819294369067,149.87075582398552,17539400
2022-01-06,147.8167724609375,149.4688970905359,146.3432404311652,149.0581041320163,14047500
2022-01-07,149.28135681152344,149.6117789932496,147.40595747210386,147.95071528960912,13913300
2022-01-10,149.42428588867188,151.20143659797546,147.82572781521154,150.98711453353607,12922500
2022-01-11,149.57608032226562,150.49591538758978,148.52228035920214,150.2637150155545,11854100
2022-01-12,150.42446899414062,151.45146506821953,149.29922381974978,150.442333705723,12568000
2022-01-13,150.23696899414062,151.64798184637473,149.93333693938789,150.33520449735903,13623400
2022-01-14,141.00283813476562,143.80699816639134,140.11871890717197,143.5658722630873,40158400
2022-01-18,135.09091186523438,139.1185396382745,134.43897924786577,139.1185396382745,32324800
2022-01-19,133.00115966796875,135.94821032516654,132.66181189960528,135.3588110951531,22380000
2022-01-20,131.8670196533203,134.5014995118015,131.59910344486124,133.05477106362076,14860800
2022-01-21,129.56292724609375,131.7330193351979,128.83956321639238,131.7240937938021,20705400
2022-01-24,129.4468536376953,129.92016633763484,124.64228141213015,127.0624254247593,28471400
2022-01-25,130.8578643798828,131.14364528059966,125.73178189423707,128.2858907805646,18915900
2022-01-26,132.0991668701172,134.4657434381481,130.34880693573797,132.81360533644312,20709100
2022-01-27,129.76834106445312,134.29608485842846,128.71455471405014,133.43875583246762,17536800
2022-01-28,130.92930603027344,131.06325730708755,126.96418471517951,128.76813912804664,14117000
2022-01-31,132.70645141601562,132.87611846705255,129.1967785653274,130.06303303761217,13985700
2022-02-01,134.98374938964844,135.26953033704814,132.43857925744965,132.78686627035202,14584900
2022-02-02,133.9031219482422,134.7961666312351,132.2331327516152,134.40322479043334,12441100
2022-02-03,132.79576110839844,135.43024058418234,132.42960946425285,133.9567220918846,12474900
2022-02-04,136.24295043945312,137.08241496545568,132.85831570091273,133.15302220217657,16654400
2022-02-07,136.69839477539062,137.18955858833567,134.71583392905356,136.87700103707832,12572300
2022-02-08,139.2703399658203,141.52974231914467,138.24334385132119,138.4219500938276,20411400
2022-02-09,139.85079956054688,140.59201463865574,139.1542258141269,139.841860392785,9131100
2022-02-10,139.2703399658203,142.02091970612452,138.61842104861955,139.90440779751842,16455600
2022-02-11,137.45745849609375,141.27076373285513,136.60906863358164,138.96670643795582,16830000
2022-02-14,136.18043518066406,137.24314727031302,134.242529191137,136.394757256728,17026500
2022-02-15,138.17189025878906,139.26140598689534,137.39494565622124,137.98434485810958,9500000
2022-02-16,138.42196655273438,139.4043214434998,137.29673482704487,137.29673482704487,9076500
2022-02-17,135.23377990722656,137.28778586067935,134.5550707027151,136.63586691247866,11367500
2022-02-18,135.86782836914062,137.65391787767504,134.9658580729721,135.85890282723932,11733300
2022-02-22,135.626708984375,136.8501896226984,134.32287121151697,134.49255190326284,11333500
2022-02-23,132.7868194580078,136.90375609595887,132.14382617982338,136.74300096302238,11799000
2022-02-24,129.089599609375,129.4825414135197,124.82977305339416,127.65179725881598,25655100
2022-02-25,132.14385986328125,134.07284018953146,129.4111445478189,129.71477655469602,18367700
2022-02-28,126.63375091552734,129.54507195558378,125.8121513636117,128.19657926061055,31315300
2022-03-01,121.8559341430664,125.45490282631903,119.29290047642895,125.06196101816987,36840400
2022-03-02,124.38326263427734,125.06197168922338,121.99883496058663,122.60609880552039,19405600
2022-03-03,123.49915313720703,125.9014457077426,122.40071190437568,124.88337523241029,16640800
2022-03-04,120.02521514892578,120.93612465647561,118.23912555666925,120.50746696983305,21016000
2022-03-07,115.39033508300781,118.4981274537443,115.15813469277981,118.03374030007176,27560100
2022-03-08,114.5776596069336,117.69437748374008,113.65781766709829,115.77433646293828,19207800
2022-03-09,119.16790008544922,120.7753834480156,118.27485528699926,118.6856482632882,17536200
2022-03-10,117.75688171386719,119.17681960117045,116.38159878958473,117.75688171386719,15604200
2022-03-11,115.10455322265625,119.73945829730503,114.68482104188722,118.3195202185928,20061800
2022-03-14,116.24763488769531,118.70350798009756,115.40817063218913,115.6135807384728,15786900
2022-03-15,118.31058502197266,119.26614960974989,117.10498257809587,117.70332102833702,15096600
2022-03-16,123.59741973876953,123.67780414329846,120.05203007924631,120.44497205059673,20354900
2022-03-17,125.16024780273438,125.19597723273597,121.38267137376688,122.22213583060075,17050500
2022-03-18,125.11558532714844,125.78536894533065,123.65099236046133,125.19595609090248,23656500
2022-03-21,124.71368408203125,125.70496422166993,123.89208461183765,125.33882625930892,12676100
2022-03-22,127.36604309082031,128.53592958085719,126.56230823367832,127.05348559161267,13548600
2022-03-23,124.8298110961914,126.44622013394346,124.31184343530798,125.90146221704737,12093200
2022-03-24,125.64247131347656,125.6603360244383,124.23145893670015,125.29418439702289,10017600
2022-03-25,126.74091339111328,127.86614490692875,125.7407075992773,125.99968458938415,8383500
2022-03-28,125.8031997680664,125.89250968681907,123.15085597712147,125.0262552566839,10818100
2022-03-29,126.08006286621094,128.2412433516535,125.24061217045993,128.0179821436087,11316500
2022-03-30,125.50847625732422,126.91948829498469,124.94586745167182,126.72301740197003,8771000
2022-03-31,121.73988342285156,125.33885316482775,121.68628928406396,124.87446601615179,17353900
2022-04-01,120.83788299560547,122.71328242214666,119.48939032815098,122.70434325350259,15721300
2022-04-04,121.37371826171875,122.29355328695425,118.67671923414053,119.775160488462,17416400
2022-04-05,119.96125030517578,121.81455681141192,119.66435939964433,120.61801521489215,12110300
2022-04-06,118.29686737060547,119.2595010626264,117.82004637523085,118.37783386541516,12914700
2022-04-07,117.93699645996094,118.68371951851185,115.81378804281272,117.81104399995166,12994200
2022-04-08,120.09620666503906,120.46505863888925,118.29687785055057,118.4588108545156,13126900
2022-04-11,119.65535736083984,121.36471411773648,119.26850828352293,119.65535736083984,10466400
2022-04-12,118.34185028076172,121.07683777078546,117.58613547211941,118.8816544171002,12989900
2022-04-13,114.52727508544922,116.28161783135096,113.36670724435488,114.20339536868362,30838000
2022-04-14,113.4656753540039,115.42694399903974,112.47603903374693,113.80754535125067,18835200
2022-04-18,115.57089233398438,116.2726294523978,112.94386712693903,113.06082102537643,11834400
2022-04-19,117.96399688720703,118.14394075729756,115.36396720676183,115.56189448162948,15015400
2022-04-20,118.37784576416016,120.11419150150813,118.1619213618425,119.22353251350066,13430200
2022-04-21,117.46017456054688,119.48441933462189,116.92038419079994,118.95362066631145,12174200
2022-04-22,114.08643341064453,117.42419417133756,113.97847808212015,117.20826978650032,14318800
2022-04-25,114.05045318603516,114.36534121775318,110.75768504496217,113.36671318273149,17149000
2022-04-26,110.67671966552734,113.72658852220916,110.54177548664798,112.13417857248098,17209500
2022-04-27,109.23724365234375,111.16252481086943,109.05731352802881,110.0559415049335,17215200
2022-04-28,110.96460723876953,111.24350787885761,108.98534824301431,110.48778619022181,13015600
2022-04-29,107.38396453857422,111.20753899362796,106.97011965651826,110.70372902658525,14874800
2022-05-02,108.36457061767578,108.59848527575916,106.35832291641712,107.85176220134701,18545000
2022-05-03,110.68571472167969,111.71133163200636,108.66146973594628,109.33621806452409,15720900
2022-05-04,114.34735107421875,114.6172531567878,110.42481349388046,110.47879802873133,17128500
2022-05-05,111.48640441894531,113.44767297323389,109.9030001075869,112.68295964978665,15055400
2022-05-06,111.30646514892578,111.81927351087909,109.02131706783221,111.37843993822645,14417900
2022-05-09,109.63310241699219,110.95561016010113,108.4095583052652,109.85801851306121,14312300
2022-05-10,106.96109771728516,111.36045599164639,105.76454244311635,110.75768250365861,16382400
2022-05-11,106.2863540649414,110.5597600613588,106.10642392643965,107.32996808715706,14630300
2022-05-12,106.19638061523438,106.44828553481575,103.79427844993359,105.26072886829334,16318800
2022-05-13,107.14102172851562,108.18463564562913,106.12440350696399,107.42892090335586,10443200
2022-05-16,106.39432525634766,107.47391990636999,105.46767192336434,106.64623021709318,10269000
2022-05-17,109.92098999023438,110.63172564673346,108.6884473660938,108.8953731856393,11160200
2022-05-18,108.04068756103516,109.73206091727765,107.53687772584509,109.1292874553332,12664900
2022-05-19,106.43930053710938,107.64485448806897,105.82752842704669,106.33134519432458,12765800
2022-05-20,105.56660461425781,107.66282405968164,103.4793837336345,107.47389538223355,13150100
2022-05-23,112.09819030761719,113.87053039147749,108.364581427024,108.37357999351177,24376700
2022-05-24,113.68160247802734,114.6982208536512,110.75769296339475,111.88227354594575,19324900
2022-05-25,114.47330474853516,115.03109918853824,112.61099957820115,113.60962768471744,12780400
2022-05-26,116.45254516601562,117.12729336770889,115.34596195901909,115.48989780892865,15990900
2022-05-27,118.09894561767578,118.09894561767578,116.18265611791662,117.10031761850692,11177800
2022-05-31,118.96260833740234,119.79029785853703,116.69546415125481,117.11829374906002,17015000
2022-06-01,116.87541961669922,119.53841887481565,115.7598306839369,119.53841887481565,10768000
2022-06-02,118.75572204589844,118.76471374950293,115.75983741058735,116.8664209767788,8374800
2022-06-03,117.1003189086914,118.54877910852959,116.94737761153944,118.04496925254918,8596000
2022-06-06,116.71347045898438,119.10658129736305,116.4705709306623,117.93701471465394,11323500
2022-06-07,117.01935577392578,117.24427187522622,115.7148314041518,115.90376696947148,6722200
2022-06-08,115.15703582763672,116.46154637856398,114.16740642377181,116.05670017004013,8422100
2022-06-09,112.73695373535156,115.24702532084513,112.70096633250233,114.59026723066327,13560100
2022-06-10,107.55487823486328,111.01858468838155,107.34795240954237,110.28985188085524,12945200
2022-06-13,104.3520736694336,106.11541510077954,103.5153854881623,105.13478418220184,16805600
2022-06-14,102.61571502685547,105.5486227715406,101.86000025675558,103.9562198694619,13357900
2022-06-15,103.83027648925781,105.21575368895456,101.8150231982726,104.01920519830738,14083500
2022-06-16,102.0489273071289,102.79565036358842,100.64545312015963,102.43578325147227,16724900
2022-06-17,101.6890640258789,103.12852566467713,100.90636040622633,102.14789478270957,30919900
2022-06-21,104.2081298828125,105.28772442537145,103.49739417780154,104.24411728275042,11680500
2022-06-22,103.62335968017578,104.54101447039106,102.91262388576305,103.35345757863834,9842700
2022-06-23,102.48977661132812,103.62335578572859,100.29459993264686,103.47041447042326,11851500
2022-06-24,105.54862976074219,105.99846197193934,101.50913842608239,101.86900556781907,14841100
2022-06-27,104.70293426513672,106.61022515236665,104.03718457004187,106.21437064311846,11280500
2022-06-28,104.19915771484375,107.32099509542961,104.00123039698927,105.86353591623462,11590900
2022-06-29,103.7313003540039,105.09878712022906,103.2184919586827,104.36106264162848,9338400
2022-06-30,101.31120300292969,102.63371069565692,99.79976662036917,101.8150128424851,15172600
2022-07-01,102.60672760009766,102.93959903531713,100.006698032334,101.34719606689474,10573600
2022-07-05,102.2164535522461,102.29813625751622,99.20314697860752,100.53734630362622,12514200
2022-07-06,101.55387115478516,102.55225442335892,100.55548788621138,101.40865516961907,10656200
2022-07-07,104.12246704101562,104.28583938797875,102.92440547148976,103.01516634766683,10347400
2022-07-08,103.79570770263672,104.96654153657856,103.11499084043402,104.52180845883026,8807800
2022-07-11,102.43426513671875,103.67771032387522,101.85338735174581,103.06052681176529,7939500
2022-07-12,102.53411865234375,104.53996361915219,101.88970748492108,102.18014641847229,11250900
2022-07-13,101.572021484375,102.08936595184173,100.18335345891364,101.42679858317288,12979900
2022-07-14,98.02322387695312,98.23198008574157,96.26243412106608,98.01414571362936,26204800
2022-07-15,102.5159683227539,103.36005760475044,97.7237221764294,99.07608481534061,18863900
2022-07-18,101.46312713623047,105.13899436116151,101.00931585478635,104.1678384958555,13977900
2022-07-19,103.97722625732422,104.32212722206869,102.26182037087447,102.67932586933533,11862300
2022-07-20,103.95906829833984,104.14059000460475,102.9969907908393,103.55971223502601,11667500
2022-07-21,104.66702270507812,104.8576225923545,102.89716166279044,103.86831742630905,11595900
2022-07-22,104.15876770019531,105.51112338577579,103.16945550163008,104.59442265445784,7645500
2022-07-25,104.5762710571289,105.70172107742037,104.16783675588512,105.13899260496939,9394000
2022-07-26,102.94254302978516,104.903010967723,102.58857080620362,103.99538846118368,10675100
2022-07-27,104.59440612792969,105.04821733960455,102.83362333536574,103.4780344249909,9337400
2022-07-28,104.20413970947266,105.26606332469507,103.04238398730452,104.60349583569682,10384800
2022-07-29,104.70333862304688,105.73802778300616,104.18599404306724,104.91208793316274,12944500
2022-08-01,103.6595687866211,104.47643045221751,102.62487965173575,103.92278015245829,14740400
2022-08-02,102.04399108886719,103.8320084015491,101.8987681748215,103.39634658402171,14942900
2022-08-03,103.114990234375,103.55972330950938,101.39050614200849,102.96976731414584,14394500
2022-08-04,101.98047637939453,102.85179324862285,100.76425848875998,102.42520951663785,18033900
2022-08-05,105.06640625,105.45668429006133,101.69912684603449,102.1347818665703,14174600
2022-08-08,103.7866439819336,105.91955572873077,103.63234980026904,105.51112832441613,10332500
2022-08-09,104.72148132324219,105.2751316009744,103.80478758600896,104.14968164237897,10233800
2022-08-10,107.45342254638672,108.34289560451963,106.64563911049727,107.06314461138093,12847300
2022-08-11,109.04175567626953,110.00383321404902,108.2884274148036,108.82392823697425,11684900
2022-08-12,110.84793853759766,110.95685573547384,108.40643860888144,109.52281045751785,9906700
2022-08-15,111.14745330810547,111.38343710291792,109.45927486177466,109.94939185502653,8456200
2022-08-16,112.20938110351562,112.76303145117365,110.61197029105047,110.99317012643799,9555000
2022-08-17,111.26543426513672,111.7827857159737,110.44857958922745,111.00222984487874,8149300
2022-08-18,110.40319061279297,111.15651888328534,109.4138854988238,110.94776267986101,9531800
2022-08-19,107.67125701904297,109.81324671950163,107.19929635562796,109.47743081896355,13464500
2022-08-22,105.8923110961914,106.33705108878003,104.83039447638889,105.96492255513769,8967600
2022-08-23,104.84854888916016,106.4550446032187,104.72148229223701,105.91047248431808,7607000
2022-08-24,105.10269165039062,105.65634194716718,103.87739569629183,104.6398022216113,9771300
2022-08-25,107.5986557006836,107.77109927585279,104.99377649832141,105.4294383676452,10758900
2022-08-26,104.07707214355469,108.9056236468533,104.01353884448274,108.42458482179282,11276200
2022-08-29,103.82294464111328,104.24952835453824,102.97885537880298,103.46897239478419,8117300
2022-08-30,103.84111022949219,104.90302706316842,102.88810368156044,104.37660426669925,10745400
2022-08-31,103.22391510009766,104.40382025395047,102.86993593687029,103.90463200891637,10738300
2022-09-01,103.93184661865234,104.04075687873322,101.57202968056859,102.82454614376599,9979800
2022-09-02,103.20574951171875,106.60025558691288,102.73378887744438,105.16621735703507,10666600
2022-09-06,103.23298645019531,104.14968716060882,101.71725846017837,103.76848735316932,9751900
2022-09-07,105.19346618652344,105.384066111466,102.34353162852489,102.67934757620934,10647900
2022-09-08,107.64403533935547,107.81648584340637,104.04077263111942,104.63072868611559,11435000
2022-09-09,108.1613540649414,108.96006616673922,107.70754288877775,108.13412650230903,9299700
2022-09-12,109.44111633300781,110.32151121463062,108.72409376884706,109.4774220618449,8614600
2022-09-13,105.63818359375,107.93446744065152,105.08453330758677,107.16298969054854,12904600
2022-09-14,105.39313507080078,106.95424007081796,104.26767810095566,105.91955089744567,9345700
2022-09-15,106.98147583007812,108.35198093801411,105.06639163530558,105.39313631756322,10821400
2022-09-16,106.26444244384766,106.55488136271414,104.71240882197272,106.54580319895298,14844100
2022-09-19,107.24467468261719,107.76201921499737,104.8394737453862,105.28420681805444,8201300
2022-09-20,105.12991333007812,106.81809169379223,104.04984036495728,106.56395850778968,9619000
2022-09-21,102.09844970703125,105.82877861254009,102.03491641111837,105.77432348021759,12606300
2022-09-22,100.93670654296875,103.10592396061821,100.80963993542022,102.90624588458174,11684500
2022-09-23,99.05791473388672,100.14705891608078,97.26082614080553,99.88385449632825,18138600
2022-09-26,96.92499542236328,99.48449027364725,96.26242803382036,98.02321767836219,15753600
2022-09-27,96.07186126708984,98.1775456509714,94.98271679855553,97.79634577944556,12793600
2022-09-28,98.01416015625,98.68580584898338,95.88124848511528,96.16260926812394,12762600
2022-09-29,96.35320281982422,97.36973553422631,94.75578536555122,97.07021846318578,12713900
2022-09-30,94.84654235839844,97.67832678578611,94.75578150182905,96.26243110978753,15973400
2022-10-03,97.77816772460938,98.34996736436851,94.81023849180761,95.86308383758465,12248100
2022-10-04,102.35258483886719,102.5522628939969,99.71140700180528,100.3921238672329,16013600
2022-10-05,101.08887481689453,101.60168868963162,99.66031789337549,100.5027998233193,10943500
2022-10-06,99.02845001220703,100.90572600519454,98.84530420211476,100.23723052388458,11521400
2022-10-07,97.05044555664062,98.63467702343239,96.40026188286828,98.46068361891038,11681100
2022-10-10,96.14384460449219,98.26836784175403,95.71344432592626,97.73724227236144,8931700
2022-10-11,93.36914825439453,95.73176668930427,93.26841597322337,95.57609206806305,12739700
2022-10-12,94.880126953125,95.90576156520447,92.7464442175861,93.22263446077322,13181000
2022-10-13,100.15481567382812,100.64015835202872,93.18601079802045,93.38747537838252,22398700
2022-10-14,101.82147216796875,105.53022733591538,101.39107181576125,102.52659124378432,33387100
2022-10-17,106.09797668457031,107.1510824539226,104.68773173058194,105.68589515970226,22276300
2022-10-18,108.82688903808594,110.01735767004864,107.10529480386943,109.57780496566174,21539700
2022-10-19,106.69322967529297,108.81775337066692,105.92400184449335,108.04852553986728,17072000
2022-10-20,106.34522247314453,108.70784087660407,105.90566978530704,107.28844354669732,12207400
2022-10-21,111.93125915527344,112.07777438811135,106.52837457969841,106.64741864303946,20593300
2022-10-24,112.0686264038086,112.7279624850652,111.10710044077992,111.7847483080427,12624200
2022-10-25,112.36166381835938,112.88363705127985,110.7041712164928,111.58328366211862,11289100
2022-10-26,113.65286254882812,114.65101904999469,112.52649560198506,112.63638727546582,11667000
2022-10-27,114.10157775878906,115.56676517888995,113.74443854346963,114.6510221680063,10727600
2022-10-28,115.45687866210938,115.6400244667623,113.59792149728024,114.7334408565705,11859500
2022-10-31,115.27373504638672,116.69313959840397,115.00816871790636,115.10890101445287,13295200
2022-11-01,117.35245513916016,117.4715061957716,115.68581021224358,116.18031225073543,13386900
2022-11-02,116.27188110351562,119.37624908165756,115.96968425941513,116.89458657625418,16546100
2022-11-03,116.48250579833984,117.37993001810507,115.3012034867295,115.66749509431108,12474400
2022-11-04,119.66928100585938,119.80665083109656,117.6363445290073,118.57955864183005,14953200
2022-11-07,120.3011703491211,121.14365235077179,119.48615952348163,119.96234986289507,12011200
2022-11-08,120.37439727783203,120.93300098657986,119.17477635571635,120.1820991003853,9884100
2022-11-09,118.80847930908203,120.35607294803225,118.33228912695223,120.2553546513454,9494000
2022-11-10,123.69855499267578,123.85422961190059,121.36340775804761,121.45498763906363,16351600
2022-11-11,123.9000244140625,124.69671631227637,122.5080912121442,123.79929213024351,10704700
2022-11-14,122.62713623046875,124.29378105790795,122.62713623046875,123.44214686010653,11085600
2022-11-15,121.73886108398438,124.2754727820005,120.51176897449375,123.33224475737065,14038300
2022-11-16,121.90369415283203,122.30662327701408,120.90553771446262,121.793809472829,7893400
2022-11-17,121.37256622314453,121.69308184959206,120.21873511956515,120.87807117107586,8820200
2022-11-18,122.5630111694336,123.3230793588662,121.13445465845223,123.23151346410836,9468500
2022-11-21,121.83958435058594,123.22235097113979,121.56485871141508,122.47144912874099,7800500
2022-11-22,123.66193389892578,123.8725648586524,122.42568917954846,122.70956728607665,9185700
2022-11-23,124.98059844970703,124.99891722184935,123.4970992881457,123.57036040358601,7316200
2022-11-25,125.21871948242188,125.58501114182262,124.59600689368325,124.98061732799337,3220500
2022-11-28,123.03008270263672,125.19123683050562,122.88356046305546,124.60516184531049,9906900
2022-11-29,125.05386352539062,125.12712464315098,123.0850216381753,123.31395739125288,7925300
2022-11-30,126.53733825683594,126.53733825683594,121.96779045213349,124.62343908487885,14761200
2022-12-01,124.76082611083984,126.9769224009966,124.01906257456254,126.53735571880368,8858500
2022-12-02,123.77181243896484,123.9458058238679,122.10515367108043,123.15826637907823,8931900
2022-12-05,120.3011703491211,123.23155953954412,119.59605820065781,122.92936263028933,10154500
2022-12-06,120.50263214111328,123.72605179142124,118.92755287864071,122.15097252894866,13966700
2022-12-07,120.42020416259766,121.86707977531921,119.34878653237514,120.24621075738449,11739400
2022-12-08,121.68392944335938,121.77549535581866,120.35609096797697,121.18026801888281,8907300
2022-12-09,121.02461242675781,122.48979301470985,120.87809017602333,121.06123600287597,7957800
2022-12-12,122.90185546875,123.3047705899854,120.51176604366965,121.24434915364465,8841600
2022-12-13,122.78282165527344,125.53920302213729,121.86707866617365,125.35605721894315,10025400
2022-12-14,122.16929626464844,124.27550829168251,121.57405483682821,122.50811675672065,9966100
2022-12-15,119.1381607055664,120.95132779332344,118.17662783505968,120.09967960294495,12087800
2022-12-16,118.39640045166016,118.95500421288943,117.60886095178166,118.26819699694174,21133700
2022-12-19,119.10153198242188,120.26452950136444,118.21326015727045,118.72607400001165,9017200
2022-12-20,119.67845916748047,120.92387025075503,119.22974005117493,119.93486609876084,8549900
2022-12-21,121.02461242675781,121.77551450879291,120.66747317379934,121.04291722825143,8051700
2022-12-22,119.65099334716797,120.23706835533226,117.59057143161893,120.05392253524288,8648200
2022-12-23,120.21873474121094,120.36525696844745,118.71691684485835,119.57771746346202,5091900
2022-12-27,120.63997650146484,121.07952918763898,119.550240198278,120.484301882885,5411000
2022-12-28,121.2993392944336,122.1692924600138,119.97150059771896,120.74073543474422,8827700
2022-12-29,121.99529266357422,122.04108261161034,121.16196311796013,121.72971934884299,6585200
2022-12-30,122.8011474609375,123.01176444801733,121.28101065841543,121.61983111238689,9292500
2023-01-03,123.73519134521484,125.21870452680463,122.60883135261089,123.84509000841412,11054800
2023-01-04,124.88904571533203,126.07950054076596,124.14729605627133,124.53190647307575,11687600
2023-01-05,124.86133575439453,125.19343885785885,123.33919066504112,125.14731068975593,8381300
2023-01-06,127.25064086914062,127.6565462748384,124.06799395823543,125.58090514907298,10029100
2023-01-09,126.7248306274414,128.11782573988478,126.272811033153,127.85952480704994,8482300
2023-01-10,127.85950469970703,127.97020106027225,126.66946251825927,127.11226203686306,9048700
2023-01-11,128.80967712402344,128.92037347696242,127.39824231868354,128.13623677339942,8703700
2023-01-12,128.6805419921875,129.94437242636852,128.43146109210693,129.15101562447867,11001700
2023-01-13,131.92774963378906,132.37056322485412,124.35397340286053,125.09198197829284,20200000
2023-01-17,129.88900756835938,130.57165384016318,128.44066460814747,130.23033070426126,14292900
2023-01-18,125.98683166503906,129.82445142479642,125.8392271152633,128.15471542494893,13392600
2023-01-19,124.30782318115234,125.36870064270028,123.23771164038068,124.83365894865473,13303400
2023-01-20,124.61226654052734,124.99049784740329,123.20083173812868,124.68606880111352,13092500
2023-01-23,126.63257598876953,127.26910825273292,124.37243600869981,124.64917692664585,10487100
2023-01-24,127.72110748291016,129.41851719919742,124.53846074578614,125.84841916224751,6945000
2023-01-25,128.33921813964844,128.33921813964844,126.61413389807234,127.35214259398586,8967000
2023-01-26,129.13255310058594,129.2063553652818,127.63809595043652,128.6159513240574,7487600
2023-01-27,129.4462432861328,130.31338840568634,128.9204073189552,129.71376423474106,7489900
2023-01-30,128.34841918945312,129.23401813554992,128.14546649840148,128.44066145498658,6729300
2023-01-31,129.11410522460938,129.21558157284034,127.53661182508125,129.04030296441033,9188700
2023-02-01,128.77279663085938,129.9628389860808,127.41670971054376,127.4997460694358,8841800
2023-02-02,128.17315673828125,129.5753716687089,127.30599769020552,129.15101214948385,11822100
2023-02-03,130.15655517578125,131.30046932687927,127.42594137506877,127.47205548026778,11501200
2023-02-06,130.92222595214844,131.21743502591008,129.17868782973096,129.36318646266028,8406200
2023-02-07,132.5181427001953,133.15467486781688,130.23954897835594,130.42406166418485,10447900
2023-02-08,131.58642578125,132.8779302241988,131.25432262787135,131.5956457857201,6958000
2023-02-09,129.53843688964844,132.23215575774526,129.03105520229417,132.02920308280358,6443100
2023-02-10,130.1104278564453,130.33183468351544,127.85028770927389,128.94807368610296,6582900
2023-02-13,131.52183532714844,131.66942575539255,129.83364575635736,130.35024744606255,7134600
2023-02-14,132.10302734375,132.66575729505092,130.62702427939897,131.45727512332502,9249400
2023-02-15,132.65652465820312,132.7395469194213,130.35025689320076,130.63623184384645,6728300
2023-02-16,130.82997131347656,132.27830022529912,130.70080679865134,131.83550073283425,8165300
2023-02-17,131.21743774414062,131.76171364927728,129.21559867888436,130.05506958755439,7948800
2023-02-21,128.80967712402344,130.3871564587718,127.99786633222567,129.7875324452297,9996300
2023-02-22,127.82259368896484,128.62517043791877,126.78939014306161,128.15469683962553,11107500
2023-02-23,128.8465576171875,129.30781114087313,127.25062436661048,127.97939874044401,8068000
2023-02-24,130.00892639160156,130.4056117873212,128.16391208452364,128.32997069185853,9126900
2023-02-27,131.14358520507812,132.2044625170074,130.73767991400797,131.0974570444859,10014700
2023-02-28,132.2414093017578,132.61962654587361,130.90376263556865,131.8631779812996,11019800
2023-03-01,131.50341796875,132.34290298712642,130.8115374961782,131.08829250047577,7139200
2023-03-02,130.13809204101562,131.39268826747863,128.72664313356037,131.2174237309055,11106800
2023-03-03,132.52737426757812,132.6011765252421,130.1473042441955,130.54397554325527,9513100
2023-03-06,131.7524871826172,132.87793303450798,131.60488264991764,132.3244371513992,9261300
2023-03-07,127.8779296875,131.28198313844652,127.13070118877344,131.00522819320005,11747600
2023-03-08,127.12151336669922,127.85028796654457,126.28202831492362,127.30601201812318,10002500
2023-03-09,120.23957824707031,126.70636236099287,119.2063747461258,126.16207244585634,25888100
2023-03-10,123.29305267333984,124.77828947933573,117.91484231032793,118.96650674628522,37599700
2023-03-13,121.07906341552734,123.50526172401649,119.38165363815746,121.04216932312453,42901100
2023-03-14,124.18792724609375,125.02741226082236,121.11597627206211,124.7967854376339,29648100
2023-03-15,118.32075500488281,120.83920951063871,116.90932731300352,120.82997543082509,34280600
2023-03-16,120.61781311035156,121.72481890489128,116.25435107656224,118.09013838380625,24558500
2023-03-17,116.06063079833984,118.52372338026191,115.72852763693783,118.43148110430431,38396000
2023-03-20,117.28756713867188,119.43701064586844,116.24513651602736,117.14918964833143,22875500
2023-03-21,120.43331146240234,121.52186314469817,120.1012083247568,120.47020555487761,17807800
2023-03-22,117.32447052001953,120.53479879711034,117.23222120408215,120.44254244300132,17250200
2023-03-23,117.01081848144531,119.49236528429715,116.2543628032985,117.98868097137063,16677600
2023-03-24,115.2303695678711,115.94069696475898,113.56985391022673,115.89456879275797,22311100
2023-03-27,118.532958984375,119.35398985556544,116.5034388565988,116.96469247134272,18853900
2023-03-28,118.89274597167969,119.31709144922273,117.84108116887145,118.73592141899253,10820500
2023-03-29,119.13258361816406,120.12889311989855,117.86874617402837,120.0181967562647,14595300
2023-03-30,118.77279663085938,120.03662693329807,117.75804016436587,119.87980240554847,12134700
2023-03-31,120.21192169189453,120.23959578425315,118.86506894262816,119.61229758899901,13105200
2023-04-03,120.07354736328125,121.25435552036943,119.3816669239088,119.84292055015709,11775400
2023-04-04,118.46837615966797,120.47021514899892,117.53664892978881,120.38719287706124,11579900
2023-04-05,118.64501953125,119.14707668722164,117.57580902387382,117.89192670388562,9614700
2023-04-06,118.51486206054688,119.08200834987258,117.94771577122117,118.0778797956493,8760200
2023-04-10,118.90534973144531,119.22146032380778,117.35267385939126,117.65019263184118,9477300
2023-04-11,119.49110412597656,119.88159621491059,118.5799488250562,119.28655862413275,10516300
2023-04-12,119.47248840332031,121.26689328717843,119.06339745718537,120.10470954784653,11821000
2023-04-13,119.9280776977539,119.9745537010394,117.919820654687,119.43531289368853,12450200
2023-04-14,128.98382568359375,129.34642652580754,125.42289218861391,125.65532898969498,43931300
2023-04-17,130.0065460205078,130.22038389324814,127.98899640224877,130.11811113901308,16050500
2023-04-18,131.46624755859375,131.8195560320996,129.26275124856613,130.41564287639508,13760100
2023-04-19,131.2988739013672,131.55920192925032,130.53647454341413,131.30816626421534,9158100
2023-04-20,130.91769409179688,131.49413278576523,130.01583822017926,130.08092733043537,10586200
2023-04-21,130.66664123535156,131.19660385164096,129.0302915712904,129.922854961478,11842500
2023-04-24,130.8433074951172,131.18732357463173,130.20177971600683,130.59228598862495,7567500
2023-04-25,127.99829864501953,130.1274277329189,127.96111499825328,129.79271816475563,10629300
2023-04-26,125.72968292236328,128.1284318863963,124.5860980839009,127.95177768638719,14416100
2023-04-27,127.4218521118164,128.22143524314188,126.12950411678274,126.44561474881897,9041100
2023-04-28,128.52825927734375,128.60264075648055,126.13880214058031,126.96627658910431,9887300
2023-05-01,131.28028869628906,133.29783821644935,130.93628680641368,132.26581836000824,20415800
2023-05-02,129.1604766845703,132.40529945357613,128.7048954586178,131.46624572118586,14113400
2023-05-03,126.42700958251953,128.92803160871594,126.22246408088758,128.71419374312444,12930900
2023-05-04,124.69766998291016,126.18527093974366,122.54995656425722,125.47866828799553,17089200
2023-05-05,127.13365173339844,128.1935630947966,126.36195976697779,126.85472470422671,11261400
2023-05-08,127.44044494628906,128.27721168217766,126.89188336179542,127.83093703549143,7484900
2023-05-09,126.8267822265625,127.32883932696265,125.7110887470415,126.38049348530426,7343600
2023-05-10,126.89188385009766,128.36088601235872,125.39499040898734,128.25861326097296,8133400
2023-05-11,126.4920883178711,127.19869096486417,125.42287070396287,125.51585108319455,7057300
2023-05-12,124.67909240722656,127.36606097216954,123.77723658077858,127.20800566679817,9988600
2023-05-15,125.72968292236328,126.13877387252892,124.54891444607372,124.83713374637769,7639500
2023-05-16,124.88362884521484,126.3898145056844,124.5489193443534,125.94353990014044,6477200
2023-05-17,128.7234649658203,128.8536289739523,125.94353060925548,126.3526073585183,12711500
2023-05-18,129.69973754882812,129.91357543771105,128.08197227429838,128.55615243737296,10999600
2023-05-19,129.40220642089844,130.62018715038363,128.42598322593338,129.96935277131868,13492200
2023-05-22,128.3329620361328,131.68934887505054,127.98896022676165,131.0943114331809,11402500
2023-05-23,126.99415588378906,129.26274112947746,126.87329840506368,127.87741281159326,9514900
2023-05-24,125.83197784423828,126.77103155998755,125.59024868871114,125.88776040422024,8578000
2023-05-25,126.1387710571289,126.69662491977871,125.12535025390105,125.34849463632358,8472500
2023-05-26,127.3195571899414,127.9331936183434,126.10159088275205,126.5478654730383,8579900
2023-05-30,127.80299377441406,128.04472282079553,126.46415619209624,127.18935751805016,7399900
2023-05-31,126.17595672607422,127.2265610650918,124.9579763828472,127.12428833968531,14219900
2023-06-01,127.91462707519531,128.51895710691062,125.93426091276511,126.92909726996506,12248100
2023-06-02,130.60157775878906,131.54061723322627,129.55095898404744,129.7555044833213,12922500
2023-06-05,129.3185272216797,130.26687328356348,128.42597790551955,130.26687328356348,8511900
2023-06-06,129.5509796142578,130.25759661038836,128.5003748590288,128.93734301871834,9329500
2023-06-07,130.80612182617188,131.34537684682581,129.076791651942,129.74621069918032,9281400
2023-06-08,130.8433074951172,130.99207043832266,129.6811236016028,130.7875249381189,7368100
2023-06-09,131.1036376953125,131.83814587263618,130.3598513407576,130.49001537148624,7249100
2023-06-12,131.09432983398438,131.39185569008666,129.94143842180847,131.15941893506186,7596600
2023-06-13,132.0426788330078,132.83295530635525,130.29474985485163,130.61086044419062,7701600
2023-06-14,131.54991149902344,133.5209706496138,130.81540340563754,132.95382439764776,9068700
2023-06-15,133.03750610351562,133.32572542805949,130.1924823122168,130.71313840646567,9343100
2023-06-16,133.195556640625,133.8556832851755,132.4889539932474,133.00031770567188,13813500
2023-06-20,132.516845703125,132.9538279509158,131.1315174934463,132.5912271694313,8428600
2023-06-21,132.3215789794922,133.90214579283753,131.73583392209747,132.8608196700457,9926500
2023-06-22,129.77410888671875,132.58194925175235,129.18836364249506,132.312314633662,10075200
2023-06-23,129.0954132080078,129.40221732055474,127.95181385942702,128.80717963940447,9919500
2023-06-26,129.41146850585938,130.1738535585867,128.01684820731813,129.11394269916784,8429700
2023-06-27,129.42079162597656,130.0158291939676,128.80715514394416,129.2348450460071,8154000
2023-06-28,128.8536376953125,129.43009050189633,128.26790671248017,129.3836003129569,7558600
2023-06-29,133.35362243652344,133.4744941017453,130.02514023569887,130.22968573677505,15423200
2023-06-30,135.22242736816406,135.74308350074216,133.56747858097697,134.44144316929692,14212800
2023-07-03,136.31021118164062,137.11908654933129,135.7430649319183,135.91971913562398,8021600
2023-07-05,135.40216064453125,136.14169879641477,135.14004477164264,135.68300316098157,8934900
2023-07-06,134.06350708007812,134.2320040302401,132.40654898226205,133.8856396654107,9709500
2023-07-07,135.12132263183594,136.52552097664736,133.866908872023,134.71879262942724,8981500
2023-07-10,135.87960815429688,136.66597020322195,135.27112782587213,135.27112782587213,9100100
2023-07-11,138.00460815429688,138.37906960740568,136.4038300805188,136.99358365726889,11260900
2023-07-12,138.68797302246094,140.29812147148584,137.61142675811845,138.03268337093755,11323200
2023-07-13,139.3620147705078,139.83008093340652,138.3135511365733,139.20287398923173,11234900
2023-07-14,140.2045440673828,143.12527238693303,138.93140351809885,141.87085848397194,27028400
2023-07-17,143.58395385742188,143.93031818225228,140.7474745833013,140.7474745833013,17262400
2023-07-18,143.84608459472656,144.5388133160355,143.05973693495963,143.58396870813758,13491700
2023-07-19,144.39842224121094,145.29711562742418,142.49807461798855,142.99422364567243,12510000
2023-07-20,146.1770477294922,146.58894821231368,144.5481867273733,144.6605180284174,9935900
2023-07-21,145.0536651611328,146.16766463887615,144.81027595893158,145.84938315501867,10636400
2023-07-24,147.90887451171875,148.64841259921064,144.84771848900857,145.07239533945494,14381400
2023-07-25,146.80426025390625,147.6467735305015,145.99918598070113,147.25359971580744,9944700
2023-07-26,147.6842498779297,148.14295991985267,146.29877785425592,146.70132223476946,8728600
2023-07-27,146.0553436279297,148.6390632476469,145.6153603699145,147.69357490821167,10778400
2023-07-28,146.88851928710938,147.53445284492707,146.4485359733566,147.234883659289,9103800
2023-07-31,147.87144470214844,149.2007506770254,147.11316564135666,147.14124846387747,8892700
2023-08-01,147.14126586914062,147.90890120016138,146.17705075722094,147.37529894065986,6853900
2023-08-02,145.47494506835938,145.74643141841656,144.1081999906907,145.6247296556844,8299400
2023-08-03,146.36427307128906,146.89786098978126,144.4920086983106,145.10048890583116,6084000
2023-08-04,146.0553436279297,147.72165773027706,145.7557744802414,146.41106413550557,6209400
2023-08-07,146.7480926513672,147.62805928952613,146.59832234097993,146.59832234097993,7251800
2023-08-08,145.92430114746094,146.01790580284208,142.84441801525406,144.46393710846394,8623400
2023-08-09,143.9677734375,145.58729252584976,143.66821854323672,145.40006893140463,6277800
2023-08-10,143.75244140625,145.5123743058116,143.3124581813596,144.5200765762263,5995100
2023-08-11,144.5856170654297,144.65115317660656,142.88186387000218,143.25631104053193,5180700
2023-08-14,144.8851776123047,145.02559172184132,143.15332741205629,143.799260884411,5044300
2023-08-15,141.1968231201172,143.48098800077395,140.63513807973655,143.0878141862051,10300300
2023-08-16,140.5977325439453,141.3185585176941,140.12029586070057,140.98155027009378,6978200
2023-08-17,139.1373291015625,141.59934699720856,138.92200841764713,141.2436264856294,9953900
2023-08-18,139.4556427001953,139.95179172208907,138.02336129220063,138.21994109410372,8517500
2023-08-21,139.93304443359375,140.5134561406489,138.56629935066977,140.09218520164686,8327000
2023-08-22,137.03103637695312,140.08282221486544,136.534887452353,139.72708740694694,9673300
2023-08-23,137.95782470703125,138.1637749740239,136.1698227115898,137.00297996106144,7858000
2023-08-24,137.82675170898438,139.86752750903037,137.60208910349877,138.0795114244007,6534000
2023-08-25,137.65826416015625,139.12798451368934,136.53490820324166,137.87357059987212,6695500
2023-08-28,138.13568115234375,139.11862293308627,137.73315111613948,138.14505161734553,5094100
2023-08-29,139.25900268554688,139.34326542853302,137.77991228921118,138.27607543171382,6337000
2023-08-30,138.69735717773438,139.62411896057506,137.78930775518225,139.127970012283,6277300
2023-08-31,136.98422241210938,138.87521339871287,136.637858079505,138.79095064722685,10933900
2023-09-01,137.44296264648438,138.62248430088263,136.39448466943944,136.75957572562794,7903500
2023-09-05,135.9263916015625,138.74415864513009,135.74852419936798,137.76121698537963,7854700
2023-09-06,135.7017364501953,136.24468058187983,134.9060183286584,135.45833292470454,8629200
2023-09-07,134.54092407226562,135.9919318730385,134.2319987249338,134.92474171145767,8373700
2023-09-08,134.6439208984375,134.91539300149014,133.53927727068842,134.21329372186668,7107900
2023-09-11,135.23367309570312,135.78598770305322,134.5128472530841,135.5051451671015,6854200
2023-09-12,136.99362182617188,137.9110419287154,134.84988476128495,135.27114151468874,8363200
2023-09-13,137.0591278076172,138.26673213964824,136.50681320165899,137.92972395420438,8325900
2023-09-14,139.71774291992188,140.3262231887897,138.09823807360453,138.39779297567569,10034900
2023-09-15,139.3058319091797,140.16707182842225,138.83776580409716,139.4088070236676,19863400
2023-09-18,139.59605407714844,139.61478072408826,138.31355730457247,138.6973750034845,6512400
2023-09-19,139.41815185546875,140.1577042404797,137.80801772654655,139.95175402826723,7943400
2023-09-20,138.82839965820312,140.65385448013163,138.6786150871108,140.0921694806569,7332000
2023-09-21,137.74252319335938,139.34331591065376,137.26510080327012,138.15442374210164,8052400
2023-09-22,136.42251586914062,138.08882972925824,135.91701086120517,137.88287954122202,7071700
2023-09-25,137.09657287597656,137.16210899360448,134.52220904350628,136.06683591353567,7044700
2023-09-26,135.67364501953125,136.52552882591283,135.0183552777935,135.36473393604743,7468400
2023-09-27,136.46932983398438,136.75952848555323,135.28043812455698,135.91701534975712,6717800
2023-09-28,138.16375732421875,139.36200547860716,136.68466663396703,136.9374263446685,8868100
2023-09-29,135.75791931152344,139.2590452079911,135.6081347051916,139.10927488590553,11917800
2023-10-02,134.58775329589844,136.3195895900525,133.52056297766828,135.58005131127518,9170600
2023-10-03,133.59542846679688,134.41921506435102,133.25842031372002,134.0541240888714,9431100
2023-10-04,134.19456481933594,134.3068961192718,132.86524444361987,134.044780229925,8128700
2023-10-05,134.76039123535156,134.94901072046437,132.80830619332247,133.9493763741643,8576200
2023-10-06,136.83509826660156,137.57066825366812,134.04369376953446,134.76983853766583,10270600
2023-10-09,136.5238800048828,137.11798531189535,135.32621539355333,135.47710521963256,6964900
2023-10-10,137.3537139892578,138.4099281416334,137.00479393684975,137.13681890719138,11288800
2023-10-11,137.82525634765625,138.84374102392985,136.75963119469503,138.16475123974746,8698200
2023-10-12,137.50460815429688,138.58911237840664,136.86334810356874,137.96670276001075,10484400
2023-10-13,139.56988525390625,144.38881902981274,139.41899543795483,140.0414051365208,29427000
2023-10-16,139.4284210205078,141.00329554327354,138.3627815883004,140.9372758593186,12663500
2023-10-17,139.1266632080078,140.80527293299247,138.428808562367,139.164392858932,11482700
2023-10-18,137.59893798828125,139.07950296279404,137.0896884480104,138.24019813274663,9620300
2023-10-19,137.01426696777344,138.64573642948045,136.62763152732992,137.19344685926188,11143600
2023-10-20,134.80755615234375,136.87281591727077,134.02483127766632,136.33529063565342,13332900
2023-10-23,132.96861267089844,135.49595244442185,132.71398789413,134.7981121972243,10133400
2023-10-24,133.12893676757812,133.6570367926189,132.36507677495513,133.1478015940857,8881400
2023-10-25,132.40277099609375,133.1383408268775,131.56346622047414,132.56310041145807,8242600
2023-10-26,132.7422637939453,133.60043337964612,131.48801925860812,131.79922408824612,9109400
2023-10-27,127.96106719970703,131.17683623137796,127.489547320212,131.03537163374259,17434700
2023-10-30,129.592529296875,130.17720937589277,128.29112975104002,128.6683543097979,9855500
2023-10-31,131.1391143798828,131.30886902920932,129.63968452745254,129.86601926333935,9672500
2023-11-01,131.0259552001953,132.52538506399418,130.58272533258497,131.3182952427371,9432000
2023-11-02,133.36468505859375,133.42126514351625,131.29942562105097,132.1104404141124,10186200
2023-11-03,134.8546905517578,135.58083522229103,133.77020054443747,134.0908306209058,9538700
2023-11-06,135.87315368652344,135.97688862298904,134.65662448709557,135.01498415663912,7625100
2023-11-07,135.80715942382812,136.04291937904668,134.68495412429016,135.33563951339102,6297900
2023-11-08,136.47671508789062,136.58987525429612,135.4393655970245,135.90146025925483,7618200
2023-11-09,136.07119750976562,137.3537321294573,135.5148075176755,137.15570184261244,7992500
2023-11-10,138.08932495117188,138.13647982386263,135.87318983117473,136.68420471665647,7983300
2023-11-13,137.47633361816406,137.91956345188186,136.89165357778936,137.40088871139884,6676300
2023-11-14,139.98483276367188,140.74869271323962,138.174198041455,138.32507347607216,9927700
2023-11-15,141.21078491210938,141.60685990157586,140.00369511859856,140.00369511859856,8365300
2023-11-16,142.82337951660156,142.89882442983355,141.5408447709493,141.5408447709493,8126200
2023-11-17,144.11534118652344,144.15305644499725,142.90823707069305,143.53064675784515,7812400
2023-11-20,144.5585479736328,144.99235256315117,143.26658820100812,143.41747800515745,7019000
2023-11-21,144.2567901611328,144.87919984297054,143.87958002103724,144.47368527220556,7083500
2023-11-22,144.59629821777344,145.11497299989654,144.19078361006055,144.6717431305955,5174500
2023-11-24,144.79434204101562,145.6430865972685,144.5491568436877,144.84149691463753,3496900
2023-11-27,144.46426391601562,144.78489398263042,144.01160885787445,144.69058425026378,6259100
2023-11-28,144.79434204101562,145.10554693934364,144.0210567942755,144.4925767512003,6582700
2023-11-29,145.5299072265625,146.76528704849733,145.22812758688474,145.3884426243466,9126100
2023-11-30,147.18966674804688,147.23682162015268,145.586501823976,146.08631181107492,9869800
2023-12-01,147.90635681152344,148.86826142383205,146.94446658886,146.94446658886,8916000
2023-12-04,148.9908905029297,149.04747059896158,147.00107558446888,147.13310060509266,9607500
2023-12-05,148.9719696044922,149.4717794508536,148.02892998650574,148.30240514427905,9135600
2023-12-06,147.40655517578125,150.15080456532945,147.11421512755064,149.79244482122945,9366000
2023-12-07,147.85919189453125,148.34957657978003,147.25564704716516,147.76489655598155,8130900
2023-12-08,149.49066162109375,149.73584676995327,148.0383723826528,148.3024223551613,7369400
2023-12-11,150.0376434326172,150.22624852159782,149.14174407807883,149.4906786018212,8093900
2023-12-12,151.37672424316406,151.49930960914043,149.83013983774387,150.16019507185587,10223000
2023-12-13,151.88595581054688,152.8007053745427,150.6694410568931,151.37672075753053,12379100
2023-12-14,154.64910888671875,155.45068411871856,152.49897919789595,152.61213937426155,13643000
2023-12-15,155.81846618652344,155.8656210556817,153.14023653822656,153.79093631953123,20309300
2023-12-18,156.76150512695312,157.61024959807705,156.19568986918287,156.46916508532496,8469600
2023-12-19,158.85507202148438,158.87393684903017,156.12026200288022,156.54462708995365,10345700
2023-12-20,157.0632781982422,159.76037254396365,156.9689684644074,158.42125778345093,10734700
2023-12-21,157.95916748046875,158.5155575124074,156.24282812678547,157.3367577550905,7601700
2023-12-22,157.8648681640625,158.64759298134297,157.7045531132431,157.95917790673107,6576300
2023-12-26,158.79844665527344,159.15680632823958,157.6573623432536,157.9214266846687,4683600
2023-12-27,159.7509307861328,159.8169504768574,158.03460589267718,158.27979105184372,6428600
2023-12-28,160.5996856689453,160.93918058278578,159.3737310139855,159.7038007098136,6320100
2023-12-29,160.41107177734375,160.96746179209865,159.96784193110983,160.3167620438129,6435100
2024-01-02,162.27828979492188,162.3631599230326,159.2888553688662,159.45859562508764,9977400
2024-01-03,161.5709991455078,162.24054929758722,160.6656746705868,162.07080905271448,9852300
2024-01-04,162.6432342529297,164.4840152154625,161.81772058185265,161.9126118704199,11972500
2024-01-05,163.45924377441406,164.5124733318374,162.70015693042274,162.70015693042274,10066000
2024-01-08,163.2220001220703,163.54460726616028,160.82139873382036,163.2220001220703,11229900
2024-01-09,161.93157958984375,163.00377577413855,161.40022316605578,162.8424721796584,9923600
2024-01-10,162.273193359375,162.3301223453623,160.3090564725397,161.3053571624542,9670200
2024-01-11,161.58998107910156,161.64691005258496,160.0148785803073,161.61844556584327,11919500
2024-01-12,160.40391540527344,167.29259640908697,160.26157849064393,164.9109759460637,19436500
2024-01-16,159.39813232421875,159.49300912270533,155.8968555922771,156.43769533094127,17206400
2024-01-17,158.54412841796875,160.4228711492247,157.9748242847424,158.78134209307314,11107500
2024-01-18,158.85728454589844,158.9616591633274,156.788787827513,158.57262518214884,9382300
2024-01-19,161.5994415283203,161.8461530163083,158.53464490339175,158.98060777035218,13115700
2024-01-22,161.40969848632812,163.1840524158629,161.03016233915122,161.7418034738899,12837500
2024-01-23,160.3470001220703,161.0681246579549,159.82512701395376,160.99221452601276,8360800
2024-01-24,161.77975463867188,162.26366540807356,160.22363323770475,160.69806067066273,9967100
2024-01-25,164.09500122070312,164.14244687077485,162.16882655050438,163.49721788223468,8873500
2024-01-26,163.4687042236328,164.2088098113454,162.9942768223619,163.78182804587664,7443000
2024-01-29,163.89569091796875,164.00006552852224,162.5388354591491,163.4307613169015,6971200
2024-01-30,167.25465393066406,167.71958355620103,163.99059082342822,163.99059082342822,10822100
2024-01-31,165.4423370361328,169.18082757038678,165.42335588463555,167.18822653609234,11521800
2024-02-01,164.8445281982422,165.89775752773647,162.6621594234444,164.75913474734716,9354800
2024-02-02,165.7934112548828,166.82767409091414,164.39859340512308,164.4365557087008,8607600
2024-02-05,165.5751953125,166.13501628029312,164.07600269490123,164.96792869965805,7820200
2024-02-06,166.14451599121094,166.87512391545872,164.87303928994038,165.67957182983469,6764800
2024-02-07,166.45758056640625,166.8750789697446,165.06277741470677,166.70429206567403,7225500
2024-02-08,165.85983276367188,166.34374353104843,164.69274533742478,166.04960084038564,6060300
2024-02-09,166.05909729003906,166.14450523792445,164.78763514943896,166.04961395288615,6296700
2024-02-12,166.7991943359375,167.76703037532326,164.81609109548293,165.84085611158963,8539300
2024-02-13,165.34747314453125,167.21671872127277,163.791351466665,166.35327164321185,8397600
2024-02-14,167.02691650390625,167.09334329239704,165.49925963075256,166.11602396443158,7056700
2024-02-15,170.67054748535156,170.99316919509747,167.14080565948487,167.14080565948487,8723400
2024-02-16,169.87350463867188,170.77491396724417,169.04800544533634,170.42384226035486,8152600
2024-02-20,170.5376739501953,171.23034839812226,169.28519310769673,170.02529871425853,9668000
2024-02-21,171.64784240722656,171.73325035019496,169.38957763277347,170.7464331647667,7024000
2024-02-22,173.7068634033203,174.03895391200567,171.97045729976963,172.52079484720994,9296500
2024-02-23,174.57980346679688,175.72790969059875,173.8207167154575,174.40900207051712,7105800
2024-02-26,173.98202514648438,175.02577126846347,173.14702824890108,174.3520779572995,7145400
2024-02-27,174.06741333007812,174.15280678882112,172.91930710908773,173.9345742347972,5717100
2024-02-28,174.9498748779297,175.7279283839972,173.60250262820136,174.04845112073724,6131600
2024-02-29,176.5439453125,176.89501700223315,174.44698403277337,176.1644091332413,9643000
2024-03-01,175.81333923339844,176.90453118689683,175.63306894251502,176.20237326408164,6311800
2024-03-04,177.13221740722656,177.99567880021087,174.84548820991387,175.26298666271404,7063600
2024-03-05,178.90660095214844,179.61824215364595,176.82860632723535,176.82860632723535,6617800
2024-03-06,179.83644104003906,180.34883071700543,178.03362279204532,179.57076286619525,7572900
2024-03-07,178.26136779785156,180.75686085108097,177.08479697238374,180.19703992745502,7618300
2024-03-08,178.5934600830078,180.7189001480093,178.3088007338345,178.80220930717653,6172200
2024-03-11,178.65985107421875,178.80218797100855,176.6957293082124,177.70151300734722,5762600
2024-03-12,180.13059997558594,180.43424047505954,178.2993170776544,179.28611974419184,5708400
2024-03-13,181.5918731689453,181.92396372942363,180.1306283720305,180.62403702226987,7795500
2024-03-14,178.35626220703125,181.8290747228508,177.5307630516754,181.25975597395745,10310900
2024-03-15,180.5670928955078,181.17435946088082,176.9424601771041,176.9424601771041,17214200
2024-03-18,182.80638122558594,182.84432904958828,180.17804920335632,180.88020701359716,9013800
2024-03-19,183.87860107421875,184.01144019291252,182.54072654965233,182.85385043194006,8478700
2024-03-20,186.28866577148438,186.5068983228866,183.7077795412809,184.2581170660835,9367000
2024-03-21,188.87904357910156,189.23011523950757,186.2886739000261,186.46895863754574,11203800
2024-03-22,186.5638427734375,190.22642320705918,186.48793264526574,188.83160536845347,8108800
2024-03-25,184.85592651367188,186.86749435505874,184.41944687042397,186.54488715000187,8620000
2024-03-26,185.7193603515625,186.60180291274617,184.13477445009167,184.63766637481814,5961500
2024-03-27,189.31553649902344,189.3914466295502,186.33613264813874,186.4499906047404,8725800
2024-03-28,190.05563354492188,190.45415085331146,188.38563970590695,189.28706341600085,8628300
2024-04-01,188.7651824951172,190.66289215811688,188.4141108405425,189.76148296386717,7309000
2024-04-02,188.6892852783203,189.56223004560812,187.9491796173942,188.24332231873962,7014700
2024-04-03,188.15792846679688,189.353480421599,187.5886097387711,188.8600718225351,9353400
2024-04-04,186.72633361816406,190.5725228336972,186.63090338860295,190.06669747224808,9243800
2024-04-05,188.44422912597656,189.08366842916283,186.21096089165496,187.21307291356746,6532300
2024-04-08,189.42726135253906,189.90445619693176,188.60648563767035,188.60648563767035,8001000
2024-04-09,188.15792846679688,189.80903317635733,186.02010480291608,189.03597982912675,7351500
2024-04-10,186.55455017089844,188.0815794697576,185.32337934002095,186.63090309212447,7681400
2024-04-11,186.516357421875,187.60437557468177,184.4262563759214,187.0603664982784,10137700
2024-04-12,174.45286560058594,180.3128170621153,174.21426820465587,179.7306533963621,31532300
2024-04-15,174.54832458496094,178.90989232756837,173.88979338856458,176.0848925222756,14766600
2024-04-16,172.5536346435547,174.80599457830863,171.45607791641797,174.55784397352923,16451800
2024-04-17,171.86648559570312,174.09975382543902,171.02661806472688,173.0976418055842,9017100
2024-04-18,172.98313903808594,174.9969019564357,171.76152134535386,172.839986403325,9557700
2024-04-19,177.3256072998047,177.40196022253804,173.1358371435667,174.08067361637623,13402300
2024-04-22,180.7709503173828,181.45811204263342,177.49738618697634,177.5069394038577,11529700
2024-04-23,183.37640380859375,183.4622953712603,181.8302974292818,182.4124756254026,9144400
2024-04-24,184.2735595703125,184.41671219594375,181.49628213042132,181.83986299476692,6964900
2024-04-25,184.55032348632812,185.0943325814848,182.46020780549338,183.48141172959566,9802300
2024-04-26,184.6648712158203,185.9819191199223,184.25447606565834,184.74122414056745,6413700
2024-04-29,184.4644317626953,185.3997295490782,183.65319472901302,184.65530678155278,5387800
2024-04-30,182.9947052001953,186.0964720452048,182.8992603952158,184.01589471187933,8153700
2024-05-01,183.1092071533203,185.59062618122607,182.08800319125083,183.50051042268325,7445300
2024-05-02,182.91830444335938,184.67437771831507,180.87591139115835,184.26399720243222,6501700
2024-05-03,181.8207550048828,183.74862604851333,179.86426800149363,183.2428007323514,8922800
2024-05-06,183.24281311035156,183.43368812810877,181.16225065998637,182.98512382682264,7911100
2024-05-07,183.00424194335938,184.13041490362048,182.90879713937719,182.9565195413683,7688800
2024-05-08,186.72633361816406,187.6807232907595,182.28842746572758,182.28842746572758,9227600
2024-05-09,188.49197387695312,188.57786545857692,186.2014443233279,186.26824403253585,7977300
2024-05-10,189.7040557861328,190.24805037411755,189.22686090836316,189.48453565711975,7529800
2024-05-13,189.66583251953125,190.73475872572587,189.007301395376,189.7326467786561,7049200
2024-05-14,192.3190460205078,192.38586028369684,189.12184954887874,189.92353333016814,8596200
2024-05-15,192.89170837402344,193.44525616341704,190.65843990714103,192.79626357615743,8370000
2024-05-16,193.23526000976562,195.15357782872618,192.77715708757773,192.99666261404684,8497900
2024-05-17,195.449462890625,195.69761353618276,193.55977533673882,194.51416504960696,9260500
2024-05-20,186.6595458984375,196.48976306989658,186.4877481736679,195.06771712380632,17373300
2024-05-21,190.4198455810547,190.78250378063117,187.6330292793257,188.0147793513531,14420800
2024-05-22,189.2650146484375,191.77506416081215,188.6732977083887,189.92354585608186,9425300
2024-05-23,187.9384002685547,189.25546259056458,187.12717783768824,188.78780643900882,8069400
2024-05-24,191.5555877685547,191.60329560943495,188.54925108861553,188.73058748502612,7356200
2024-05-28,190.40072631835938,191.2692243545398,189.59904254472963,190.74430715889065,6910200
2024-05-29,189.0741424560547,189.91401004508248,187.90978586684102,188.9691590074262,6120000
2024-05-30,190.2384796142578,190.7347662809771,189.35088971872463,189.50359554891975,6829100
2024-05-31,193.3879852294922,194.02742456659686,189.3031985702233,190.20986585230213,14417900
2024-06-03,192.6149444580078,193.1875695647281,190.1048947798636,193.08258611073796,6444300
2024-06-04,190.07623291015625,192.7676039624625,189.23636541672454,191.0306224934816,6848300
2024-06-05,188.26290893554688,190.70615882571187,187.9384199292547,190.6488832103386,8351600
2024-06-06,187.92886352539062,188.9882365858564,186.4209261786032,188.2628911546147,7640300
2024-06-07,190.83021545410156,191.75597461770602,188.024307437637,188.42514935958465,6964500
2024-06-10,190.5057373046875,191.67963261173603,189.38910305220256,190.15261775965763,6070800
2024-06-11,185.4951629638672,188.9118794743479,184.76983211155977,188.88324895141668,9235300
2024-06-12,182.79428100585938,187.74756650025714,182.58431408049444,187.06040466503242,12751300
2024-06-13,184.82711791992188,185.70515472071864,182.17391564540972,183.54823918155475,8587800
2024-06-14,184.94163513183594,185.97237775666235,182.68927485451107,182.71790538052034,6874000
2024-06-17,186.08688354492188,186.65952314056108,183.85361533502265,184.6552991186537,8725400
2024-06-18,188.0147705078125,188.930991025547,185.27567673463204,185.72424105772285,9023000
2024-06-20,189.6085968017578,190.35301959036525,187.16536154039684,187.43258948693125,8731100
2024-06-21,187.34669494628906,188.17700929825324,185.36156268713378,187.73799820567726,20972100
2024-06-24,189.8090362548828,190.14306392636604,188.11022368178232,188.7878322423663,9785900
2024-06-25,189.03598022460938,190.9447596786857,188.721029867147,189.05505753391142,6862500
2024-06-26,188.42514038085938,188.91188841939731,187.3275981156472,188.44423225132738,7758600
2024-06-27,190.0857696533203,190.74430078925033,187.919301243349,188.4346797683504,7913500
2024-06-28,193.0348663330078,193.3593699170051,190.2098808173549,190.88748938726886,15307600
2024-07-01,196.07937622070312,197.64457486806845,193.41663515800704,193.58841832722447,10205800
2024-07-02,199.30519104003906,199.33382156432344,195.43037141669657,195.92664354617938,7802900
2024-07-03,199.1715850830078,200.78450597577336,198.17901165846095,199.9923607921085,5560900
2024-07-05,196.53245544433594,199.00842649532183,196.27335292204722,198.64375880499992,8093100
2024-07-08,196.89712524414062,198.55736401431693,195.74551462114852,196.7723624234459,8707000
2024-07-09,199.2579345703125,201.30203861673223,197.16582905485706,197.33857869799746,9058900
2024-07-10,199.4210968017578,199.58424030901233,197.29061041180532,197.8280277635907,8328500
2024-07-11,199.08522033691406,199.70901989248074,197.0986942703721,197.89522885627903,10658100
2024-07-12,196.67640686035156,199.08519330986306,193.9509249213505,195.77430721941593,15443400
2024-07-15,201.58038330078125,203.07747876015205,198.38465354242032,198.83570341075963,10719700
2024-07-16,205.0064239501953,205.12159527581198,199.68981390311083,201.5323940342005,11557000
2024-07-17,208.12535095214844,208.78753107622654,204.670519141144,205.17914727979345,11572500
2024-07-18,201.51318359375,207.90464262796732,200.80303124118646,206.93537311360464,12415100
2024-07-19,201.3212432861328,203.78762269683403,200.49591964655664,202.68398424570762,8095900
2024-07-22,201.80108642578125,203.61487723988253,201.25407758649305,201.97383607849395,7663200
2024-07-23,201.8490753173828,202.95269915898984,200.9085949784075,202.5112554797567,5557300
2024-07-24,200.1792449951172,203.4805398970385,199.6802229423339,201.10054238495405,7119000
2024-07-25,200.25601196289062,201.71472666285024,199.66101627259542,200.23681430218042,6403800
2024-07-26,203.6820831298828,204.56498521561846,200.20803848586095,200.8030488593653,8027800
2024-07-29,202.34811401367188,204.99682004630137,202.0602076823259,204.0755227146991,6533600
2024-07-30,206.51312255859375,207.08892060425245,204.37304460068856,204.63214713164874,8850700
2024-07-31,204.21949768066406,207.66473846208044,204.09473484474648,206.11965617262393,9071600
2024-08-01,199.57464599609375,205.207951245614,198.05835297856282,204.6033494115887,10918600
2024-08-02,191.1103057861328,196.41732477251182,188.95102995336836,195.65918547882615,18041700
2024-08-05,187.04124450683594,188.26003972022244,183.2025323392783,186.2255269573448,13927000
2024-08-06,192.2619171142578,194.4307991057657,186.17756115587804,187.5211047088707,10605800
2024-08-07,192.31947326660156,197.4537566355557,192.12754058739833,195.30407255531497,9204400
2024-08-08,195.83192443847656,196.6476567379348,193.65345089893853,194.30603966721048,7761200
2024-08-09,197.5017547607422,198.14473732678184,194.71867950080318,195.26570304351597,5540200
2024-08-12,197.87600708007812,198.78769824177664,195.44802293711754,198.08713740933766,6936000
2024-08-13,199.55543518066406,199.69938101569318,197.1178449883329,199.3538963680999,6387800
2024-08-14,201.76275634765625,202.26177848391828,198.76855031244577,199.3635607726469,6999800
2024-08-15,203.0198974609375,205.26554061728052,202.58804526064463,204.41142772567014,7001000
2024-08-16,205.3423309326172,205.45748762244867,203.05829229411836,203.15426596466205,7931200
2024-08-19,206.7626495361328,206.83942554351694,205.19838414670022,205.37111918066995,6090800
2024-08-20,205.87013244628906,207.290451812223,205.0639917823852,206.33077379457382,5640000
2024-08-21,205.94691467285156,206.33078003410972,204.25787193885594,205.78375651861572,5202300
2024-08-22,207.89505004882812,208.05819355178016,205.6973792260983,205.92770721801395,5247100
2024-08-23,209.50732421875,210.35184563489813,207.77030919614816,208.82596096633335,7214000
2024-08-26,210.3326416015625,210.82207214735465,209.25780684522277,210.17908959536388,5105200
2024-08-27,211.30189514160156,211.53222313341251,210.3518232928703,210.65891263842738,5185200
2024-08-28,212.3671417236328,213.25005838467985,210.35182667608916,210.40940501408693,6506400
2024-08-29,213.2500457763672,213.98898726168142,210.11189474931135,213.19245279825017,6416100
2024-08-30,215.7356414794922,216.38821556365377,212.98135535356386,213.52837890369267,8574100
2024-09-03,211.4170684814453,215.06384784728323,210.39981213405102,213.336424500989,8956100
2024-09-04,210.48619079589844,213.1157139537024,208.45167799328414,212.12723207920712,7389500
2024-09-05,208.854736328125,211.8969139547451,207.31924560820755,211.27311444323652,8067900
2024-09-06,203.89321899414062,209.91999639189612,202.57845001745773,208.82596392525963,7777000
2024-09-09,208.06777954101562,209.3537445138377,205.54382177933104,206.513105906515,8935100
2024-09-10,197.2714080810547,209.82399812562028,192.52100489184315,209.78561744862617,28406900
2024-09-11,198.8740692138672,199.3251190484655,193.6918138354718,196.97391086092546,13658700
2024-09-12,198.26950073242188,200.3615919553569,196.62844474311245,199.27715101962826,9054400
2024-09-13,196.0814208984375,199.46908315177689,194.83383653849526,198.51899663631963,10226700
2024-09-16,199.47869873046875,199.8145919368192,197.30022525287094,197.53055327809923,8634900
2024-09-17,200.81263732910156,201.46521139164926,199.28675270326914,199.35392255393126,7573300
2024-09-18,199.1619873046875,202.81835838288768,198.36545275492742,200.58230673818105,8259900
2024-09-19,201.9929962158203,203.36534319975965,198.97960825636804,201.32122462808044,11635200
2024-09-20,202.57846069335938,202.89515624559218,201.05257592275953,201.4652305055459,20885000
2024-09-23,202.91432189941406,203.25980657066546,201.52279170592422,202.4920612297152,7223500
2024-09-24,203.05825805664062,204.36342068093103,201.88744976234233,202.6359974070873,7323200
2024-09-25,201.7147216796875,203.68206451343198,200.19842867858037,203.14463253149498,8976500
2024-09-26,201.3212432861328,203.16382323049552,200.58228714937277,202.61681440246963,7807500
2024-09-27,202.01223754882812,203.87401538274102,200.88941594295318,202.1561834046356,7032500
2024-09-30,202.3577117919922,202.45368545325593,196.98350891876606,197.99117378793656,8663800
2024-10-01,198.6917266845703,200.6590695133516,197.87600917065313,200.47672835038065,8540100
2024-10-02,198.93165588378906,200.52472495596922,197.39617979497947,198.73013169432915,5810900
2024-10-03,196.9547119140625,198.16391556637382,196.10059907948147,197.85681157736644,7251300
2024-10-04,203.94537353515625,204.37987213930614,199.78381659479555,202.09150201972523,10211700
2024-10-07,203.66534423828125,205.98269458084312,202.46806055788844,203.76190602752735,6718900
2024-10-08,203.49154663085938,204.05157258412177,201.20317665741186,203.32740337902976,6021800
2024-10-09,206.069580078125,206.8613454534999,202.1687285781039,202.47769976692018,7024000
2024-10-10,205.50958251953125,207.41173500682478,204.1867713494914,207.41173500682478,7927100
2024-10-11,214.63412475585938,216.89354423555412,207.74969842677683,208.24212826127743,18320700
2024-10-14,213.85202026367188,215.99556259342347,211.34157550325287,215.51278305488955,9048900
2024-10-15,214.7306365966797,217.6852443827513,214.1802757018522,215.9569004873874,9235800
2024-10-16,215.93759155273438,215.97620742605477,213.42713252238278,214.67271175254336,6382500
2024-10-17,216.69073486328125,218.0714918044211,215.61896385393163,216.54590691604216,6470200
2024-10-18,217.60801696777344,218.13907733966104,215.4162087479307,217.2507648690765,7000500
2024-10-21,215.3196563720703,217.92666271781536,215.22309457904748,217.46319852448005,5870000
2024-10-22,216.4010772705078,217.52112924082374,213.48509971320877,215.33897121583806,9586800
2024-10-23,215.7155303955078,217.05765675812557,214.86583379761672,215.95692013506684,6180500
2024-10-24,217.23146057128906,217.3087070595921,214.02581233964898,214.18995560232,6002200
2024-10-25,214.65341186523438,217.84940969268465,213.2726696126605,217.25076784703845,6369700
2024-10-28,217.73355102539062,217.868728693903,215.27137266803004,215.65760510182318,6843000
2024-10-29,215.2230987548828,218.94050685947278,215.13620197943288,217.45355245759362,6580000
2024-10-30,216.68109130859375,218.5156474524891,213.94855766414204,214.87548602178538,7110900
2024-10-31,214.27685546875,217.91701709128074,214.18030840692387,216.96110835965536,7829900
2024-11-01,215.26171875,218.36115478761525,215.0299792936343,215.86036059570225,6923500
2024-11-04,212.21054077148438,216.0534611932713,211.6215492339804,214.98169019005127,8229600
2024-11-05,213.86167907714844,214.31549300886095,212.42299079009578,212.45195638290622,5600700
2024-11-06,238.55101013183594,239.4586379717928,226.68429620853013,226.90637065875526,23987800
2024-11-07,228.2388458251953,236.1467765550335,227.11879382619438,236.07918035167899,16451100
2024-11-08,228.8181610107422,231.09688077350958,227.65949319123993,231.09688077350958,9502100
2024-11-11,231.04859924316406,233.76183232238978,230.7685936247478,231.734152593889,9017100
2024-11-12,231.30931091308594,233.14388184693877,230.53686076900374,232.26521962387952,6861000
2024-11-13,232.8542022705078,235.68328295062503,232.03347126141182,232.29417630585863,11472600
2024-11-14,233.5397491455078,235.87640014281013,232.7479984317867,234.07080953881766,10172200
2024-11-15,236.8612518310547,237.93302280132795,233.14385889927163,233.14385889927163,11518800
2024-11-18,236.59092712402344,239.39104240803502,234.32185751806605,239.22689914149407,9051400
2024-11-19,234.7177276611328,236.70677679200912,233.2307733224933,233.90666165823853,6792700
2024-11-20,232.48728942871094,236.1853820806055,230.42099380614764,235.9826082126915,9015300
2024-11-21,236.33021545410156,237.03508413180523,233.771489998293,234.8529113632746,8783500
2024-11-22,239.9897003173828,240.56902689654652,234.65981033615955,235.21983634263424,7997300
2024-11-25,241.66973876953125,245.55128980408418,240.48210540768852,240.99385046333052,10295400
2024-11-26,241.3607635498047,242.3552880551951,239.78689780117762,241.86285831172583,6212100
2024-11-27,241.18695068359375,242.5387419809446,240.20209121543851,240.76211714435047,5472300
2024-11-29,241.119384765625,243.09878358106323,240.8586797210085,241.25456243074825,5494800
2024-12-02,237.76889038085938,241.63112616369568,236.5909072884335,240.95523784835137,8899700
2024-12-03,236.38816833496094,240.46281387900356,236.20470976229734,239.68071342355267,6657700
2024-12-04,235.01705932617188,236.89991119978995,233.88735704195787,236.2722889974968,7346300
2024-12-05,237.02542114257812,238.66686850941545,236.19503980642355,236.93852436784667,6572500
2024-12-06,238.84066772460938,239.20758484833834,236.4074549916763,237.23783629630563,5519700
2024-12-09,235.41294860839844,239.33311597717812,235.3646677094542,238.6186117125457,7076500
2024-12-10,234.4956512451172,239.42000786865495,233.87769409575165,235.49017580217017,9108300
2024-12-11,235.142578125,235.85709707692163,233.8390676036829,235.59639202600604,7884400
2024-12-12,233.21145629882812,235.692949917877,232.73832710066324,234.63082916006218,6113800
2024-12-13,231.67620849609375,234.36046110198654,230.90375841719614,233.7328537003409,10392700
2024-12-16,231.32861328125,232.38106899290696,229.33956421642742,232.32313781366128,9032000
2024-12-17,230.150634765625,230.78790721651086,228.4802218867217,230.43064038196303,8083600
2024-12-18,222.43580627441406,230.8361807627836,221.62474030815744,230.7685845656322,11322400
2024-12-19,224.93661499023438,228.21950946148152,224.27037697069503,224.27037697069503,11790800
2024-12-20,229.41680908203125,230.97135955828864,223.61379044750802,223.93242666437249,32348400
2024-12-23,230.17959594726562,230.40167037895355,226.79048935961865,227.93950685968346,8611500
2024-12-24,233.96458435058594,234.13839262104892,230.836182814854,231.1837698892596,3729100
2024-12-26,234.76600646972656,234.88186883103566,232.4969370056862,233.11489415476902,4451800
2024-12-27,232.86387634277344,235.0074186310496,231.7727898921543,234.36049582992294,5730200
2024-12-30,231.0775604248047,232.5451993283752,228.94366879713553,230.54650008911693,5723800
